county_fips,county_name,state_fips,state_name,posterior_mean_county_period_deaths,posterior_median_county_period_deaths,deaths_credible_interval_lower_95,deaths_credible_interval_upper_95,posterior_mean_rate_per_100k,posterior_median_rate_per_100k,rate_credible_interval_lower_95,rate_credible_interval_upper_95,posterior_probability_rate_exceeds_national_rate,original_q001_status,original_data_visibility_class,rurality,svi_quartile,posterior_quantity_note
01001,Autauga County,01,Alabama,6.522222222222222,6.0,3.0,9.0,1.849362930701504,1.7012878749213156,0.8506439374606578,2.551931812381973,0.0,suppressed_1_9,suppressed_1_9,metro_other,Q2,Constrained Bayesian posterior estimate; not an observed or recovered true suppressed count.
01003,Baldwin County,01,Alabama,26.0,26.0,26.0,26.0,1.7889518462327083,1.788951846232708,1.788951846232708,1.788951846232708,0.0,exact,exact,metro_other,Q2,Constrained Bayesian posterior estimate; not an observed or recovered true suppressed count.
01005,Barbour County,01,Alabama,7.8277777777777775,8.0,6.0,9.0,5.293044586293531,5.409499080385157,4.057124310288867,6.085686465433301,1.0,suppressed_1_9,suppressed_1_9,nonmetro_adjacent,Q4_highest,Constrained Bayesian posterior estimate; not an observed or recovered true suppressed count.
01007,Bibb County,01,Alabama,3.216666666666667,3.0,2.0,6.024999999999977,2.416039497864371,2.2533010860911236,1.502200724060749,4.525379681232989,0.3638888888888889,suppressed_1_9,suppressed_1_9,metro_large,Q4_highest,Constrained Bayesian posterior estimate; not an observed or recovered true suppressed count.
01009,Blount County,01,Alabama,6.166666666666667,6.0,4.0,8.0,1.7408307620792483,1.6937812820230522,1.1291875213487015,2.258375042697403,0.0,suppressed_1_9,suppressed_1_9,metro_large,Q3,Constrained Bayesian posterior estimate; not an observed or recovered true suppressed count.
01011,Bullock County,01,Alabama,4.805555555555555,5.0,4.0,7.0,7.956613003221278,8.278556881964336,6.622845505571468,11.58997963475007,1.0,suppressed_1_9,suppressed_1_9,nonmetro_adjacent,Q4_highest,Constrained Bayesian posterior estimate; not an observed or recovered true suppressed count.
01013,Butler County,01,Alabama,5.4944444444444445,5.0,4.0,9.0,4.857010399600832,4.419928573954245,3.5359428591633963,7.955871433117641,1.0,suppressed_1_9,suppressed_1_9,nonmetro_adjacent,Q3,Constrained Bayesian posterior estimate; not an observed or recovered true suppressed count.
01015,Calhoun County,01,Alabama,11.0,11.0,11.0,11.0,1.5903077968454082,1.5903077968454078,1.5903077968454078,1.5903077968454078,0.0,exact,exact,metro_other,Q4_highest,Constrained Bayesian posterior estimate; not an observed or recovered true suppressed count.
01017,Chambers County,01,Alabama,13.0,13.0,13.0,13.0,6.415317804974337,6.415317804974339,6.415317804974339,6.415317804974339,1.0,exact,exact,nonmetro_adjacent,Q4_highest,Constrained Bayesian posterior estimate; not an observed or recovered true suppressed count.
01019,Cherokee County,01,Alabama,1.1583333333333334,1.0,1.0,2.0,0.749284137169668,0.6468640033119437,0.6468640033119437,1.2937280066238874,0.0,suppressed_1_9,suppressed_1_9,nonmetro_adjacent,Q2,Constrained Bayesian posterior estimate; not an observed or recovered true suppressed count.
01021,Chilton County,01,Alabama,10.0,10.0,10.0,10.0,3.65395577251933,3.6539557725193297,3.6539557725193297,3.6539557725193297,1.0,exact,exact,metro_large,Q3,Constrained Bayesian posterior estimate; not an observed or recovered true suppressed count.
01023,Choctaw County,01,Alabama,3.1666666666666665,2.0,2.0,7.0,4.262976275415192,2.6924060686832787,2.6924060686832787,9.423421240391477,0.4388888888888889,suppressed_1_9,suppressed_1_9,nonmetro_nonadjacent,Q3,Constrained Bayesian posterior estimate; not an observed or recovered true suppressed count.
01025,Clarke County,01,Alabama,11.0,11.0,11.0,11.0,8.04876085668084,8.048760856680838,8.048760856680838,8.048760856680838,1.0,exact,exact,nonmetro_nonadjacent,Q4_highest,Constrained Bayesian posterior estimate; not an observed or recovered true suppressed count.
01027,Clay County,01,Alabama,2.441666666666667,2.0,2.0,4.0,2.9387574973420794,2.4071733766624543,2.4071733766624543,4.814346753324909,0.325,suppressed_1_9,suppressed_1_9,nonmetro_nonadjacent,Q3,Constrained Bayesian posterior estimate; not an observed or recovered true suppressed count.
01029,Cleburne County,01,Alabama,1.4305555555555556,1.0,1.0,3.0,1.557152014319751,1.088494611951671,1.088494611951671,3.2654838358550125,0.03611111111111111,suppressed_1_9,suppressed_1_9,nonmetro_adjacent,Q3,Constrained Bayesian posterior estimate; not an observed or recovered true suppressed count.
01031,Coffee County,01,Alabama,4.6722222222222225,4.0,2.0,8.024999999999977,1.4307743398362962,1.224919767755212,0.612459883877606,2.457495284058887,0.0,suppressed_1_9,suppressed_1_9,nonmetro_adjacent,Q3,Constrained Bayesian posterior estimate; not an observed or recovered true suppressed count.
01033,Colbert County,01,Alabama,7.330555555555556,7.0,5.0,9.0,2.135289481818079,2.0390032187122236,1.4564308705087312,2.6215755669157166,0.0,suppressed_1_9,suppressed_1_9,metro_other,Q2,Constrained Bayesian posterior estimate; not an observed or recovered true suppressed count.
01035,Conecuh County,01,Alabama,4.688888888888889,4.0,4.0,6.024999999999977,6.82169038901417,5.819451516694551,5.819451516694551,8.765548847021135,1.0,suppressed_1_9,suppressed_1_9,nonmetro_nonadjacent,Q3,Constrained Bayesian posterior estimate; not an observed or recovered true suppressed count.
01037,Coosa County,01,Alabama,0.0,0.0,0.0,0.0,0.0,0.0,0.0,0.0,0.0,zero,zero,nonmetro_adjacent,Q2,Constrained Bayesian posterior estimate; not an observed or recovered true suppressed count.
01039,Covington County,01,Alabama,3.3555555555555556,3.0,2.0,6.0,1.4926516561266674,1.334489891239074,0.8896599274927159,2.668979782478148,0.008333333333333333,suppressed_1_9,suppressed_1_9,nonmetro_adjacent,Q3,Constrained Bayesian posterior estimate; not an observed or recovered true suppressed count.
01041,Crenshaw County,01,Alabama,4.883333333333334,5.0,4.0,7.0,6.121306324374916,6.267549137585239,5.014039310068191,8.774568792619334,1.0,suppressed_1_9,suppressed_1_9,nonmetro_adjacent,Q3,Constrained Bayesian posterior estimate; not an observed or recovered true suppressed count.
01043,Cullman County,01,Alabama,14.0,14.0,14.0,14.0,2.6263262947788633,2.6263262947788633,2.6263262947788633,2.6263262947788633,0.0,exact,exact,nonmetro_adjacent,Q2,Constrained Bayesian posterior estimate; not an observed or recovered true suppressed count.
01045,Dale County,01,Alabama,6.658333333333333,7.0,4.0,9.0,2.242202802893817,2.3572595174353017,1.347005438534458,3.0307622367025306,0.1527777777777778,suppressed_1_9,suppressed_1_9,nonmetro_adjacent,Q4_highest,Constrained Bayesian posterior estimate; not an observed or recovered true suppressed count.
01047,Dallas County,01,Alabama,6.038888888888889,6.0,3.0,9.0,2.752581653169647,2.734855736359907,1.3674278681799534,4.10228360453986,0.4027777777777778,suppressed_1_9,suppressed_1_9,nonmetro_adjacent,Q4_highest,Constrained Bayesian posterior estimate; not an observed or recovered true suppressed count.
01049,DeKalb County,01,Alabama,15.0,15.0,15.0,15.0,3.4668213639399736,3.466821363939973,3.466821363939973,3.466821363939973,1.0,exact,exact,nonmetro_adjacent,Q4_highest,Constrained Bayesian posterior estimate; not an observed or recovered true suppressed count.
01051,Elmore County,01,Alabama,8.372222222222222,9.0,6.0,9.0,1.5986157069986695,1.7184853651876872,1.1456569101251248,1.7184853651876872,0.0,suppressed_1_9,suppressed_1_9,metro_other,Q2,Constrained Bayesian posterior estimate; not an observed or recovered true suppressed count.
01053,Escambia County,01,Alabama,5.833333333333333,6.0,4.0,9.0,2.6579546507371647,2.733896212186798,1.8225974747911986,4.100844318280197,0.2916666666666667,suppressed_1_9,suppressed_1_9,nonmetro_adjacent,Q4_highest,Constrained Bayesian posterior estimate; not an observed or recovered true suppressed count.
01055,Etowah County,01,Alabama,17.0,17.0,17.0,17.0,2.753763341578424,2.753763341578425,2.753763341578425,2.753763341578425,0.0,exact,exact,metro_other,Q3,Constrained Bayesian posterior estimate; not an observed or recovered true suppressed count.
01057,Fayette County,01,Alabama,2.8833333333333333,3.0,2.0,6.0,2.9836125511784406,3.1043367584515567,2.0695578389677047,6.208673516903113,0.5361111111111111,suppressed_1_9,suppressed_1_9,nonmetro_adjacent,Q3,Constrained Bayesian posterior estimate; not an observed or recovered true suppressed count.
01059,Franklin County,01,Alabama,4.683333333333334,5.0,3.0,7.0,2.4585717535478673,2.624809701296656,1.5748858207779937,3.6747335818153184,0.25,suppressed_1_9,suppressed_1_9,nonmetro_adjacent,Q4_highest,Constrained Bayesian posterior estimate; not an observed or recovered true suppressed count.
01061,Geneva County,01,Alabama,6.7027777777777775,6.5,5.0,9.0,4.178450485794653,4.052040670020509,3.116954361554238,5.6105178507976285,1.0,suppressed_1_9,suppressed_1_9,metro_other,Q3,Constrained Bayesian posterior estimate; not an observed or recovered true suppressed count.
01063,Greene County,01,Alabama,2.4166666666666665,2.0,2.0,4.0,5.29738418822154,4.384042086804033,4.384042086804033,8.768084173608067,1.0,suppressed_1_9,suppressed_1_9,metro_other,Q4_highest,Constrained Bayesian posterior estimate; not an observed or recovered true suppressed count.
01065,Hale County,01,Alabama,0.0,0.0,0.0,0.0,0.0,0.0,0.0,0.0,0.0,zero,zero,metro_other,Q4_highest,Constrained Bayesian posterior estimate; not an observed or recovered true suppressed count.
01067,Henry County,01,Alabama,2.5972222222222223,2.0,2.0,6.0,2.45991004358908,1.894262279555227,1.894262279555227,5.682786838665682,0.11944444444444445,suppressed_1_9,suppressed_1_9,metro_other,Q3,Constrained Bayesian posterior estimate; not an observed or recovered true suppressed count.
01069,Houston County,01,Alabama,36.0,36.0,36.0,36.0,5.574248211982464,5.574248211982465,5.574248211982465,5.574248211982465,1.0,exact,exact,metro_other,Q3,Constrained Bayesian posterior estimate; not an observed or recovered true suppressed count.
01071,Jackson County,01,Alabama,8.311111111111112,9.0,7.0,9.0,2.6291083772601813,2.84702912510795,2.214355986195072,2.84702912510795,0.0,suppressed_1_9,suppressed_1_9,nonmetro_adjacent,Q3,Constrained Bayesian posterior estimate; not an observed or recovered true suppressed count.
01073,Jefferson County,01,Alabama,158.0,158.0,158.0,158.0,3.9750597705585444,3.9750597705585435,3.9750597705585435,3.9750597705585435,1.0,exact,exact,metro_large,Q3,Constrained Bayesian posterior estimate; not an observed or recovered true suppressed count.
01075,Lamar County,01,Alabama,1.3083333333333333,1.0,1.0,3.0,1.5922856296729018,1.2170336022977595,1.2170336022977595,3.651100806893279,0.030555555555555555,suppressed_1_9,suppressed_1_9,nonmetro_adjacent,Q2,Constrained Bayesian posterior estimate; not an observed or recovered true suppressed count.
01077,Lauderdale County,01,Alabama,7.463888888888889,7.0,5.0,9.0,1.3086873461671389,1.2273509908229212,0.8766792791592295,1.5780227024866131,0.0,suppressed_1_9,suppressed_1_9,metro_other,Q2,Constrained Bayesian posterior estimate; not an observed or recovered true suppressed count.
01079,Lawrence County,01,Alabama,11.0,11.0,11.0,11.0,5.523363828996657,5.523363828996656,5.523363828996656,5.523363828996656,1.0,exact,exact,metro_other,Q2,Constrained Bayesian posterior estimate; not an observed or recovered true suppressed count.
01081,Lee County,01,Alabama,31.0,31.0,31.0,31.0,2.923353444747676,2.923353444747677,2.923353444747677,2.923353444747677,0.0,exact,exact,metro_other,Q3,Constrained Bayesian posterior estimate; not an observed or recovered true suppressed count.
01083,Limestone County,01,Alabama,16.0,16.0,16.0,16.0,2.4496444953426137,2.4496444953426133,2.4496444953426133,2.4496444953426133,0.0,exact,exact,metro_other,Q2,Constrained Bayesian posterior estimate; not an observed or recovered true suppressed count.
01085,Lowndes County,01,Alabama,1.2916666666666667,1.0,1.0,3.0,2.2151337940811624,1.7149422921918678,1.7149422921918678,5.144826876575603,0.22777777777777777,suppressed_1_9,suppressed_1_9,metro_other,Q4_highest,Constrained Bayesian posterior estimate; not an observed or recovered true suppressed count.
01087,Macon County,01,Alabama,2.9305555555555554,3.0,2.0,5.0,2.6664927759529364,2.729679808558456,1.8197865390389707,4.549466347597427,0.275,suppressed_1_9,suppressed_1_9,metro_other,Q4_highest,Constrained Bayesian posterior estimate; not an observed or recovered true suppressed count.
01089,Madison County,01,Alabama,38.0,38.0,38.0,38.0,1.591894408806025,1.5918944088060247,1.5918944088060247,1.5918944088060247,0.0,exact,exact,metro_other,Q2,Constrained Bayesian posterior estimate; not an observed or recovered true suppressed count.
01091,Marengo County,01,Alabama,5.4527777777777775,5.0,4.0,8.0,4.845492235857728,4.443141123048351,3.5545128984386802,7.1090257968773605,1.0,suppressed_1_9,suppressed_1_9,nonmetro_adjacent,Q3,Constrained Bayesian posterior estimate; not an observed or recovered true suppressed count.
01093,Marion County,01,Alabama,6.980555555555555,7.0,5.0,9.0,3.957657318847016,3.9686814339412972,2.8347724528152125,5.102590415067382,0.8916666666666667,suppressed_1_9,suppressed_1_9,nonmetro_nonadjacent,Q3,Constrained Bayesian posterior estimate; not an observed or recovered true suppressed count.
01095,Marshall County,01,Alabama,17.0,17.0,17.0,17.0,2.8603782093022865,2.8603782093022865,2.8603782093022865,2.8603782093022865,0.0,exact,exact,nonmetro_adjacent,Q3,Constrained Bayesian posterior estimate; not an observed or recovered true suppressed count.
01097,Mobile County,01,Alabama,101.0,101.0,101.0,101.0,4.081815753303139,4.081815753303139,4.081815753303139,4.081815753303139,1.0,exact,exact,metro_other,Q4_highest,Constrained Bayesian posterior estimate; not an observed or recovered true suppressed count.
01099,Monroe County,01,Alabama,1.5944444444444446,1.0,1.0,6.0,1.345182185475782,0.843668269636379,0.843668269636379,5.0620096178182745,0.06666666666666667,suppressed_1_9,suppressed_1_9,nonmetro_adjacent,Q3,Constrained Bayesian posterior estimate; not an observed or recovered true suppressed count.
01101,Montgomery County,01,Alabama,32.0,32.0,32.0,32.0,2.3602405675198455,2.3602405675198446,2.3602405675198446,2.3602405675198446,0.0,exact,exact,metro_other,Q4_highest,Constrained Bayesian posterior estimate; not an observed or recovered true suppressed count.
01103,Morgan County,01,Alabama,14.0,14.0,14.0,14.0,1.895329096821533,1.895329096821533,1.895329096821533,1.895329096821533,0.0,exact,exact,metro_other,Q3,Constrained Bayesian posterior estimate; not an observed or recovered true suppressed count.
01105,Perry County,01,Alabama,3.7416666666666667,4.0,3.0,5.0,7.565494604740818,8.087833875892189,6.065875406919142,10.109792344865237,1.0,suppressed_1_9,suppressed_1_9,nonmetro_adjacent,Q4_highest,Constrained Bayesian posterior estimate; not an observed or recovered true suppressed count.
01107,Pickens County,01,Alabama,6.313888888888889,6.0,5.0,9.0,5.5183136150125325,5.243975982589999,4.369979985491667,7.865963973884999,1.0,suppressed_1_9,suppressed_1_9,metro_other,Q4_highest,Constrained Bayesian posterior estimate; not an observed or recovered true suppressed count.
01109,Pike County,01,Alabama,10.0,10.0,10.0,10.0,5.04169481612939,5.0416948161293895,5.0416948161293895,5.0416948161293895,1.0,exact,exact,nonmetro_adjacent,Q4_highest,Constrained Bayesian posterior estimate; not an observed or recovered true suppressed count.
01111,Randolph County,01,Alabama,2.591666666666667,2.0,2.0,4.0,1.9061558414176403,1.4709884306759926,1.4709884306759926,2.941976861351985,0.14444444444444443,suppressed_1_9,suppressed_1_9,nonmetro_adjacent,Q3,Constrained Bayesian posterior estimate; not an observed or recovered true suppressed count.
01113,Russell County,01,Alabama,6.686111111111111,7.0,4.0,9.0,1.9045710972355157,1.993983865821977,1.1394193518982725,2.5636935417711135,0.0,suppressed_1_9,suppressed_1_9,metro_other,Q4_highest,Constrained Bayesian posterior estimate; not an observed or recovered true suppressed count.
01115,St. Clair County,01,Alabama,20.0,20.0,20.0,20.0,3.575195295042991,3.5751952950429913,3.5751952950429913,3.5751952950429913,1.0,exact,exact,metro_large,Q2,Constrained Bayesian posterior estimate; not an observed or recovered true suppressed count.
01117,Shelby County,01,Alabama,34.0,34.0,34.0,34.0,2.490630832837649,2.490630832837649,2.490630832837649,2.490630832837649,0.0,exact,exact,metro_large,Q1_lowest,Constrained Bayesian posterior estimate; not an observed or recovered true suppressed count.
01119,Sumter County,01,Alabama,2.441666666666667,2.0,2.0,4.0,3.391062409436643,2.777662041859367,2.777662041859367,5.555324083718734,0.28888888888888886,suppressed_1_9,suppressed_1_9,nonmetro_adjacent,Q4_highest,Constrained Bayesian posterior estimate; not an observed or recovered true suppressed count.
01121,Talladega County,01,Alabama,14.0,14.0,14.0,14.0,2.88839648605936,2.888396486059361,2.888396486059361,2.888396486059361,0.0,exact,exact,nonmetro_adjacent,Q4_highest,Constrained Bayesian posterior estimate; not an observed or recovered true suppressed count.
01123,Tallapoosa County,01,Alabama,6.347222222222222,6.0,4.0,9.0,2.6026432376380706,2.4602666929095114,1.6401777952730074,3.690400039364267,0.2611111111111111,suppressed_1_9,suppressed_1_9,nonmetro_adjacent,Q4_highest,Constrained Bayesian posterior estimate; not an observed or recovered true suppressed count.
01125,Tuscaloosa County,01,Alabama,21.0,21.0,21.0,21.0,1.5413013721251976,1.5413013721251978,1.5413013721251978,1.5413013721251978,0.0,exact,exact,metro_other,Q3,Constrained Bayesian posterior estimate; not an observed or recovered true suppressed count.
01127,Walker County,01,Alabama,11.0,11.0,11.0,11.0,2.8511517357034184,2.851151735703418,2.851151735703418,2.851151735703418,0.0,exact,exact,metro_large,Q3,Constrained Bayesian posterior estimate; not an observed or recovered true suppressed count.
01129,Washington County,01,Alabama,3.25,3.0,3.0,4.0,3.5093023506926824,3.2393560160240145,3.2393560160240145,4.319141354698686,1.0,suppressed_1_9,suppressed_1_9,nonmetro_adjacent,Q2,Constrained Bayesian posterior estimate; not an observed or recovered true suppressed count.
01131,Wilcox County,01,Alabama,2.738888888888889,2.0,2.0,6.0,4.4978714940779545,3.2844497725518536,3.2844497725518536,9.85334931765556,1.0,suppressed_1_9,suppressed_1_9,nonmetro_nonadjacent,Q4_highest,Constrained Bayesian posterior estimate; not an observed or recovered true suppressed count.
01133,Winston County,01,Alabama,4.208333333333333,4.0,3.0,6.0,2.963114215437766,2.8164253928913423,2.112319044668507,4.224638089337014,0.30833333333333335,suppressed_1_9,suppressed_1_9,nonmetro_adjacent,Q3,Constrained Bayesian posterior estimate; not an observed or recovered true suppressed count.
02013,Aleutians East Borough,02,Alaska,0.0,0.0,0.0,0.0,0.0,0.0,0.0,0.0,0.0,zero,zero,nonmetro_nonadjacent,Q4_highest,Constrained Bayesian posterior estimate; not an observed or recovered true suppressed count.
02016,Aleutians West Census Area,02,Alaska,0.0,0.0,0.0,0.0,0.0,0.0,0.0,0.0,0.0,zero,zero,nonmetro_nonadjacent,Q3,Constrained Bayesian posterior estimate; not an observed or recovered true suppressed count.
02020,Anchorage Municipality,02,Alaska,47.0,47.0,47.0,47.0,2.7230023012266256,2.7230023012266256,2.7230023012266256,2.7230023012266256,0.0,exact,exact,metro_other,Q3,Constrained Bayesian posterior estimate; not an observed or recovered true suppressed count.
02050,Bethel Census Area,02,Alaska,4.497222222222222,4.0,3.0,8.0,4.084744702194611,3.6331268506239893,2.724845137967992,7.266253701247979,0.7305555555555555,suppressed_1_9,suppressed_1_9,nonmetro_nonadjacent,Q4_highest,Constrained Bayesian posterior estimate; not an observed or recovered true suppressed count.
02060,Bristol Bay Borough,02,Alaska,0.0,0.0,0.0,0.0,0.0,0.0,0.0,0.0,0.0,zero,zero,nonmetro_nonadjacent,Q1_lowest,Constrained Bayesian posterior estimate; not an observed or recovered true suppressed count.
02068,Denali Borough,02,Alaska,0.0,0.0,0.0,0.0,0.0,0.0,0.0,0.0,0.0,zero,zero,nonmetro_nonadjacent,Q1_lowest,Constrained Bayesian posterior estimate; not an observed or recovered true suppressed count.
02070,Dillingham Census Area,02,Alaska,1.1277777777777778,1.0,1.0,3.0,3.9580871715080104,3.5096339451795173,3.5096339451795173,10.528901835538553,1.0,suppressed_1_9,suppressed_1_9,nonmetro_nonadjacent,Q4_highest,Constrained Bayesian posterior estimate; not an observed or recovered true suppressed count.
02090,Fairbanks North Star Borough,02,Alaska,22.0,22.0,22.0,22.0,3.8378340660107453,3.837834066010746,3.837834066010746,3.837834066010746,1.0,exact,exact,metro_other,Q2,Constrained Bayesian posterior estimate; not an observed or recovered true suppressed count.
02100,Haines Borough,02,Alaska,1.0277777777777777,1.0,1.0,2.0,7.644312218503367,7.437709185570845,7.437709185570845,14.87541837114169,1.0,suppressed_1_9,suppressed_1_9,nonmetro_nonadjacent,Q2,Constrained Bayesian posterior estimate; not an observed or recovered true suppressed count.
02105,Hoonah-Angoon Census Area,02,Alaska,1.0166666666666666,1.0,1.0,1.0,7.540918755872028,7.417297136923305,7.417297136923305,7.417297136923305,1.0,suppressed_1_9,suppressed_1_9,nonmetro_nonadjacent,Q3,Constrained Bayesian posterior estimate; not an observed or recovered true suppressed count.
02110,Juneau City and Borough,02,Alaska,5.411111111111111,5.0,3.0,9.0,2.838868836098753,2.623184756148745,1.573910853689247,4.721732561067741,0.44722222222222224,suppressed_1_9,suppressed_1_9,nonmetro_nonadjacent,Q2,Constrained Bayesian posterior estimate; not an observed or recovered true suppressed count.
02122,Kenai Peninsula Borough,02,Alaska,8.441666666666666,9.0,6.0,9.0,2.3380167524785747,2.4926535959297738,1.6617690639531824,2.4926535959297738,0.0,suppressed_1_9,suppressed_1_9,nonmetro_nonadjacent,Q2,Constrained Bayesian posterior estimate; not an observed or recovered true suppressed count.
02130,Ketchikan Gateway Borough,02,Alaska,1.1,1.0,1.0,2.0,1.332396618135129,1.2112696528501175,1.2112696528501175,2.422539305700235,0.013888888888888888,suppressed_1_9,suppressed_1_9,nonmetro_nonadjacent,Q3,Constrained Bayesian posterior estimate; not an observed or recovered true suppressed count.
02150,Kodiak Island Borough,02,Alaska,1.475,1.0,1.0,4.0,1.922675843370353,1.3035090463527816,1.3035090463527816,5.214036185411127,0.1,suppressed_1_9,suppressed_1_9,nonmetro_nonadjacent,Q3,Constrained Bayesian posterior estimate; not an observed or recovered true suppressed count.
02164,Lake and Peninsula Borough,02,Alaska,0.0,0.0,0.0,0.0,0.0,0.0,0.0,0.0,0.0,zero,zero,nonmetro_nonadjacent,Q4_highest,Constrained Bayesian posterior estimate; not an observed or recovered true suppressed count.
02170,Matanuska-Susitna Borough,02,Alaska,19.0,19.0,19.0,19.0,2.8131769206965416,2.8131769206965425,2.8131769206965425,2.8131769206965425,0.0,exact,exact,metro_other,Q2,Constrained Bayesian posterior estimate; not an observed or recovered true suppressed count.
02180,Nome Census Area,02,Alaska,4.080555555555556,4.0,3.0,7.0,6.891433418150975,6.755387421468622,5.066540566101466,11.821927987570088,1.0,suppressed_1_9,suppressed_1_9,nonmetro_nonadjacent,Q4_highest,Constrained Bayesian posterior estimate; not an observed or recovered true suppressed count.
02185,North Slope Borough,02,Alaska,0.0,0.0,0.0,0.0,0.0,0.0,0.0,0.0,0.0,zero,zero,nonmetro_nonadjacent,Q4_highest,Constrained Bayesian posterior estimate; not an observed or recovered true suppressed count.
02188,Northwest Arctic Borough,02,Alaska,2.477777777777778,2.0,2.0,4.0,5.537799829644363,4.469972956663612,4.469972956663612,8.939945913327223,1.0,suppressed_1_9,suppressed_1_9,nonmetro_nonadjacent,Q4_highest,Constrained Bayesian posterior estimate; not an observed or recovered true suppressed count.
02195,Petersburg Borough,02,Alaska,0.0,0.0,0.0,0.0,0.0,0.0,0.0,0.0,0.0,zero,zero,nonmetro_nonadjacent,Q3,Constrained Bayesian posterior estimate; not an observed or recovered true suppressed count.
02198,Prince of Wales-Hyder Census Area,02,Alaska,1.3,1.0,1.0,3.0,3.6962270052031494,2.8432515424639617,2.8432515424639617,8.529754627391885,0.20555555555555555,suppressed_1_9,suppressed_1_9,nonmetro_nonadjacent,Q4_highest,Constrained Bayesian posterior estimate; not an observed or recovered true suppressed count.
02220,Sitka City and Borough,02,Alaska,2.4555555555555557,2.0,2.0,4.0,4.8794920029321105,3.9742468802161985,3.9742468802161985,7.948493760432397,1.0,suppressed_1_9,suppressed_1_9,nonmetro_nonadjacent,Q2,Constrained Bayesian posterior estimate; not an observed or recovered true suppressed count.
02230,Skagway Municipality,02,Alaska,0.0,0.0,0.0,0.0,0.0,0.0,0.0,0.0,0.0,zero,zero,nonmetro_nonadjacent,Q2,Constrained Bayesian posterior estimate; not an observed or recovered true suppressed count.
02240,Southeast Fairbanks Census Area,02,Alaska,1.0972222222222223,1.0,1.0,2.0,2.598144070048595,2.367928772702517,2.367928772702517,4.735857545405034,0.08055555555555556,suppressed_1_9,suppressed_1_9,nonmetro_nonadjacent,Q3,Constrained Bayesian posterior estimate; not an observed or recovered true suppressed count.
02261,Valdez-Cordova Census Area,02,Alaska,2.588888888888889,2.0,2.0,5.0,4.601651064502113,3.5549235691432632,3.5549235691432632,8.887308922858159,1.0,suppressed_1_9,suppressed_1_9,nonmetro_nonadjacent,Q4_highest,Constrained Bayesian posterior estimate; not an observed or recovered true suppressed count.
02270,Wade Hampton Census Area,02,Alaska,4.6,4.0,4.0,7.0,9.344465435634918,8.125622117943404,8.125622117943404,14.21983870640096,1.0,suppressed_1_9,suppressed_1_9,nonmetro_nonadjacent,Q4_highest,Constrained Bayesian posterior estimate; not an observed or recovered true suppressed count.
02275,Wrangell City and Borough,02,Alaska,1.0166666666666666,1.0,1.0,1.0,7.664279432089457,7.538635506973238,7.538635506973238,7.538635506973238,1.0,suppressed_1_9,suppressed_1_9,nonmetro_nonadjacent,Q3,Constrained Bayesian posterior estimate; not an observed or recovered true suppressed count.
02282,Yakutat City and Borough,02,Alaska,0.0,0.0,0.0,0.0,0.0,0.0,0.0,0.0,0.0,zero,zero,nonmetro_nonadjacent,Q2,Constrained Bayesian posterior estimate; not an observed or recovered true suppressed count.
02290,Yukon-Koyukuk Census Area,02,Alaska,2.286111111111111,2.0,2.0,4.0,7.377169676695314,6.453902997837942,6.453902997837942,12.907805995675885,1.0,suppressed_1_9,suppressed_1_9,nonmetro_adjacent,Q4_highest,Constrained Bayesian posterior estimate; not an observed or recovered true suppressed count.
04001,Apache County,04,Arizona,17.0,17.0,17.0,17.0,4.201130351189784,4.201130351189785,4.201130351189785,4.201130351189785,1.0,exact,exact,nonmetro_adjacent,Q4_highest,Constrained Bayesian posterior estimate; not an observed or recovered true suppressed count.
04003,Cochise County,04,Arizona,33.0,33.0,33.0,33.0,4.3679797961079965,4.367979796107997,4.367979796107997,4.367979796107997,1.0,exact,exact,metro_other,Q4_highest,Constrained Bayesian posterior estimate; not an observed or recovered true suppressed count.
04005,Coconino County,04,Arizona,34.0,34.0,34.0,34.0,3.9319904429502874,3.9319904429502883,3.9319904429502883,3.9319904429502883,1.0,exact,exact,metro_other,Q4_highest,Constrained Bayesian posterior estimate; not an observed or recovered true suppressed count.
04007,Gila County,04,Arizona,10.0,10.0,10.0,10.0,3.087296392802895,3.087296392802895,3.087296392802895,3.087296392802895,1.0,exact,exact,nonmetro_adjacent,Q4_highest,Constrained Bayesian posterior estimate; not an observed or recovered true suppressed count.
04009,Graham County,04,Arizona,7.1305555555555555,7.0,5.0,9.0,3.0259864692313645,2.9705827434604744,2.121844816757482,3.8193206701634668,0.7083333333333334,suppressed_1_9,suppressed_1_9,nonmetro_nonadjacent,Q4_highest,Constrained Bayesian posterior estimate; not an observed or recovered true suppressed count.
04011,Greenlee County,04,Arizona,2.1972222222222224,2.0,2.0,3.0,3.901040803604542,3.5508841701583695,3.5508841701583695,5.326326255237554,1.0,suppressed_1_9,suppressed_1_9,nonmetro_nonadjacent,Q2,Constrained Bayesian posterior estimate; not an observed or recovered true suppressed count.
04012,La Paz County,04,Arizona,4.052777777777778,4.0,3.0,6.0,3.7111990199789187,3.6628694919600018,2.7471521189700012,5.4943042379400024,0.6416666666666667,suppressed_1_9,suppressed_1_9,nonmetro_adjacent,Q4_highest,Constrained Bayesian posterior estimate; not an observed or recovered true suppressed count.
04013,Maricopa County,04,Arizona,765.0,765.0,765.0,765.0,2.7948703278810347,2.7948703278810343,2.7948703278810343,2.7948703278810343,0.0,exact,exact,metro_large,Q3,Constrained Bayesian posterior estimate; not an observed or recovered true suppressed count.
04015,Mohave County,04,Arizona,49.0,49.0,49.0,49.0,3.717596217459653,3.717596217459653,3.717596217459653,3.717596217459653,1.0,exact,exact,metro_other,Q4_highest,Constrained Bayesian posterior estimate; not an observed or recovered true suppressed count.
04017,Navajo County,04,Arizona,27.0,27.0,27.0,27.0,4.100078357053048,4.100078357053047,4.100078357053047,4.100078357053047,1.0,exact,exact,nonmetro_adjacent,Q4_highest,Constrained Bayesian posterior estimate; not an observed or recovered true suppressed count.
04019,Pima County,04,Arizona,209.0,209.0,209.0,209.0,3.2854444436060533,3.2854444436060533,3.2854444436060533,3.2854444436060533,1.0,exact,exact,metro_large,Q4_highest,Constrained Bayesian posterior estimate; not an observed or recovered true suppressed count.
04021,Pinal County,04,Arizona,76.0,76.0,76.0,76.0,2.661596558695734,2.6615965586957335,2.6615965586957335,2.6615965586957335,0.0,exact,exact,metro_large,Q4_highest,Constrained Bayesian posterior estimate; not an observed or recovered true suppressed count.
04023,Santa Cruz County,04,Arizona,6.6194444444444445,7.0,4.0,9.0,2.2856092745669905,2.417010227406134,1.3811487013749335,3.1075845780936007,0.05277777777777778,suppressed_1_9,suppressed_1_9,nonmetro_adjacent,Q4_highest,Constrained Bayesian posterior estimate; not an observed or recovered true suppressed count.
04025,Yavapai County,04,Arizona,62.0,62.0,62.0,62.0,4.232477712932883,4.232477712932882,4.232477712932882,4.232477712932882,1.0,exact,exact,metro_other,Q3,Constrained Bayesian posterior estimate; not an observed or recovered true suppressed count.
04027,Yuma County,04,Arizona,37.0,37.0,37.0,37.0,2.890683717013001,2.8906837170130015,2.8906837170130015,2.8906837170130015,0.0,exact,exact,metro_other,Q4_highest,Constrained Bayesian posterior estimate; not an observed or recovered true suppressed count.
05001,Arkansas County,05,Arkansas,3.1194444444444445,3.0,2.0,5.024999999999977,3.105160705200522,2.9862631893290863,1.9908421262193907,5.0019908421261965,0.6277777777777778,suppressed_1_9,suppressed_1_9,nonmetro_adjacent,Q3,Constrained Bayesian posterior estimate; not an observed or recovered true suppressed count.
05003,Ashley County,05,Arkansas,1.325,1.0,1.0,3.0,1.1801906119176986,0.8907098957869422,0.8907098957869422,2.672129687360827,0.002777777777777778,suppressed_1_9,suppressed_1_9,nonmetro_nonadjacent,Q4_highest,Constrained Bayesian posterior estimate; not an observed or recovered true suppressed count.
05005,Baxter County,05,Arkansas,6.9,7.0,4.0,9.0,2.70976103049463,2.7490329294873055,1.5708759597070314,3.534470909340821,0.4222222222222222,suppressed_1_9,suppressed_1_9,nonmetro_nonadjacent,Q2,Constrained Bayesian posterior estimate; not an observed or recovered true suppressed count.
05007,Benton County,05,Arkansas,35.0,35.0,35.0,35.0,1.94763748790378,1.94763748790378,1.94763748790378,1.94763748790378,0.0,exact,exact,metro_other,Q2,Constrained Bayesian posterior estimate; not an observed or recovered true suppressed count.
05009,Boone County,05,Arkansas,3.261111111111111,3.0,2.0,6.0,1.42820090966909,1.3138475148574256,0.8758983432382837,2.627695029714851,0.008333333333333333,suppressed_1_9,suppressed_1_9,nonmetro_nonadjacent,Q2,Constrained Bayesian posterior estimate; not an observed or recovered true suppressed count.
05011,Bradley County,05,Arkansas,1.2944444444444445,1.0,1.0,3.0,2.088352549761946,1.6133195663397006,1.6133195663397006,4.8399586990191015,0.25833333333333336,suppressed_1_9,suppressed_1_9,nonmetro_nonadjacent,Q4_highest,Constrained Bayesian posterior estimate; not an observed or recovered true suppressed count.
05013,Calhoun County,05,Arkansas,1.0694444444444444,1.0,1.0,2.0,3.6789860141196624,3.4400908183976058,3.4400908183976058,6.8801816367952116,1.0,suppressed_1_9,suppressed_1_9,nonmetro_nonadjacent,Q2,Constrained Bayesian posterior estimate; not an observed or recovered true suppressed count.
05015,Carroll County,05,Arkansas,6.569444444444445,7.0,4.0,9.0,3.828012961829936,4.078897532266993,2.330798589866853,5.24429682720042,0.7611111111111111,suppressed_1_9,suppressed_1_9,nonmetro_adjacent,Q3,Constrained Bayesian posterior estimate; not an observed or recovered true suppressed count.
05017,Chicot County,05,Arkansas,3.0722222222222224,3.0,2.0,6.0,5.229848532994386,5.106904534931227,3.404603023287484,10.213809069862455,1.0,suppressed_1_9,suppressed_1_9,nonmetro_nonadjacent,Q4_highest,Constrained Bayesian posterior estimate; not an observed or recovered true suppressed count.
05019,Clark County,05,Arkansas,7.230555555555555,7.0,5.0,9.0,5.596925066999687,5.418459918877914,3.8703285134842242,6.966591324271604,1.0,suppressed_1_9,suppressed_1_9,nonmetro_nonadjacent,Q4_highest,Constrained Bayesian posterior estimate; not an observed or recovered true suppressed count.
05021,Clay County,05,Arkansas,4.133333333333334,4.0,3.0,8.0,4.8143747913123836,4.6590723786894035,3.4943042840170517,9.318144757378807,1.0,suppressed_1_9,suppressed_1_9,nonmetro_nonadjacent,Q2,Constrained Bayesian posterior estimate; not an observed or recovered true suppressed count.
05023,Cleburne County,05,Arkansas,13.0,13.0,13.0,13.0,8.5953822961572,8.595382296157203,8.595382296157203,8.595382296157203,1.0,exact,exact,nonmetro_adjacent,Q2,Constrained Bayesian posterior estimate; not an observed or recovered true suppressed count.
05025,Cleveland County,05,Arkansas,3.4277777777777776,3.0,3.0,5.0,7.510632962549087,6.573325445342799,6.573325445342799,10.955542408904666,1.0,suppressed_1_9,suppressed_1_9,nonmetro_adjacent,Q2,Constrained Bayesian posterior estimate; not an observed or recovered true suppressed count.
05027,Columbia County,05,Arkansas,4.094444444444444,4.0,2.0,7.024999999999977,3.013945119208277,2.944423997055576,1.472211998527788,5.171144644828838,0.6194444444444445,suppressed_1_9,suppressed_1_9,nonmetro_nonadjacent,Q4_highest,Constrained Bayesian posterior estimate; not an observed or recovered true suppressed count.
05029,Conway County,05,Arkansas,6.097222222222222,6.0,4.0,9.0,4.827532816226493,4.750556210956367,3.1670374739709106,7.125834316434549,1.0,suppressed_1_9,suppressed_1_9,nonmetro_adjacent,Q3,Constrained Bayesian posterior estimate; not an observed or recovered true suppressed count.
05031,Craighead County,05,Arkansas,23.0,23.0,23.0,23.0,3.394047431075013,3.394047431075013,3.394047431075013,3.394047431075013,1.0,exact,exact,metro_other,Q4_highest,Constrained Bayesian posterior estimate; not an observed or recovered true suppressed count.
05033,Crawford County,05,Arkansas,15.0,15.0,15.0,15.0,4.029355195719213,4.029355195719213,4.029355195719213,4.029355195719213,1.0,exact,exact,metro_other,Q4_highest,Constrained Bayesian posterior estimate; not an observed or recovered true suppressed count.
05035,Crittenden County,05,Arkansas,14.0,14.0,14.0,14.0,4.930810167330564,4.930810167330565,4.930810167330565,4.930810167330565,1.0,exact,exact,metro_large,Q4_highest,Constrained Bayesian posterior estimate; not an observed or recovered true suppressed count.
05037,Cross County,05,Arkansas,3.0833333333333335,3.0,2.0,7.0,3.1316547663785546,3.0470154483683234,2.031343632245549,7.109702712859421,0.6,suppressed_1_9,suppressed_1_9,nonmetro_adjacent,Q4_highest,Constrained Bayesian posterior estimate; not an observed or recovered true suppressed count.
05039,Dallas County,05,Arkansas,6.186111111111111,6.0,5.0,9.0,16.038244046333023,15.555728396982188,12.963106997485157,23.33359259547328,1.0,suppressed_1_9,suppressed_1_9,nonmetro_adjacent,Q3,Constrained Bayesian posterior estimate; not an observed or recovered true suppressed count.
05041,Desha County,05,Arkansas,2.8666666666666667,1.0,1.0,9.0,4.4013183483797,1.5353436098998958,1.5353436098998958,13.81809248909906,0.4444444444444444,suppressed_1_9,suppressed_1_9,nonmetro_nonadjacent,Q4_highest,Constrained Bayesian posterior estimate; not an observed or recovered true suppressed count.
05043,Drew County,05,Arkansas,5.877777777777778,6.0,4.0,8.0,5.64644300775025,5.763854866134471,3.842569910756314,7.685139821512628,1.0,suppressed_1_9,suppressed_1_9,nonmetro_nonadjacent,Q4_highest,Constrained Bayesian posterior estimate; not an observed or recovered true suppressed count.
05045,Faulkner County,05,Arkansas,38.0,38.0,38.0,38.0,4.952695243718225,4.952695243718223,4.952695243718223,4.952695243718223,1.0,exact,exact,metro_other,Q3,Constrained Bayesian posterior estimate; not an observed or recovered true suppressed count.
05047,Franklin County,05,Arkansas,4.536111111111111,4.0,3.0,7.0,4.315584731339655,3.8055370564170867,2.8541527923128154,6.659689848729902,0.7861111111111111,suppressed_1_9,suppressed_1_9,nonmetro_adjacent,Q3,Constrained Bayesian posterior estimate; not an observed or recovered true suppressed count.
05049,Fulton County,05,Arkansas,6.127777777777778,6.0,5.0,9.0,8.241577600841639,8.069722401549386,6.724768667957822,12.10458360232408,1.0,suppressed_1_9,suppressed_1_9,nonmetro_nonadjacent,Q3,Constrained Bayesian posterior estimate; not an observed or recovered true suppressed count.
05051,Garland County,05,Arkansas,19.0,19.0,19.0,19.0,3.17047123214524,3.1704712321452404,3.1704712321452404,3.1704712321452404,1.0,exact,exact,metro_other,Q4_highest,Constrained Bayesian posterior estimate; not an observed or recovered true suppressed count.
05053,Grant County,05,Arkansas,2.5166666666666666,2.0,2.0,4.0,2.290106436867377,1.8199521352588426,1.8199521352588426,3.639904270517685,0.11666666666666667,suppressed_1_9,suppressed_1_9,metro_other,Q1_lowest,Constrained Bayesian posterior estimate; not an observed or recovered true suppressed count.
05055,Greene County,05,Arkansas,11.0,11.0,11.0,11.0,3.9659934092400424,3.9659934092400433,3.9659934092400433,3.9659934092400433,1.0,exact,exact,nonmetro_adjacent,Q3,Constrained Bayesian posterior estimate; not an observed or recovered true suppressed count.
05057,Hempstead County,05,Arkansas,7.388888888888889,7.0,5.0,9.0,6.1379705008214716,5.814919421830869,4.153513872736335,7.476324970925402,1.0,suppressed_1_9,suppressed_1_9,nonmetro_adjacent,Q4_highest,Constrained Bayesian posterior estimate; not an observed or recovered true suppressed count.
05059,Hot Spring County,05,Arkansas,4.775,4.0,3.0,9.0,2.381783719074222,1.995211492418196,1.4964086193136472,4.489225857940942,0.3111111111111111,suppressed_1_9,suppressed_1_9,nonmetro_adjacent,Q3,Constrained Bayesian posterior estimate; not an observed or recovered true suppressed count.
05061,Howard County,05,Arkansas,4.427777777777778,4.0,3.0,7.0,5.789004233163948,5.2297152420050725,3.9222864315038044,9.152001673508877,1.0,suppressed_1_9,suppressed_1_9,nonmetro_adjacent,Q4_highest,Constrained Bayesian posterior estimate; not an observed or recovered true suppressed count.
05063,Independence County,05,Arkansas,7.836111111111111,8.0,6.0,9.0,3.4381726130843124,3.5100805124717547,2.632560384353816,3.9488405765307246,0.9166666666666666,suppressed_1_9,suppressed_1_9,nonmetro_nonadjacent,Q4_highest,Constrained Bayesian posterior estimate; not an observed or recovered true suppressed count.
05065,Izard County,05,Arkansas,2.716666666666667,3.0,2.0,4.0,3.2472318842312027,3.585900240255316,2.3906001601702105,4.781200320340421,0.5027777777777778,suppressed_1_9,suppressed_1_9,nonmetro_nonadjacent,Q3,Constrained Bayesian posterior estimate; not an observed or recovered true suppressed count.
05067,Jackson County,05,Arkansas,5.527777777777778,5.0,4.0,8.0,5.514157807992038,4.987680429339531,3.990144343471625,7.98028868694325,1.0,suppressed_1_9,suppressed_1_9,nonmetro_adjacent,Q3,Constrained Bayesian posterior estimate; not an observed or recovered true suppressed count.
05069,Jefferson County,05,Arkansas,17.0,17.0,17.0,17.0,4.362990547709302,4.362990547709302,4.362990547709302,4.362990547709302,1.0,exact,exact,nonmetro_adjacent,Q4_highest,Constrained Bayesian posterior estimate; not an observed or recovered true suppressed count.
05071,Johnson County,05,Arkansas,6.044444444444444,6.0,4.0,9.0,3.844137196125901,3.8158714814485046,2.54391432096567,5.723807222172757,0.8222222222222222,suppressed_1_9,suppressed_1_9,nonmetro_nonadjacent,Q4_highest,Constrained Bayesian posterior estimate; not an observed or recovered true suppressed count.
05073,Lafayette County,05,Arkansas,3.397222222222222,3.0,3.0,5.0,9.036607496468113,7.979996808001277,7.979996808001277,13.299994680002127,1.0,suppressed_1_9,suppressed_1_9,nonmetro_adjacent,Q4_highest,Constrained Bayesian posterior estimate; not an observed or recovered true suppressed count.
05075,Lawrence County,05,Arkansas,1.2194444444444446,1.0,1.0,2.0,1.2451442211693808,1.0210749877471001,1.0210749877471001,2.0421499754942003,0.013888888888888888,suppressed_1_9,suppressed_1_9,nonmetro_adjacent,Q3,Constrained Bayesian posterior estimate; not an observed or recovered true suppressed count.
05077,Lee County,05,Arkansas,3.033333333333333,2.0,2.0,6.0,5.98786634555911,3.948043744324687,3.948043744324687,11.844131232974062,1.0,suppressed_1_9,suppressed_1_9,nonmetro_adjacent,Q4_highest,Constrained Bayesian posterior estimate; not an observed or recovered true suppressed count.
05079,Lincoln County,05,Arkansas,4.866666666666666,5.0,4.0,7.0,6.264454370315068,6.436083257173014,5.148866605738411,9.01051656004222,1.0,suppressed_1_9,suppressed_1_9,nonmetro_nonadjacent,Q3,Constrained Bayesian posterior estimate; not an observed or recovered true suppressed count.
05081,Little River County,05,Arkansas,5.313888888888889,5.0,4.0,8.0,7.418006405931304,6.979828296223912,5.583862636979131,11.167725273958261,1.0,suppressed_1_9,suppressed_1_9,metro_other,Q2,Constrained Bayesian posterior estimate; not an observed or recovered true suppressed count.
05083,Logan County,05,Arkansas,4.741666666666666,4.0,3.0,8.0,3.6986190955348763,3.120100467235045,2.3400753504262837,6.24020093447009,0.7138888888888889,suppressed_1_9,suppressed_1_9,nonmetro_adjacent,Q3,Constrained Bayesian posterior estimate; not an observed or recovered true suppressed count.
05085,Lonoke County,05,Arkansas,36.0,36.0,36.0,36.0,8.008720606883049,8.00872060688305,8.00872060688305,8.00872060688305,1.0,exact,exact,metro_other,Q2,Constrained Bayesian posterior estimate; not an observed or recovered true suppressed count.
05087,Madison County,05,Arkansas,4.388888888888889,4.0,3.0,7.0,4.248435607698379,3.871991946256752,2.903993959692564,6.775985905949315,0.7027777777777777,suppressed_1_9,suppressed_1_9,metro_other,Q3,Constrained Bayesian posterior estimate; not an observed or recovered true suppressed count.
05089,Marion County,05,Arkansas,3.433333333333333,3.0,2.0,7.0,3.339071349146916,2.9176351594487615,1.9450901062991743,6.807815372047111,0.40555555555555556,suppressed_1_9,suppressed_1_9,nonmetro_nonadjacent,Q2,Constrained Bayesian posterior estimate; not an observed or recovered true suppressed count.
05091,Miller County,05,Arkansas,12.0,12.0,12.0,12.0,4.687353520202493,4.687353520202493,4.687353520202493,4.687353520202493,1.0,exact,exact,metro_other,Q4_highest,Constrained Bayesian posterior estimate; not an observed or recovered true suppressed count.
05093,Mississippi County,05,Arkansas,7.663888888888889,8.0,6.0,9.0,3.2469702789828876,3.389370932754881,2.54202819956616,3.8130422993492408,0.8777777777777778,suppressed_1_9,suppressed_1_9,nonmetro_adjacent,Q4_highest,Constrained Bayesian posterior estimate; not an observed or recovered true suppressed count.
05095,Monroe County,05,Arkansas,3.691666666666667,3.0,3.0,6.0,9.35570254356843,7.602828252109785,7.602828252109785,15.20565650421957,1.0,suppressed_1_9,suppressed_1_9,nonmetro_nonadjacent,Q4_highest,Constrained Bayesian posterior estimate; not an observed or recovered true suppressed count.
05097,Montgomery County,05,Arkansas,3.6805555555555554,4.0,3.0,5.0,7.038871570608646,7.649792499378454,5.737344374533841,9.562240624223067,1.0,suppressed_1_9,suppressed_1_9,nonmetro_adjacent,Q3,Constrained Bayesian posterior estimate; not an observed or recovered true suppressed count.
05099,Nevada County,05,Arkansas,3.4472222222222224,3.0,3.0,5.0,7.057761034789474,6.142128861863522,6.142128861863522,10.236881436439203,1.0,suppressed_1_9,suppressed_1_9,nonmetro_nonadjacent,Q4_highest,Constrained Bayesian posterior estimate; not an observed or recovered true suppressed count.
05101,Newton County,05,Arkansas,3.452777777777778,3.0,3.0,5.0,7.894950788351803,6.859651529702291,6.859651529702291,11.432752549503817,1.0,suppressed_1_9,suppressed_1_9,nonmetro_nonadjacent,Q1_lowest,Constrained Bayesian posterior estimate; not an observed or recovered true suppressed count.
05103,Ouachita County,05,Arkansas,4.613888888888889,4.0,3.0,8.0,3.433438424248137,2.9766112768918225,2.232458457668867,5.953222553783645,0.65,suppressed_1_9,suppressed_1_9,nonmetro_nonadjacent,Q3,Constrained Bayesian posterior estimate; not an observed or recovered true suppressed count.
05105,Perry County,05,Arkansas,3.7472222222222222,3.0,3.0,6.0,6.118513196757595,4.898439030762197,4.898439030762197,9.796878061524394,1.0,suppressed_1_9,suppressed_1_9,metro_other,Q2,Constrained Bayesian posterior estimate; not an observed or recovered true suppressed count.
05107,Phillips County,05,Arkansas,5.866666666666666,6.0,4.0,9.0,6.116654329096855,6.255669200212692,4.170446133475128,9.383503800319039,1.0,suppressed_1_9,suppressed_1_9,nonmetro_nonadjacent,Q4_highest,Constrained Bayesian posterior estimate; not an observed or recovered true suppressed count.
05109,Pike County,05,Arkansas,5.127777777777778,5.0,4.0,8.0,8.291873963515757,8.085250885334972,6.468200708267978,12.936401416535956,1.0,suppressed_1_9,suppressed_1_9,nonmetro_nonadjacent,Q3,Constrained Bayesian posterior estimate; not an observed or recovered true suppressed count.
05111,Poinsett County,05,Arkansas,5.044444444444444,5.0,4.0,8.0,3.691155941582173,3.6586347438589817,2.9269077950871853,5.853815590174371,0.6,suppressed_1_9,suppressed_1_9,metro_other,Q3,Constrained Bayesian posterior estimate; not an observed or recovered true suppressed count.
05113,Polk County,05,Arkansas,4.3,4.0,3.0,6.0,3.667971782207778,3.41206677414677,2.5590500806100778,5.1181001612201555,0.7083333333333334,suppressed_1_9,suppressed_1_9,nonmetro_nonadjacent,Q3,Constrained Bayesian posterior estimate; not an observed or recovered true suppressed count.
05115,Pope County,05,Arkansas,7.622222222222222,8.0,5.0,9.0,1.976297110630577,2.0742476962886522,1.2964048101804075,2.333528658324734,0.0,suppressed_1_9,suppressed_1_9,nonmetro_nonadjacent,Q4_highest,Constrained Bayesian posterior estimate; not an observed or recovered true suppressed count.
05117,Prairie County,05,Arkansas,3.602777777777778,3.0,3.0,5.0,7.4741774947156365,6.223679024127129,6.223679024127129,10.372798373545216,1.0,suppressed_1_9,suppressed_1_9,nonmetro_adjacent,Q2,Constrained Bayesian posterior estimate; not an observed or recovered true suppressed count.
05119,Pulaski County,05,Arkansas,131.0,131.0,131.0,131.0,5.497099335942008,5.497099335942007,5.497099335942007,5.497099335942007,1.0,exact,exact,metro_other,Q4_highest,Constrained Bayesian posterior estimate; not an observed or recovered true suppressed count.
05121,Randolph County,05,Arkansas,4.572222222222222,4.0,3.0,7.0,4.087669839453415,3.5760902605181757,2.6820676953886315,6.258157955906807,0.8027777777777778,suppressed_1_9,suppressed_1_9,nonmetro_nonadjacent,Q3,Constrained Bayesian posterior estimate; not an observed or recovered true suppressed count.
05123,St. Francis County,05,Arkansas,13.0,13.0,13.0,13.0,9.366736556931743,9.366736556931745,9.366736556931745,9.366736556931745,1.0,exact,exact,nonmetro_adjacent,Q4_highest,Constrained Bayesian posterior estimate; not an observed or recovered true suppressed count.
05125,Saline County,05,Arkansas,30.0,30.0,30.0,30.0,3.9482983492164596,3.94829834921646,3.94829834921646,3.94829834921646,1.0,exact,exact,metro_other,Q2,Constrained Bayesian posterior estimate; not an observed or recovered true suppressed count.
05127,Scott County,05,Arkansas,1.275,1.0,1.0,3.0,2.1335341365461846,1.673360107095047,1.673360107095047,5.020080321285141,0.21666666666666667,suppressed_1_9,suppressed_1_9,nonmetro_adjacent,Q4_highest,Constrained Bayesian posterior estimate; not an observed or recovered true suppressed count.
05129,Searcy County,05,Arkansas,4.783333333333333,5.0,4.0,6.0,10.142131190410561,10.601530861056336,8.481224688845069,12.721837033267605,1.0,suppressed_1_9,suppressed_1_9,nonmetro_nonadjacent,Q3,Constrained Bayesian posterior estimate; not an observed or recovered true suppressed count.
05131,Sebastian County,05,Arkansas,27.0,27.0,27.0,27.0,3.4973685539935415,3.497368553993541,3.497368553993541,3.497368553993541,1.0,exact,exact,metro_other,Q4_highest,Constrained Bayesian posterior estimate; not an observed or recovered true suppressed count.
05133,Sevier County,05,Arkansas,1.2555555555555555,1.0,1.0,2.0,1.3004873950546953,1.035786420840023,1.035786420840023,2.071572841680046,0.011111111111111112,suppressed_1_9,suppressed_1_9,nonmetro_adjacent,Q4_highest,Constrained Bayesian posterior estimate; not an observed or recovered true suppressed count.
05135,Sharp County,05,Arkansas,6.194444444444445,6.0,4.0,9.0,5.822065157002561,5.639309748486785,3.7595398323245233,8.458964622730177,1.0,suppressed_1_9,suppressed_1_9,nonmetro_nonadjacent,Q3,Constrained Bayesian posterior estimate; not an observed or recovered true suppressed count.
05137,Stone County,05,Arkansas,2.3833333333333333,2.0,1.0,7.0,3.1487255368246747,2.6422871637689584,1.3211435818844792,9.248005073191354,0.31666666666666665,suppressed_1_9,suppressed_1_9,nonmetro_nonadjacent,Q4_highest,Constrained Bayesian posterior estimate; not an observed or recovered true suppressed count.
05139,Union County,05,Arkansas,5.408333333333333,5.0,4.0,8.0,2.3783557169954586,2.198788028038945,1.7590304224311561,3.5180608448623123,0.11666666666666667,suppressed_1_9,suppressed_1_9,nonmetro_nonadjacent,Q3,Constrained Bayesian posterior estimate; not an observed or recovered true suppressed count.
05141,Van Buren County,05,Arkansas,6.3694444444444445,6.0,4.0,9.0,6.554544789294111,6.174364040503828,4.116242693669219,9.261546060755743,1.0,suppressed_1_9,suppressed_1_9,nonmetro_adjacent,Q4_highest,Constrained Bayesian posterior estimate; not an observed or recovered true suppressed count.
05143,Washington County,05,Arkansas,25.0,25.0,25.0,25.0,1.6488078789273781,1.648807878927378,1.648807878927378,1.648807878927378,0.0,exact,exact,metro_other,Q4_highest,Constrained Bayesian posterior estimate; not an observed or recovered true suppressed count.
05145,White County,05,Arkansas,33.0,33.0,33.0,33.0,7.02147080663933,7.021470806639332,7.021470806639332,7.021470806639332,1.0,exact,exact,nonmetro_adjacent,Q4_highest,Constrained Bayesian posterior estimate; not an observed or recovered true suppressed count.
05147,Woodruff County,05,Arkansas,0.0,0.0,0.0,0.0,0.0,0.0,0.0,0.0,0.0,zero,zero,nonmetro_nonadjacent,Q4_highest,Constrained Bayesian posterior estimate; not an observed or recovered true suppressed count.
05149,Yell County,05,Arkansas,4.997222222222222,4.0,3.0,9.0,4.06331085525127,3.2524556039810055,2.4393417029857543,7.318025108957262,0.6916666666666667,suppressed_1_9,suppressed_1_9,nonmetro_nonadjacent,Q4_highest,Constrained Bayesian posterior estimate; not an observed or recovered true suppressed count.
06001,Alameda County,06,California,279.0,279.0,279.0,279.0,2.8231857009590624,2.8231857009590633,2.8231857009590633,2.8231857009590633,0.0,exact,exact,metro_large,Q3,Constrained Bayesian posterior estimate; not an observed or recovered true suppressed count.
06003,Alpine County,06,California,0.0,0.0,0.0,0.0,0.0,0.0,0.0,0.0,0.0,zero,zero,nonmetro_adjacent,Q2,Constrained Bayesian posterior estimate; not an observed or recovered true suppressed count.
06005,Amador County,06,California,8.355555555555556,9.0,6.0,9.0,3.3918380289091052,3.6534425577345413,2.4356283718230274,3.6534425577345413,0.8277777777777777,suppressed_1_9,suppressed_1_9,nonmetro_adjacent,Q3,Constrained Bayesian posterior estimate; not an observed or recovered true suppressed count.
06007,Butte County,06,California,38.0,38.0,38.0,38.0,3.00859508110539,3.008595081105389,3.008595081105389,3.008595081105389,1.0,exact,exact,metro_other,Q4_highest,Constrained Bayesian posterior estimate; not an observed or recovered true suppressed count.
06009,Calaveras County,06,California,10.0,10.0,10.0,10.0,3.5962555786914665,3.5962555786914665,3.5962555786914665,3.5962555786914665,1.0,exact,exact,nonmetro_adjacent,Q2,Constrained Bayesian posterior estimate; not an observed or recovered true suppressed count.
06011,Colusa County,06,California,2.8666666666666667,3.0,2.0,6.0,2.187510333442709,2.289255000114463,1.5261700000763085,4.578510000228926,0.20555555555555555,suppressed_1_9,suppressed_1_9,nonmetro_adjacent,Q4_highest,Constrained Bayesian posterior estimate; not an observed or recovered true suppressed count.
06013,Contra Costa County,06,California,212.0,212.0,212.0,212.0,3.049539188736268,3.049539188736268,3.049539188736268,3.049539188736268,1.0,exact,exact,metro_large,Q2,Constrained Bayesian posterior estimate; not an observed or recovered true suppressed count.
06015,Del Norte County,06,California,8.102777777777778,8.0,6.0,9.0,4.923904823637445,4.861448711716091,3.6460865337870687,5.469129800680603,1.0,suppressed_1_9,suppressed_1_9,nonmetro_nonadjacent,Q4_highest,Constrained Bayesian posterior estimate; not an observed or recovered true suppressed count.
06017,El Dorado County,06,California,36.0,36.0,36.0,36.0,3.112374889013576,3.1123748890135765,3.1123748890135765,3.1123748890135765,1.0,exact,exact,metro_large,Q1_lowest,Constrained Bayesian posterior estimate; not an observed or recovered true suppressed count.
06019,Fresno County,06,California,194.0,194.0,194.0,194.0,3.1960055860905885,3.1960055860905885,3.1960055860905885,3.1960055860905885,1.0,exact,exact,metro_large,Q4_highest,Constrained Bayesian posterior estimate; not an observed or recovered true suppressed count.
06021,Glenn County,06,California,7.280555555555556,7.0,5.0,9.0,4.276315574794896,4.11152813753649,2.9368058125260643,5.286250462546915,0.9833333333333333,suppressed_1_9,suppressed_1_9,nonmetro_adjacent,Q4_highest,Constrained Bayesian posterior estimate; not an observed or recovered true suppressed count.
06023,Humboldt County,06,California,24.0,24.0,24.0,24.0,2.96948850560491,2.9694885056049096,2.9694885056049096,2.9694885056049096,1.0,exact,exact,nonmetro_nonadjacent,Q4_highest,Constrained Bayesian posterior estimate; not an observed or recovered true suppressed count.
06025,Imperial County,06,California,24.0,24.0,24.0,24.0,2.220521878154414,2.2205218781544134,2.2205218781544134,2.2205218781544134,0.0,exact,exact,metro_other,Q4_highest,Constrained Bayesian posterior estimate; not an observed or recovered true suppressed count.
06027,Inyo County,06,California,6.286111111111111,6.0,4.0,9.0,5.674153640936147,5.415895653743738,3.610597102495825,8.123843480615607,1.0,suppressed_1_9,suppressed_1_9,nonmetro_adjacent,Q3,Constrained Bayesian posterior estimate; not an observed or recovered true suppressed count.
06029,Kern County,06,California,184.0,184.0,184.0,184.0,3.362761148558382,3.362761148558381,3.362761148558381,3.362761148558381,1.0,exact,exact,metro_other,Q4_highest,Constrained Bayesian posterior estimate; not an observed or recovered true suppressed count.
06031,Kings County,06,California,14.0,14.0,14.0,14.0,1.5223166179344116,1.522316617934412,1.522316617934412,1.522316617934412,0.0,exact,exact,metro_other,Q4_highest,Constrained Bayesian posterior estimate; not an observed or recovered true suppressed count.
06033,Lake County,06,California,24.0,24.0,24.0,24.0,5.97812008050535,5.9781200805053505,5.9781200805053505,5.9781200805053505,1.0,exact,exact,nonmetro_adjacent,Q4_highest,Constrained Bayesian posterior estimate; not an observed or recovered true suppressed count.
06035,Lassen County,06,California,5.958333333333333,6.0,3.0,9.0,3.2945725718308974,3.31761154086468,1.65880577043234,4.97641731129702,0.5666666666666667,suppressed_1_9,suppressed_1_9,nonmetro_nonadjacent,Q4_highest,Constrained Bayesian posterior estimate; not an observed or recovered true suppressed count.
06037,Los Angeles County,06,California,1769.0,1769.0,1769.0,1769.0,3.0006771963578873,3.000677196357887,3.000677196357887,3.000677196357887,1.0,exact,exact,metro_large,Q4_highest,Constrained Bayesian posterior estimate; not an observed or recovered true suppressed count.
06039,Madera County,06,California,29.0,29.0,29.0,29.0,3.0112850503196116,3.0112850503196116,3.0112850503196116,3.0112850503196116,1.0,exact,exact,metro_large,Q4_highest,Constrained Bayesian posterior estimate; not an observed or recovered true suppressed count.
06041,Marin County,06,California,40.0,40.0,40.0,40.0,2.5920350650503603,2.59203506505036,2.59203506505036,2.59203506505036,0.0,exact,exact,metro_large,Q2,Constrained Bayesian posterior estimate; not an observed or recovered true suppressed count.
06043,Mariposa County,06,California,2.602777777777778,2.0,2.0,5.0,2.539369715970007,1.9512766227304212,1.9512766227304212,4.878191556826054,0.15833333333333333,suppressed_1_9,suppressed_1_9,nonmetro_adjacent,Q4_highest,Constrained Bayesian posterior estimate; not an observed or recovered true suppressed count.
06045,Mendocino County,06,California,26.0,26.0,26.0,26.0,4.885555854117301,4.885555854117302,4.885555854117302,4.885555854117302,1.0,exact,exact,nonmetro_adjacent,Q4_highest,Constrained Bayesian posterior estimate; not an observed or recovered true suppressed count.
06047,Merced County,06,California,43.0,43.0,43.0,43.0,2.4969499466059193,2.496949946605919,2.496949946605919,2.496949946605919,0.0,exact,exact,metro_other,Q4_highest,Constrained Bayesian posterior estimate; not an observed or recovered true suppressed count.
06049,Modoc County,06,California,3.938888888888889,4.0,3.0,6.0,7.608879959991672,7.726930283771514,5.795197712828636,11.590395425657272,1.0,suppressed_1_9,suppressed_1_9,nonmetro_adjacent,Q4_highest,Constrained Bayesian posterior estimate; not an observed or recovered true suppressed count.
06051,Mono County,06,California,1.1888888888888889,1.0,1.0,2.0249999999999773,1.4630677933656029,1.2306177701206005,1.2306177701206005,2.492000984494188,0.025,suppressed_1_9,suppressed_1_9,nonmetro_nonadjacent,Q2,Constrained Bayesian posterior estimate; not an observed or recovered true suppressed count.
06053,Monterey County,06,California,64.0,64.0,64.0,64.0,2.459529215364064,2.459529215364064,2.459529215364064,2.459529215364064,0.0,exact,exact,metro_other,Q4_highest,Constrained Bayesian posterior estimate; not an observed or recovered true suppressed count.
06055,Napa County,06,California,33.0,33.0,33.0,33.0,4.07327450537487,4.0732745053748705,4.0732745053748705,4.0732745053748705,1.0,exact,exact,metro_other,Q3,Constrained Bayesian posterior estimate; not an observed or recovered true suppressed count.
06057,Nevada County,06,California,24.0,24.0,24.0,24.0,3.9384744647367054,3.938474464736705,3.938474464736705,3.938474464736705,1.0,exact,exact,nonmetro_adjacent,Q1_lowest,Constrained Bayesian posterior estimate; not an observed or recovered true suppressed count.
06059,Orange County,06,California,324.0,324.0,324.0,324.0,1.7081641600587785,1.7081641600587778,1.7081641600587778,1.7081641600587778,0.0,exact,exact,metro_large,Q3,Constrained Bayesian posterior estimate; not an observed or recovered true suppressed count.
06061,Placer County,06,California,70.0,70.0,70.0,70.0,2.812675038794825,2.8126750387948247,2.8126750387948247,2.8126750387948247,0.0,exact,exact,metro_large,Q1_lowest,Constrained Bayesian posterior estimate; not an observed or recovered true suppressed count.
06063,Plumas County,06,California,0.0,0.0,0.0,0.0,0.0,0.0,0.0,0.0,0.0,zero,zero,nonmetro_nonadjacent,Q2,Constrained Bayesian posterior estimate; not an observed or recovered true suppressed count.
06065,Riverside County,06,California,379.0,379.0,379.0,379.0,2.541167244609004,2.5411672446090043,2.5411672446090043,2.5411672446090043,0.0,exact,exact,metro_large,Q4_highest,Constrained Bayesian posterior estimate; not an observed or recovered true suppressed count.
06067,Sacramento County,06,California,391.0,391.0,391.0,391.0,4.124553933711561,4.124553933711561,4.124553933711561,4.124553933711561,1.0,exact,exact,metro_large,Q4_highest,Constrained Bayesian posterior estimate; not an observed or recovered true suppressed count.
06069,San Benito County,06,California,6.155555555555556,6.0,3.0,9.0,1.544863649051596,1.5058237734437938,0.7529118867218969,2.2587356601656907,0.0,suppressed_1_9,suppressed_1_9,metro_large,Q3,Constrained Bayesian posterior estimate; not an observed or recovered true suppressed count.
06071,San Bernardino County,06,California,429.0,429.0,429.0,429.0,3.2580152110578715,3.2580152110578706,3.2580152110578706,3.2580152110578706,1.0,exact,exact,metro_large,Q4_highest,Constrained Bayesian posterior estimate; not an observed or recovered true suppressed count.
06073,San Diego County,06,California,483.0,483.0,483.0,483.0,2.4391714573913106,2.4391714573913106,2.4391714573913106,2.4391714573913106,0.0,exact,exact,metro_large,Q3,Constrained Bayesian posterior estimate; not an observed or recovered true suppressed count.
06075,San Francisco County,06,California,121.0,121.0,121.0,121.0,2.415986080725482,2.4159860807254825,2.4159860807254825,2.4159860807254825,0.0,exact,exact,metro_large,Q2,Constrained Bayesian posterior estimate; not an observed or recovered true suppressed count.
06077,San Joaquin County,06,California,129.0,129.0,129.0,129.0,2.7273724810653746,2.727372481065375,2.727372481065375,2.727372481065375,0.0,exact,exact,metro_other,Q4_highest,Constrained Bayesian posterior estimate; not an observed or recovered true suppressed count.
06079,San Luis Obispo County,06,California,23.0,23.0,23.0,23.0,1.3577219550723905,1.3577219550723902,1.3577219550723902,1.3577219550723902,0.0,exact,exact,metro_other,Q3,Constrained Bayesian posterior estimate; not an observed or recovered true suppressed count.
06081,San Mateo County,06,California,101.0,101.0,101.0,101.0,2.2639668824234573,2.263966882423458,2.263966882423458,2.263966882423458,0.0,exact,exact,metro_large,Q2,Constrained Bayesian posterior estimate; not an observed or recovered true suppressed count.
06083,Santa Barbara County,06,California,69.0,69.0,69.0,69.0,2.586852640126808,2.5868526401268084,2.5868526401268084,2.5868526401268084,0.0,exact,exact,metro_other,Q4_highest,Constrained Bayesian posterior estimate; not an observed or recovered true suppressed count.
06085,Santa Clara County,06,California,245.0,245.0,245.0,245.0,2.1500041201099367,2.1500041201099362,2.1500041201099362,2.1500041201099362,0.0,exact,exact,metro_large,Q2,Constrained Bayesian posterior estimate; not an observed or recovered true suppressed count.
06087,Santa Cruz County,06,California,42.0,42.0,42.0,42.0,2.626226119319458,2.6262261193194574,2.6262261193194574,2.6262261193194574,0.0,exact,exact,metro_other,Q3,Constrained Bayesian posterior estimate; not an observed or recovered true suppressed count.
06089,Shasta County,06,California,63.0,63.0,63.0,63.0,5.813615487471659,5.813615487471659,5.813615487471659,5.813615487471659,1.0,exact,exact,metro_other,Q4_highest,Constrained Bayesian posterior estimate; not an observed or recovered true suppressed count.
06091,Sierra County,06,California,0.0,0.0,0.0,0.0,0.0,0.0,0.0,0.0,0.0,zero,zero,nonmetro_adjacent,Q2,Constrained Bayesian posterior estimate; not an observed or recovered true suppressed count.
06093,Siskiyou County,06,California,10.0,10.0,10.0,10.0,3.8466716673398347,3.8466716673398342,3.8466716673398342,3.8466716673398342,1.0,exact,exact,nonmetro_nonadjacent,Q4_highest,Constrained Bayesian posterior estimate; not an observed or recovered true suppressed count.
06095,Solano County,06,California,139.0,139.0,139.0,139.0,5.149368739256714,5.149368739256713,5.149368739256713,5.149368739256713,1.0,exact,exact,metro_other,Q3,Constrained Bayesian posterior estimate; not an observed or recovered true suppressed count.
06097,Sonoma County,06,California,106.0,106.0,106.0,106.0,3.6302874194444357,3.6302874194444357,3.6302874194444357,3.6302874194444357,1.0,exact,exact,metro_other,Q3,Constrained Bayesian posterior estimate; not an observed or recovered true suppressed count.
06099,Stanislaus County,06,California,108.0,108.0,108.0,108.0,3.259475037400967,3.2594750374009673,3.2594750374009673,3.2594750374009673,1.0,exact,exact,metro_other,Q4_highest,Constrained Bayesian posterior estimate; not an observed or recovered true suppressed count.
06101,Sutter County,06,California,16.0,16.0,16.0,16.0,2.72379833678064,2.7237983367806406,2.7237983367806406,2.7237983367806406,0.0,exact,exact,metro_other,Q4_highest,Constrained Bayesian posterior estimate; not an observed or recovered true suppressed count.
06103,Tehama County,06,California,21.0,21.0,21.0,21.0,5.389203116499174,5.389203116499173,5.389203116499173,5.389203116499173,1.0,exact,exact,nonmetro_adjacent,Q4_highest,Constrained Bayesian posterior estimate; not an observed or recovered true suppressed count.
06105,Trinity County,06,California,1.375,1.0,1.0,3.0,1.5686677162479747,1.1408492481803454,1.1408492481803454,3.422547744541036,0.08333333333333333,suppressed_1_9,suppressed_1_9,nonmetro_adjacent,Q3,Constrained Bayesian posterior estimate; not an observed or recovered true suppressed count.
06107,Tulare County,06,California,70.0,70.0,70.0,70.0,2.4539989139301954,2.453998913930195,2.453998913930195,2.453998913930195,0.0,exact,exact,metro_other,Q4_highest,Constrained Bayesian posterior estimate; not an observed or recovered true suppressed count.
06109,Tuolumne County,06,California,7.888888888888889,8.0,6.0,9.0,2.4093286490554924,2.4432628553802176,1.8324471415351633,2.748670712302745,0.0,suppressed_1_9,suppressed_1_9,nonmetro_adjacent,Q3,Constrained Bayesian posterior estimate; not an observed or recovered true suppressed count.
06111,Ventura County,06,California,183.0,183.0,183.0,183.0,3.641936722245009,3.641936722245009,3.641936722245009,3.641936722245009,1.0,exact,exact,metro_other,Q3,Constrained Bayesian posterior estimate; not an observed or recovered true suppressed count.
06113,Yolo County,06,California,35.0,35.0,35.0,35.0,2.6412622516836164,2.641262251683616,2.641262251683616,2.641262251683616,0.0,exact,exact,metro_large,Q3,Constrained Bayesian posterior estimate; not an observed or recovered true suppressed count.
06115,Yuba County,06,California,17.0,17.0,17.0,17.0,3.401700850425214,3.401700850425213,3.401700850425213,3.401700850425213,1.0,exact,exact,metro_other,Q4_highest,Constrained Bayesian posterior estimate; not an observed or recovered true suppressed count.
08001,Adams County,08,Colorado,122.0,122.0,122.0,122.0,3.8566624001021688,3.85666240010217,3.85666240010217,3.85666240010217,1.0,exact,exact,metro_large,Q3,Constrained Bayesian posterior estimate; not an observed or recovered true suppressed count.
08003,Alamosa County,08,Colorado,1.8833333333333333,1.0,1.0,6.0,1.9043574394650271,1.0111632421938197,1.0111632421938197,6.066979453162919,0.22777777777777777,suppressed_1_9,suppressed_1_9,nonmetro_nonadjacent,Q4_highest,Constrained Bayesian posterior estimate; not an observed or recovered true suppressed count.
08005,Arapahoe County,08,Colorado,205.0,205.0,205.0,205.0,5.1928589829747684,5.1928589829747684,5.1928589829747684,5.1928589829747684,1.0,exact,exact,metro_large,Q2,Constrained Bayesian posterior estimate; not an observed or recovered true suppressed count.
08007,Archuleta County,08,Colorado,3.5277777777777777,3.0,3.0,5.0,4.183846793460286,3.5579169582181955,3.5579169582181955,5.9298615970303254,1.0,suppressed_1_9,suppressed_1_9,nonmetro_nonadjacent,Q2,Constrained Bayesian posterior estimate; not an observed or recovered true suppressed count.
08009,Baca County,08,Colorado,2.216666666666667,2.0,2.0,4.0,10.660638997098383,9.618621651517337,9.618621651517337,19.237243303034674,1.0,suppressed_1_9,suppressed_1_9,nonmetro_nonadjacent,Q3,Constrained Bayesian posterior estimate; not an observed or recovered true suppressed count.
08011,Bent County,08,Colorado,3.352777777777778,3.0,3.0,5.0,9.993078530528978,8.94161127835236,8.94161127835236,14.9026854639206,1.0,suppressed_1_9,suppressed_1_9,nonmetro_nonadjacent,Q4_highest,Constrained Bayesian posterior estimate; not an observed or recovered true suppressed count.
08013,Boulder County,08,Colorado,49.0,49.0,49.0,49.0,2.4905068486397,2.4905068486397,2.4905068486397,2.4905068486397,0.0,exact,exact,metro_other,Q1_lowest,Constrained Bayesian posterior estimate; not an observed or recovered true suppressed count.
08014,Broomfield County,08,Colorado,11.0,11.0,11.0,11.0,2.4480893775176367,2.448089377517637,2.448089377517637,2.448089377517637,0.0,exact,exact,metro_large,Q1_lowest,Constrained Bayesian posterior estimate; not an observed or recovered true suppressed count.
08015,Chaffee County,08,Colorado,4.788888888888889,4.0,3.0,8.0,3.9025750657144744,3.259691470202345,2.444768602651759,6.51938294040469,0.7666666666666667,suppressed_1_9,suppressed_1_9,nonmetro_adjacent,Q3,Constrained Bayesian posterior estimate; not an observed or recovered true suppressed count.
08017,Cheyenne County,08,Colorado,1.0,1.0,1.0,1.0,9.520182787509523,9.52018278750952,9.52018278750952,9.52018278750952,1.0,suppressed_1_9,suppressed_1_9,nonmetro_nonadjacent,Q1_lowest,Constrained Bayesian posterior estimate; not an observed or recovered true suppressed count.
08019,Clear Creek County,08,Colorado,2.308333333333333,2.0,2.0,4.0,4.099331083880897,3.551767004084532,3.551767004084532,7.103534008169064,1.0,suppressed_1_9,suppressed_1_9,metro_large,Q1_lowest,Constrained Bayesian posterior estimate; not an observed or recovered true suppressed count.
08021,Conejos County,08,Colorado,1.1861111111111111,1.0,1.0,2.0,2.5448113263771184,2.145508378210217,2.145508378210217,4.291016756420434,0.18055555555555555,suppressed_1_9,suppressed_1_9,nonmetro_nonadjacent,Q4_highest,Constrained Bayesian posterior estimate; not an observed or recovered true suppressed count.
08023,Costilla County,08,Colorado,2.102777777777778,2.0,2.0,3.0,9.408401690280883,8.94854586129754,8.94854586129754,13.422818791946307,1.0,suppressed_1_9,suppressed_1_9,nonmetro_nonadjacent,Q4_highest,Constrained Bayesian posterior estimate; not an observed or recovered true suppressed count.
08025,Crowley County,08,Colorado,0.0,0.0,0.0,0.0,0.0,0.0,0.0,0.0,0.0,zero,zero,nonmetro_adjacent,Q4_highest,Constrained Bayesian posterior estimate; not an observed or recovered true suppressed count.
08027,Custer County,08,Colorado,3.3916666666666666,3.0,3.0,5.0,10.693192088614246,9.458351724572799,9.458351724572799,15.763919540954662,1.0,suppressed_1_9,suppressed_1_9,nonmetro_adjacent,Q1_lowest,Constrained Bayesian posterior estimate; not an observed or recovered true suppressed count.
08029,Delta County,08,Colorado,5.163888888888889,5.0,3.0,8.0,2.7256833562355247,2.6391769990446177,1.5835061994267707,4.222683198471389,0.3888888888888889,suppressed_1_9,suppressed_1_9,nonmetro_adjacent,Q3,Constrained Bayesian posterior estimate; not an observed or recovered true suppressed count.
08031,Denver County,08,Colorado,216.0,216.0,216.0,216.0,4.9849298186501,4.984929818650099,4.984929818650099,4.984929818650099,1.0,exact,exact,metro_large,Q3,Constrained Bayesian posterior estimate; not an observed or recovered true suppressed count.
08033,Dolores County,08,Colorado,2.0944444444444446,2.0,2.0,3.0,14.978505645744438,14.30308231423872,14.30308231423872,21.454623471358076,1.0,suppressed_1_9,suppressed_1_9,nonmetro_nonadjacent,Q1_lowest,Constrained Bayesian posterior estimate; not an observed or recovered true suppressed count.
08035,Douglas County,08,Colorado,78.0,78.0,78.0,78.0,3.4902717624037765,3.490271762403777,3.490271762403777,3.490271762403777,1.0,exact,exact,metro_large,Q1_lowest,Constrained Bayesian posterior estimate; not an observed or recovered true suppressed count.
08037,Eagle County,08,Colorado,6.416666666666667,6.0,4.0,9.0,1.9457475056527755,1.819400265025972,1.2129335100173146,2.729100397538958,0.0,suppressed_1_9,suppressed_1_9,nonmetro_nonadjacent,Q2,Constrained Bayesian posterior estimate; not an observed or recovered true suppressed count.
08039,Elbert County,08,Colorado,5.469444444444444,5.0,4.0,8.0,3.27204032403336,2.991199889923844,2.392959911939075,4.78591982387815,0.7388888888888889,suppressed_1_9,suppressed_1_9,metro_large,Q1_lowest,Constrained Bayesian posterior estimate; not an observed or recovered true suppressed count.
08041,El Paso County,08,Colorado,226.0,226.0,226.0,226.0,5.108344367507854,5.108344367507856,5.108344367507856,5.108344367507856,1.0,exact,exact,metro_other,Q2,Constrained Bayesian posterior estimate; not an observed or recovered true suppressed count.
08043,Fremont County,08,Colorado,27.0,27.0,27.0,27.0,9.140179892281285,9.140179892281287,9.140179892281287,9.140179892281287,1.0,exact,exact,nonmetro_adjacent,Q3,Constrained Bayesian posterior estimate; not an observed or recovered true suppressed count.
08045,Garfield County,08,Colorado,6.402777777777778,6.0,4.0,9.0,1.7270590364973655,1.6184154094725853,1.0789436063150568,2.427623114208878,0.0,suppressed_1_9,suppressed_1_9,nonmetro_nonadjacent,Q3,Constrained Bayesian posterior estimate; not an observed or recovered true suppressed count.
08047,Gilpin County,08,Colorado,4.305555555555555,4.0,4.0,6.0,11.916513674007238,11.070825606819628,11.070825606819628,16.606238410229444,1.0,suppressed_1_9,suppressed_1_9,metro_large,Q1_lowest,Constrained Bayesian posterior estimate; not an observed or recovered true suppressed count.
08049,Grand County,08,Colorado,2.8472222222222223,3.0,2.0,6.0,2.9893352185101967,3.149738571698549,2.099825714465699,6.299477143397098,0.5111111111111111,suppressed_1_9,suppressed_1_9,nonmetro_nonadjacent,Q1_lowest,Constrained Bayesian posterior estimate; not an observed or recovered true suppressed count.
08051,Gunnison County,08,Colorado,0.0,0.0,0.0,0.0,0.0,0.0,0.0,0.0,0.0,zero,zero,nonmetro_nonadjacent,Q1_lowest,Constrained Bayesian posterior estimate; not an observed or recovered true suppressed count.
08053,Hinsdale County,08,Colorado,0.0,0.0,0.0,0.0,0.0,0.0,0.0,0.0,0.0,zero,zero,nonmetro_nonadjacent,Q1_lowest,Constrained Bayesian posterior estimate; not an observed or recovered true suppressed count.
08055,Huerfano County,08,Colorado,2.4277777777777776,2.0,2.0,5.0,5.804609151889485,4.781829049611476,4.781829049611476,11.95457262402869,1.0,suppressed_1_9,suppressed_1_9,nonmetro_adjacent,Q3,Constrained Bayesian posterior estimate; not an observed or recovered true suppressed count.
08057,Jackson County,08,Colorado,0.0,0.0,0.0,0.0,0.0,0.0,0.0,0.0,0.0,zero,zero,nonmetro_nonadjacent,Q2,Constrained Bayesian posterior estimate; not an observed or recovered true suppressed count.
08059,Jefferson County,08,Colorado,149.0,149.0,149.0,149.0,4.285565955003859,4.285565955003858,4.285565955003858,4.285565955003858,1.0,exact,exact,metro_large,Q1_lowest,Constrained Bayesian posterior estimate; not an observed or recovered true suppressed count.
08061,Kiowa County,08,Colorado,0.0,0.0,0.0,0.0,0.0,0.0,0.0,0.0,0.0,zero,zero,nonmetro_nonadjacent,Q2,Constrained Bayesian posterior estimate; not an observed or recovered true suppressed count.
08063,Kit Carson County,08,Colorado,1.1111111111111112,1.0,1.0,2.0,2.632777553991686,2.3694997985925172,2.3694997985925172,4.7389995971850345,0.10277777777777777,suppressed_1_9,suppressed_1_9,nonmetro_nonadjacent,Q3,Constrained Bayesian posterior estimate; not an observed or recovered true suppressed count.
08065,Lake County,08,Colorado,2.411111111111111,2.0,2.0,5.0,5.289612371355165,4.3876968978982935,4.3876968978982935,10.969242244745733,1.0,suppressed_1_9,suppressed_1_9,nonmetro_nonadjacent,Q1_lowest,Constrained Bayesian posterior estimate; not an observed or recovered true suppressed count.
08067,La Plata County,08,Colorado,8.008333333333333,8.0,6.0,9.0,2.3632325283096076,2.3607733893623553,1.7705800420217663,2.6558700630326495,0.0,suppressed_1_9,suppressed_1_9,nonmetro_adjacent,Q2,Constrained Bayesian posterior estimate; not an observed or recovered true suppressed count.
08069,Larimer County,08,Colorado,53.0,53.0,53.0,53.0,2.41790196365574,2.41790196365574,2.41790196365574,2.41790196365574,0.0,exact,exact,metro_other,Q1_lowest,Constrained Bayesian posterior estimate; not an observed or recovered true suppressed count.
08071,Las Animas County,08,Colorado,2.6055555555555556,2.0,2.0,4.0,3.0034530103692774,2.3054223533751386,2.3054223533751386,4.610844706750277,0.475,suppressed_1_9,suppressed_1_9,nonmetro_nonadjacent,Q4_highest,Constrained Bayesian posterior estimate; not an observed or recovered true suppressed count.
08073,Lincoln County,08,Colorado,0.0,0.0,0.0,0.0,0.0,0.0,0.0,0.0,0.0,zero,zero,nonmetro_adjacent,Q2,Constrained Bayesian posterior estimate; not an observed or recovered true suppressed count.
08075,Logan County,08,Colorado,5.361111111111111,5.0,4.0,8.0,4.186176853608745,3.9042063919667047,3.1233651135733638,6.2467302271467275,1.0,suppressed_1_9,suppressed_1_9,nonmetro_adjacent,Q3,Constrained Bayesian posterior estimate; not an observed or recovered true suppressed count.
08077,Mesa County,08,Colorado,42.0,42.0,42.0,42.0,4.436346351897329,4.43634635189733,4.43634635189733,4.43634635189733,1.0,exact,exact,metro_other,Q3,Constrained Bayesian posterior estimate; not an observed or recovered true suppressed count.
08079,Mineral County,08,Colorado,1.0638888888888889,1.0,1.0,2.0,20.17233388109383,18.960940462646946,18.960940462646946,37.92188092529389,1.0,suppressed_1_9,suppressed_1_9,nonmetro_nonadjacent,Q1_lowest,Constrained Bayesian posterior estimate; not an observed or recovered true suppressed count.
08081,Moffat County,08,Colorado,3.863888888888889,4.0,3.0,6.0,4.875077454501613,5.0468091549118075,3.785106866183855,7.57021373236771,1.0,suppressed_1_9,suppressed_1_9,nonmetro_nonadjacent,Q4_highest,Constrained Bayesian posterior estimate; not an observed or recovered true suppressed count.
08083,Montezuma County,08,Colorado,5.819444444444445,6.0,4.0,9.0,3.6691199856527774,3.7829590305536986,2.5219726870357992,5.674438545830549,0.8527777777777777,suppressed_1_9,suppressed_1_9,nonmetro_adjacent,Q3,Constrained Bayesian posterior estimate; not an observed or recovered true suppressed count.
08085,Montrose County,08,Colorado,17.0,17.0,17.0,17.0,6.488029585414908,6.4880295854149095,6.4880295854149095,6.4880295854149095,1.0,exact,exact,nonmetro_nonadjacent,Q3,Constrained Bayesian posterior estimate; not an observed or recovered true suppressed count.
08087,Morgan County,08,Colorado,11.0,11.0,11.0,11.0,6.247160381644706,6.247160381644707,6.247160381644707,6.247160381644707,1.0,exact,exact,nonmetro_adjacent,Q4_highest,Constrained Bayesian posterior estimate; not an observed or recovered true suppressed count.
08089,Otero County,08,Colorado,4.7555555555555555,5.0,3.0,7.024999999999977,4.342854127791527,4.566084947444362,2.7396509684666173,6.415349351159308,0.8194444444444444,suppressed_1_9,suppressed_1_9,nonmetro_adjacent,Q4_highest,Constrained Bayesian posterior estimate; not an observed or recovered true suppressed count.
08091,Ouray County,08,Colorado,0.0,0.0,0.0,0.0,0.0,0.0,0.0,0.0,0.0,zero,zero,nonmetro_nonadjacent,Q1_lowest,Constrained Bayesian posterior estimate; not an observed or recovered true suppressed count.
08093,Park County,08,Colorado,3.7083333333333335,3.0,3.0,6.0,3.37452529149832,2.7299530448076292,2.7299530448076292,5.4599060896152585,0.46111111111111114,suppressed_1_9,suppressed_1_9,metro_large,Q1_lowest,Constrained Bayesian posterior estimate; not an observed or recovered true suppressed count.
08095,Phillips County,08,Colorado,0.0,0.0,0.0,0.0,0.0,0.0,0.0,0.0,0.0,zero,zero,nonmetro_nonadjacent,Q2,Constrained Bayesian posterior estimate; not an observed or recovered true suppressed count.
08097,Pitkin County,08,Colorado,2.7222222222222223,3.0,2.0,4.0,2.63863041080783,2.9078784119106698,1.9385856079404467,3.8771712158808933,0.13055555555555556,suppressed_1_9,suppressed_1_9,nonmetro_nonadjacent,Q1_lowest,Constrained Bayesian posterior estimate; not an observed or recovered true suppressed count.
08099,Prowers County,08,Colorado,3.6666666666666665,3.0,3.0,6.0,5.104218868905099,4.176179074558717,4.176179074558717,8.352358149117434,1.0,suppressed_1_9,suppressed_1_9,nonmetro_nonadjacent,Q4_highest,Constrained Bayesian posterior estimate; not an observed or recovered true suppressed count.
08101,Pueblo County,08,Colorado,60.0,60.0,60.0,60.0,5.901440049729468,5.901440049729468,5.901440049729468,5.901440049729468,1.0,exact,exact,metro_other,Q4_highest,Constrained Bayesian posterior estimate; not an observed or recovered true suppressed count.
08103,Rio Blanco County,08,Colorado,1.0972222222222223,1.0,1.0,2.0,2.8215656189014897,2.571553475454522,2.571553475454522,5.143106950909044,0.08888888888888889,suppressed_1_9,suppressed_1_9,nonmetro_nonadjacent,Q3,Constrained Bayesian posterior estimate; not an observed or recovered true suppressed count.
08105,Rio Grande County,08,Colorado,2.536111111111111,2.0,2.0,4.024999999999977,3.750755902613451,2.9578797917652624,2.9578797917652624,5.952733080927557,1.0,suppressed_1_9,suppressed_1_9,nonmetro_nonadjacent,Q4_highest,Constrained Bayesian posterior estimate; not an observed or recovered true suppressed count.
08107,Routt County,08,Colorado,2.5972222222222223,2.0,2.0,4.0,1.7131733687474668,1.3192351074846804,1.3192351074846804,2.638470214969361,0.011111111111111112,suppressed_1_9,suppressed_1_9,nonmetro_nonadjacent,Q1_lowest,Constrained Bayesian posterior estimate; not an observed or recovered true suppressed count.
08109,Saguache County,08,Colorado,0.0,0.0,0.0,0.0,0.0,0.0,0.0,0.0,0.0,zero,zero,nonmetro_nonadjacent,Q3,Constrained Bayesian posterior estimate; not an observed or recovered true suppressed count.
08111,San Juan County,08,Colorado,1.0166666666666666,1.0,1.0,1.0,21.934555915138446,21.57497303128371,21.57497303128371,21.57497303128371,1.0,suppressed_1_9,suppressed_1_9,nonmetro_nonadjacent,Q2,Constrained Bayesian posterior estimate; not an observed or recovered true suppressed count.
08113,San Miguel County,08,Colorado,1.175,1.0,1.0,3.0,2.4454711954711956,2.081252081252081,2.081252081252081,6.243756243756244,0.14722222222222223,suppressed_1_9,suppressed_1_9,nonmetro_nonadjacent,Q2,Constrained Bayesian posterior estimate; not an observed or recovered true suppressed count.
08115,Sedgwick County,08,Colorado,2.063888888888889,2.0,2.0,3.0,15.07038254026206,14.603870025556773,14.603870025556773,21.90580503833516,1.0,suppressed_1_9,suppressed_1_9,nonmetro_nonadjacent,Q3,Constrained Bayesian posterior estimate; not an observed or recovered true suppressed count.
08117,Summit County,08,Colorado,2.7333333333333334,2.0,2.0,5.0,1.481521631119181,1.0840402178920836,1.0840402178920836,2.7101005447302096,0.008333333333333333,suppressed_1_9,suppressed_1_9,nonmetro_nonadjacent,Q1_lowest,Constrained Bayesian posterior estimate; not an observed or recovered true suppressed count.
08119,Teller County,08,Colorado,5.594444444444444,5.0,4.0,9.0,3.725184243099531,3.3293602967125895,2.6634882373700717,5.992848534082662,0.7805555555555556,suppressed_1_9,suppressed_1_9,metro_other,Q1_lowest,Constrained Bayesian posterior estimate; not an observed or recovered true suppressed count.
08121,Washington County,08,Colorado,0.0,0.0,0.0,0.0,0.0,0.0,0.0,0.0,0.0,zero,zero,nonmetro_nonadjacent,Q2,Constrained Bayesian posterior estimate; not an observed or recovered true suppressed count.
08123,Weld County,08,Colorado,51.0,51.0,51.0,51.0,2.454431789415527,2.4544317894155276,2.4544317894155276,2.4544317894155276,0.0,exact,exact,metro_other,Q3,Constrained Bayesian posterior estimate; not an observed or recovered true suppressed count.
08125,Yuma County,08,Colorado,1.2027777777777777,1.0,1.0,2.0,2.010796070913765,1.6717935000668716,1.6717935000668716,3.343587000133743,0.18611111111111112,suppressed_1_9,suppressed_1_9,nonmetro_nonadjacent,Q3,Constrained Bayesian posterior estimate; not an observed or recovered true suppressed count.
09001,Fairfield County,09,Connecticut,120.0,120.0,120.0,120.0,2.811430997291889,2.811430997291889,2.811430997291889,2.811430997291889,0.0,exact,exact,nonmetro_adjacent,Q1_lowest,Constrained Bayesian posterior estimate; not an observed or recovered true suppressed count.
09003,Hartford County,09,Connecticut,153.0,153.0,153.0,153.0,3.8090970199417433,3.809097019941743,3.809097019941743,3.809097019941743,1.0,exact,exact,nonmetro_adjacent,Q1_lowest,Constrained Bayesian posterior estimate; not an observed or recovered true suppressed count.
09005,Litchfield County,09,Connecticut,30.0,30.0,30.0,30.0,3.670108616864517,3.6701086168645163,3.6701086168645163,3.6701086168645163,1.0,exact,exact,nonmetro_adjacent,Q1_lowest,Constrained Bayesian posterior estimate; not an observed or recovered true suppressed count.
09007,Middlesex County,09,Connecticut,36.0,36.0,36.0,36.0,4.909461350265519,4.90946135026552,4.90946135026552,4.90946135026552,1.0,exact,exact,nonmetro_adjacent,Q1_lowest,Constrained Bayesian posterior estimate; not an observed or recovered true suppressed count.
09009,New Haven County,09,Connecticut,149.0,149.0,149.0,149.0,3.864501249154642,3.8645012491546407,3.8645012491546407,3.8645012491546407,1.0,exact,exact,nonmetro_adjacent,Q1_lowest,Constrained Bayesian posterior estimate; not an observed or recovered true suppressed count.
09011,New London County,09,Connecticut,34.0,34.0,34.0,34.0,2.836843927693855,2.8368439276938546,2.8368439276938546,2.8368439276938546,0.0,exact,exact,nonmetro_adjacent,Q1_lowest,Constrained Bayesian posterior estimate; not an observed or recovered true suppressed count.
09013,Tolland County,09,Connecticut,21.0,21.0,21.0,21.0,3.0999924714468547,3.099992471446855,3.099992471446855,3.099992471446855,1.0,exact,exact,nonmetro_adjacent,Q1_lowest,Constrained Bayesian posterior estimate; not an observed or recovered true suppressed count.
09015,Windham County,09,Connecticut,12.0,12.0,12.0,12.0,2.287413507176759,2.2874135071767596,2.2874135071767596,2.2874135071767596,0.0,exact,exact,nonmetro_adjacent,Q1_lowest,Constrained Bayesian posterior estimate; not an observed or recovered true suppressed count.
10001,Kent County,10,Delaware,41.0,41.0,41.0,41.0,3.6672531290166495,3.6672531290166486,3.6672531290166486,3.6672531290166486,1.0,exact,exact,metro_other,Q4_highest,Constrained Bayesian posterior estimate; not an observed or recovered true suppressed count.
10003,New Castle County,10,Delaware,121.0,121.0,121.0,121.0,3.523412200499045,3.5234122004990436,3.5234122004990436,3.5234122004990436,1.0,exact,exact,metro_large,Q3,Constrained Bayesian posterior estimate; not an observed or recovered true suppressed count.
10005,Sussex County,10,Delaware,39.0,39.0,39.0,39.0,2.5759815480460193,2.575981548046019,2.575981548046019,2.575981548046019,0.0,exact,exact,nonmetro_adjacent,Q3,Constrained Bayesian posterior estimate; not an observed or recovered true suppressed count.
11001,District of Columbia,11,District of Columbia,167.0,167.0,167.0,167.0,4.032219120927942,4.032219120927942,4.032219120927942,4.032219120927942,1.0,exact,exact,metro_large,Q3,Constrained Bayesian posterior estimate; not an observed or recovered true suppressed count.
12001,Alachua County,12,Florida,52.0,52.0,52.0,52.0,3.092835624708188,3.0928356247081883,3.0928356247081883,3.0928356247081883,1.0,exact,exact,metro_other,Q3,Constrained Bayesian posterior estimate; not an observed or recovered true suppressed count.
12003,Baker County,12,Florida,5.691666666666666,5.0,4.0,9.0,3.2902279747418395,2.8903906073866823,2.3123124859093456,5.202703093296028,0.49444444444444446,suppressed_1_9,suppressed_1_9,metro_large,Q3,Constrained Bayesian posterior estimate; not an observed or recovered true suppressed count.
12005,Bay County,12,Florida,23.0,23.0,23.0,23.0,2.089359166291188,2.0893591662911875,2.0893591662911875,2.0893591662911875,0.0,exact,exact,metro_other,Q3,Constrained Bayesian posterior estimate; not an observed or recovered true suppressed count.
12007,Bradford County,12,Florida,5.141666666666667,5.0,3.0,9.0,3.049986158895875,2.9659508838533633,1.779570530312018,5.338711590936054,0.5722222222222222,suppressed_1_9,suppressed_1_9,nonmetro_adjacent,Q4_highest,Constrained Bayesian posterior estimate; not an observed or recovered true suppressed count.
12009,Brevard County,12,Florida,112.0,112.0,112.0,112.0,2.978606161246844,2.9786061612468444,2.9786061612468444,2.9786061612468444,1.0,exact,exact,metro_other,Q2,Constrained Bayesian posterior estimate; not an observed or recovered true suppressed count.
12011,Broward County,12,Florida,227.0,227.0,227.0,227.0,1.9255409434047894,1.9255409434047888,1.9255409434047888,1.9255409434047888,0.0,exact,exact,metro_large,Q4_highest,Constrained Bayesian posterior estimate; not an observed or recovered true suppressed count.
12013,Calhoun County,12,Florida,0.0,0.0,0.0,0.0,0.0,0.0,0.0,0.0,0.0,zero,zero,nonmetro_adjacent,Q4_highest,Constrained Bayesian posterior estimate; not an observed or recovered true suppressed count.
12015,Charlotte County,12,Florida,37.0,37.0,37.0,37.0,3.0849246402936186,3.0849246402936186,3.0849246402936186,3.0849246402936186,1.0,exact,exact,metro_other,Q3,Constrained Bayesian posterior estimate; not an observed or recovered true suppressed count.
12017,Citrus County,12,Florida,17.0,17.0,17.0,17.0,1.7705585278951497,1.7705585278951494,1.7705585278951494,1.7705585278951494,0.0,exact,exact,metro_other,Q3,Constrained Bayesian posterior estimate; not an observed or recovered true suppressed count.
12019,Clay County,12,Florida,31.0,31.0,31.0,31.0,2.2808020477187934,2.2808020477187934,2.2808020477187934,2.2808020477187934,0.0,exact,exact,metro_large,Q2,Constrained Bayesian posterior estimate; not an observed or recovered true suppressed count.
12021,Collier County,12,Florida,36.0,36.0,36.0,36.0,1.5110863367573428,1.511086336757343,1.511086336757343,1.511086336757343,0.0,exact,exact,metro_other,Q3,Constrained Bayesian posterior estimate; not an observed or recovered true suppressed count.
12023,Columbia County,12,Florida,18.0,18.0,18.0,18.0,4.150592727700363,4.150592727700364,4.150592727700364,4.150592727700364,1.0,exact,exact,nonmetro_adjacent,Q4_highest,Constrained Bayesian posterior estimate; not an observed or recovered true suppressed count.
12027,DeSoto County,12,Florida,7.7555555555555555,8.0,5.0,9.0,3.541931804111888,3.653568623152664,2.2834803894704154,4.110264701046748,0.8222222222222222,suppressed_1_9,suppressed_1_9,nonmetro_adjacent,Q4_highest,Constrained Bayesian posterior estimate; not an observed or recovered true suppressed count.
12029,Dixie County,12,Florida,2.713888888888889,2.0,2.0,5.0,2.630043114401761,1.938209869364655,1.938209869364655,4.845524673411637,0.18611111111111112,suppressed_1_9,suppressed_1_9,nonmetro_adjacent,Q4_highest,Constrained Bayesian posterior estimate; not an observed or recovered true suppressed count.
12031,Duval County,12,Florida,197.0,197.0,197.0,197.0,3.2686597748275044,3.2686597748275035,3.2686597748275035,3.2686597748275035,1.0,exact,exact,metro_large,Q4_highest,Constrained Bayesian posterior estimate; not an observed or recovered true suppressed count.
12033,Escambia County,12,Florida,56.0,56.0,56.0,56.0,2.8774745638956074,2.8774745638956074,2.8774745638956074,2.8774745638956074,0.0,exact,exact,metro_other,Q4_highest,Constrained Bayesian posterior estimate; not an observed or recovered true suppressed count.
12035,Flagler County,12,Florida,29.0,29.0,29.0,29.0,3.8700103556139167,3.8700103556139176,3.8700103556139176,3.8700103556139176,1.0,exact,exact,metro_other,Q2,Constrained Bayesian posterior estimate; not an observed or recovered true suppressed count.
12037,Franklin County,12,Florida,1.5277777777777777,1.0,1.0,3.0,2.0378793605060466,1.3338846723312303,1.3338846723312303,4.001654016993691,0.16111111111111112,suppressed_1_9,suppressed_1_9,nonmetro_adjacent,Q4_highest,Constrained Bayesian posterior estimate; not an observed or recovered true suppressed count.
12039,Gadsden County,12,Florida,16.0,16.0,16.0,16.0,6.014178425638443,6.014178425638443,6.014178425638443,6.014178425638443,1.0,exact,exact,metro_other,Q4_highest,Constrained Bayesian posterior estimate; not an observed or recovered true suppressed count.
12041,Gilchrist County,12,Florida,0.0,0.0,0.0,0.0,0.0,0.0,0.0,0.0,0.0,zero,zero,metro_other,Q3,Constrained Bayesian posterior estimate; not an observed or recovered true suppressed count.
12043,Glades County,12,Florida,1.1861111111111111,1.0,1.0,2.0,1.5087592839930177,1.272021878776315,1.272021878776315,2.54404375755263,0.013888888888888888,suppressed_1_9,suppressed_1_9,nonmetro_adjacent,Q4_highest,Constrained Bayesian posterior estimate; not an observed or recovered true suppressed count.
12045,Gulf County,12,Florida,0.0,0.0,0.0,0.0,0.0,0.0,0.0,0.0,0.0,zero,zero,nonmetro_adjacent,Q3,Constrained Bayesian posterior estimate; not an observed or recovered true suppressed count.
12047,Hamilton County,12,Florida,1.3,1.0,1.0,3.0,1.5482825973036063,1.1909866133104665,1.1909866133104665,3.572959839931399,0.058333333333333334,suppressed_1_9,suppressed_1_9,nonmetro_adjacent,Q4_highest,Constrained Bayesian posterior estimate; not an observed or recovered true suppressed count.
12049,Hardee County,12,Florida,7.266666666666667,7.0,5.0,9.0,4.638584082847665,4.468360813752338,3.191686295537384,5.7450353319672915,1.0,suppressed_1_9,suppressed_1_9,nonmetro_adjacent,Q4_highest,Constrained Bayesian posterior estimate; not an observed or recovered true suppressed count.
12051,Hendry County,12,Florida,6.411111111111111,6.0,4.0,9.0,2.504829502289944,2.3442078530963077,1.5628052353975386,3.516311779644462,0.19166666666666668,suppressed_1_9,suppressed_1_9,nonmetro_adjacent,Q4_highest,Constrained Bayesian posterior estimate; not an observed or recovered true suppressed count.
12053,Hernando County,12,Florida,52.0,52.0,52.0,52.0,4.223511476174116,4.2235114761741155,4.2235114761741155,4.2235114761741155,1.0,exact,exact,metro_large,Q3,Constrained Bayesian posterior estimate; not an observed or recovered true suppressed count.
12055,Highlands County,12,Florida,17.0,17.0,17.0,17.0,2.6597159423373578,2.659715942337358,2.659715942337358,2.659715942337358,0.0,exact,exact,metro_other,Q4_highest,Constrained Bayesian posterior estimate; not an observed or recovered true suppressed count.
12057,Hillsborough County,12,Florida,199.0,199.0,199.0,199.0,2.192013799773308,2.1920137997733082,2.1920137997733082,2.1920137997733082,0.0,exact,exact,metro_large,Q4_highest,Constrained Bayesian posterior estimate; not an observed or recovered true suppressed count.
12059,Holmes County,12,Florida,5.644444444444445,6.0,4.0,8.0,4.764611318390462,5.064744314824507,3.3764962098830043,6.7529924197660085,1.0,suppressed_1_9,suppressed_1_9,nonmetro_adjacent,Q4_highest,Constrained Bayesian posterior estimate; not an observed or recovered true suppressed count.
12061,Indian River County,12,Florida,24.0,24.0,24.0,24.0,2.411117663546613,2.4111176635466136,2.4111176635466136,2.4111176635466136,0.0,exact,exact,metro_other,Q3,Constrained Bayesian posterior estimate; not an observed or recovered true suppressed count.
12063,Jackson County,12,Florida,7.233333333333333,7.0,5.0,9.0,2.5202725146280334,2.4389734012529356,1.7421238580378111,3.1358229444680603,0.21944444444444444,suppressed_1_9,suppressed_1_9,nonmetro_adjacent,Q4_highest,Constrained Bayesian posterior estimate; not an observed or recovered true suppressed count.
12065,Jefferson County,12,Florida,3.9694444444444446,4.0,3.0,7.0,4.422434400040604,4.45647693216128,3.34235769912096,7.79883463128224,1.0,suppressed_1_9,suppressed_1_9,metro_other,Q3,Constrained Bayesian posterior estimate; not an observed or recovered true suppressed count.
12067,Lafayette County,12,Florida,0.0,0.0,0.0,0.0,0.0,0.0,0.0,0.0,0.0,zero,zero,nonmetro_nonadjacent,Q4_highest,Constrained Bayesian posterior estimate; not an observed or recovered true suppressed count.
12069,Lake County,12,Florida,48.0,48.0,48.0,48.0,1.9857530492686022,1.9857530492686017,1.9857530492686017,1.9857530492686017,0.0,exact,exact,metro_large,Q3,Constrained Bayesian posterior estimate; not an observed or recovered true suppressed count.
12071,Lee County,12,Florida,98.0,98.0,98.0,98.0,2.0134345392368047,2.0134345392368056,2.0134345392368056,2.0134345392368056,0.0,exact,exact,metro_other,Q3,Constrained Bayesian posterior estimate; not an observed or recovered true suppressed count.
12073,Leon County,12,Florida,67.0,67.0,67.0,67.0,3.771186893830958,3.771186893830958,3.771186893830958,3.771186893830958,1.0,exact,exact,metro_other,Q3,Constrained Bayesian posterior estimate; not an observed or recovered true suppressed count.
12075,Levy County,12,Florida,15.0,15.0,15.0,15.0,5.608629811736992,5.608629811736993,5.608629811736993,5.608629811736993,1.0,exact,exact,metro_other,Q4_highest,Constrained Bayesian posterior estimate; not an observed or recovered true suppressed count.
12077,Liberty County,12,Florida,1.1055555555555556,1.0,1.0,2.0,2.3089168279427663,2.0884674825612963,2.0884674825612963,4.176934965122593,0.10555555555555556,suppressed_1_9,suppressed_1_9,nonmetro_adjacent,Q4_highest,Constrained Bayesian posterior estimate; not an observed or recovered true suppressed count.
12079,Madison County,12,Florida,5.6,5.0,4.0,8.0,5.064710723620545,4.5220631460897724,3.6176505168718176,7.235301033743635,1.0,suppressed_1_9,suppressed_1_9,nonmetro_adjacent,Q4_highest,Constrained Bayesian posterior estimate; not an observed or recovered true suppressed count.
12081,Manatee County,12,Florida,76.0,76.0,76.0,76.0,2.973690275289378,2.973690275289377,2.973690275289377,2.973690275289377,1.0,exact,exact,metro_other,Q3,Constrained Bayesian posterior estimate; not an observed or recovered true suppressed count.
12083,Marion County,12,Florida,94.0,94.0,94.0,94.0,3.9825682141909913,3.9825682141909917,3.9825682141909917,3.9825682141909917,1.0,exact,exact,metro_other,Q4_highest,Constrained Bayesian posterior estimate; not an observed or recovered true suppressed count.
12085,Martin County,12,Florida,29.0,29.0,29.0,29.0,2.9773607647505136,2.9773607647505127,2.9773607647505127,2.9773607647505127,1.0,exact,exact,metro_other,Q2,Constrained Bayesian posterior estimate; not an observed or recovered true suppressed count.
12086,Miami-Dade County,12,Florida,416.0,416.0,416.0,416.0,2.554312136329042,2.554312136329042,2.554312136329042,2.554312136329042,0.0,exact,exact,metro_large,Q4_highest,Constrained Bayesian posterior estimate; not an observed or recovered true suppressed count.
12087,Monroe County,12,Florida,15.0,15.0,15.0,15.0,3.167711307462283,3.1677113074622834,3.1677113074622834,3.1677113074622834,1.0,exact,exact,nonmetro_adjacent,Q3,Constrained Bayesian posterior estimate; not an observed or recovered true suppressed count.
12089,Nassau County,12,Florida,20.0,20.0,20.0,20.0,3.4619865224864688,3.461986522486468,3.461986522486468,3.461986522486468,1.0,exact,exact,metro_large,Q2,Constrained Bayesian posterior estimate; not an observed or recovered true suppressed count.
12091,Okaloosa County,12,Florida,31.0,31.0,31.0,31.0,2.3989314694925565,2.3989314694925565,2.3989314694925565,2.3989314694925565,0.0,exact,exact,metro_other,Q3,Constrained Bayesian posterior estimate; not an observed or recovered true suppressed count.
12093,Okeechobee County,12,Florida,11.0,11.0,11.0,11.0,4.41875318853213,4.41875318853213,4.41875318853213,4.41875318853213,1.0,exact,exact,nonmetro_adjacent,Q4_highest,Constrained Bayesian posterior estimate; not an observed or recovered true suppressed count.
12095,Orange County,12,Florida,172.0,172.0,172.0,172.0,1.9819362641561529,1.9819362641561526,1.9819362641561526,1.9819362641561526,0.0,exact,exact,metro_large,Q4_highest,Constrained Bayesian posterior estimate; not an observed or recovered true suppressed count.
12097,Osceola County,12,Florida,54.0,54.0,54.0,54.0,2.1662952540081477,2.1662952540081477,2.1662952540081477,2.1662952540081477,0.0,exact,exact,metro_large,Q4_highest,Constrained Bayesian posterior estimate; not an observed or recovered true suppressed count.
12099,Palm Beach County,12,Florida,156.0,156.0,156.0,156.0,1.7074016958001204,1.7074016958001201,1.7074016958001201,1.7074016958001201,0.0,exact,exact,metro_large,Q4_highest,Constrained Bayesian posterior estimate; not an observed or recovered true suppressed count.
12101,Pasco County,12,Florida,82.0,82.0,82.0,82.0,2.2718897967212754,2.271889796721275,2.271889796721275,2.271889796721275,0.0,exact,exact,metro_large,Q3,Constrained Bayesian posterior estimate; not an observed or recovered true suppressed count.
12103,Pinellas County,12,Florida,167.0,167.0,167.0,167.0,2.8804933336415064,2.880493333641506,2.880493333641506,2.880493333641506,0.0,exact,exact,metro_large,Q3,Constrained Bayesian posterior estimate; not an observed or recovered true suppressed count.
12105,Polk County,12,Florida,123.0,123.0,123.0,123.0,2.6273849125305118,2.6273849125305113,2.6273849125305113,2.6273849125305113,0.0,exact,exact,metro_other,Q4_highest,Constrained Bayesian posterior estimate; not an observed or recovered true suppressed count.
12107,Putnam County,12,Florida,21.0,21.0,21.0,21.0,4.65126580876653,4.651265808766529,4.651265808766529,4.651265808766529,1.0,exact,exact,nonmetro_adjacent,Q4_highest,Constrained Bayesian posterior estimate; not an observed or recovered true suppressed count.
12109,St. Johns County,12,Florida,38.0,38.0,38.0,38.0,2.1137744669394545,2.113774466939455,2.113774466939455,2.113774466939455,0.0,exact,exact,metro_large,Q1_lowest,Constrained Bayesian posterior estimate; not an observed or recovered true suppressed count.
12111,St. Lucie County,12,Florida,62.0,62.0,62.0,62.0,2.908037534321878,2.9080375343218785,2.9080375343218785,2.9080375343218785,0.0,exact,exact,metro_other,Q4_highest,Constrained Bayesian posterior estimate; not an observed or recovered true suppressed count.
12113,Santa Rosa County,12,Florida,23.0,23.0,23.0,23.0,1.9548962927516695,1.9548962927516695,1.9548962927516695,1.9548962927516695,0.0,exact,exact,metro_other,Q2,Constrained Bayesian posterior estimate; not an observed or recovered true suppressed count.
12115,Sarasota County,12,Florida,82.0,82.0,82.0,82.0,3.0012806684218054,3.001280668421806,3.001280668421806,3.001280668421806,1.0,exact,exact,metro_other,Q2,Constrained Bayesian posterior estimate; not an observed or recovered true suppressed count.
12117,Seminole County,12,Florida,51.0,51.0,51.0,51.0,1.774692056130378,1.774692056130378,1.774692056130378,1.774692056130378,0.0,exact,exact,metro_large,Q2,Constrained Bayesian posterior estimate; not an observed or recovered true suppressed count.
12119,Sumter County,12,Florida,30.0,30.0,30.0,30.0,3.495265080903736,3.495265080903736,3.495265080903736,3.495265080903736,1.0,exact,exact,metro_other,Q2,Constrained Bayesian posterior estimate; not an observed or recovered true suppressed count.
12121,Suwannee County,12,Florida,11.0,11.0,11.0,11.0,4.031814683136019,4.031814683136019,4.031814683136019,4.031814683136019,1.0,exact,exact,nonmetro_adjacent,Q4_highest,Constrained Bayesian posterior estimate; not an observed or recovered true suppressed count.
12123,Taylor County,12,Florida,2.8305555555555557,3.0,2.0,4.0,2.182521324025812,2.3131727477408015,1.5421151651605343,3.0842303303210685,0.19444444444444445,suppressed_1_9,suppressed_1_9,nonmetro_adjacent,Q4_highest,Constrained Bayesian posterior estimate; not an observed or recovered true suppressed count.
12125,Union County,12,Florida,6.322222222222222,6.0,5.0,9.0,6.762892283409163,6.418210602883915,5.348508835736596,9.627315904325874,1.0,suppressed_1_9,suppressed_1_9,nonmetro_adjacent,Q3,Constrained Bayesian posterior estimate; not an observed or recovered true suppressed count.
12127,Volusia County,12,Florida,101.0,101.0,101.0,101.0,2.9262520737276456,2.926252073727645,2.926252073727645,2.926252073727645,0.0,exact,exact,metro_other,Q3,Constrained Bayesian posterior estimate; not an observed or recovered true suppressed count.
12129,Wakulla County,12,Florida,5.972222222222222,6.0,4.0,9.0,2.8238792482964787,2.837013570381578,1.8913423802543856,4.255520355572368,0.32222222222222224,suppressed_1_9,suppressed_1_9,metro_other,Q2,Constrained Bayesian posterior estimate; not an observed or recovered true suppressed count.
12131,Walton County,12,Florida,10.0,10.0,10.0,10.0,2.040349960825281,2.0403499608252806,2.0403499608252806,2.0403499608252806,0.0,exact,exact,metro_other,Q3,Constrained Bayesian posterior estimate; not an observed or recovered true suppressed count.
12133,Washington County,12,Florida,5.3277777777777775,5.0,3.0,9.0,3.4515274538596636,3.23918113500907,1.9435086810054418,5.8305260430163255,0.675,suppressed_1_9,suppressed_1_9,metro_other,Q4_highest,Constrained Bayesian posterior estimate; not an observed or recovered true suppressed count.
13001,Appling County,13,Georgia,2.691666666666667,3.0,2.0,4.024999999999977,2.4303329631402004,2.708730237555642,1.805820158370428,3.634213068720466,0.13333333333333333,suppressed_1_9,suppressed_1_9,nonmetro_nonadjacent,Q4_highest,Constrained Bayesian posterior estimate; not an observed or recovered true suppressed count.
13003,Atkinson County,13,Georgia,3.4472222222222224,2.0,2.0,9.0,6.913803093105139,4.011231448054552,4.011231448054552,18.050541516245488,1.0,suppressed_1_9,suppressed_1_9,nonmetro_nonadjacent,Q4_highest,Constrained Bayesian posterior estimate; not an observed or recovered true suppressed count.
13005,Bacon County,13,Georgia,3.7416666666666667,3.0,3.0,7.0,5.614830154514123,4.501868275334264,4.501868275334264,10.504359309113282,1.0,suppressed_1_9,suppressed_1_9,nonmetro_nonadjacent,Q4_highest,Constrained Bayesian posterior estimate; not an observed or recovered true suppressed count.
13007,Baker County,13,Georgia,0.0,0.0,0.0,0.0,0.0,0.0,0.0,0.0,0.0,zero,zero,nonmetro_adjacent,Q3,Constrained Bayesian posterior estimate; not an observed or recovered true suppressed count.
13009,Baldwin County,13,Georgia,20.0,20.0,20.0,20.0,7.5630093214089875,7.563009321408988,7.563009321408988,7.563009321408988,1.0,exact,exact,nonmetro_adjacent,Q4_highest,Constrained Bayesian posterior estimate; not an observed or recovered true suppressed count.
13011,Banks County,13,Georgia,4.3805555555555555,4.0,3.0,7.0,3.757456537879069,3.431031968640368,2.573273976480276,6.0043059451206435,0.7916666666666666,suppressed_1_9,suppressed_1_9,nonmetro_adjacent,Q2,Constrained Bayesian posterior estimate; not an observed or recovered true suppressed count.
13013,Barrow County,13,Georgia,17.0,17.0,17.0,17.0,3.18428983780726,3.1842898378072606,3.1842898378072606,3.1842898378072606,1.0,exact,exact,metro_large,Q2,Constrained Bayesian posterior estimate; not an observed or recovered true suppressed count.
13015,Bartow County,13,Georgia,15.0,15.0,15.0,15.0,2.2275948509887553,2.2275948509887553,2.2275948509887553,2.2275948509887553,0.0,exact,exact,metro_large,Q2,Constrained Bayesian posterior estimate; not an observed or recovered true suppressed count.
13017,Ben Hill County,13,Georgia,6.25,6.0,5.0,9.0,6.150727261991458,5.904698171511799,4.920581809593166,8.8570472572677,1.0,suppressed_1_9,suppressed_1_9,nonmetro_nonadjacent,Q4_highest,Constrained Bayesian posterior estimate; not an observed or recovered true suppressed count.
13019,Berrien County,13,Georgia,4.083333333333333,4.0,3.0,8.0,3.632794197019033,3.558655539937012,2.668991654952759,7.117311079874024,0.525,suppressed_1_9,suppressed_1_9,nonmetro_adjacent,Q3,Constrained Bayesian posterior estimate; not an observed or recovered true suppressed count.
13021,Bibb County,13,Georgia,26.0,26.0,26.0,26.0,2.788434004738193,2.788434004738193,2.788434004738193,2.788434004738193,0.0,exact,exact,metro_other,Q4_highest,Constrained Bayesian posterior estimate; not an observed or recovered true suppressed count.
13023,Bleckley County,13,Georgia,3.986111111111111,4.0,3.0,7.0,5.259901443742146,5.278228626472956,3.9586714698547167,9.236900096327672,1.0,suppressed_1_9,suppressed_1_9,nonmetro_adjacent,Q3,Constrained Bayesian posterior estimate; not an observed or recovered true suppressed count.
13025,Brantley County,13,Georgia,3.738888888888889,4.0,3.0,6.0,3.3445347916101373,3.578105572004902,2.6835791790036763,5.3671583580073525,0.5166666666666667,suppressed_1_9,suppressed_1_9,metro_other,Q2,Constrained Bayesian posterior estimate; not an observed or recovered true suppressed count.
13027,Brooks County,13,Georgia,3.875,3.0,3.0,7.0,4.039572170214541,3.1274107124241604,3.1274107124241604,7.29729166232304,1.0,suppressed_1_9,suppressed_1_9,metro_other,Q4_highest,Constrained Bayesian posterior estimate; not an observed or recovered true suppressed count.
13029,Bryan County,13,Georgia,6.65,7.0,4.0,9.0,2.406029183505856,2.5326622984272165,1.4472355991012666,3.25628009797785,0.15,suppressed_1_9,suppressed_1_9,metro_other,Q2,Constrained Bayesian posterior estimate; not an observed or recovered true suppressed count.
13031,Bulloch County,13,Georgia,19.0,19.0,19.0,19.0,3.8327392587482274,3.8327392587482274,3.8327392587482274,3.8327392587482274,1.0,exact,exact,nonmetro_adjacent,Q4_highest,Constrained Bayesian posterior estimate; not an observed or recovered true suppressed count.
13033,Burke County,13,Georgia,3.9472222222222224,4.0,3.0,6.0,2.7672811939387,2.8042821388259873,2.1032116041194904,4.206423208238981,0.25277777777777777,suppressed_1_9,suppressed_1_9,metro_other,Q3,Constrained Bayesian posterior estimate; not an observed or recovered true suppressed count.
13035,Butts County,13,Georgia,3.325,3.0,3.0,4.0,2.1204545744423045,1.9131920972411771,1.9131920972411771,2.5509227963215695,0.019444444444444445,suppressed_1_9,suppressed_1_9,metro_large,Q3,Constrained Bayesian posterior estimate; not an observed or recovered true suppressed count.
13037,Calhoun County,13,Georgia,2.5861111111111112,2.0,2.0,7.0,7.5405619055024244,5.831583858175881,5.831583858175881,20.410543503615582,1.0,suppressed_1_9,suppressed_1_9,nonmetro_adjacent,Q4_highest,Constrained Bayesian posterior estimate; not an observed or recovered true suppressed count.
13039,Camden County,13,Georgia,6.972222222222222,7.0,5.0,9.0,2.050967272118742,2.059138456469813,1.4708131831927236,2.647463729746902,0.0,suppressed_1_9,suppressed_1_9,nonmetro_adjacent,Q3,Constrained Bayesian posterior estimate; not an observed or recovered true suppressed count.
13043,Candler County,13,Georgia,5.261111111111111,5.0,4.0,7.0,7.969689931092059,7.574150937679886,6.059320750143908,10.60381131275184,1.0,suppressed_1_9,suppressed_1_9,nonmetro_nonadjacent,Q4_highest,Constrained Bayesian posterior estimate; not an observed or recovered true suppressed count.
13045,Carroll County,13,Georgia,15.0,15.0,15.0,15.0,2.0128986545785392,2.0128986545785392,2.0128986545785392,2.0128986545785392,0.0,exact,exact,metro_large,Q4_highest,Constrained Bayesian posterior estimate; not an observed or recovered true suppressed count.
13047,Catoosa County,13,Georgia,16.0,16.0,16.0,16.0,3.89627151168029,3.8962715116802915,3.8962715116802915,3.8962715116802915,1.0,exact,exact,metro_other,Q2,Constrained Bayesian posterior estimate; not an observed or recovered true suppressed count.
13049,Charlton County,13,Georgia,0.0,0.0,0.0,0.0,0.0,0.0,0.0,0.0,0.0,zero,zero,nonmetro_adjacent,Q4_highest,Constrained Bayesian posterior estimate; not an observed or recovered true suppressed count.
13051,Chatham County,13,Georgia,61.0,61.0,61.0,61.0,3.412931092361748,3.4129310923617484,3.4129310923617484,3.4129310923617484,1.0,exact,exact,metro_other,Q4_highest,Constrained Bayesian posterior estimate; not an observed or recovered true suppressed count.
13053,Chattahoochee County,13,Georgia,0.0,0.0,0.0,0.0,0.0,0.0,0.0,0.0,0.0,zero,zero,metro_other,Q3,Constrained Bayesian posterior estimate; not an observed or recovered true suppressed count.
13055,Chattooga County,13,Georgia,7.638888888888889,8.0,6.0,9.0,5.091642152724083,5.332337963580131,3.9992534726850986,5.998880209027648,1.0,suppressed_1_9,suppressed_1_9,nonmetro_adjacent,Q4_highest,Constrained Bayesian posterior estimate; not an observed or recovered true suppressed count.
13057,Cherokee County,13,Georgia,20.0,20.0,20.0,20.0,1.204779359720009,1.2047793597200092,1.2047793597200092,1.2047793597200092,0.0,exact,exact,metro_large,Q1_lowest,Constrained Bayesian posterior estimate; not an observed or recovered true suppressed count.
13059,Clarke County,13,Georgia,20.0,20.0,20.0,20.0,2.5818444696891456,2.581844469689146,2.581844469689146,2.581844469689146,0.0,exact,exact,metro_other,Q4_highest,Constrained Bayesian posterior estimate; not an observed or recovered true suppressed count.
13061,Clay County,13,Georgia,1.0138888888888888,1.0,1.0,1.0,5.93090897273407,5.849663644340451,5.849663644340451,5.849663644340451,1.0,suppressed_1_9,suppressed_1_9,nonmetro_nonadjacent,Q4_highest,Constrained Bayesian posterior estimate; not an observed or recovered true suppressed count.
13063,Clayton County,13,Georgia,44.0,44.0,44.0,44.0,2.479475297945585,2.4794752979455854,2.4794752979455854,2.4794752979455854,0.0,exact,exact,metro_large,Q4_highest,Constrained Bayesian posterior estimate; not an observed or recovered true suppressed count.
13065,Clinch County,13,Georgia,2.0194444444444444,2.0,2.0,2.0,5.022993842514288,4.974629390110437,4.974629390110437,4.974629390110437,1.0,suppressed_1_9,suppressed_1_9,nonmetro_adjacent,Q4_highest,Constrained Bayesian posterior estimate; not an observed or recovered true suppressed count.
13067,Cobb County,13,Georgia,72.0,72.0,72.0,72.0,1.5563798604446057,1.5563798604446057,1.5563798604446057,1.5563798604446057,0.0,exact,exact,metro_large,Q2,Constrained Bayesian posterior estimate; not an observed or recovered true suppressed count.
13069,Coffee County,13,Georgia,7.455555555555556,8.0,5.0,9.0,2.8651300858727735,3.074357171130249,1.9214732319564056,3.4586518175215297,0.5138888888888888,suppressed_1_9,suppressed_1_9,nonmetro_nonadjacent,Q4_highest,Constrained Bayesian posterior estimate; not an observed or recovered true suppressed count.
13071,Colquitt County,13,Georgia,15.0,15.0,15.0,15.0,5.437540781555861,5.437540781555862,5.437540781555862,5.437540781555862,1.0,exact,exact,nonmetro_adjacent,Q4_highest,Constrained Bayesian posterior estimate; not an observed or recovered true suppressed count.
13073,Columbia County,13,Georgia,20.0,20.0,20.0,20.0,2.0580726355575263,2.0580726355575267,2.0580726355575267,2.0580726355575267,0.0,exact,exact,metro_other,Q1_lowest,Constrained Bayesian posterior estimate; not an observed or recovered true suppressed count.
13075,Cook County,13,Georgia,2.816666666666667,2.0,2.0,6.0,2.6854041135941826,1.906795820303562,1.906795820303562,5.720387460910686,0.2111111111111111,suppressed_1_9,suppressed_1_9,nonmetro_adjacent,Q4_highest,Constrained Bayesian posterior estimate; not an observed or recovered true suppressed count.
13077,Coweta County,13,Georgia,6.838888888888889,7.0,4.0,9.0,0.7463420448607953,0.7639244325951277,0.43652824719721584,0.9821885561937357,0.0,suppressed_1_9,suppressed_1_9,metro_large,Q1_lowest,Constrained Bayesian posterior estimate; not an observed or recovered true suppressed count.
13079,Crawford County,13,Georgia,1.3472222222222223,1.0,1.0,4.0,1.8316097319278657,1.3595453680289311,1.3595453680289311,5.4381814721157244,0.09444444444444444,suppressed_1_9,suppressed_1_9,metro_other,Q3,Constrained Bayesian posterior estimate; not an observed or recovered true suppressed count.
13081,Crisp County,13,Georgia,7.097222222222222,7.0,5.0,9.0,5.765786746679088,5.6868033665875934,4.0620024047054235,7.3116043284697625,1.0,suppressed_1_9,suppressed_1_9,nonmetro_adjacent,Q4_highest,Constrained Bayesian posterior estimate; not an observed or recovered true suppressed count.
13083,Dade County,13,Georgia,5.061111111111111,5.0,4.0,9.0,5.2277184996964365,5.164595663805481,4.131676531044384,9.296272194849864,1.0,suppressed_1_9,suppressed_1_9,metro_other,Q2,Constrained Bayesian posterior estimate; not an observed or recovered true suppressed count.
13085,Dawson County,13,Georgia,3.088888888888889,3.0,2.0,6.0,1.7418284436825509,1.691703884152118,1.1278025894347454,3.383407768304236,0.027777777777777776,suppressed_1_9,suppressed_1_9,metro_large,Q1_lowest,Constrained Bayesian posterior estimate; not an observed or recovered true suppressed count.
13087,Decatur County,13,Georgia,6.122222222222222,6.0,4.0,8.0,3.614937630844669,3.5427700919348837,2.361846727956589,4.723693455913178,0.9083333333333333,suppressed_1_9,suppressed_1_9,nonmetro_adjacent,Q4_highest,Constrained Bayesian posterior estimate; not an observed or recovered true suppressed count.
13089,DeKalb County,13,Georgia,104.0,104.0,104.0,104.0,2.2731529921578404,2.273152992157841,2.273152992157841,2.273152992157841,0.0,exact,exact,metro_large,Q4_highest,Constrained Bayesian posterior estimate; not an observed or recovered true suppressed count.
13091,Dodge County,13,Georgia,4.616666666666666,4.0,3.0,8.0,3.8464529316358953,3.332666799973339,2.499500099980004,6.665333599946678,0.6638888888888889,suppressed_1_9,suppressed_1_9,nonmetro_nonadjacent,Q4_highest,Constrained Bayesian posterior estimate; not an observed or recovered true suppressed count.
13093,Dooly County,13,Georgia,1.1916666666666667,1.0,1.0,3.0,1.6978210900248858,1.4247449706502537,1.4247449706502537,4.274234911950761,0.05555555555555555,suppressed_1_9,suppressed_1_9,nonmetro_adjacent,Q4_highest,Constrained Bayesian posterior estimate; not an observed or recovered true suppressed count.
13095,Dougherty County,13,Georgia,16.0,16.0,16.0,16.0,3.153914994106121,3.1539149941061213,3.1539149941061213,3.1539149941061213,1.0,exact,exact,metro_other,Q4_highest,Constrained Bayesian posterior estimate; not an observed or recovered true suppressed count.
13097,Douglas County,13,Georgia,27.0,27.0,27.0,27.0,3.0388021267112952,3.0388021267112957,3.0388021267112957,3.0388021267112957,1.0,exact,exact,metro_large,Q3,Constrained Bayesian posterior estimate; not an observed or recovered true suppressed count.
13099,Early County,13,Georgia,2.3583333333333334,2.0,2.0,3.0,3.777745740358072,3.203741970621686,3.203741970621686,4.80561295593253,1.0,suppressed_1_9,suppressed_1_9,nonmetro_adjacent,Q4_highest,Constrained Bayesian posterior estimate; not an observed or recovered true suppressed count.
13101,Echols County,13,Georgia,1.038888888888889,1.0,1.0,2.0,4.556530214424949,4.385964912280701,4.385964912280701,8.771929824561402,1.0,suppressed_1_9,suppressed_1_9,metro_other,Q2,Constrained Bayesian posterior estimate; not an observed or recovered true suppressed count.
13103,Effingham County,13,Georgia,6.591666666666667,7.0,4.0,9.0,1.6056401612216993,1.7051045959876452,0.9743454834215116,2.192277337698401,0.0,suppressed_1_9,suppressed_1_9,metro_other,Q2,Constrained Bayesian posterior estimate; not an observed or recovered true suppressed count.
13105,Elbert County,13,Georgia,5.5777777777777775,5.0,4.0,9.0,4.72344777814474,4.234166334990304,3.387333067992243,7.621499402982547,1.0,suppressed_1_9,suppressed_1_9,nonmetro_adjacent,Q4_highest,Constrained Bayesian posterior estimate; not an observed or recovered true suppressed count.
13107,Emanuel County,13,Georgia,3.4972222222222222,3.0,2.0,7.0,2.5500924028716594,2.1875296227969754,1.4583530818646502,5.104235786526275,0.25,suppressed_1_9,suppressed_1_9,nonmetro_nonadjacent,Q4_highest,Constrained Bayesian posterior estimate; not an observed or recovered true suppressed count.
13109,Evans County,13,Georgia,1.1277777777777778,1.0,1.0,2.0,1.7544223542792348,1.5556454372919324,1.5556454372919324,3.1112908745838648,0.12222222222222222,suppressed_1_9,suppressed_1_9,nonmetro_adjacent,Q4_highest,Constrained Bayesian posterior estimate; not an observed or recovered true suppressed count.
13111,Fannin County,13,Georgia,5.5,5.0,4.0,9.0,3.524014557383771,3.203649597621611,2.5629196780972885,5.766569275718899,0.6111111111111112,suppressed_1_9,suppressed_1_9,nonmetro_adjacent,Q3,Constrained Bayesian posterior estimate; not an observed or recovered true suppressed count.
13113,Fayette County,13,Georgia,6.9222222222222225,7.0,5.0,9.0,0.9596816629634971,0.9704646029967947,0.6931890021405676,1.2477402038530219,0.0,suppressed_1_9,suppressed_1_9,metro_large,Q1_lowest,Constrained Bayesian posterior estimate; not an observed or recovered true suppressed count.
13115,Floyd County,13,Georgia,17.0,17.0,17.0,17.0,2.848434785085595,2.8484347850855953,2.8484347850855953,2.8484347850855953,0.0,exact,exact,metro_other,Q4_highest,Constrained Bayesian posterior estimate; not an observed or recovered true suppressed count.
13117,Forsyth County,13,Georgia,21.0,21.0,21.0,21.0,1.332889036987671,1.3328890369876707,1.3328890369876707,1.3328890369876707,0.0,exact,exact,metro_large,Q1_lowest,Constrained Bayesian posterior estimate; not an observed or recovered true suppressed count.
13119,Franklin County,13,Georgia,4.516666666666667,5.0,3.0,6.0,3.1201930605064154,3.4540882588631905,2.0724529553179143,4.144905910635829,0.5555555555555556,suppressed_1_9,suppressed_1_9,nonmetro_adjacent,Q4_highest,Constrained Bayesian posterior estimate; not an observed or recovered true suppressed count.
13121,Fulton County,13,Georgia,161.0,161.0,161.0,161.0,2.495827627292634,2.4958276272926345,2.4958276272926345,2.4958276272926345,0.0,exact,exact,metro_large,Q3,Constrained Bayesian posterior estimate; not an observed or recovered true suppressed count.
13123,Gilmer County,13,Georgia,3.452777777777778,3.0,2.0,6.0,1.7800851576700047,1.5466548433496419,1.0311032288997615,3.0933096866992837,0.03888888888888889,suppressed_1_9,suppressed_1_9,nonmetro_adjacent,Q3,Constrained Bayesian posterior estimate; not an observed or recovered true suppressed count.
13125,Glascock County,13,Georgia,0.0,0.0,0.0,0.0,0.0,0.0,0.0,0.0,0.0,zero,zero,nonmetro_nonadjacent,Q3,Constrained Bayesian posterior estimate; not an observed or recovered true suppressed count.
13127,Glynn County,13,Georgia,16.0,16.0,16.0,16.0,3.1165390833479414,3.1165390833479423,3.1165390833479423,3.1165390833479423,1.0,exact,exact,metro_other,Q4_highest,Constrained Bayesian posterior estimate; not an observed or recovered true suppressed count.
13129,Gordon County,13,Georgia,7.941666666666666,8.0,6.0,9.0,2.240522566035464,2.2569797097524096,1.6927347823143069,2.5391021734714605,0.0,suppressed_1_9,suppressed_1_9,nonmetro_adjacent,Q3,Constrained Bayesian posterior estimate; not an observed or recovered true suppressed count.
13131,Grady County,13,Georgia,2.85,3.0,2.0,6.0,1.8580453363062057,1.9558371961117957,1.3038914640745305,3.9116743922235915,0.06944444444444445,suppressed_1_9,suppressed_1_9,nonmetro_adjacent,Q4_highest,Constrained Bayesian posterior estimate; not an observed or recovered true suppressed count.
13133,Greene County,13,Georgia,3.463888888888889,3.0,2.0,7.0,2.919442126683654,2.5284663166145522,1.685644211076368,5.899754738767289,0.40555555555555556,suppressed_1_9,suppressed_1_9,nonmetro_adjacent,Q3,Constrained Bayesian posterior estimate; not an observed or recovered true suppressed count.
13135,Gwinnett County,13,Georgia,71.0,71.0,71.0,71.0,1.22283687476652,1.22283687476652,1.22283687476652,1.22283687476652,0.0,exact,exact,metro_large,Q3,Constrained Bayesian posterior estimate; not an observed or recovered true suppressed count.
13137,Habersham County,13,Georgia,6.533333333333333,7.0,4.0,9.0,2.300096932656448,2.4643895707033368,1.4082226118304781,3.1685008766185763,0.13333333333333333,suppressed_1_9,suppressed_1_9,nonmetro_adjacent,Q3,Constrained Bayesian posterior estimate; not an observed or recovered true suppressed count.
13139,Hall County,13,Georgia,28.0,28.0,28.0,28.0,2.204542144153436,2.204542144153436,2.204542144153436,2.204542144153436,0.0,exact,exact,metro_other,Q4_highest,Constrained Bayesian posterior estimate; not an observed or recovered true suppressed count.
13141,Hancock County,13,Georgia,2.6666666666666665,2.0,2.0,5.0,5.195446191413226,3.89658464355992,3.89658464355992,9.7414616088998,1.0,suppressed_1_9,suppressed_1_9,nonmetro_nonadjacent,Q4_highest,Constrained Bayesian posterior estimate; not an observed or recovered true suppressed count.
13143,Haralson County,13,Georgia,4.291666666666667,4.0,3.0,8.0,2.3008409908895633,2.144473156557263,1.608354867417947,4.288946313114526,0.14444444444444443,suppressed_1_9,suppressed_1_9,metro_large,Q2,Constrained Bayesian posterior estimate; not an observed or recovered true suppressed count.
13145,Harris County,13,Georgia,4.7,5.0,3.0,8.0,2.1678866794894858,2.3062624249888146,1.383757454993289,3.6900198799821036,0.06944444444444445,suppressed_1_9,suppressed_1_9,metro_other,Q1_lowest,Constrained Bayesian posterior estimate; not an observed or recovered true suppressed count.
13147,Hart County,13,Georgia,5.883333333333334,6.0,3.0,9.0,3.6420964443646553,3.714319320031943,1.8571596600159714,5.571478980047915,0.8111111111111111,suppressed_1_9,suppressed_1_9,nonmetro_adjacent,Q4_highest,Constrained Bayesian posterior estimate; not an observed or recovered true suppressed count.
13149,Heard County,13,Georgia,2.111111111111111,2.0,2.0,3.0,2.9592664757161034,2.8035156085731505,2.8035156085731505,4.205273412859726,0.1111111111111111,suppressed_1_9,suppressed_1_9,metro_large,Q3,Constrained Bayesian posterior estimate; not an observed or recovered true suppressed count.
13151,Henry County,13,Georgia,21.0,21.0,21.0,21.0,1.4177435328953631,1.4177435328953631,1.4177435328953631,1.4177435328953631,0.0,exact,exact,metro_large,Q2,Constrained Bayesian posterior estimate; not an observed or recovered true suppressed count.
13153,Houston County,13,Georgia,19.0,19.0,19.0,19.0,1.897525626582936,1.8975256265829359,1.8975256265829359,1.8975256265829359,0.0,exact,exact,metro_other,Q2,Constrained Bayesian posterior estimate; not an observed or recovered true suppressed count.
13155,Irwin County,13,Georgia,6.794444444444444,7.0,6.0,8.0,12.171624887041748,12.539858837017665,10.748450431729426,14.3312672423059,1.0,suppressed_1_9,suppressed_1_9,nonmetro_nonadjacent,Q4_highest,Constrained Bayesian posterior estimate; not an observed or recovered true suppressed count.
13157,Jackson County,13,Georgia,12.0,12.0,12.0,12.0,2.420145289388873,2.420145289388873,2.420145289388873,2.420145289388873,0.0,exact,exact,nonmetro_adjacent,Q2,Constrained Bayesian posterior estimate; not an observed or recovered true suppressed count.
13159,Jasper County,13,Georgia,0.0,0.0,0.0,0.0,0.0,0.0,0.0,0.0,0.0,zero,zero,metro_large,Q3,Constrained Bayesian posterior estimate; not an observed or recovered true suppressed count.
13161,Jeff Davis County,13,Georgia,3.8027777777777776,4.0,3.0,6.0,4.2199633550589,4.438821936658011,3.329116452493508,6.658232904987016,1.0,suppressed_1_9,suppressed_1_9,nonmetro_nonadjacent,Q4_highest,Constrained Bayesian posterior estimate; not an observed or recovered true suppressed count.
13163,Jefferson County,13,Georgia,1.6833333333333333,1.0,1.0,5.0,1.8363168937517953,1.0908813230208685,1.0908813230208685,5.454406615104343,0.18333333333333332,suppressed_1_9,suppressed_1_9,nonmetro_adjacent,Q4_highest,Constrained Bayesian posterior estimate; not an observed or recovered true suppressed count.
13165,Jenkins County,13,Georgia,2.1,2.0,2.0,3.0,4.0219868615095855,3.8304636776281766,3.8304636776281766,5.745695516442265,1.0,suppressed_1_9,suppressed_1_9,nonmetro_nonadjacent,Q4_highest,Constrained Bayesian posterior estimate; not an observed or recovered true suppressed count.
13167,Johnson County,13,Georgia,1.2,1.0,1.0,2.0,2.1362956633198036,1.7802463860998363,1.7802463860998363,3.5604927721996726,0.18611111111111112,suppressed_1_9,suppressed_1_9,nonmetro_nonadjacent,Q4_highest,Constrained Bayesian posterior estimate; not an observed or recovered true suppressed count.
13169,Jones County,13,Georgia,3.852777777777778,4.0,3.0,6.0,2.2346602736371315,2.320051041122905,1.7400382808421786,3.480076561684357,0.06111111111111111,suppressed_1_9,suppressed_1_9,metro_other,Q2,Constrained Bayesian posterior estimate; not an observed or recovered true suppressed count.
13171,Lamar County,13,Georgia,3.408333333333333,3.0,2.0,6.0,2.8890056734703107,2.5428900793381706,1.6952600528921136,5.085780158676341,0.3416666666666667,suppressed_1_9,suppressed_1_9,nonmetro_adjacent,Q2,Constrained Bayesian posterior estimate; not an observed or recovered true suppressed count.
13173,Lanier County,13,Georgia,2.5861111111111112,2.0,2.0,4.0,4.160812033193537,3.2178138172925315,3.2178138172925315,6.435627634585063,1.0,suppressed_1_9,suppressed_1_9,metro_other,Q4_highest,Constrained Bayesian posterior estimate; not an observed or recovered true suppressed count.
13175,Laurens County,13,Georgia,6.527777777777778,7.0,4.0,9.0,2.216615599616214,2.3769665153331316,1.358266580190361,3.0560998054283126,0.14722222222222223,suppressed_1_9,suppressed_1_9,nonmetro_adjacent,Q4_highest,Constrained Bayesian posterior estimate; not an observed or recovered true suppressed count.
13177,Lee County,13,Georgia,5.794444444444444,6.0,4.0,9.0,2.968100461236551,3.073392615662009,2.048928410441339,4.610088923493013,0.5722222222222222,suppressed_1_9,suppressed_1_9,metro_other,Q2,Constrained Bayesian posterior estimate; not an observed or recovered true suppressed count.
13179,Liberty County,13,Georgia,5.552777777777778,5.0,3.0,9.0,1.4022272334835308,1.2626358280492025,0.7575814968295215,2.2727444904885643,0.0,suppressed_1_9,suppressed_1_9,metro_other,Q4_highest,Constrained Bayesian posterior estimate; not an observed or recovered true suppressed count.
13181,Lincoln County,13,Georgia,1.0305555555555554,1.0,1.0,2.0,2.1709617770287664,2.106593638087213,2.106593638087213,4.213187276174426,0.030555555555555555,suppressed_1_9,suppressed_1_9,metro_other,Q3,Constrained Bayesian posterior estimate; not an observed or recovered true suppressed count.
13183,Long County,13,Georgia,2.4722222222222223,2.0,2.0,5.0,2.1448532679369987,1.7351621942861108,1.7351621942861108,4.337905485715278,0.10555555555555556,suppressed_1_9,suppressed_1_9,metro_other,Q4_highest,Constrained Bayesian posterior estimate; not an observed or recovered true suppressed count.
13185,Lowndes County,13,Georgia,22.0,22.0,22.0,22.0,3.066274741004317,3.0662747410043165,3.0662747410043165,3.0662747410043165,1.0,exact,exact,metro_other,Q4_highest,Constrained Bayesian posterior estimate; not an observed or recovered true suppressed count.
13187,Lumpkin County,13,Georgia,5.122222222222222,4.0,3.0,9.0,2.460903135436151,1.9217464832039357,1.441309862402952,4.3239295872088555,0.2722222222222222,suppressed_1_9,suppressed_1_9,metro_large,Q2,Constrained Bayesian posterior estimate; not an observed or recovered true suppressed count.
13189,McDuffie County,13,Georgia,1.3305555555555555,1.0,1.0,3.0,1.028385147628016,0.7728990671108261,0.7728990671108261,2.318697201332478,0.0,suppressed_1_9,suppressed_1_9,metro_other,Q3,Constrained Bayesian posterior estimate; not an observed or recovered true suppressed count.
13191,McIntosh County,13,Georgia,2.5083333333333333,2.0,2.0,5.0,3.3728211127396275,2.6892925815864137,2.6892925815864137,6.723231453966035,0.3277777777777778,suppressed_1_9,suppressed_1_9,metro_other,Q3,Constrained Bayesian posterior estimate; not an observed or recovered true suppressed count.
13193,Macon County,13,Georgia,5.586111111111111,5.0,4.0,9.0,7.644248605713382,6.8421916908424105,5.473753352673929,12.315945043516338,1.0,suppressed_1_9,suppressed_1_9,nonmetro_adjacent,Q4_highest,Constrained Bayesian posterior estimate; not an observed or recovered true suppressed count.
13195,Madison County,13,Georgia,1.2638888888888888,1.0,1.0,2.0,0.673510121598922,0.532887129177169,0.532887129177169,1.065774258354338,0.0,suppressed_1_9,suppressed_1_9,metro_other,Q3,Constrained Bayesian posterior estimate; not an observed or recovered true suppressed count.
13197,Marion County,13,Georgia,2.7111111111111112,2.0,2.0,5.0,5.788149002137344,4.269945985183288,4.269945985183288,10.67486496295822,1.0,suppressed_1_9,suppressed_1_9,metro_other,Q4_highest,Constrained Bayesian posterior estimate; not an observed or recovered true suppressed count.
13199,Meriwether County,13,Georgia,5.461111111111111,5.0,4.0,8.0,4.322585354570728,3.957606123208194,3.1660848985665555,6.332169797133111,1.0,suppressed_1_9,suppressed_1_9,metro_large,Q4_highest,Constrained Bayesian posterior estimate; not an observed or recovered true suppressed count.
13201,Miller County,13,Georgia,3.0,3.0,2.0,8.0,8.661258192106708,8.661258192106708,5.774172128071138,23.09668851228455,1.0,suppressed_1_9,suppressed_1_9,nonmetro_nonadjacent,Q4_highest,Constrained Bayesian posterior estimate; not an observed or recovered true suppressed count.
13205,Mitchell County,13,Georgia,5.377777777777778,5.0,4.0,8.0,4.216376790762302,3.9201850327335452,3.136148026186836,6.272296052373672,1.0,suppressed_1_9,suppressed_1_9,nonmetro_adjacent,Q4_highest,Constrained Bayesian posterior estimate; not an observed or recovered true suppressed count.
13207,Monroe County,13,Georgia,11.0,11.0,11.0,11.0,6.2563630055567865,6.256363005556787,6.256363005556787,6.256363005556787,1.0,exact,exact,metro_other,Q2,Constrained Bayesian posterior estimate; not an observed or recovered true suppressed count.
13209,Montgomery County,13,Georgia,0.0,0.0,0.0,0.0,0.0,0.0,0.0,0.0,0.0,zero,zero,nonmetro_nonadjacent,Q4_highest,Constrained Bayesian posterior estimate; not an observed or recovered true suppressed count.
13211,Morgan County,13,Georgia,1.538888888888889,1.0,1.0,5.0,1.2412596500095896,0.8065947184177839,0.8065947184177839,4.0329735920889185,0.05555555555555555,suppressed_1_9,suppressed_1_9,metro_large,Q2,Constrained Bayesian posterior estimate; not an observed or recovered true suppressed count.
13213,Murray County,13,Georgia,6.713888888888889,6.0,5.0,9.0,2.7640319506998248,2.4701319873858596,2.0584433228215495,3.7051979810787894,0.31666666666666665,suppressed_1_9,suppressed_1_9,metro_other,Q3,Constrained Bayesian posterior estimate; not an observed or recovered true suppressed count.
13215,Muscogee County,13,Georgia,46.0,46.0,46.0,46.0,3.8201189053532327,3.8201189053532327,3.8201189053532327,3.8201189053532327,1.0,exact,exact,metro_other,Q4_highest,Constrained Bayesian posterior estimate; not an observed or recovered true suppressed count.
13217,Newton County,13,Georgia,12.0,12.0,12.0,12.0,1.709012190953629,1.7090121909536289,1.7090121909536289,1.7090121909536289,0.0,exact,exact,metro_large,Q3,Constrained Bayesian posterior estimate; not an observed or recovered true suppressed count.
13219,Oconee County,13,Georgia,4.930555555555555,5.0,3.0,8.024999999999977,1.9188923655975356,1.9459190186341204,1.1675514111804723,3.1232000249077547,0.06388888888888888,suppressed_1_9,suppressed_1_9,metro_other,Q1_lowest,Constrained Bayesian posterior estimate; not an observed or recovered true suppressed count.
13221,Oglethorpe County,13,Georgia,1.575,1.0,1.0,5.0,1.6903313049357676,1.0732262253560427,1.0732262253560427,5.366131126780214,0.11944444444444445,suppressed_1_9,suppressed_1_9,metro_other,Q2,Constrained Bayesian posterior estimate; not an observed or recovered true suppressed count.
13223,Paulding County,13,Georgia,22.0,22.0,22.0,22.0,2.0639060359870167,2.0639060359870163,2.0639060359870163,2.0639060359870163,0.0,exact,exact,metro_large,Q1_lowest,Constrained Bayesian posterior estimate; not an observed or recovered true suppressed count.
13225,Peach County,13,Georgia,4.6194444444444445,4.0,3.0,9.0,2.7094628192620487,2.346137378074173,1.7596030335556299,5.278809100666889,0.43333333333333335,suppressed_1_9,suppressed_1_9,metro_other,Q4_highest,Constrained Bayesian posterior estimate; not an observed or recovered true suppressed count.
13227,Pickens County,13,Georgia,6.052777777777778,6.0,4.0,9.0,2.9223954469105764,2.896913338837469,1.931275559224979,4.345370008256203,0.3861111111111111,suppressed_1_9,suppressed_1_9,metro_large,Q2,Constrained Bayesian posterior estimate; not an observed or recovered true suppressed count.
13229,Pierce County,13,Georgia,6.283333333333333,6.0,5.0,8.0,5.2263117765301175,4.990642545227698,4.158868787689748,6.654190060303598,1.0,suppressed_1_9,suppressed_1_9,nonmetro_adjacent,Q2,Constrained Bayesian posterior estimate; not an observed or recovered true suppressed count.
13231,Pike County,13,Georgia,4.75,4.0,4.0,8.0,4.002359285473543,3.3704078193461413,3.3704078193461413,6.740815638692283,1.0,suppressed_1_9,suppressed_1_9,metro_large,Q1_lowest,Constrained Bayesian posterior estimate; not an observed or recovered true suppressed count.
13233,Polk County,13,Georgia,10.0,10.0,10.0,10.0,3.8242233958338905,3.8242233958338914,3.8242233958338914,3.8242233958338914,1.0,exact,exact,nonmetro_adjacent,Q4_highest,Constrained Bayesian posterior estimate; not an observed or recovered true suppressed count.
13235,Pulaski County,13,Georgia,4.558333333333334,4.0,4.0,6.0,7.292866589871583,6.399590426212723,6.399590426212723,9.599385639319083,1.0,suppressed_1_9,suppressed_1_9,nonmetro_adjacent,Q4_highest,Constrained Bayesian posterior estimate; not an observed or recovered true suppressed count.
13237,Putnam County,13,Georgia,4.116666666666666,4.0,3.0,7.0,3.0110200897210846,2.925687536571094,2.1942656524283204,5.119953188999415,0.24444444444444444,suppressed_1_9,suppressed_1_9,nonmetro_adjacent,Q3,Constrained Bayesian posterior estimate; not an observed or recovered true suppressed count.
13239,Quitman County,13,Georgia,0.0,0.0,0.0,0.0,0.0,0.0,0.0,0.0,0.0,zero,zero,nonmetro_adjacent,Q4_highest,Constrained Bayesian posterior estimate; not an observed or recovered true suppressed count.
13241,Rabun County,13,Georgia,5.847222222222222,5.0,4.0,9.0,5.62839040334035,4.812875404281534,3.850300323425227,8.663175727706761,1.0,suppressed_1_9,suppressed_1_9,nonmetro_nonadjacent,Q2,Constrained Bayesian posterior estimate; not an observed or recovered true suppressed count.
13243,Randolph County,13,Georgia,2.6333333333333333,2.0,2.0,6.0,6.925086344431002,5.259559248934939,5.259559248934939,15.778677746804817,1.0,suppressed_1_9,suppressed_1_9,nonmetro_adjacent,Q4_highest,Constrained Bayesian posterior estimate; not an observed or recovered true suppressed count.
13245,Richmond County,13,Georgia,54.0,54.0,54.0,54.0,4.395150033329889,4.395150033329888,4.395150033329888,4.395150033329888,1.0,exact,exact,metro_other,Q4_highest,Constrained Bayesian posterior estimate; not an observed or recovered true suppressed count.
13247,Rockdale County,13,Georgia,12.0,12.0,12.0,12.0,2.125782553702582,2.1257825537025816,2.1257825537025816,2.1257825537025816,0.0,exact,exact,metro_large,Q4_highest,Constrained Bayesian posterior estimate; not an observed or recovered true suppressed count.
13249,Schley County,13,Georgia,1.2416666666666667,1.0,1.0,2.0,4.363461718676788,3.5141973573235874,3.5141973573235874,7.028394714647175,1.0,suppressed_1_9,suppressed_1_9,nonmetro_adjacent,Q2,Constrained Bayesian posterior estimate; not an observed or recovered true suppressed count.
13251,Screven County,13,Georgia,5.916666666666667,6.0,5.0,8.024999999999977,6.997086846659335,7.095637365626367,5.913031138021973,9.490414976525239,1.0,suppressed_1_9,suppressed_1_9,nonmetro_adjacent,Q3,Constrained Bayesian posterior estimate; not an observed or recovered true suppressed count.
13253,Seminole County,13,Georgia,0.0,0.0,0.0,0.0,0.0,0.0,0.0,0.0,0.0,zero,zero,nonmetro_adjacent,Q4_highest,Constrained Bayesian posterior estimate; not an observed or recovered true suppressed count.
13255,Spalding County,13,Georgia,6.263888888888889,6.0,3.0,9.0,1.5233822626151587,1.4592042958974472,0.7296021479487236,2.1888064438461705,0.0,suppressed_1_9,suppressed_1_9,metro_large,Q4_highest,Constrained Bayesian posterior estimate; not an observed or recovered true suppressed count.
13257,Stephens County,13,Georgia,7.469444444444444,8.0,5.0,9.0,4.657051215440142,4.987842134796434,3.1174013342477713,5.611322401645988,1.0,suppressed_1_9,suppressed_1_9,nonmetro_nonadjacent,Q4_highest,Constrained Bayesian posterior estimate; not an observed or recovered true suppressed count.
13259,Stewart County,13,Georgia,1.0805555555555555,1.0,1.0,2.0,3.296185576095282,3.0504545177231406,3.0504545177231406,6.100909035446281,1.0,suppressed_1_9,suppressed_1_9,metro_other,Q4_highest,Constrained Bayesian posterior estimate; not an observed or recovered true suppressed count.
13261,Sumter County,13,Georgia,3.9944444444444445,4.0,3.0,6.0,2.284785300091773,2.2879630265174917,1.7159722698881188,3.4319445397762376,0.06111111111111111,suppressed_1_9,suppressed_1_9,nonmetro_adjacent,Q4_highest,Constrained Bayesian posterior estimate; not an observed or recovered true suppressed count.
13263,Talbot County,13,Georgia,1.0777777777777777,1.0,1.0,2.0,3.053194837897388,2.8328611898016995,2.8328611898016995,5.665722379603399,0.07777777777777778,suppressed_1_9,suppressed_1_9,metro_other,Q3,Constrained Bayesian posterior estimate; not an observed or recovered true suppressed count.
13265,Taliaferro County,13,Georgia,0.0,0.0,0.0,0.0,0.0,0.0,0.0,0.0,0.0,zero,zero,nonmetro_adjacent,Q3,Constrained Bayesian posterior estimate; not an observed or recovered true suppressed count.
13267,Tattnall County,13,Georgia,3.95,4.0,3.0,6.024999999999977,2.6992305484563133,2.733398023753229,2.0500485178149215,4.117180773278285,0.29444444444444445,suppressed_1_9,suppressed_1_9,nonmetro_adjacent,Q4_highest,Constrained Bayesian posterior estimate; not an observed or recovered true suppressed count.
13269,Taylor County,13,Georgia,2.3694444444444445,2.0,2.0,3.0249999999999773,5.023095640212088,4.239893154692502,4.239893154692502,6.4128383964723605,1.0,suppressed_1_9,suppressed_1_9,nonmetro_adjacent,Q4_highest,Constrained Bayesian posterior estimate; not an observed or recovered true suppressed count.
13271,Telfair County,13,Georgia,1.0333333333333334,1.0,1.0,2.0,1.3192219144037756,1.2766663687778472,1.2766663687778472,2.5533327375556945,0.0,suppressed_1_9,suppressed_1_9,nonmetro_nonadjacent,Q4_highest,Constrained Bayesian posterior estimate; not an observed or recovered true suppressed count.
13273,Terrell County,13,Georgia,5.027777777777778,5.0,4.0,7.0,9.633972901390699,9.580746531769755,7.664597225415804,13.413045144477657,1.0,suppressed_1_9,suppressed_1_9,metro_other,Q4_highest,Constrained Bayesian posterior estimate; not an observed or recovered true suppressed count.
13275,Thomas County,13,Georgia,13.0,13.0,13.0,13.0,4.780659657484122,4.780659657484122,4.780659657484122,4.780659657484122,1.0,exact,exact,nonmetro_adjacent,Q4_highest,Constrained Bayesian posterior estimate; not an observed or recovered true suppressed count.
13277,Tift County,13,Georgia,7.127777777777778,7.0,5.0,9.0,2.8828338144048216,2.83115401882313,2.02225287058795,3.6400551670583092,0.41944444444444445,suppressed_1_9,suppressed_1_9,nonmetro_nonadjacent,Q4_highest,Constrained Bayesian posterior estimate; not an observed or recovered true suppressed count.
13279,Toombs County,13,Georgia,3.736111111111111,3.0,1.0,8.0,2.3051173261872986,1.8509492284626632,0.6169830761542211,4.935864609233769,0.4083333333333333,suppressed_1_9,suppressed_1_9,nonmetro_nonadjacent,Q4_highest,Constrained Bayesian posterior estimate; not an observed or recovered true suppressed count.
13281,Towns County,13,Georgia,4.055555555555555,4.0,3.0,7.0,5.311795095685075,5.239030779305828,3.929273084479371,9.1683038637852,1.0,suppressed_1_9,suppressed_1_9,nonmetro_nonadjacent,Q3,Constrained Bayesian posterior estimate; not an observed or recovered true suppressed count.
13283,Treutlen County,13,Georgia,6.038888888888889,6.0,5.0,9.0,15.423033811489947,15.32371344655855,12.769761205465457,22.985570169837825,1.0,suppressed_1_9,suppressed_1_9,nonmetro_nonadjacent,Q4_highest,Constrained Bayesian posterior estimate; not an observed or recovered true suppressed count.
13285,Troup County,13,Georgia,18.0,18.0,18.0,18.0,4.262352534442175,4.262352534442176,4.262352534442176,4.262352534442176,1.0,exact,exact,nonmetro_adjacent,Q4_highest,Constrained Bayesian posterior estimate; not an observed or recovered true suppressed count.
13287,Turner County,13,Georgia,2.1222222222222222,2.0,2.0,3.0,4.112275897111288,3.875443253822156,3.875443253822156,5.813164880733234,1.0,suppressed_1_9,suppressed_1_9,nonmetro_nonadjacent,Q4_highest,Constrained Bayesian posterior estimate; not an observed or recovered true suppressed count.
13289,Twiggs County,13,Georgia,1.0722222222222222,1.0,1.0,2.0,2.272716567514991,2.1196320318792656,2.1196320318792656,4.239264063758531,0.07222222222222222,suppressed_1_9,suppressed_1_9,metro_other,Q3,Constrained Bayesian posterior estimate; not an observed or recovered true suppressed count.
13291,Union County,13,Georgia,5.408333333333333,5.0,4.0,8.0,3.455737802683229,3.1948269362248647,2.5558615489798915,5.111723097959783,0.7138888888888889,suppressed_1_9,suppressed_1_9,nonmetro_adjacent,Q2,Constrained Bayesian posterior estimate; not an observed or recovered true suppressed count.
13293,Upson County,13,Georgia,2.8805555555555555,3.0,2.0,5.0,1.7428969805024117,1.8151675399639386,1.2101116933092926,3.025279233273231,0.09722222222222222,suppressed_1_9,suppressed_1_9,nonmetro_adjacent,Q3,Constrained Bayesian posterior estimate; not an observed or recovered true suppressed count.
13295,Walker County,13,Georgia,21.0,21.0,21.0,21.0,5.04648776467026,5.04648776467026,5.04648776467026,5.04648776467026,1.0,exact,exact,metro_other,Q3,Constrained Bayesian posterior estimate; not an observed or recovered true suppressed count.
13297,Walton County,13,Georgia,18.0,18.0,18.0,18.0,2.946568884232583,2.9465688842325823,2.9465688842325823,2.9465688842325823,1.0,exact,exact,metro_large,Q2,Constrained Bayesian posterior estimate; not an observed or recovered true suppressed count.
13299,Ware County,13,Georgia,5.363888888888889,5.0,3.0,9.0,2.487058537449873,2.3183352498238063,1.3910011498942838,4.173003449682851,0.24444444444444444,suppressed_1_9,suppressed_1_9,nonmetro_nonadjacent,Q4_highest,Constrained Bayesian posterior estimate; not an observed or recovered true suppressed count.
13301,Warren County,13,Georgia,0.0,0.0,0.0,0.0,0.0,0.0,0.0,0.0,0.0,zero,zero,nonmetro_adjacent,Q4_highest,Constrained Bayesian posterior estimate; not an observed or recovered true suppressed count.
13303,Washington County,13,Georgia,5.2972222222222225,5.0,3.0,8.0,4.425378419747723,4.177074544072314,2.5062447264433882,6.683319270515702,0.9138888888888889,suppressed_1_9,suppressed_1_9,nonmetro_nonadjacent,Q4_highest,Constrained Bayesian posterior estimate; not an observed or recovered true suppressed count.
13305,Wayne County,13,Georgia,4.3694444444444445,4.0,3.0,7.024999999999977,2.365301137570004,2.165310640877817,1.6239829806583628,3.8028268130416536,0.12222222222222222,suppressed_1_9,suppressed_1_9,nonmetro_adjacent,Q4_highest,Constrained Bayesian posterior estimate; not an observed or recovered true suppressed count.
13307,Webster County,13,Georgia,1.0638888888888889,1.0,1.0,2.0,7.31245370052161,6.873324627122138,6.873324627122138,13.746649254244277,1.0,suppressed_1_9,suppressed_1_9,nonmetro_adjacent,Q4_highest,Constrained Bayesian posterior estimate; not an observed or recovered true suppressed count.
13309,Wheeler County,13,Georgia,0.0,0.0,0.0,0.0,0.0,0.0,0.0,0.0,0.0,zero,zero,nonmetro_nonadjacent,Q4_highest,Constrained Bayesian posterior estimate; not an observed or recovered true suppressed count.
13311,White County,13,Georgia,4.697222222222222,5.0,3.0,8.0,2.6413521723754863,2.811610828075621,1.6869664968453728,4.498577324920994,0.2611111111111111,suppressed_1_9,suppressed_1_9,nonmetro_adjacent,Q2,Constrained Bayesian posterior estimate; not an observed or recovered true suppressed count.
13313,Whitfield County,13,Georgia,17.0,17.0,17.0,17.0,2.7278474716063172,2.727847471606317,2.727847471606317,2.727847471606317,0.0,exact,exact,metro_other,Q4_highest,Constrained Bayesian posterior estimate; not an observed or recovered true suppressed count.
13315,Wilcox County,13,Georgia,3.466666666666667,3.0,3.0,5.0,6.625891946992864,5.73394495412844,5.73394495412844,9.556574923547402,1.0,suppressed_1_9,suppressed_1_9,nonmetro_nonadjacent,Q4_highest,Constrained Bayesian posterior estimate; not an observed or recovered true suppressed count.
13317,Wilkes County,13,Georgia,3.561111111111111,3.0,3.0,6.0,6.175194407836429,5.202191856835681,5.202191856835681,10.404383713671361,1.0,suppressed_1_9,suppressed_1_9,nonmetro_adjacent,Q3,Constrained Bayesian posterior estimate; not an observed or recovered true suppressed count.
13319,Wilkinson County,13,Georgia,0.0,0.0,0.0,0.0,0.0,0.0,0.0,0.0,0.0,zero,zero,nonmetro_adjacent,Q4_highest,Constrained Bayesian posterior estimate; not an observed or recovered true suppressed count.
13321,Worth County,13,Georgia,3.2583333333333333,3.0,2.0,6.0,2.6766448701519185,2.4644300594749122,1.6429533729832748,4.9288601189498245,0.31666666666666665,suppressed_1_9,suppressed_1_9,metro_other,Q4_highest,Constrained Bayesian posterior estimate; not an observed or recovered true suppressed count.
15001,Hawaii County,15,Hawaii,20.0,20.0,20.0,20.0,1.6240634229247919,1.624063422924792,1.624063422924792,1.624063422924792,0.0,exact,exact,nonmetro_nonadjacent,Q3,Constrained Bayesian posterior estimate; not an observed or recovered true suppressed count.
15003,Honolulu County,15,Hawaii,84.0,84.0,84.0,84.0,1.418182996931322,1.4181829969313222,1.4181829969313222,1.4181829969313222,0.0,exact,exact,metro_large,Q3,Constrained Bayesian posterior estimate; not an observed or recovered true suppressed count.
15005,Kalawao County,15,Hawaii,0.0,0.0,0.0,0.0,0.0,0.0,0.0,0.0,0.0,zero,zero,metro_other,Q1_lowest,Constrained Bayesian posterior estimate; not an observed or recovered true suppressed count.
15007,Kauai County,15,Hawaii,11.0,11.0,11.0,11.0,2.505129822659583,2.5051298226595824,2.5051298226595824,2.5051298226595824,0.0,exact,exact,nonmetro_nonadjacent,Q2,Constrained Bayesian posterior estimate; not an observed or recovered true suppressed count.
15009,Maui County,15,Hawaii,20.0,20.0,20.0,20.0,2.0166128567136066,2.0166128567136066,2.0166128567136066,2.0166128567136066,0.0,exact,exact,metro_other,Q2,Constrained Bayesian posterior estimate; not an observed or recovered true suppressed count.
16001,Ada County,16,Idaho,78.0,78.0,78.0,78.0,2.542956401990548,2.542956401990548,2.542956401990548,2.542956401990548,0.0,exact,exact,metro_other,Q1_lowest,Constrained Bayesian posterior estimate; not an observed or recovered true suppressed count.
16003,Adams County,16,Idaho,2.058333333333333,2.0,2.0,3.0,7.329202867587714,7.121492664862555,7.121492664862555,10.682238997293833,1.0,suppressed_1_9,suppressed_1_9,nonmetro_nonadjacent,Q1_lowest,Constrained Bayesian posterior estimate; not an observed or recovered true suppressed count.
16005,Bannock County,16,Idaho,16.0,16.0,16.0,16.0,2.98622789024866,2.9862278902486596,2.9862278902486596,2.9862278902486596,1.0,exact,exact,metro_other,Q2,Constrained Bayesian posterior estimate; not an observed or recovered true suppressed count.
16007,Bear Lake County,16,Idaho,0.0,0.0,0.0,0.0,0.0,0.0,0.0,0.0,0.0,zero,zero,nonmetro_nonadjacent,Q1_lowest,Constrained Bayesian posterior estimate; not an observed or recovered true suppressed count.
16009,Benewah County,16,Idaho,3.8333333333333335,3.0,3.0,6.0,6.396671505887719,5.0060907437382145,5.0060907437382145,10.012181487476429,1.0,suppressed_1_9,suppressed_1_9,nonmetro_adjacent,Q3,Constrained Bayesian posterior estimate; not an observed or recovered true suppressed count.
16011,Bingham County,16,Idaho,7.266666666666667,7.0,5.0,9.0,2.470848521117821,2.3801751808933136,1.7001251292095099,3.0602252325771175,0.20277777777777778,suppressed_1_9,suppressed_1_9,nonmetro_adjacent,Q3,Constrained Bayesian posterior estimate; not an observed or recovered true suppressed count.
16013,Blaine County,16,Idaho,2.8305555555555557,3.0,2.0,5.0,1.9336905442342622,2.0494463079224765,1.3662975386149843,3.41574384653746,0.06111111111111111,suppressed_1_9,suppressed_1_9,nonmetro_nonadjacent,Q2,Constrained Bayesian posterior estimate; not an observed or recovered true suppressed count.
16015,Boise County,16,Idaho,1.1027777777777779,1.0,1.0,2.0,2.2313951109402437,2.023431334857652,2.023431334857652,4.046862669715304,0.10277777777777777,suppressed_1_9,suppressed_1_9,metro_other,Q1_lowest,Constrained Bayesian posterior estimate; not an observed or recovered true suppressed count.
16017,Bonner County,16,Idaho,11.0,11.0,11.0,11.0,3.6671189446698444,3.667118944669843,3.667118944669843,3.667118944669843,1.0,exact,exact,nonmetro_adjacent,Q2,Constrained Bayesian posterior estimate; not an observed or recovered true suppressed count.
16019,Bonneville County,16,Idaho,25.0,25.0,25.0,25.0,3.273828231399418,3.2738282313994174,3.2738282313994174,3.2738282313994174,1.0,exact,exact,metro_other,Q2,Constrained Bayesian posterior estimate; not an observed or recovered true suppressed count.
16021,Boundary County,16,Idaho,5.011111111111111,5.0,4.0,8.0,6.391397264311911,6.377225651752461,5.101780521401969,10.203561042803939,1.0,suppressed_1_9,suppressed_1_9,nonmetro_nonadjacent,Q3,Constrained Bayesian posterior estimate; not an observed or recovered true suppressed count.
16023,Butte County,16,Idaho,1.0333333333333334,1.0,1.0,2.0,6.428601053461077,6.221226825930074,6.221226825930074,12.442453651860149,1.0,suppressed_1_9,suppressed_1_9,metro_other,Q3,Constrained Bayesian posterior estimate; not an observed or recovered true suppressed count.
16025,Camas County,16,Idaho,0.0,0.0,0.0,0.0,0.0,0.0,0.0,0.0,0.0,zero,zero,nonmetro_nonadjacent,Q2,Constrained Bayesian posterior estimate; not an observed or recovered true suppressed count.
16027,Canyon County,16,Idaho,33.0,33.0,33.0,33.0,2.2212529482084586,2.2212529482084586,2.2212529482084586,2.2212529482084586,0.0,exact,exact,metro_other,Q3,Constrained Bayesian posterior estimate; not an observed or recovered true suppressed count.
16029,Caribou County,16,Idaho,1.0944444444444446,1.0,1.0,2.0,2.5430314483919516,2.3235820340637123,2.3235820340637123,4.647164068127425,0.09444444444444444,suppressed_1_9,suppressed_1_9,nonmetro_adjacent,Q1_lowest,Constrained Bayesian posterior estimate; not an observed or recovered true suppressed count.
16031,Cassia County,16,Idaho,5.65,5.0,4.0,9.0,3.7467340415655386,3.3156938420933963,2.6525550736747174,5.968248915768114,0.8111111111111111,suppressed_1_9,suppressed_1_9,nonmetro_adjacent,Q3,Constrained Bayesian posterior estimate; not an observed or recovered true suppressed count.
16033,Clark County,16,Idaho,0.0,0.0,0.0,0.0,0.0,0.0,0.0,0.0,0.0,zero,zero,nonmetro_adjacent,Q3,Constrained Bayesian posterior estimate; not an observed or recovered true suppressed count.
16035,Clearwater County,16,Idaho,0.0,0.0,0.0,0.0,0.0,0.0,0.0,0.0,0.0,zero,zero,nonmetro_adjacent,Q3,Constrained Bayesian posterior estimate; not an observed or recovered true suppressed count.
16037,Custer County,16,Idaho,1.0805555555555555,1.0,1.0,2.0249999999999773,4.059491906061897,3.7568562626793898,3.7568562626793898,7.607633931925679,1.0,suppressed_1_9,suppressed_1_9,nonmetro_adjacent,Q2,Constrained Bayesian posterior estimate; not an observed or recovered true suppressed count.
16039,Elmore County,16,Idaho,3.283333333333333,3.0,2.0,8.0,1.9018160895571952,1.7376999803060669,1.158466653537378,4.633866614149512,0.12777777777777777,suppressed_1_9,suppressed_1_9,nonmetro_adjacent,Q4_highest,Constrained Bayesian posterior estimate; not an observed or recovered true suppressed count.
16041,Franklin County,16,Idaho,2.3666666666666667,2.0,2.0,4.0,2.656847556822859,2.2452232874559375,2.2452232874559375,4.490446574911875,0.3,suppressed_1_9,suppressed_1_9,metro_other,Q1_lowest,Constrained Bayesian posterior estimate; not an observed or recovered true suppressed count.
16043,Fremont County,16,Idaho,1.1805555555555556,1.0,1.0,2.0,1.431288712149991,1.2123857326446983,1.2123857326446983,2.4247714652893966,0.0,suppressed_1_9,suppressed_1_9,nonmetro_adjacent,Q3,Constrained Bayesian posterior estimate; not an observed or recovered true suppressed count.
16045,Gem County,16,Idaho,4.197222222222222,4.0,3.0,7.0,3.499055648647572,3.334639400431836,2.5009795503238768,5.835618950755713,0.6555555555555556,suppressed_1_9,suppressed_1_9,metro_other,Q3,Constrained Bayesian posterior estimate; not an observed or recovered true suppressed count.
16047,Gooding County,16,Idaho,2.7111111111111112,2.0,2.0,6.0,2.867868820859279,2.1156409334207797,2.1156409334207797,6.34692280026234,0.40555555555555556,suppressed_1_9,suppressed_1_9,nonmetro_adjacent,Q4_highest,Constrained Bayesian posterior estimate; not an observed or recovered true suppressed count.
16049,Idaho County,16,Idaho,5.730555555555555,5.0,4.0,9.0,5.514126105899019,4.811161895597787,3.8489295164782296,8.660091412076016,1.0,suppressed_1_9,suppressed_1_9,nonmetro_adjacent,Q3,Constrained Bayesian posterior estimate; not an observed or recovered true suppressed count.
16051,Jefferson County,16,Idaho,2.433333333333333,2.0,2.0,4.0,1.247006330692413,1.0249367101581477,1.0249367101581477,2.0498734203162954,0.0,suppressed_1_9,suppressed_1_9,metro_other,Q1_lowest,Constrained Bayesian posterior estimate; not an observed or recovered true suppressed count.
16053,Jerome County,16,Idaho,5.219444444444444,5.0,4.0,8.0,3.4681154862153942,3.322303286422411,2.657842629137929,5.315685258275858,0.6666666666666666,suppressed_1_9,suppressed_1_9,metro_other,Q3,Constrained Bayesian posterior estimate; not an observed or recovered true suppressed count.
16055,Kootenai County,16,Idaho,45.0,45.0,45.0,45.0,4.193751310547285,4.193751310547285,4.193751310547285,4.193751310547285,1.0,exact,exact,metro_other,Q2,Constrained Bayesian posterior estimate; not an observed or recovered true suppressed count.
16057,Latah County,16,Idaho,6.188888888888889,6.0,4.0,9.0,2.5187777822998205,2.441903056448659,1.6279353709657725,3.6628545846729885,0.2111111111111111,suppressed_1_9,suppressed_1_9,nonmetro_adjacent,Q2,Constrained Bayesian posterior estimate; not an observed or recovered true suppressed count.
16059,Lemhi County,16,Idaho,1.1111111111111112,1.0,1.0,2.0,2.2528154561162808,2.027533910504653,2.027533910504653,4.055067821009306,0.1111111111111111,suppressed_1_9,suppressed_1_9,nonmetro_nonadjacent,Q2,Constrained Bayesian posterior estimate; not an observed or recovered true suppressed count.
16061,Lewis County,16,Idaho,0.0,0.0,0.0,0.0,0.0,0.0,0.0,0.0,0.0,zero,zero,nonmetro_adjacent,Q3,Constrained Bayesian posterior estimate; not an observed or recovered true suppressed count.
16063,Lincoln County,16,Idaho,1.1,1.0,1.0,2.0,3.4012553724374635,3.092050338579512,3.092050338579512,6.184100677159024,1.0,suppressed_1_9,suppressed_1_9,nonmetro_adjacent,Q3,Constrained Bayesian posterior estimate; not an observed or recovered true suppressed count.
16065,Madison County,16,Idaho,4.902777777777778,5.0,3.0,9.0,1.6387494327048706,1.6712458803789048,1.002747528227343,3.0082425846820287,0.05555555555555555,suppressed_1_9,suppressed_1_9,nonmetro_adjacent,Q2,Constrained Bayesian posterior estimate; not an observed or recovered true suppressed count.
16067,Minidoka County,16,Idaho,5.65,6.0,4.0,8.0,4.294128823864717,4.560136804104123,3.040091202736082,6.080182405472164,1.0,suppressed_1_9,suppressed_1_9,nonmetro_nonadjacent,Q3,Constrained Bayesian posterior estimate; not an observed or recovered true suppressed count.
16069,Nez Perce County,16,Idaho,6.877777777777778,7.0,4.0,9.0,2.724357916372335,2.7727713849993068,1.5844407914281753,3.564991780713395,0.36666666666666664,suppressed_1_9,suppressed_1_9,metro_other,Q3,Constrained Bayesian posterior estimate; not an observed or recovered true suppressed count.
16071,Oneida County,16,Idaho,1.1111111111111112,1.0,1.0,2.0,3.925771512246444,3.5331943610217995,3.5331943610217995,7.066388722043599,1.0,suppressed_1_9,suppressed_1_9,nonmetro_adjacent,Q1_lowest,Constrained Bayesian posterior estimate; not an observed or recovered true suppressed count.
16073,Owyhee County,16,Idaho,0.0,0.0,0.0,0.0,0.0,0.0,0.0,0.0,0.0,zero,zero,metro_other,Q3,Constrained Bayesian posterior estimate; not an observed or recovered true suppressed count.
16075,Payette County,16,Idaho,11.0,11.0,11.0,11.0,7.007753123228155,7.007753123228154,7.007753123228154,7.007753123228154,1.0,exact,exact,nonmetro_adjacent,Q3,Constrained Bayesian posterior estimate; not an observed or recovered true suppressed count.
16077,Power County,16,Idaho,3.4916666666666667,3.0,3.0,5.0,7.277944527819464,6.25312656328164,6.25312656328164,10.421877605469401,1.0,suppressed_1_9,suppressed_1_9,nonmetro_adjacent,Q4_highest,Constrained Bayesian posterior estimate; not an observed or recovered true suppressed count.
16079,Shoshone County,16,Idaho,4.955555555555556,5.0,4.0,7.0,6.079168217127171,6.133689905173154,4.906951924138523,8.587165867242415,1.0,suppressed_1_9,suppressed_1_9,nonmetro_adjacent,Q3,Constrained Bayesian posterior estimate; not an observed or recovered true suppressed count.
16081,Teton County,16,Idaho,1.2361111111111112,1.0,1.0,2.0,1.649577782226077,1.334489891239074,1.334489891239074,2.668979782478148,0.013888888888888888,suppressed_1_9,suppressed_1_9,nonmetro_nonadjacent,Q1_lowest,Constrained Bayesian posterior estimate; not an observed or recovered true suppressed count.
16083,Twin Falls County,16,Idaho,14.0,14.0,14.0,14.0,2.532135512657965,2.5321355126579648,2.5321355126579648,2.5321355126579648,0.0,exact,exact,metro_other,Q3,Constrained Bayesian posterior estimate; not an observed or recovered true suppressed count.
16085,Valley County,16,Idaho,1.2333333333333334,1.0,1.0,2.0,1.6823534761060337,1.3640703860319192,1.3640703860319192,2.7281407720638384,0.013888888888888888,suppressed_1_9,suppressed_1_9,nonmetro_nonadjacent,Q1_lowest,Constrained Bayesian posterior estimate; not an observed or recovered true suppressed count.
16087,Washington County,16,Idaho,6.058333333333334,6.0,5.0,8.0,9.248940252100414,9.159885806756943,7.633238172297452,12.213181075675925,1.0,suppressed_1_9,suppressed_1_9,nonmetro_adjacent,Q4_highest,Constrained Bayesian posterior estimate; not an observed or recovered true suppressed count.
17001,Adams County,17,Illinois,12.0,12.0,12.0,12.0,3.0892245274130055,3.0892245274130063,3.0892245274130063,3.0892245274130063,1.0,exact,exact,nonmetro_nonadjacent,Q2,Constrained Bayesian posterior estimate; not an observed or recovered true suppressed count.
17003,Alexander County,17,Illinois,1.2166666666666666,1.0,1.0,3.0,3.9975904934012374,3.2856908164941676,3.2856908164941676,9.857072449482503,1.0,suppressed_1_9,suppressed_1_9,metro_other,Q4_highest,Constrained Bayesian posterior estimate; not an observed or recovered true suppressed count.
17005,Bond County,17,Illinois,2.3805555555555555,2.0,2.0,4.0,2.4076171725753017,2.022735547554513,2.022735547554513,4.045471095109026,0.2638888888888889,suppressed_1_9,suppressed_1_9,metro_large,Q3,Constrained Bayesian posterior estimate; not an observed or recovered true suppressed count.
17007,Boone County,17,Illinois,6.325,6.0,4.0,9.0,1.9818329369667456,1.8799996240000754,1.2533330826667168,2.8199994360001126,0.0,suppressed_1_9,suppressed_1_9,metro_other,Q2,Constrained Bayesian posterior estimate; not an observed or recovered true suppressed count.
17009,Brown County,17,Illinois,0.0,0.0,0.0,0.0,0.0,0.0,0.0,0.0,0.0,zero,zero,nonmetro_nonadjacent,Q2,Constrained Bayesian posterior estimate; not an observed or recovered true suppressed count.
17011,Bureau County,17,Illinois,2.888888888888889,3.0,2.0,5.0,1.474999049760228,1.5317297824433131,1.0211531882955422,2.5528829707388554,0.011111111111111112,suppressed_1_9,suppressed_1_9,nonmetro_nonadjacent,Q2,Constrained Bayesian posterior estimate; not an observed or recovered true suppressed count.
17013,Calhoun County,17,Illinois,0.0,0.0,0.0,0.0,0.0,0.0,0.0,0.0,0.0,zero,zero,metro_large,Q1_lowest,Constrained Bayesian posterior estimate; not an observed or recovered true suppressed count.
17015,Carroll County,17,Illinois,2.433333333333333,2.0,2.0,4.0,2.6815658875432087,2.2040267568848284,2.2040267568848284,4.408053513769657,0.3472222222222222,suppressed_1_9,suppressed_1_9,nonmetro_nonadjacent,Q1_lowest,Constrained Bayesian posterior estimate; not an observed or recovered true suppressed count.
17017,Cass County,17,Illinois,1.1805555555555556,1.0,1.0,3.0,1.5780507619942998,1.3367018219245832,1.3367018219245832,4.01010546577375,0.03333333333333333,suppressed_1_9,suppressed_1_9,nonmetro_adjacent,Q2,Constrained Bayesian posterior estimate; not an observed or recovered true suppressed count.
17019,Champaign County,17,Illinois,28.0,28.0,28.0,28.0,2.241104416256331,2.241104416256331,2.241104416256331,2.241104416256331,0.0,exact,exact,metro_other,Q2,Constrained Bayesian posterior estimate; not an observed or recovered true suppressed count.
17021,Christian County,17,Illinois,4.533333333333333,4.0,3.0,8.0,2.290117469554909,2.02069188490139,1.5155189136760427,4.04138376980278,0.26666666666666666,suppressed_1_9,suppressed_1_9,nonmetro_adjacent,Q1_lowest,Constrained Bayesian posterior estimate; not an observed or recovered true suppressed count.
17023,Clark County,17,Illinois,5.5,5.0,4.0,9.0,6.01737379926041,5.470339817509464,4.376271854007571,9.846611671517033,1.0,suppressed_1_9,suppressed_1_9,nonmetro_adjacent,Q1_lowest,Constrained Bayesian posterior estimate; not an observed or recovered true suppressed count.
17025,Clay County,17,Illinois,3.9611111111111112,4.0,3.0,6.0,5.060635354606456,5.110319011664303,3.8327392587482274,7.665478517496455,1.0,suppressed_1_9,suppressed_1_9,nonmetro_nonadjacent,Q3,Constrained Bayesian posterior estimate; not an observed or recovered true suppressed count.
17027,Clinton County,17,Illinois,12.0,12.0,12.0,12.0,5.3924344145164325,5.392434414516433,5.392434414516433,5.392434414516433,1.0,exact,exact,metro_large,Q1_lowest,Constrained Bayesian posterior estimate; not an observed or recovered true suppressed count.
17029,Coles County,17,Illinois,7.527777777777778,8.0,5.0,9.0,2.6267081357002007,2.7914831848031656,1.7446769905019786,3.140418582903561,0.3333333333333333,suppressed_1_9,suppressed_1_9,nonmetro_nonadjacent,Q3,Constrained Bayesian posterior estimate; not an observed or recovered true suppressed count.
17031,Cook County,17,Illinois,612.0,612.0,612.0,612.0,1.9863265435152866,1.9863265435152864,1.9863265435152864,1.9863265435152864,0.0,exact,exact,metro_large,Q4_highest,Constrained Bayesian posterior estimate; not an observed or recovered true suppressed count.
17033,Crawford County,17,Illinois,5.527777777777778,5.0,4.0,9.0,4.977199922365686,4.501989879526751,3.601591903621401,8.103581783148151,1.0,suppressed_1_9,suppressed_1_9,nonmetro_adjacent,Q1_lowest,Constrained Bayesian posterior estimate; not an observed or recovered true suppressed count.
17035,Cumberland County,17,Illinois,3.408333333333333,3.0,3.0,5.0,5.4402766693269475,4.788507581803671,4.788507581803671,7.980845969672784,1.0,suppressed_1_9,suppressed_1_9,nonmetro_nonadjacent,Q1_lowest,Constrained Bayesian posterior estimate; not an observed or recovered true suppressed count.
17037,DeKalb County,17,Illinois,5.9,6.0,3.0,9.0,0.9645929009232298,0.9809419331422676,0.4904709665711338,1.4714128997134015,0.0,suppressed_1_9,suppressed_1_9,metro_large,Q3,Constrained Bayesian posterior estimate; not an observed or recovered true suppressed count.
17039,De Witt County,17,Illinois,4.694444444444445,5.0,4.0,6.0,5.08381373869077,5.414712857777152,4.3317702862217216,6.497655429332582,1.0,suppressed_1_9,suppressed_1_9,nonmetro_adjacent,Q1_lowest,Constrained Bayesian posterior estimate; not an observed or recovered true suppressed count.
17041,Douglas County,17,Illinois,2.136111111111111,2.0,2.0,3.0,1.8117222434257336,1.696280904117722,1.696280904117722,2.5444213561765827,0.008333333333333333,suppressed_1_9,suppressed_1_9,nonmetro_adjacent,Q2,Constrained Bayesian posterior estimate; not an observed or recovered true suppressed count.
17043,DuPage County,17,Illinois,58.0,58.0,58.0,58.0,1.0460735898341846,1.0460735898341846,1.0460735898341846,1.0460735898341846,0.0,exact,exact,metro_large,Q1_lowest,Constrained Bayesian posterior estimate; not an observed or recovered true suppressed count.
17045,Edgar County,17,Illinois,4.080555555555556,4.0,3.0,7.0,4.092669858336232,4.011875150445318,3.0089063628339887,7.0207815132793066,1.0,suppressed_1_9,suppressed_1_9,nonmetro_adjacent,Q2,Constrained Bayesian posterior estimate; not an observed or recovered true suppressed count.
17047,Edwards County,17,Illinois,2.3722222222222222,2.0,2.0,4.0,6.437684122288862,5.427555700290374,5.427555700290374,10.855111400580748,1.0,suppressed_1_9,suppressed_1_9,nonmetro_nonadjacent,Q2,Constrained Bayesian posterior estimate; not an observed or recovered true suppressed count.
17049,Effingham County,17,Illinois,7.319444444444445,7.0,5.0,9.0,3.557255478173436,3.402005239088068,2.430003742205763,4.374006735970374,0.7222222222222222,suppressed_1_9,suppressed_1_9,nonmetro_nonadjacent,Q1_lowest,Constrained Bayesian posterior estimate; not an observed or recovered true suppressed count.
17051,Fayette County,17,Illinois,1.3527777777777779,1.0,1.0,3.0,1.0600875932746476,0.7836376459525116,0.7836376459525116,2.3509129378575344,0.0,suppressed_1_9,suppressed_1_9,nonmetro_adjacent,Q3,Constrained Bayesian posterior estimate; not an observed or recovered true suppressed count.
17053,Ford County,17,Illinois,2.225,2.0,2.0,3.0249999999999773,2.803290874500762,2.519812022023157,2.519812022023157,3.8112156833099964,0.2,suppressed_1_9,suppressed_1_9,metro_other,Q2,Constrained Bayesian posterior estimate; not an observed or recovered true suppressed count.
17055,Franklin County,17,Illinois,7.2,7.0,5.0,9.0,3.1945479714620384,3.105810527810315,2.218436091293082,3.9931849643275474,0.675,suppressed_1_9,suppressed_1_9,nonmetro_nonadjacent,Q2,Constrained Bayesian posterior estimate; not an observed or recovered true suppressed count.
17057,Fulton County,17,Illinois,5.638888888888889,5.0,4.0,9.0,2.8293613559972144,2.5087933205886634,2.0070346564709305,4.515827977059594,0.48055555555555557,suppressed_1_9,suppressed_1_9,nonmetro_adjacent,Q1_lowest,Constrained Bayesian posterior estimate; not an observed or recovered true suppressed count.
17059,Gallatin County,17,Illinois,1.5472222222222223,1.0,1.0,6.0,5.38370236341634,3.4795921917951214,3.4795921917951214,20.87755315077073,1.0,suppressed_1_9,suppressed_1_9,nonmetro_adjacent,Q2,Constrained Bayesian posterior estimate; not an observed or recovered true suppressed count.
17061,Greene County,17,Illinois,1.2694444444444444,1.0,1.0,3.0,1.7600616214134417,1.3864818024263432,1.3864818024263432,4.15944540727903,0.08611111111111111,suppressed_1_9,suppressed_1_9,nonmetro_adjacent,Q1_lowest,Constrained Bayesian posterior estimate; not an observed or recovered true suppressed count.
17063,Grundy County,17,Illinois,4.658333333333333,4.0,3.0,9.0,1.4765391401734866,1.267869029129291,0.9509017718469681,2.852705315540905,0.0,suppressed_1_9,suppressed_1_9,metro_large,Q1_lowest,Constrained Bayesian posterior estimate; not an observed or recovered true suppressed count.
17065,Hamilton County,17,Illinois,2.3694444444444445,1.0,1.0,8.0,4.954509126054793,2.0910003345600536,2.0910003345600536,16.72800267648043,0.325,suppressed_1_9,suppressed_1_9,nonmetro_nonadjacent,Q2,Constrained Bayesian posterior estimate; not an observed or recovered true suppressed count.
17067,Hancock County,17,Illinois,1.4416666666666667,1.0,1.0,3.0,1.3866446085975168,0.9618344105878731,0.9618344105878731,2.8855032317636193,0.0,suppressed_1_9,suppressed_1_9,nonmetro_nonadjacent,Q1_lowest,Constrained Bayesian posterior estimate; not an observed or recovered true suppressed count.
17069,Hardin County,17,Illinois,0.0,0.0,0.0,0.0,0.0,0.0,0.0,0.0,0.0,zero,zero,nonmetro_nonadjacent,Q1_lowest,Constrained Bayesian posterior estimate; not an observed or recovered true suppressed count.
17071,Henderson County,17,Illinois,1.3666666666666667,1.0,1.0,4.0,3.617434268572436,2.6469031233456852,2.6469031233456852,10.587612493382741,0.2833333333333333,suppressed_1_9,suppressed_1_9,nonmetro_nonadjacent,Q1_lowest,Constrained Bayesian posterior estimate; not an observed or recovered true suppressed count.
17073,Henry County,17,Illinois,3.1444444444444444,3.0,2.0,5.0,1.079544912692282,1.0299545103424599,0.6866363402283066,1.7165908505707665,0.0,suppressed_1_9,suppressed_1_9,metro_other,Q1_lowest,Constrained Bayesian posterior estimate; not an observed or recovered true suppressed count.
17075,Iroquois County,17,Illinois,4.144444444444445,3.5,3.0,8.0,2.60120282966236,2.1967262502510545,1.882908214500904,5.02108857200241,0.2722222222222222,suppressed_1_9,suppressed_1_9,nonmetro_adjacent,Q2,Constrained Bayesian posterior estimate; not an observed or recovered true suppressed count.
17077,Jackson County,17,Illinois,7.305555555555555,7.0,4.0,9.0,2.2551699986589027,2.1608472990952223,1.23476988519727,2.778232241693857,0.0,suppressed_1_9,suppressed_1_9,nonmetro_nonadjacent,Q4_highest,Constrained Bayesian posterior estimate; not an observed or recovered true suppressed count.
17079,Jasper County,17,Illinois,2.0833333333333335,2.0,2.0,3.0,3.7392011869720254,3.5896331394931438,3.5896331394931438,5.384449709239716,1.0,suppressed_1_9,suppressed_1_9,nonmetro_nonadjacent,Q1_lowest,Constrained Bayesian posterior estimate; not an observed or recovered true suppressed count.
17081,Jefferson County,17,Illinois,16.0,16.0,16.0,16.0,7.252190388128166,7.252190388128165,7.252190388128165,7.252190388128165,1.0,exact,exact,nonmetro_nonadjacent,Q3,Constrained Bayesian posterior estimate; not an observed or recovered true suppressed count.
17083,Jersey County,17,Illinois,2.547222222222222,2.0,2.0,4.0,1.9867733327786832,1.5599528894227395,1.5599528894227395,3.119905778845479,0.14444444444444443,suppressed_1_9,suppressed_1_9,metro_large,Q1_lowest,Constrained Bayesian posterior estimate; not an observed or recovered true suppressed count.
17085,Jo Daviess County,17,Illinois,2.9722222222222223,3.0,2.0,6.0,2.2959501156558044,2.3174075933722142,1.5449383955814762,4.6348151867444285,0.2361111111111111,suppressed_1_9,suppressed_1_9,nonmetro_adjacent,Q1_lowest,Constrained Bayesian posterior estimate; not an observed or recovered true suppressed count.
17087,Johnson County,17,Illinois,1.1861111111111111,1.0,1.0,2.0,1.5155064346912552,1.277710343065227,1.277710343065227,2.555420686130454,0.022222222222222223,suppressed_1_9,suppressed_1_9,nonmetro_adjacent,Q2,Constrained Bayesian posterior estimate; not an observed or recovered true suppressed count.
17089,Kane County,17,Illinois,30.0,30.0,30.0,30.0,0.9587231341809724,0.9587231341809724,0.9587231341809724,0.9587231341809724,0.0,exact,exact,metro_large,Q3,Constrained Bayesian posterior estimate; not an observed or recovered true suppressed count.
17091,Kankakee County,17,Illinois,16.0,16.0,16.0,16.0,2.486475902163389,2.4864759021633893,2.4864759021633893,2.4864759021633893,0.0,exact,exact,metro_other,Q3,Constrained Bayesian posterior estimate; not an observed or recovered true suppressed count.
17093,Kendall County,17,Illinois,6.069444444444445,6.0,4.0,9.0,0.7448121532618206,0.7362902750780468,0.4908601833853645,1.1044354126170701,0.0,suppressed_1_9,suppressed_1_9,metro_large,Q1_lowest,Constrained Bayesian posterior estimate; not an observed or recovered true suppressed count.
17095,Knox County,17,Illinois,19.0,19.0,19.0,19.0,6.467270505502286,6.467270505502286,6.467270505502286,6.467270505502286,1.0,exact,exact,nonmetro_adjacent,Q3,Constrained Bayesian posterior estimate; not an observed or recovered true suppressed count.
17097,Lake County,17,Illinois,54.0,54.0,54.0,54.0,1.2742217159943847,1.274221715994385,1.274221715994385,1.274221715994385,0.0,exact,exact,metro_large,Q2,Constrained Bayesian posterior estimate; not an observed or recovered true suppressed count.
17099,LaSalle County,17,Illinois,16.0,16.0,16.0,16.0,2.461606629106652,2.4616066291066523,2.4616066291066523,2.4616066291066523,0.0,exact,exact,nonmetro_adjacent,Q2,Constrained Bayesian posterior estimate; not an observed or recovered true suppressed count.
17101,Lawrence County,17,Illinois,4.1,4.0,3.0,7.0,4.514175612441509,4.404073768235618,3.3030553261767137,7.707129094412332,1.0,suppressed_1_9,suppressed_1_9,nonmetro_nonadjacent,Q3,Constrained Bayesian posterior estimate; not an observed or recovered true suppressed count.
17103,Lee County,17,Illinois,3.513888888888889,3.0,2.0,6.0,1.732362224479086,1.4790128082509193,0.9860085388339462,2.9580256165018386,0.10277777777777777,suppressed_1_9,suppressed_1_9,nonmetro_adjacent,Q2,Constrained Bayesian posterior estimate; not an observed or recovered true suppressed count.
17105,Livingston County,17,Illinois,7.261111111111111,7.0,5.0,9.0,3.409900870242184,3.287280104441585,2.3480572174582752,4.226502991424895,0.7444444444444445,suppressed_1_9,suppressed_1_9,nonmetro_adjacent,Q2,Constrained Bayesian posterior estimate; not an observed or recovered true suppressed count.
17107,Logan County,17,Illinois,5.675,5.0,4.0,9.0,3.3841805214321496,2.9816568470767835,2.3853254776614268,5.366982324738211,0.6861111111111111,suppressed_1_9,suppressed_1_9,nonmetro_adjacent,Q2,Constrained Bayesian posterior estimate; not an observed or recovered true suppressed count.
17109,McDonough County,17,Illinois,6.908333333333333,7.0,5.0,9.0,4.157464077303757,4.212629463130465,3.0090210450931894,5.41623788116774,1.0,suppressed_1_9,suppressed_1_9,nonmetro_nonadjacent,Q3,Constrained Bayesian posterior estimate; not an observed or recovered true suppressed count.
17111,McHenry County,17,Illinois,28.0,28.0,28.0,28.0,1.501107066461515,1.5011070664615154,1.5011070664615154,1.5011070664615154,0.0,exact,exact,metro_large,Q1_lowest,Constrained Bayesian posterior estimate; not an observed or recovered true suppressed count.
17113,McLean County,17,Illinois,6.852777777777778,7.0,5.0,9.0,0.6670584113875495,0.6813892163342623,0.4867065830959016,0.8760718495726229,0.0,suppressed_1_9,suppressed_1_9,metro_other,Q1_lowest,Constrained Bayesian posterior estimate; not an observed or recovered true suppressed count.
17115,Macon County,17,Illinois,15.0,15.0,15.0,15.0,2.4499115581927486,2.449911558192749,2.449911558192749,2.449911558192749,0.0,exact,exact,metro_other,Q3,Constrained Bayesian posterior estimate; not an observed or recovered true suppressed count.
17117,Macoupin County,17,Illinois,3.2111111111111112,3.0,2.0,6.024999999999977,1.2069260012369951,1.1275779250311024,0.7517186166874016,2.264552332770789,0.002777777777777778,suppressed_1_9,suppressed_1_9,metro_large,Q1_lowest,Constrained Bayesian posterior estimate; not an observed or recovered true suppressed count.
17119,Madison County,17,Illinois,38.0,38.0,38.0,38.0,2.4054834895209543,2.4054834895209543,2.4054834895209543,2.4054834895209543,0.0,exact,exact,metro_large,Q2,Constrained Bayesian posterior estimate; not an observed or recovered true suppressed count.
17121,Marion County,17,Illinois,17.0,17.0,17.0,17.0,7.66926519416775,7.66926519416775,7.66926519416775,7.66926519416775,1.0,exact,exact,nonmetro_nonadjacent,Q3,Constrained Bayesian posterior estimate; not an observed or recovered true suppressed count.
17123,Marshall County,17,Illinois,3.4694444444444446,3.0,3.0,5.0,5.0047523108412,4.327568051007602,4.327568051007602,7.212613418346003,1.0,suppressed_1_9,suppressed_1_9,metro_other,Q1_lowest,Constrained Bayesian posterior estimate; not an observed or recovered true suppressed count.
17125,Mason County,17,Illinois,1.2194444444444446,1.0,1.0,3.0,1.57903899470968,1.2948839136571406,1.2948839136571406,3.8846517409714223,0.044444444444444446,suppressed_1_9,suppressed_1_9,nonmetro_adjacent,Q1_lowest,Constrained Bayesian posterior estimate; not an observed or recovered true suppressed count.
17127,Massac County,17,Illinois,3.3916666666666666,3.0,3.0,5.0,4.108521497561133,3.6340730690958423,3.6340730690958423,6.056788448493071,1.0,suppressed_1_9,suppressed_1_9,metro_other,Q3,Constrained Bayesian posterior estimate; not an observed or recovered true suppressed count.
17129,Menard County,17,Illinois,0.0,0.0,0.0,0.0,0.0,0.0,0.0,0.0,0.0,zero,zero,metro_other,Q1_lowest,Constrained Bayesian posterior estimate; not an observed or recovered true suppressed count.
17131,Mercer County,17,Illinois,2.6805555555555554,2.0,2.0,5.0,2.897052271829364,2.161531228722427,2.161531228722427,5.403828071806068,0.49444444444444446,suppressed_1_9,suppressed_1_9,metro_other,Q1_lowest,Constrained Bayesian posterior estimate; not an observed or recovered true suppressed count.
17133,Monroe County,17,Illinois,5.85,6.0,4.0,9.0,2.795471813520526,2.867150577969771,1.9114337186465138,4.300725866954656,0.32222222222222224,suppressed_1_9,suppressed_1_9,metro_large,Q1_lowest,Constrained Bayesian posterior estimate; not an observed or recovered true suppressed count.
17135,Montgomery County,17,Illinois,10.0,10.0,10.0,10.0,5.958019792541749,5.958019792541751,5.958019792541751,5.958019792541751,1.0,exact,exact,nonmetro_adjacent,Q2,Constrained Bayesian posterior estimate; not an observed or recovered true suppressed count.
17137,Morgan County,17,Illinois,10.0,10.0,10.0,10.0,5.085668078787171,5.08566807878717,5.08566807878717,5.08566807878717,1.0,exact,exact,nonmetro_adjacent,Q2,Constrained Bayesian posterior estimate; not an observed or recovered true suppressed count.
17139,Moultrie County,17,Illinois,3.4555555555555557,3.0,3.0,6.0,4.00004115797976,3.4727045422975413,3.4727045422975413,6.945409084595083,1.0,suppressed_1_9,suppressed_1_9,nonmetro_adjacent,Q2,Constrained Bayesian posterior estimate; not an observed or recovered true suppressed count.
17141,Ogle County,17,Illinois,4.466666666666667,4.0,3.0,9.0,1.4579844779055509,1.3056577414079562,0.9792433060559671,2.937729918167901,0.03888888888888889,suppressed_1_9,suppressed_1_9,nonmetro_adjacent,Q2,Constrained Bayesian posterior estimate; not an observed or recovered true suppressed count.
17143,Peoria County,17,Illinois,28.0,28.0,28.0,28.0,2.6124545036383098,2.6124545036383093,2.6124545036383093,2.6124545036383093,0.0,exact,exact,metro_other,Q3,Constrained Bayesian posterior estimate; not an observed or recovered true suppressed count.
17145,Perry County,17,Illinois,1.336111111111111,1.0,1.0,3.0,1.0781349744295972,0.8069201471822349,0.8069201471822349,2.4207604415467046,0.011111111111111112,suppressed_1_9,suppressed_1_9,nonmetro_nonadjacent,Q3,Constrained Bayesian posterior estimate; not an observed or recovered true suppressed count.
17147,Piatt County,17,Illinois,1.2194444444444446,1.0,1.0,4.0,1.2253629474807766,1.004853442125466,1.004853442125466,4.019413768501864,0.07777777777777778,suppressed_1_9,suppressed_1_9,metro_other,Q1_lowest,Constrained Bayesian posterior estimate; not an observed or recovered true suppressed count.
17149,Pike County,17,Illinois,2.4972222222222222,2.0,2.0,4.024999999999977,2.8216562588667173,2.259835935911053,2.259835935911053,4.547919821020968,0.3388888888888889,suppressed_1_9,suppressed_1_9,nonmetro_nonadjacent,Q2,Constrained Bayesian posterior estimate; not an observed or recovered true suppressed count.
17151,Pope County,17,Illinois,2.066666666666667,2.0,2.0,3.0,8.878196866855689,8.591803419537761,8.591803419537761,12.887705129306642,1.0,suppressed_1_9,suppressed_1_9,nonmetro_adjacent,Q2,Constrained Bayesian posterior estimate; not an observed or recovered true suppressed count.
17153,Pulaski County,17,Illinois,4.063888888888889,3.0,3.0,9.0,13.375975541073295,9.874267658481996,9.874267658481996,29.622802975445985,1.0,suppressed_1_9,suppressed_1_9,nonmetro_adjacent,Q3,Constrained Bayesian posterior estimate; not an observed or recovered true suppressed count.
17155,Putnam County,17,Illinois,1.1111111111111112,1.0,1.0,2.0,3.2885758164711603,2.9597182348240447,2.9597182348240447,5.9194364696480894,1.0,suppressed_1_9,suppressed_1_9,nonmetro_adjacent,Q1_lowest,Constrained Bayesian posterior estimate; not an observed or recovered true suppressed count.
17157,Randolph County,17,Illinois,5.55,5.0,4.0,8.0,3.0317762931481855,2.7313299938271944,2.185063995061755,4.37012799012351,0.49722222222222223,suppressed_1_9,suppressed_1_9,nonmetro_adjacent,Q2,Constrained Bayesian posterior estimate; not an observed or recovered true suppressed count.
17159,Richland County,17,Illinois,2.5083333333333333,2.0,2.0,5.0,2.69420665012549,2.148204637973813,2.148204637973813,5.370511594934533,0.35,suppressed_1_9,suppressed_1_9,nonmetro_nonadjacent,Q2,Constrained Bayesian posterior estimate; not an observed or recovered true suppressed count.
17161,Rock Island County,17,Illinois,26.0,26.0,26.0,26.0,3.0545507519481565,3.0545507519481574,3.0545507519481574,3.0545507519481574,1.0,exact,exact,metro_other,Q4_highest,Constrained Bayesian posterior estimate; not an observed or recovered true suppressed count.
17163,St. Clair County,17,Illinois,52.0,52.0,52.0,52.0,3.404553983786467,3.404553983786466,3.404553983786466,3.404553983786466,1.0,exact,exact,metro_large,Q3,Constrained Bayesian posterior estimate; not an observed or recovered true suppressed count.
17165,Saline County,17,Illinois,4.027777777777778,4.0,3.0,7.0,2.902296296830052,2.8822804603001897,2.161710345225142,5.043990805525332,0.23333333333333334,suppressed_1_9,suppressed_1_9,nonmetro_nonadjacent,Q3,Constrained Bayesian posterior estimate; not an observed or recovered true suppressed count.
17167,Sangamon County,17,Illinois,37.0,37.0,37.0,37.0,3.1741728706018404,3.1741728706018404,3.1741728706018404,3.1741728706018404,1.0,exact,exact,metro_other,Q2,Constrained Bayesian posterior estimate; not an observed or recovered true suppressed count.
17169,Schuyler County,17,Illinois,2.147222222222222,2.0,2.0,3.0,5.291592050426886,4.9287791414066735,4.9287791414066735,7.393168712110009,1.0,suppressed_1_9,suppressed_1_9,nonmetro_nonadjacent,Q2,Constrained Bayesian posterior estimate; not an observed or recovered true suppressed count.
17171,Scott County,17,Illinois,1.0444444444444445,1.0,1.0,2.0,3.58706063277276,3.434419754782429,3.434419754782429,6.868839509564858,1.0,suppressed_1_9,suppressed_1_9,nonmetro_nonadjacent,Q1_lowest,Constrained Bayesian posterior estimate; not an observed or recovered true suppressed count.
17173,Shelby County,17,Illinois,7.3694444444444445,7.0,5.0,9.0,5.8677190961633565,5.573559035933531,3.98111359709538,7.166004474771683,1.0,suppressed_1_9,suppressed_1_9,nonmetro_adjacent,Q1_lowest,Constrained Bayesian posterior estimate; not an observed or recovered true suppressed count.
17175,Stark County,17,Illinois,1.05,1.0,1.0,2.0,3.308858286326537,3.1512936060252734,3.1512936060252734,6.302587212050547,1.0,suppressed_1_9,suppressed_1_9,metro_other,Q1_lowest,Constrained Bayesian posterior estimate; not an observed or recovered true suppressed count.
17177,Stephenson County,17,Illinois,6.383333333333334,6.0,4.0,9.0,2.434806931888978,2.2885913720105275,1.5257275813403517,3.4328870580157913,0.20555555555555555,suppressed_1_9,suppressed_1_9,nonmetro_adjacent,Q3,Constrained Bayesian posterior estimate; not an observed or recovered true suppressed count.
17179,Tazewell County,17,Illinois,21.0,21.0,21.0,21.0,2.6845088499308423,2.684508849930842,2.684508849930842,2.684508849930842,0.0,exact,exact,metro_other,Q1_lowest,Constrained Bayesian posterior estimate; not an observed or recovered true suppressed count.
17181,Union County,17,Illinois,2.5833333333333335,2.0,2.0,4.0,2.573194945249052,1.9921509253541048,1.9921509253541048,3.9843018507082095,0.4888888888888889,suppressed_1_9,suppressed_1_9,nonmetro_adjacent,Q3,Constrained Bayesian posterior estimate; not an observed or recovered true suppressed count.
17183,Vermilion County,17,Illinois,12.0,12.0,12.0,12.0,2.7347123880192252,2.7347123880192252,2.7347123880192252,2.7347123880192252,0.0,exact,exact,nonmetro_adjacent,Q3,Constrained Bayesian posterior estimate; not an observed or recovered true suppressed count.
17185,Wabash County,17,Illinois,0.0,0.0,0.0,0.0,0.0,0.0,0.0,0.0,0.0,zero,zero,nonmetro_nonadjacent,Q2,Constrained Bayesian posterior estimate; not an observed or recovered true suppressed count.
17187,Warren County,17,Illinois,2.7333333333333334,3.0,2.0,4.024999999999977,2.765775884458026,3.035607678063687,2.023738452042458,4.072773634735424,0.5444444444444444,suppressed_1_9,suppressed_1_9,nonmetro_adjacent,Q3,Constrained Bayesian posterior estimate; not an observed or recovered true suppressed count.
17189,Washington County,17,Illinois,3.638888888888889,3.0,3.0,5.0,4.436587282234685,3.65764447695684,3.65764447695684,6.0960741282613995,1.0,suppressed_1_9,suppressed_1_9,nonmetro_adjacent,Q1_lowest,Constrained Bayesian posterior estimate; not an observed or recovered true suppressed count.
17191,Wayne County,17,Illinois,5.105555555555555,5.0,4.0,8.0,5.3310593667699235,5.220841599665866,4.176673279732693,8.353346559465386,1.0,suppressed_1_9,suppressed_1_9,nonmetro_nonadjacent,Q2,Constrained Bayesian posterior estimate; not an observed or recovered true suppressed count.
17193,White County,17,Illinois,5.7972222222222225,5.0,5.0,8.024999999999977,7.148680217303437,6.165608237252604,6.165608237252604,9.895801220790402,1.0,suppressed_1_9,suppressed_1_9,nonmetro_adjacent,Q2,Constrained Bayesian posterior estimate; not an observed or recovered true suppressed count.
17195,Whiteside County,17,Illinois,4.888888888888889,4.0,3.0,9.0,1.486214850596563,1.2159939686699153,0.9119954765024366,2.7359864295073097,0.0,suppressed_1_9,suppressed_1_9,nonmetro_adjacent,Q2,Constrained Bayesian posterior estimate; not an observed or recovered true suppressed count.
17197,Will County,17,Illinois,41.0,41.0,41.0,41.0,0.9802072253704408,0.9802072253704407,0.9802072253704407,0.9802072253704407,0.0,exact,exact,metro_large,Q1_lowest,Constrained Bayesian posterior estimate; not an observed or recovered true suppressed count.
17199,Williamson County,17,Illinois,11.0,11.0,11.0,11.0,2.747554676338059,2.747554676338059,2.747554676338059,2.747554676338059,0.0,exact,exact,nonmetro_nonadjacent,Q2,Constrained Bayesian posterior estimate; not an observed or recovered true suppressed count.
17201,Winnebago County,17,Illinois,44.0,44.0,44.0,44.0,2.5975774048548717,2.597577404854872,2.597577404854872,2.597577404854872,0.0,exact,exact,metro_other,Q4_highest,Constrained Bayesian posterior estimate; not an observed or recovered true suppressed count.
17203,Woodford County,17,Illinois,5.913888888888889,6.0,4.0,8.024999999999977,2.5771049463952487,2.6146297248537986,1.743086483235866,3.497067256991946,0.3333333333333333,suppressed_1_9,suppressed_1_9,metro_other,Q1_lowest,Constrained Bayesian posterior estimate; not an observed or recovered true suppressed count.
18001,Adams County,18,Indiana,12.0,12.0,12.0,12.0,5.5422899818490015,5.542289981849001,5.542289981849001,5.542289981849001,1.0,exact,exact,nonmetro_adjacent,Q3,Constrained Bayesian posterior estimate; not an observed or recovered true suppressed count.
18003,Allen County,18,Indiana,71.0,71.0,71.0,71.0,3.0401865561237704,3.040186556123771,3.040186556123771,3.040186556123771,1.0,exact,exact,metro_other,Q3,Constrained Bayesian posterior estimate; not an observed or recovered true suppressed count.
18005,Bartholomew County,18,Indiana,13.0,13.0,13.0,13.0,2.5845701164050614,2.584570116405062,2.584570116405062,2.584570116405062,0.0,exact,exact,metro_other,Q2,Constrained Bayesian posterior estimate; not an observed or recovered true suppressed count.
18007,Benton County,18,Indiana,1.1277777777777778,1.0,1.0,2.0,2.147984492186839,1.9046167911016303,1.9046167911016303,3.8092335822032606,0.12777777777777777,suppressed_1_9,suppressed_1_9,metro_other,Q2,Constrained Bayesian posterior estimate; not an observed or recovered true suppressed count.
18009,Blackford County,18,Indiana,1.4583333333333333,1.0,1.0,3.0,2.0465251172951255,1.4033315090023717,1.4033315090023717,4.209994527007114,0.15555555555555556,suppressed_1_9,suppressed_1_9,nonmetro_adjacent,Q2,Constrained Bayesian posterior estimate; not an observed or recovered true suppressed count.
18011,Boone County,18,Indiana,17.0,17.0,17.0,17.0,3.8698016612830908,3.86980166128309,3.86980166128309,3.86980166128309,1.0,exact,exact,metro_large,Q1_lowest,Constrained Bayesian posterior estimate; not an observed or recovered true suppressed count.
18013,Brown County,18,Indiana,4.097222222222222,4.0,3.0,7.0,4.423260773863717,4.318302043636442,3.2387265327273314,7.5570285763637735,1.0,suppressed_1_9,suppressed_1_9,metro_large,Q1_lowest,Constrained Bayesian posterior estimate; not an observed or recovered true suppressed count.
18015,Carroll County,18,Indiana,0.0,0.0,0.0,0.0,0.0,0.0,0.0,0.0,0.0,zero,zero,metro_other,Q1_lowest,Constrained Bayesian posterior estimate; not an observed or recovered true suppressed count.
18017,Cass County,18,Indiana,13.0,13.0,13.0,13.0,5.767396464142322,5.767396464142322,5.767396464142322,5.767396464142322,1.0,exact,exact,nonmetro_adjacent,Q3,Constrained Bayesian posterior estimate; not an observed or recovered true suppressed count.
18019,Clark County,18,Indiana,22.0,22.0,22.0,22.0,2.9830953410830534,2.9830953410830534,2.9830953410830534,2.9830953410830534,1.0,exact,exact,metro_large,Q2,Constrained Bayesian posterior estimate; not an observed or recovered true suppressed count.
18021,Clay County,18,Indiana,5.316666666666666,5.0,4.0,9.0,3.3619148792661537,3.16167543504654,2.529340348037232,5.691015783083771,0.5972222222222222,suppressed_1_9,suppressed_1_9,metro_other,Q1_lowest,Constrained Bayesian posterior estimate; not an observed or recovered true suppressed count.
18023,Clinton County,18,Indiana,4.530555555555556,4.0,3.0,7.0,2.3098815913058948,2.0393804362234755,1.5295353271676064,3.568915763391082,0.2638888888888889,suppressed_1_9,suppressed_1_9,nonmetro_adjacent,Q2,Constrained Bayesian posterior estimate; not an observed or recovered true suppressed count.
18025,Crawford County,18,Indiana,1.2805555555555554,1.0,1.0,3.0,2.025650624919809,1.5818529825837988,1.5818529825837988,4.745558947751396,0.25277777777777777,suppressed_1_9,suppressed_1_9,nonmetro_adjacent,Q2,Constrained Bayesian posterior estimate; not an observed or recovered true suppressed count.
18027,Daviess County,18,Indiana,7.3,7.0,5.0,9.0,3.6241957264278337,3.47525617602669,2.482325840019064,4.468186512034316,0.9027777777777778,suppressed_1_9,suppressed_1_9,nonmetro_nonadjacent,Q3,Constrained Bayesian posterior estimate; not an observed or recovered true suppressed count.
18029,Dearborn County,18,Indiana,7.111111111111111,7.0,5.0,9.0,2.340058808602934,2.303495389718513,1.6453538497989377,2.961636929638088,0.13333333333333333,suppressed_1_9,suppressed_1_9,metro_large,Q1_lowest,Constrained Bayesian posterior estimate; not an observed or recovered true suppressed count.
18031,Decatur County,18,Indiana,6.416666666666667,7.0,4.0,9.0,4.0432936985530255,4.410865852966937,2.520494773123964,5.671113239528919,0.7333333333333333,suppressed_1_9,suppressed_1_9,nonmetro_adjacent,Q1_lowest,Constrained Bayesian posterior estimate; not an observed or recovered true suppressed count.
18033,DeKalb County,18,Indiana,5.055555555555555,5.0,3.0,8.024999999999977,1.9241886584514383,1.9030437281387853,1.141826236883271,3.0543851836627414,0.07222222222222222,suppressed_1_9,suppressed_1_9,nonmetro_adjacent,Q1_lowest,Constrained Bayesian posterior estimate; not an observed or recovered true suppressed count.
18035,Delaware County,18,Indiana,22.0,22.0,22.0,22.0,3.2507687329242287,3.2507687329242287,3.2507687329242287,3.2507687329242287,1.0,exact,exact,metro_other,Q3,Constrained Bayesian posterior estimate; not an observed or recovered true suppressed count.
18037,Dubois County,18,Indiana,6.908333333333333,7.0,5.0,9.0,2.6607968653309406,2.6961029757273702,1.9257878398052644,3.466418111649476,0.2972222222222222,suppressed_1_9,suppressed_1_9,nonmetro_nonadjacent,Q1_lowest,Constrained Bayesian posterior estimate; not an observed or recovered true suppressed count.
18039,Elkhart County,18,Indiana,38.0,38.0,38.0,38.0,3.0641257001124056,3.064125700112405,3.064125700112405,3.064125700112405,1.0,exact,exact,metro_other,Q4_highest,Constrained Bayesian posterior estimate; not an observed or recovered true suppressed count.
18041,Fayette County,18,Indiana,26.0,26.0,26.0,26.0,18.65136298421808,18.651362984218075,18.651362984218075,18.651362984218075,1.0,exact,exact,nonmetro_adjacent,Q3,Constrained Bayesian posterior estimate; not an observed or recovered true suppressed count.
18043,Floyd County,18,Indiana,10.0,10.0,10.0,10.0,2.0774213384410203,2.07742133844102,2.07742133844102,2.07742133844102,0.0,exact,exact,metro_large,Q1_lowest,Constrained Bayesian posterior estimate; not an observed or recovered true suppressed count.
18045,Fountain County,18,Indiana,1.2055555555555555,1.0,1.0,2.0,1.2125641764957007,1.0058136026231619,1.0058136026231619,2.0116272052463238,0.002777777777777778,suppressed_1_9,suppressed_1_9,nonmetro_adjacent,Q2,Constrained Bayesian posterior estimate; not an observed or recovered true suppressed count.
18047,Franklin County,18,Indiana,6.833333333333333,7.0,5.0,9.0,4.9653274815132376,5.086433029842829,3.633166449887735,6.539699609797923,1.0,suppressed_1_9,suppressed_1_9,metro_large,Q1_lowest,Constrained Bayesian posterior estimate; not an observed or recovered true suppressed count.
18049,Fulton County,18,Indiana,5.361111111111111,5.0,4.0,8.0,4.428218351087505,4.129944576143788,3.3039556609150305,6.607911321830061,1.0,suppressed_1_9,suppressed_1_9,nonmetro_nonadjacent,Q3,Constrained Bayesian posterior estimate; not an observed or recovered true suppressed count.
18051,Gibson County,18,Indiana,7.011111111111111,7.0,5.0,9.0,3.517109259472924,3.5115353937685296,2.508239566977521,4.514831220559539,0.85,suppressed_1_9,suppressed_1_9,nonmetro_adjacent,Q1_lowest,Constrained Bayesian posterior estimate; not an observed or recovered true suppressed count.
18053,Grant County,18,Indiana,37.0,37.0,37.0,37.0,9.344921035417252,9.34492103541725,9.34492103541725,9.34492103541725,1.0,exact,exact,nonmetro_adjacent,Q4_highest,Constrained Bayesian posterior estimate; not an observed or recovered true suppressed count.
18055,Greene County,18,Indiana,7.344444444444444,7.0,5.0,9.0,3.899732623475801,3.7168404732068896,2.6548860522906357,4.778794894123144,0.9583333333333334,suppressed_1_9,suppressed_1_9,nonmetro_adjacent,Q3,Constrained Bayesian posterior estimate; not an observed or recovered true suppressed count.
18057,Hamilton County,18,Indiana,50.0,50.0,50.0,50.0,2.3200036748858213,2.320003674885821,2.320003674885821,2.320003674885821,0.0,exact,exact,metro_large,Q1_lowest,Constrained Bayesian posterior estimate; not an observed or recovered true suppressed count.
18059,Hancock County,18,Indiana,12.0,12.0,12.0,12.0,2.4117888237705913,2.411788823770591,2.411788823770591,2.411788823770591,0.0,exact,exact,metro_large,Q1_lowest,Constrained Bayesian posterior estimate; not an observed or recovered true suppressed count.
18061,Harrison County,18,Indiana,7.338888888888889,7.0,5.0,9.0,3.0477999314302697,2.907061251780575,2.0764723227004107,3.737650180860739,0.49444444444444446,suppressed_1_9,suppressed_1_9,metro_large,Q1_lowest,Constrained Bayesian posterior estimate; not an observed or recovered true suppressed count.
18063,Hendricks County,18,Indiana,30.0,30.0,30.0,30.0,2.7714470741371326,2.771447074137133,2.771447074137133,2.771447074137133,0.0,exact,exact,metro_large,Q1_lowest,Constrained Bayesian posterior estimate; not an observed or recovered true suppressed count.
18065,Henry County,18,Indiana,8.097222222222221,8.0,6.0,9.0,2.774303949504813,2.740993267435287,2.0557449505764653,3.0836174258646976,0.425,suppressed_1_9,suppressed_1_9,nonmetro_adjacent,Q2,Constrained Bayesian posterior estimate; not an observed or recovered true suppressed count.
18067,Howard County,18,Indiana,22.0,22.0,22.0,22.0,4.396043560795285,4.396043560795285,4.396043560795285,4.396043560795285,1.0,exact,exact,metro_other,Q2,Constrained Bayesian posterior estimate; not an observed or recovered true suppressed count.
18069,Huntington County,18,Indiana,7.227777777777778,7.0,5.0,9.0,3.2825037253011145,3.179058181306229,2.270755843790164,4.087360518822296,0.7083333333333334,suppressed_1_9,suppressed_1_9,nonmetro_adjacent,Q1_lowest,Constrained Bayesian posterior estimate; not an observed or recovered true suppressed count.
18071,Jackson County,18,Indiana,6.558333333333334,7.0,4.0,9.0,2.3874529790074015,2.548234437568256,1.4561339643247178,3.276301419730615,0.10833333333333334,suppressed_1_9,suppressed_1_9,nonmetro_adjacent,Q2,Constrained Bayesian posterior estimate; not an observed or recovered true suppressed count.
18073,Jasper County,18,Indiana,3.7694444444444444,3.0,2.0,9.0,1.8819369555280407,1.4977832807444982,0.9985221871629988,4.493349842233495,0.16944444444444445,suppressed_1_9,suppressed_1_9,metro_large,Q1_lowest,Constrained Bayesian posterior estimate; not an observed or recovered true suppressed count.
18075,Jay County,18,Indiana,6.8,7.0,5.0,9.0,5.596984213212176,5.76160139595371,4.115429568538364,7.407773223369055,1.0,suppressed_1_9,suppressed_1_9,nonmetro_adjacent,Q2,Constrained Bayesian posterior estimate; not an observed or recovered true suppressed count.
18077,Jefferson County,18,Indiana,11.0,11.0,11.0,11.0,5.598477214197738,5.598477214197739,5.598477214197739,5.598477214197739,1.0,exact,exact,nonmetro_adjacent,Q3,Constrained Bayesian posterior estimate; not an observed or recovered true suppressed count.
18079,Jennings County,18,Indiana,6.930555555555555,7.0,5.0,9.0,4.188887075663221,4.230859892052632,3.0220427800375944,5.439677004067669,1.0,suppressed_1_9,suppressed_1_9,nonmetro_adjacent,Q2,Constrained Bayesian posterior estimate; not an observed or recovered true suppressed count.
18081,Johnson County,18,Indiana,24.0,24.0,24.0,24.0,2.4309040836149975,2.430904083614997,2.430904083614997,2.430904083614997,0.0,exact,exact,metro_large,Q1_lowest,Constrained Bayesian posterior estimate; not an observed or recovered true suppressed count.
18083,Knox County,18,Indiana,6.441666666666666,7.0,4.0,9.0,2.971207347991802,3.2287376097194227,1.8449929198396702,4.151234069639258,0.5111111111111111,suppressed_1_9,suppressed_1_9,nonmetro_nonadjacent,Q2,Constrained Bayesian posterior estimate; not an observed or recovered true suppressed count.
18085,Kosciusko County,18,Indiana,10.0,10.0,10.0,10.0,2.0815596710303095,2.0815596710303095,2.0815596710303095,2.0815596710303095,0.0,exact,exact,nonmetro_adjacent,Q2,Constrained Bayesian posterior estimate; not an observed or recovered true suppressed count.
18087,LaGrange County,18,Indiana,6.602777777777778,7.0,4.0,9.0,2.7154939205837403,2.878857669276831,1.645061525301046,3.7013884319273544,0.3472222222222222,suppressed_1_9,suppressed_1_9,nonmetro_adjacent,Q2,Constrained Bayesian posterior estimate; not an observed or recovered true suppressed count.
18089,Lake County,18,Indiana,119.0,119.0,119.0,119.0,4.000229929182483,4.000229929182484,4.000229929182484,4.000229929182484,1.0,exact,exact,metro_large,Q3,Constrained Bayesian posterior estimate; not an observed or recovered true suppressed count.
18091,LaPorte County,18,Indiana,27.0,27.0,27.0,27.0,4.04997975010125,4.049979750101249,4.049979750101249,4.049979750101249,1.0,exact,exact,metro_other,Q3,Constrained Bayesian posterior estimate; not an observed or recovered true suppressed count.
18093,Lawrence County,18,Indiana,25.0,25.0,25.0,25.0,9.210342108947293,9.210342108947295,9.210342108947295,9.210342108947295,1.0,exact,exact,nonmetro_adjacent,Q2,Constrained Bayesian posterior estimate; not an observed or recovered true suppressed count.
18095,Madison County,18,Indiana,46.0,46.0,46.0,46.0,5.833846965511818,5.833846965511818,5.833846965511818,5.833846965511818,1.0,exact,exact,metro_large,Q3,Constrained Bayesian posterior estimate; not an observed or recovered true suppressed count.
18097,Marion County,18,Indiana,225.0,225.0,225.0,225.0,3.865035701764225,3.865035701764225,3.865035701764225,3.865035701764225,1.0,exact,exact,metro_large,Q4_highest,Constrained Bayesian posterior estimate; not an observed or recovered true suppressed count.
18099,Marshall County,18,Indiana,6.522222222222222,6.0,4.0,9.0,2.3492074926512228,2.1611108109568318,1.440740540637888,3.241666216435248,0.15555555555555556,suppressed_1_9,suppressed_1_9,nonmetro_adjacent,Q2,Constrained Bayesian posterior estimate; not an observed or recovered true suppressed count.
18101,Martin County,18,Indiana,4.188888888888889,4.0,3.0,7.0,7.019150924777789,6.70263748785147,5.0269781158886016,11.729615603740072,1.0,suppressed_1_9,suppressed_1_9,nonmetro_nonadjacent,Q1_lowest,Constrained Bayesian posterior estimate; not an observed or recovered true suppressed count.
18103,Miami County,18,Indiana,5.769444444444445,6.0,4.0,8.024999999999977,2.7008737463108434,2.8088046663608193,1.872536444240546,3.756776241257585,0.30833333333333335,suppressed_1_9,suppressed_1_9,nonmetro_adjacent,Q2,Constrained Bayesian posterior estimate; not an observed or recovered true suppressed count.
18105,Monroe County,18,Indiana,25.0,25.0,25.0,25.0,2.9194898133161433,2.9194898133161433,2.9194898133161433,2.9194898133161433,0.0,exact,exact,metro_other,Q2,Constrained Bayesian posterior estimate; not an observed or recovered true suppressed count.
18107,Montgomery County,18,Indiana,4.352777777777778,4.0,3.0,7.0,1.8904982856425887,1.7372798540684924,1.3029598905513693,3.0402397446198615,0.03333333333333333,suppressed_1_9,suppressed_1_9,nonmetro_adjacent,Q2,Constrained Bayesian posterior estimate; not an observed or recovered true suppressed count.
18109,Morgan County,18,Indiana,16.0,16.0,16.0,16.0,3.697797499364441,3.697797499364441,3.697797499364441,3.697797499364441,1.0,exact,exact,metro_large,Q1_lowest,Constrained Bayesian posterior estimate; not an observed or recovered true suppressed count.
18111,Newton County,18,Indiana,1.2,1.0,1.0,2.0249999999999773,1.4351835240931434,1.1959862700776196,1.1959862700776196,2.4218721969071524,0.025,suppressed_1_9,suppressed_1_9,metro_large,Q2,Constrained Bayesian posterior estimate; not an observed or recovered true suppressed count.
18113,Noble County,18,Indiana,7.022222222222222,7.0,4.0,9.0,2.460389481212084,2.4526034385500206,1.4014876791714403,3.153347278135741,0.22777777777777777,suppressed_1_9,suppressed_1_9,nonmetro_adjacent,Q3,Constrained Bayesian posterior estimate; not an observed or recovered true suppressed count.
18115,Ohio County,18,Indiana,3.477777777777778,3.0,3.0,6.0,9.698479538687018,8.366100560528738,8.366100560528738,16.732201121057475,1.0,suppressed_1_9,suppressed_1_9,metro_large,Q1_lowest,Constrained Bayesian posterior estimate; not an observed or recovered true suppressed count.
18117,Orange County,18,Indiana,11.0,11.0,11.0,11.0,9.305315873177006,9.305315873177005,9.305315873177005,9.305315873177005,1.0,exact,exact,nonmetro_adjacent,Q3,Constrained Bayesian posterior estimate; not an observed or recovered true suppressed count.
18119,Owen County,18,Indiana,4.019444444444445,4.0,3.0,6.0,3.141589961501953,3.1263922215361526,2.3447941661521146,4.689588332304229,0.6027777777777777,suppressed_1_9,suppressed_1_9,metro_other,Q1_lowest,Constrained Bayesian posterior estimate; not an observed or recovered true suppressed count.
18121,Parke County,18,Indiana,3.188888888888889,3.0,2.0,6.0,3.202467350454818,3.0127741624487827,2.008516108299189,6.025548324897565,0.5555555555555556,suppressed_1_9,suppressed_1_9,nonmetro_adjacent,Q3,Constrained Bayesian posterior estimate; not an observed or recovered true suppressed count.
18123,Perry County,18,Indiana,2.4583333333333335,2.0,2.0,4.0,2.131176438291244,1.7338384582708428,1.7338384582708428,3.4676769165416856,0.125,suppressed_1_9,suppressed_1_9,nonmetro_nonadjacent,Q2,Constrained Bayesian posterior estimate; not an observed or recovered true suppressed count.
18125,Pike County,18,Indiana,1.7527777777777778,1.0,1.0,6.0,2.391205819535583,1.3642378685147543,1.3642378685147543,8.185427211088525,0.19722222222222222,suppressed_1_9,suppressed_1_9,nonmetro_adjacent,Q1_lowest,Constrained Bayesian posterior estimate; not an observed or recovered true suppressed count.
18127,Porter County,18,Indiana,36.0,36.0,36.0,36.0,3.456227834538851,3.4562278345388524,3.4562278345388524,3.4562278345388524,1.0,exact,exact,metro_large,Q1_lowest,Constrained Bayesian posterior estimate; not an observed or recovered true suppressed count.
18129,Posey County,18,Indiana,1.3055555555555556,1.0,1.0,3.0,0.86467504408003,0.6623042890825761,0.6623042890825761,1.9869128672477285,0.0,suppressed_1_9,suppressed_1_9,metro_other,Q1_lowest,Constrained Bayesian posterior estimate; not an observed or recovered true suppressed count.
18131,Pulaski County,18,Indiana,5.088888888888889,5.0,4.0,7.0,6.842571551934073,6.723050651463608,5.378440521170886,9.41227091204905,1.0,suppressed_1_9,suppressed_1_9,nonmetro_adjacent,Q2,Constrained Bayesian posterior estimate; not an observed or recovered true suppressed count.
18133,Putnam County,18,Indiana,6.163888888888889,6.0,4.0,9.0,2.743212557806498,2.6702745042190337,1.7801830028126893,4.0054117563285505,0.35833333333333334,suppressed_1_9,suppressed_1_9,nonmetro_adjacent,Q1_lowest,Constrained Bayesian posterior estimate; not an observed or recovered true suppressed count.
18135,Randolph County,18,Indiana,6.858333333333333,7.0,5.0,9.0,4.69000385229964,4.78688121012357,3.419200864373978,6.154561555873161,1.0,suppressed_1_9,suppressed_1_9,nonmetro_adjacent,Q3,Constrained Bayesian posterior estimate; not an observed or recovered true suppressed count.
18137,Ripley County,18,Indiana,6.644444444444445,7.0,5.0,9.0,3.832279456482801,4.037351266863151,2.8838223334736792,5.190880200252623,0.7861111111111111,suppressed_1_9,suppressed_1_9,nonmetro_adjacent,Q1_lowest,Constrained Bayesian posterior estimate; not an observed or recovered true suppressed count.
18139,Rush County,18,Indiana,3.9138888888888888,4.0,2.0,8.0,3.906817549124973,3.9927730807238895,1.9963865403619447,7.985546161447779,0.725,suppressed_1_9,suppressed_1_9,nonmetro_adjacent,Q1_lowest,Constrained Bayesian posterior estimate; not an observed or recovered true suppressed count.
18141,St. Joseph County,18,Indiana,64.0,64.0,64.0,64.0,3.915934672419827,3.915934672419827,3.915934672419827,3.915934672419827,1.0,exact,exact,metro_other,Q3,Constrained Bayesian posterior estimate; not an observed or recovered true suppressed count.
18143,Scott County,18,Indiana,7.305555555555555,8.0,5.0,9.0,5.003393937180202,5.479001725885544,3.4243760786784647,6.163876941621236,1.0,suppressed_1_9,suppressed_1_9,nonmetro_adjacent,Q3,Constrained Bayesian posterior estimate; not an observed or recovered true suppressed count.
18145,Shelby County,18,Indiana,20.0,20.0,20.0,20.0,7.393305361994716,7.393305361994715,7.393305361994715,7.393305361994715,1.0,exact,exact,metro_large,Q2,Constrained Bayesian posterior estimate; not an observed or recovered true suppressed count.
18147,Spencer County,18,Indiana,6.0,6.0,4.0,9.0,4.984672133190439,4.98467213319044,3.323114755460293,7.477008199785659,1.0,suppressed_1_9,suppressed_1_9,nonmetro_adjacent,Q1_lowest,Constrained Bayesian posterior estimate; not an observed or recovered true suppressed count.
18149,Starke County,18,Indiana,10.0,10.0,10.0,10.0,7.17653559920484,7.17653559920484,7.17653559920484,7.17653559920484,1.0,exact,exact,nonmetro_adjacent,Q2,Constrained Bayesian posterior estimate; not an observed or recovered true suppressed count.
18151,Steuben County,18,Indiana,6.058333333333334,6.0,4.0,9.0,2.9048256065771336,2.876856171575702,1.9179041143838016,4.315284257363554,0.375,suppressed_1_9,suppressed_1_9,nonmetro_nonadjacent,Q1_lowest,Constrained Bayesian posterior estimate; not an observed or recovered true suppressed count.
18153,Sullivan County,18,Indiana,4.391666666666667,4.0,3.0,9.0,3.535963499731616,3.22061191626409,2.4154589371980677,7.246376811594203,0.5361111111111111,suppressed_1_9,suppressed_1_9,metro_other,Q3,Constrained Bayesian posterior estimate; not an observed or recovered true suppressed count.
18155,Switzerland County,18,Indiana,3.511111111111111,3.0,3.0,5.0,5.7298069635286915,4.895721139723881,4.895721139723881,8.159535232873136,1.0,suppressed_1_9,suppressed_1_9,nonmetro_adjacent,Q3,Constrained Bayesian posterior estimate; not an observed or recovered true suppressed count.
18157,Tippecanoe County,18,Indiana,15.0,15.0,15.0,15.0,1.3065268857102539,1.306526885710254,1.306526885710254,1.306526885710254,0.0,exact,exact,metro_other,Q3,Constrained Bayesian posterior estimate; not an observed or recovered true suppressed count.
18159,Tipton County,18,Indiana,3.1555555555555554,2.0,2.0,9.0,3.441623282823876,2.1813105313672456,2.1813105313672456,9.815897391152605,0.49722222222222223,suppressed_1_9,suppressed_1_9,metro_large,Q1_lowest,Constrained Bayesian posterior estimate; not an observed or recovered true suppressed count.
18161,Union County,18,Indiana,3.5527777777777776,3.0,3.0,7.0,8.453158004658158,7.137928573128078,7.137928573128078,16.655166670632184,1.0,suppressed_1_9,suppressed_1_9,nonmetro_adjacent,Q1_lowest,Constrained Bayesian posterior estimate; not an observed or recovered true suppressed count.
18163,Vanderburgh County,18,Indiana,56.0,56.0,56.0,56.0,5.166881030718954,5.166881030718954,5.166881030718954,5.166881030718954,1.0,exact,exact,metro_other,Q3,Constrained Bayesian posterior estimate; not an observed or recovered true suppressed count.
18165,Vermillion County,18,Indiana,2.3916666666666666,2.0,2.0,4.0,2.5841328838562827,2.1609473593223267,2.1609473593223267,4.3218947186446535,0.3333333333333333,suppressed_1_9,suppressed_1_9,metro_other,Q2,Constrained Bayesian posterior estimate; not an observed or recovered true suppressed count.
18167,Vigo County,18,Indiana,27.0,27.0,27.0,27.0,4.232207096000565,4.232207096000565,4.232207096000565,4.232207096000565,1.0,exact,exact,metro_other,Q3,Constrained Bayesian posterior estimate; not an observed or recovered true suppressed count.
18169,Wabash County,18,Indiana,12.0,12.0,12.0,12.0,6.491012652065494,6.4910126520654945,6.4910126520654945,6.4910126520654945,1.0,exact,exact,nonmetro_adjacent,Q1_lowest,Constrained Bayesian posterior estimate; not an observed or recovered true suppressed count.
18171,Warren County,18,Indiana,1.4305555555555556,1.0,1.0,3.0,2.8404327606138415,1.9855452307203558,1.9855452307203558,5.9566356921610675,0.3527777777777778,suppressed_1_9,suppressed_1_9,metro_other,Q1_lowest,Constrained Bayesian posterior estimate; not an observed or recovered true suppressed count.
18173,Warrick County,18,Indiana,13.0,13.0,13.0,13.0,3.349030841997877,3.349030841997877,3.349030841997877,3.349030841997877,1.0,exact,exact,metro_other,Q1_lowest,Constrained Bayesian posterior estimate; not an observed or recovered true suppressed count.
18175,Washington County,18,Indiana,5.358333333333333,5.0,4.0,8.0,3.168268046316827,2.9563932002956395,2.365114560236511,4.730229120473022,0.7805555555555556,suppressed_1_9,suppressed_1_9,metro_large,Q2,Constrained Bayesian posterior estimate; not an observed or recovered true suppressed count.
18177,Wayne County,18,Indiana,59.0,59.0,59.0,59.0,14.864156723637537,14.864156723637535,14.864156723637535,14.864156723637535,1.0,exact,exact,nonmetro_nonadjacent,Q4_highest,Constrained Bayesian posterior estimate; not an observed or recovered true suppressed count.
18179,Wells County,18,Indiana,5.538888888888889,5.0,4.0,8.0,3.2519911514527635,2.935598832805904,2.3484790662447232,4.6969581324894465,0.7138888888888889,suppressed_1_9,suppressed_1_9,metro_other,Q1_lowest,Constrained Bayesian posterior estimate; not an observed or recovered true suppressed count.
18181,White County,18,Indiana,4.4,4.0,3.0,6.0,2.987790800320508,2.716173454836826,2.0371300911276196,4.074260182255239,0.49166666666666664,suppressed_1_9,suppressed_1_9,nonmetro_adjacent,Q1_lowest,Constrained Bayesian posterior estimate; not an observed or recovered true suppressed count.
18183,Whitley County,18,Indiana,5.852777777777778,6.0,4.0,9.0,2.82707378676001,2.8981867011872904,1.9321244674581937,4.347280051780936,0.3472222222222222,suppressed_1_9,suppressed_1_9,metro_other,Q1_lowest,Constrained Bayesian posterior estimate; not an observed or recovered true suppressed count.
19001,Adair County,19,Iowa,0.0,0.0,0.0,0.0,0.0,0.0,0.0,0.0,0.0,zero,zero,nonmetro_adjacent,Q1_lowest,Constrained Bayesian posterior estimate; not an observed or recovered true suppressed count.
19003,Adams County,19,Iowa,0.0,0.0,0.0,0.0,0.0,0.0,0.0,0.0,0.0,zero,zero,nonmetro_nonadjacent,Q1_lowest,Constrained Bayesian posterior estimate; not an observed or recovered true suppressed count.
19005,Allamakee County,19,Iowa,5.169444444444444,5.0,4.0,8.024999999999977,6.192953942525659,5.9899608256562,4.791968660524961,9.613887125178175,1.0,suppressed_1_9,suppressed_1_9,nonmetro_adjacent,Q1_lowest,Constrained Bayesian posterior estimate; not an observed or recovered true suppressed count.
19007,Appanoose County,19,Iowa,5.788888888888889,6.0,5.0,7.024999999999977,7.8833327280870575,8.170824708573917,6.809020590478265,9.566673929621931,1.0,suppressed_1_9,suppressed_1_9,nonmetro_nonadjacent,Q2,Constrained Bayesian posterior estimate; not an observed or recovered true suppressed count.
19009,Audubon County,19,Iowa,0.0,0.0,0.0,0.0,0.0,0.0,0.0,0.0,0.0,zero,zero,nonmetro_nonadjacent,Q1_lowest,Constrained Bayesian posterior estimate; not an observed or recovered true suppressed count.
19011,Benton County,19,Iowa,3.1444444444444444,3.0,2.0,7.0,2.041104821911801,1.9473438230253932,1.2982292153502621,4.543802253725918,0.10555555555555556,suppressed_1_9,suppressed_1_9,metro_other,Q1_lowest,Constrained Bayesian posterior estimate; not an observed or recovered true suppressed count.
19013,Black Hawk County,19,Iowa,26.0,26.0,26.0,26.0,3.3100989846907916,3.310098984690792,3.310098984690792,3.310098984690792,1.0,exact,exact,metro_other,Q3,Constrained Bayesian posterior estimate; not an observed or recovered true suppressed count.
19015,Boone County,19,Iowa,4.275,4.0,3.0,8.024999999999977,2.685942624495797,2.5131626895867103,1.8848720171900328,5.042032645983324,0.3138888888888889,suppressed_1_9,suppressed_1_9,metro_other,Q1_lowest,Constrained Bayesian posterior estimate; not an observed or recovered true suppressed count.
19017,Bremer County,19,Iowa,4.266666666666667,4.0,3.0,7.0,2.8191100421985533,2.642915664561144,1.982186748420858,4.6251024129820015,0.3527777777777778,suppressed_1_9,suppressed_1_9,metro_other,Q1_lowest,Constrained Bayesian posterior estimate; not an observed or recovered true suppressed count.
19019,Buchanan County,19,Iowa,4.391666666666667,4.0,3.0,8.0,3.5061247408661127,3.193434299081089,2.395075724310817,6.386868598162178,0.6361111111111111,suppressed_1_9,suppressed_1_9,nonmetro_adjacent,Q1_lowest,Constrained Bayesian posterior estimate; not an observed or recovered true suppressed count.
19021,Buena Vista County,19,Iowa,5.45,5.0,4.0,8.0,4.4618734956527435,4.0934619226171955,3.2747695380937567,6.549539076187513,1.0,suppressed_1_9,suppressed_1_9,nonmetro_nonadjacent,Q3,Constrained Bayesian posterior estimate; not an observed or recovered true suppressed count.
19023,Butler County,19,Iowa,4.691666666666666,5.0,4.0,6.024999999999977,5.4744596523572255,5.83423764016756,4.667390112134047,7.030256356401883,1.0,suppressed_1_9,suppressed_1_9,nonmetro_adjacent,Q1_lowest,Constrained Bayesian posterior estimate; not an observed or recovered true suppressed count.
19025,Calhoun County,19,Iowa,3.1222222222222222,2.0,2.0,8.0,5.359578100115393,3.433181701141533,3.433181701141533,13.732726804566132,1.0,suppressed_1_9,suppressed_1_9,nonmetro_nonadjacent,Q1_lowest,Constrained Bayesian posterior estimate; not an observed or recovered true suppressed count.
19027,Carroll County,19,Iowa,5.15,5.0,4.0,8.0,4.212093205852765,4.089410879468704,3.2715287035749627,6.5430574071499255,1.0,suppressed_1_9,suppressed_1_9,nonmetro_nonadjacent,Q1_lowest,Constrained Bayesian posterior estimate; not an observed or recovered true suppressed count.
19029,Cass County,19,Iowa,2.411111111111111,2.0,2.0,4.0,3.0927144483922877,2.5653852567309294,2.5653852567309294,5.130770513461859,0.33611111111111114,suppressed_1_9,suppressed_1_9,nonmetro_adjacent,Q1_lowest,Constrained Bayesian posterior estimate; not an observed or recovered true suppressed count.
19031,Cedar County,19,Iowa,5.502777777777778,5.0,4.0,9.0,4.9819633311403635,4.526771325619715,3.621417060495772,8.148188386115487,1.0,suppressed_1_9,suppressed_1_9,nonmetro_adjacent,Q1_lowest,Constrained Bayesian posterior estimate; not an observed or recovered true suppressed count.
19033,Cerro Gordo County,19,Iowa,10.0,10.0,10.0,10.0,3.9282389312047523,3.928238931204752,3.928238931204752,3.928238931204752,1.0,exact,exact,nonmetro_nonadjacent,Q1_lowest,Constrained Bayesian posterior estimate; not an observed or recovered true suppressed count.
19035,Cherokee County,19,Iowa,1.3583333333333334,1.0,1.0,2.0,1.9777137144132868,1.4559855566232784,1.4559855566232784,2.911971113246557,0.002777777777777778,suppressed_1_9,suppressed_1_9,nonmetro_nonadjacent,Q1_lowest,Constrained Bayesian posterior estimate; not an observed or recovered true suppressed count.
19037,Chickasaw County,19,Iowa,2.5861111111111112,2.0,2.0,5.0,3.655435723226584,2.826974995406166,2.826974995406166,7.067437488515414,0.44166666666666665,suppressed_1_9,suppressed_1_9,nonmetro_adjacent,Q1_lowest,Constrained Bayesian posterior estimate; not an observed or recovered true suppressed count.
19039,Clarke County,19,Iowa,3.5055555555555555,3.0,3.0,6.0,6.113950076836171,5.232223520588799,5.232223520588799,10.464447041177598,1.0,suppressed_1_9,suppressed_1_9,nonmetro_adjacent,Q4_highest,Constrained Bayesian posterior estimate; not an observed or recovered true suppressed count.
19041,Clay County,19,Iowa,0.0,0.0,0.0,0.0,0.0,0.0,0.0,0.0,0.0,zero,zero,nonmetro_nonadjacent,Q1_lowest,Constrained Bayesian posterior estimate; not an observed or recovered true suppressed count.
19043,Clayton County,19,Iowa,7.0777777777777775,7.0,5.0,9.0,6.885332728029357,6.809669731018046,4.864049807870033,8.75528965416606,1.0,suppressed_1_9,suppressed_1_9,nonmetro_adjacent,Q2,Constrained Bayesian posterior estimate; not an observed or recovered true suppressed count.
19045,Clinton County,19,Iowa,5.019444444444445,5.0,2.0,8.0,1.806848947427995,1.7998495325790762,0.7199398130316306,2.8797592521265223,0.0,suppressed_1_9,suppressed_1_9,nonmetro_adjacent,Q2,Constrained Bayesian posterior estimate; not an observed or recovered true suppressed count.
19047,Crawford County,19,Iowa,1.4277777777777778,1.0,1.0,4.0,1.4515689935825966,1.0166631083457875,1.0166631083457875,4.06665243338315,0.10555555555555556,suppressed_1_9,suppressed_1_9,nonmetro_nonadjacent,Q4_highest,Constrained Bayesian posterior estimate; not an observed or recovered true suppressed count.
19049,Dallas County,19,Iowa,6.25,6.0,3.0,9.0,0.9941733488371354,0.95440641488365,0.477203207441825,1.4316096223254748,0.0,suppressed_1_9,suppressed_1_9,metro_other,Q1_lowest,Constrained Bayesian posterior estimate; not an observed or recovered true suppressed count.
19051,Davis County,19,Iowa,0.0,0.0,0.0,0.0,0.0,0.0,0.0,0.0,0.0,zero,zero,nonmetro_nonadjacent,Q2,Constrained Bayesian posterior estimate; not an observed or recovered true suppressed count.
19053,Decatur County,19,Iowa,0.0,0.0,0.0,0.0,0.0,0.0,0.0,0.0,0.0,zero,zero,nonmetro_nonadjacent,Q3,Constrained Bayesian posterior estimate; not an observed or recovered true suppressed count.
19055,Delaware County,19,Iowa,3.977777777777778,4.0,3.0,6.0,3.8161632635657674,3.837482611406917,2.8781119585551878,5.7562239171103755,0.6305555555555555,suppressed_1_9,suppressed_1_9,nonmetro_adjacent,Q1_lowest,Constrained Bayesian posterior estimate; not an observed or recovered true suppressed count.
19057,Des Moines County,19,Iowa,16.0,16.0,16.0,16.0,6.92272080234334,6.92272080234334,6.92272080234334,6.92272080234334,1.0,exact,exact,nonmetro_nonadjacent,Q2,Constrained Bayesian posterior estimate; not an observed or recovered true suppressed count.
19059,Dickinson County,19,Iowa,6.583333333333333,6.0,5.0,9.0,6.158403492360462,5.612722170252572,4.677268475210477,8.419083255378858,1.0,suppressed_1_9,suppressed_1_9,nonmetro_nonadjacent,Q1_lowest,Constrained Bayesian posterior estimate; not an observed or recovered true suppressed count.
19061,Dubuque County,19,Iowa,23.0,23.0,23.0,23.0,3.8954990049540585,3.8954990049540585,3.8954990049540585,3.8954990049540585,1.0,exact,exact,metro_other,Q1_lowest,Constrained Bayesian posterior estimate; not an observed or recovered true suppressed count.
19063,Emmet County,19,Iowa,2.6083333333333334,2.0,2.0,4.0,4.726012091343396,3.623779239368737,3.623779239368737,7.247558478737474,1.0,suppressed_1_9,suppressed_1_9,nonmetro_nonadjacent,Q1_lowest,Constrained Bayesian posterior estimate; not an observed or recovered true suppressed count.
19065,Fayette County,19,Iowa,2.611111111111111,2.0,2.0,4.0,2.254417218759054,1.7267876569218283,1.7267876569218283,3.4535753138436567,0.1111111111111111,suppressed_1_9,suppressed_1_9,nonmetro_adjacent,Q1_lowest,Constrained Bayesian posterior estimate; not an observed or recovered true suppressed count.
19067,Floyd County,19,Iowa,3.4194444444444443,3.0,3.0,5.0,3.7084836609813294,3.253584365442596,3.253584365442596,5.422640609070993,1.0,suppressed_1_9,suppressed_1_9,nonmetro_nonadjacent,Q1_lowest,Constrained Bayesian posterior estimate; not an observed or recovered true suppressed count.
19069,Franklin County,19,Iowa,1.275,1.0,1.0,3.0,2.1318218298555376,1.6720171214553237,1.6720171214553237,5.016051364365971,0.23333333333333334,suppressed_1_9,suppressed_1_9,nonmetro_nonadjacent,Q1_lowest,Constrained Bayesian posterior estimate; not an observed or recovered true suppressed count.
19071,Fremont County,19,Iowa,2.1333333333333333,2.0,2.0,3.0,5.377428244941856,5.04133897963299,5.04133897963299,7.562008469449486,1.0,suppressed_1_9,suppressed_1_9,nonmetro_adjacent,Q1_lowest,Constrained Bayesian posterior estimate; not an observed or recovered true suppressed count.
19073,Greene County,19,Iowa,0.0,0.0,0.0,0.0,0.0,0.0,0.0,0.0,0.0,zero,zero,nonmetro_adjacent,Q1_lowest,Constrained Bayesian posterior estimate; not an observed or recovered true suppressed count.
19075,Grundy County,19,Iowa,1.1583333333333334,1.0,1.0,2.0,1.566564332823918,1.352429639847987,1.352429639847987,2.704859279695974,0.013888888888888888,suppressed_1_9,suppressed_1_9,metro_other,Q1_lowest,Constrained Bayesian posterior estimate; not an observed or recovered true suppressed count.
19077,Guthrie County,19,Iowa,0.0,0.0,0.0,0.0,0.0,0.0,0.0,0.0,0.0,zero,zero,metro_other,Q1_lowest,Constrained Bayesian posterior estimate; not an observed or recovered true suppressed count.
19079,Hamilton County,19,Iowa,3.0444444444444443,3.0,2.0,5.0,3.4291621455541668,3.3791013843052005,2.252734256203467,5.631835640508667,0.625,suppressed_1_9,suppressed_1_9,nonmetro_adjacent,Q1_lowest,Constrained Bayesian posterior estimate; not an observed or recovered true suppressed count.
19081,Hancock County,19,Iowa,3.511111111111111,3.0,3.0,5.0,5.510564239925782,4.708393496139117,4.708393496139117,7.847322493565195,1.0,suppressed_1_9,suppressed_1_9,nonmetro_nonadjacent,Q1_lowest,Constrained Bayesian posterior estimate; not an observed or recovered true suppressed count.
19083,Hardin County,19,Iowa,3.6972222222222224,3.5,3.0,6.0,3.711213497106313,3.513244933398914,3.011352800056212,6.022705600112424,1.0,suppressed_1_9,suppressed_1_9,nonmetro_adjacent,Q1_lowest,Constrained Bayesian posterior estimate; not an observed or recovered true suppressed count.
19085,Harrison County,19,Iowa,1.2722222222222221,1.0,1.0,2.0,1.4690787785476007,1.1547344110854505,1.1547344110854505,2.309468822170901,0.016666666666666666,suppressed_1_9,suppressed_1_9,metro_other,Q1_lowest,Constrained Bayesian posterior estimate; not an observed or recovered true suppressed count.
19087,Henry County,19,Iowa,2.1694444444444443,2.0,2.0,3.0,1.8208897319538402,1.6786691510970102,1.6786691510970102,2.518003726645515,0.002777777777777778,suppressed_1_9,suppressed_1_9,nonmetro_adjacent,Q1_lowest,Constrained Bayesian posterior estimate; not an observed or recovered true suppressed count.
19089,Howard County,19,Iowa,2.5694444444444446,2.0,2.0,5.0,4.581666597322522,3.5662702162942885,3.5662702162942885,8.915675540735721,1.0,suppressed_1_9,suppressed_1_9,nonmetro_adjacent,Q1_lowest,Constrained Bayesian posterior estimate; not an observed or recovered true suppressed count.
19091,Humboldt County,19,Iowa,1.1166666666666667,1.0,1.0,2.0,1.9469726028989551,1.743557554834885,1.743557554834885,3.48711510966977,0.08888888888888889,suppressed_1_9,suppressed_1_9,nonmetro_nonadjacent,Q1_lowest,Constrained Bayesian posterior estimate; not an observed or recovered true suppressed count.
19093,Ida County,19,Iowa,1.0305555555555554,1.0,1.0,2.0,2.5025632723544335,2.4283632831471587,2.4283632831471587,4.856726566294317,0.030555555555555555,suppressed_1_9,suppressed_1_9,nonmetro_adjacent,Q1_lowest,Constrained Bayesian posterior estimate; not an observed or recovered true suppressed count.
19095,Iowa County,19,Iowa,2.5555555555555554,2.0,2.0,5.0,2.6032205233378716,2.0373030182644216,2.0373030182644216,5.093257545661054,0.40555555555555556,suppressed_1_9,suppressed_1_9,nonmetro_adjacent,Q1_lowest,Constrained Bayesian posterior estimate; not an observed or recovered true suppressed count.
19097,Jackson County,19,Iowa,4.3,4.0,3.0,8.0,3.704724816486887,3.4462556432436156,2.5846917324327117,6.892511286487231,0.6194444444444445,suppressed_1_9,suppressed_1_9,nonmetro_adjacent,Q1_lowest,Constrained Bayesian posterior estimate; not an observed or recovered true suppressed count.
19099,Jasper County,19,Iowa,4.183333333333334,4.0,3.0,6.0,1.8505329682401357,1.7694339138551098,1.3270754353913323,2.6541508707826647,0.019444444444444445,suppressed_1_9,suppressed_1_9,metro_other,Q1_lowest,Constrained Bayesian posterior estimate; not an observed or recovered true suppressed count.
19101,Jefferson County,19,Iowa,1.7944444444444445,1.0,1.0,7.0,1.80876990206883,1.0079832271591,1.0079832271591,7.055882590113701,0.1527777777777778,suppressed_1_9,suppressed_1_9,nonmetro_nonadjacent,Q3,Constrained Bayesian posterior estimate; not an observed or recovered true suppressed count.
19103,Johnson County,19,Iowa,22.0,22.0,22.0,22.0,2.356328240808178,2.356328240808178,2.356328240808178,2.356328240808178,0.0,exact,exact,metro_other,Q2,Constrained Bayesian posterior estimate; not an observed or recovered true suppressed count.
19105,Jones County,19,Iowa,1.1583333333333334,1.0,1.0,2.0,0.9269113712686817,0.8002112557715236,0.8002112557715236,1.6004225115430473,0.0,suppressed_1_9,suppressed_1_9,metro_other,Q1_lowest,Constrained Bayesian posterior estimate; not an observed or recovered true suppressed count.
19107,Keokuk County,19,Iowa,3.8833333333333333,4.0,3.0,6.0,6.481079697809228,6.67579024667045,5.006842685002837,10.013685370005675,1.0,suppressed_1_9,suppressed_1_9,nonmetro_adjacent,Q1_lowest,Constrained Bayesian posterior estimate; not an observed or recovered true suppressed count.
19109,Kossuth County,19,Iowa,3.4916666666666667,3.0,2.0,9.0,3.999572360759518,3.4363867538745256,2.2909245025830174,10.309160261623578,0.5916666666666667,suppressed_1_9,suppressed_1_9,nonmetro_nonadjacent,Q1_lowest,Constrained Bayesian posterior estimate; not an observed or recovered true suppressed count.
19111,Lee County,19,Iowa,14.0,14.0,14.0,14.0,7.065960743540955,7.0659607435409555,7.0659607435409555,7.0659607435409555,1.0,exact,exact,nonmetro_nonadjacent,Q2,Constrained Bayesian posterior estimate; not an observed or recovered true suppressed count.
19113,Linn County,19,Iowa,31.0,31.0,31.0,31.0,2.257392231366684,2.2573922313666834,2.2573922313666834,2.2573922313666834,0.0,exact,exact,metro_other,Q1_lowest,Constrained Bayesian posterior estimate; not an observed or recovered true suppressed count.
19115,Louisa County,19,Iowa,1.1388888888888888,1.0,1.0,3.0,1.7625766290936913,1.547628259692022,1.547628259692022,4.642884779076066,0.09722222222222222,suppressed_1_9,suppressed_1_9,nonmetro_adjacent,Q2,Constrained Bayesian posterior estimate; not an observed or recovered true suppressed count.
19117,Lucas County,19,Iowa,3.338888888888889,3.0,3.0,4.0,6.418224768153645,5.766790973049864,5.766790973049864,7.6890546307331515,1.0,suppressed_1_9,suppressed_1_9,nonmetro_adjacent,Q2,Constrained Bayesian posterior estimate; not an observed or recovered true suppressed count.
19119,Lyon County,19,Iowa,2.286111111111111,2.0,2.0,4.0,3.1574811970651924,2.762316478598953,2.762316478598953,5.524632957197906,0.24722222222222223,suppressed_1_9,suppressed_1_9,nonmetro_adjacent,Q1_lowest,Constrained Bayesian posterior estimate; not an observed or recovered true suppressed count.
19121,Madison County,19,Iowa,1.2861111111111112,1.0,1.0,3.0,1.275903880070547,0.9920634920634921,0.9920634920634921,2.9761904761904763,0.05,suppressed_1_9,suppressed_1_9,metro_other,Q1_lowest,Constrained Bayesian posterior estimate; not an observed or recovered true suppressed count.
19123,Mahaska County,19,Iowa,4.544444444444444,4.0,3.0,7.0,3.434876340252636,3.0233630378751806,2.2675222784063855,5.290885316281566,0.8027777777777778,suppressed_1_9,suppressed_1_9,nonmetro_nonadjacent,Q1_lowest,Constrained Bayesian posterior estimate; not an observed or recovered true suppressed count.
19125,Marion County,19,Iowa,6.033333333333333,6.0,3.0,9.0,2.9977657535902797,2.981203511857737,1.4906017559288685,4.471805267786605,0.6083333333333333,suppressed_1_9,suppressed_1_9,nonmetro_adjacent,Q1_lowest,Constrained Bayesian posterior estimate; not an observed or recovered true suppressed count.
19127,Marshall County,19,Iowa,10.0,10.0,10.0,10.0,4.184065405310415,4.184065405310416,4.184065405310416,4.184065405310416,1.0,exact,exact,nonmetro_adjacent,Q3,Constrained Bayesian posterior estimate; not an observed or recovered true suppressed count.
19129,Mills County,19,Iowa,13.0,13.0,13.0,13.0,14.732046734585179,14.732046734585179,14.732046734585179,14.732046734585179,1.0,exact,exact,metro_other,Q1_lowest,Constrained Bayesian posterior estimate; not an observed or recovered true suppressed count.
19131,Mitchell County,19,Iowa,2.4611111111111112,2.0,2.0,4.0,3.877597465119129,3.1510950055144162,3.1510950055144162,6.3021900110288325,1.0,suppressed_1_9,suppressed_1_9,nonmetro_nonadjacent,Q1_lowest,Constrained Bayesian posterior estimate; not an observed or recovered true suppressed count.
19133,Monona County,19,Iowa,2.4166666666666665,2.0,2.0,7.0,4.720513070937916,3.906631506983104,3.906631506983104,13.673210274440864,1.0,suppressed_1_9,suppressed_1_9,nonmetro_adjacent,Q1_lowest,Constrained Bayesian posterior estimate; not an observed or recovered true suppressed count.
19135,Monroe County,19,Iowa,2.1277777777777778,2.0,2.0,3.0,4.674996216060503,4.394252317968098,4.394252317968098,6.591378476952147,1.0,suppressed_1_9,suppressed_1_9,nonmetro_nonadjacent,Q1_lowest,Constrained Bayesian posterior estimate; not an observed or recovered true suppressed count.
19137,Montgomery County,19,Iowa,0.0,0.0,0.0,0.0,0.0,0.0,0.0,0.0,0.0,zero,zero,nonmetro_adjacent,Q1_lowest,Constrained Bayesian posterior estimate; not an observed or recovered true suppressed count.
19139,Muscatine County,19,Iowa,17.0,17.0,17.0,17.0,6.680472977486806,6.680472977486806,6.680472977486806,6.680472977486806,1.0,exact,exact,nonmetro_adjacent,Q2,Constrained Bayesian posterior estimate; not an observed or recovered true suppressed count.
19141,O'Brien County,19,Iowa,5.455555555555556,5.0,4.0,8.0,6.511841339184707,5.9680826937538045,4.774466155003044,9.548932310006087,1.0,suppressed_1_9,suppressed_1_9,nonmetro_nonadjacent,Q2,Constrained Bayesian posterior estimate; not an observed or recovered true suppressed count.
19143,Osceola County,19,Iowa,0.0,0.0,0.0,0.0,0.0,0.0,0.0,0.0,0.0,zero,zero,nonmetro_nonadjacent,Q2,Constrained Bayesian posterior estimate; not an observed or recovered true suppressed count.
19145,Page County,19,Iowa,1.4777777777777779,1.0,1.0,4.0,1.6316055489309917,1.1040939804796184,1.1040939804796184,4.4163759219184735,0.13055555555555556,suppressed_1_9,suppressed_1_9,nonmetro_adjacent,Q2,Constrained Bayesian posterior estimate; not an observed or recovered true suppressed count.
19147,Palo Alto County,19,Iowa,2.452777777777778,2.0,2.0,4.0,4.626136887547677,3.7721614485099964,3.7721614485099964,7.544322897019993,1.0,suppressed_1_9,suppressed_1_9,nonmetro_nonadjacent,Q1_lowest,Constrained Bayesian posterior estimate; not an observed or recovered true suppressed count.
19149,Plymouth County,19,Iowa,5.252777777777778,5.0,4.0,8.0,3.427050757322036,3.2621318684186487,2.609705494734919,5.219410989469838,0.7083333333333334,suppressed_1_9,suppressed_1_9,nonmetro_adjacent,Q1_lowest,Constrained Bayesian posterior estimate; not an observed or recovered true suppressed count.
19151,Pocahontas County,19,Iowa,0.0,0.0,0.0,0.0,0.0,0.0,0.0,0.0,0.0,zero,zero,nonmetro_nonadjacent,Q1_lowest,Constrained Bayesian posterior estimate; not an observed or recovered true suppressed count.
19153,Polk County,19,Iowa,87.0,87.0,87.0,87.0,2.8963168504052343,2.896316850405235,2.896316850405235,2.896316850405235,0.0,exact,exact,metro_other,Q2,Constrained Bayesian posterior estimate; not an observed or recovered true suppressed count.
19155,Pottawattamie County,19,Iowa,19.0,19.0,19.0,19.0,3.3945604848147015,3.394560484814702,3.394560484814702,3.394560484814702,1.0,exact,exact,metro_other,Q2,Constrained Bayesian posterior estimate; not an observed or recovered true suppressed count.
19157,Poweshiek County,19,Iowa,3.147222222222222,3.0,2.0,8.0,2.8393001237964928,2.7064820244485546,1.8043213496323696,7.217285398529478,0.28888888888888886,suppressed_1_9,suppressed_1_9,nonmetro_adjacent,Q1_lowest,Constrained Bayesian posterior estimate; not an observed or recovered true suppressed count.
19159,Ringgold County,19,Iowa,2.172222222222222,2.0,2.0,3.0,7.688193608771228,7.078643731860976,7.078643731860976,10.617965597791464,1.0,suppressed_1_9,suppressed_1_9,nonmetro_nonadjacent,Q1_lowest,Constrained Bayesian posterior estimate; not an observed or recovered true suppressed count.
19161,Sac County,19,Iowa,1.225,1.0,1.0,3.0,2.113234888214187,1.7250897046646425,1.7250897046646425,5.175269113993927,0.18888888888888888,suppressed_1_9,suppressed_1_9,nonmetro_nonadjacent,Q1_lowest,Constrained Bayesian posterior estimate; not an observed or recovered true suppressed count.
19163,Scott County,19,Iowa,35.0,35.0,35.0,35.0,3.3520922802272533,3.352092280227253,3.352092280227253,3.352092280227253,1.0,exact,exact,metro_other,Q2,Constrained Bayesian posterior estimate; not an observed or recovered true suppressed count.
19165,Shelby County,19,Iowa,3.488888888888889,3.0,3.0,5.0,4.989401494278078,4.290249692532105,4.290249692532105,7.150416154220176,1.0,suppressed_1_9,suppressed_1_9,nonmetro_adjacent,Q1_lowest,Constrained Bayesian posterior estimate; not an observed or recovered true suppressed count.
19167,Sioux County,19,Iowa,6.052777777777778,6.0,4.0,9.0,2.8199541456561317,2.7953652843585335,1.8635768562390223,4.1930479265378,0.35555555555555557,suppressed_1_9,suppressed_1_9,nonmetro_adjacent,Q1_lowest,Constrained Bayesian posterior estimate; not an observed or recovered true suppressed count.
19169,Story County,19,Iowa,10.0,10.0,10.0,10.0,1.6790834890683268,1.679083489068327,1.679083489068327,1.679083489068327,0.0,exact,exact,metro_other,Q1_lowest,Constrained Bayesian posterior estimate; not an observed or recovered true suppressed count.
19171,Tama County,19,Iowa,1.15,1.0,1.0,2.0,1.1386589567903678,0.9901382232959721,0.9901382232959721,1.9802764465919442,0.0,suppressed_1_9,suppressed_1_9,nonmetro_adjacent,Q2,Constrained Bayesian posterior estimate; not an observed or recovered true suppressed count.
19173,Taylor County,19,Iowa,0.0,0.0,0.0,0.0,0.0,0.0,0.0,0.0,0.0,zero,zero,nonmetro_nonadjacent,Q1_lowest,Constrained Bayesian posterior estimate; not an observed or recovered true suppressed count.
19175,Union County,19,Iowa,4.069444444444445,4.0,3.0,7.0,5.639161416280201,5.542929992794191,4.157197494595643,9.700127487389834,1.0,suppressed_1_9,suppressed_1_9,nonmetro_adjacent,Q2,Constrained Bayesian posterior estimate; not an observed or recovered true suppressed count.
19177,Van Buren County,19,Iowa,0.0,0.0,0.0,0.0,0.0,0.0,0.0,0.0,0.0,zero,zero,nonmetro_nonadjacent,Q2,Constrained Bayesian posterior estimate; not an observed or recovered true suppressed count.
19179,Wapello County,19,Iowa,7.1722222222222225,7.0,5.0,9.0,3.3975472393283854,3.3159639981051634,2.3685457129322596,4.263382283278068,0.675,suppressed_1_9,suppressed_1_9,nonmetro_nonadjacent,Q4_highest,Constrained Bayesian posterior estimate; not an observed or recovered true suppressed count.
19181,Warren County,19,Iowa,6.941666666666666,7.0,4.0,9.0,2.1490695792880254,2.167128987517337,1.2383594214384783,2.786308698236576,0.0,suppressed_1_9,suppressed_1_9,metro_other,Q1_lowest,Constrained Bayesian posterior estimate; not an observed or recovered true suppressed count.
19183,Washington County,19,Iowa,6.475,6.0,5.0,9.0,4.824528723642053,4.470605767081439,3.7255048059012,6.705908650622159,1.0,suppressed_1_9,suppressed_1_9,metro_other,Q1_lowest,Constrained Bayesian posterior estimate; not an observed or recovered true suppressed count.
19185,Wayne County,19,Iowa,0.0,0.0,0.0,0.0,0.0,0.0,0.0,0.0,0.0,zero,zero,nonmetro_nonadjacent,Q2,Constrained Bayesian posterior estimate; not an observed or recovered true suppressed count.
19187,Webster County,19,Iowa,5.747222222222222,6.0,4.0,8.0,2.6242424703647047,2.7396634780027855,1.8264423186685235,3.652884637337047,0.30833333333333335,suppressed_1_9,suppressed_1_9,nonmetro_nonadjacent,Q2,Constrained Bayesian posterior estimate; not an observed or recovered true suppressed count.
19189,Winnebago County,19,Iowa,1.238888888888889,1.0,1.0,3.0,1.9709327196043287,1.5908873969900412,1.5908873969900412,4.772662190970123,0.20277777777777778,suppressed_1_9,suppressed_1_9,nonmetro_nonadjacent,Q1_lowest,Constrained Bayesian posterior estimate; not an observed or recovered true suppressed count.
19191,Winneshiek County,19,Iowa,4.030555555555556,4.0,3.0,6.0,3.379722410890392,3.354100807499769,2.515575605624827,5.031151211249654,0.6972222222222222,suppressed_1_9,suppressed_1_9,nonmetro_nonadjacent,Q1_lowest,Constrained Bayesian posterior estimate; not an observed or recovered true suppressed count.
19193,Woodbury County,19,Iowa,19.0,19.0,19.0,19.0,3.012377701428977,3.012377701428977,3.012377701428977,3.012377701428977,1.0,exact,exact,metro_other,Q3,Constrained Bayesian posterior estimate; not an observed or recovered true suppressed count.
19195,Worth County,19,Iowa,3.1444444444444444,3.0,3.0,4.0,7.138676998829561,6.810751907010534,6.810751907010534,9.081002542680713,1.0,suppressed_1_9,suppressed_1_9,nonmetro_nonadjacent,Q1_lowest,Constrained Bayesian posterior estimate; not an observed or recovered true suppressed count.
19197,Wright County,19,Iowa,2.5388888888888888,2.0,2.0,4.0,3.348176672366626,2.6375133524113465,2.6375133524113465,5.275026704822693,0.40555555555555556,suppressed_1_9,suppressed_1_9,nonmetro_nonadjacent,Q2,Constrained Bayesian posterior estimate; not an observed or recovered true suppressed count.
20001,Allen County,20,Kansas,0.0,0.0,0.0,0.0,0.0,0.0,0.0,0.0,0.0,zero,zero,nonmetro_nonadjacent,Q3,Constrained Bayesian posterior estimate; not an observed or recovered true suppressed count.
20003,Anderson County,20,Kansas,0.0,0.0,0.0,0.0,0.0,0.0,0.0,0.0,0.0,zero,zero,nonmetro_adjacent,Q2,Constrained Bayesian posterior estimate; not an observed or recovered true suppressed count.
20005,Atchison County,20,Kansas,1.1444444444444444,1.0,1.0,2.0,1.1834999425485462,1.0341261633919339,1.0341261633919339,2.0682523267838677,0.005555555555555556,suppressed_1_9,suppressed_1_9,nonmetro_adjacent,Q2,Constrained Bayesian posterior estimate; not an observed or recovered true suppressed count.
20007,Barber County,20,Kansas,2.077777777777778,2.0,2.0,3.0,8.258914769766191,7.949757532395262,7.949757532395262,11.924636298592892,1.0,suppressed_1_9,suppressed_1_9,nonmetro_nonadjacent,Q3,Constrained Bayesian posterior estimate; not an observed or recovered true suppressed count.
20009,Barton County,20,Kansas,5.436111111111111,5.0,4.0,8.0,3.58897390924169,3.301049073395525,2.64083925871642,5.28167851743284,0.6972222222222222,suppressed_1_9,suppressed_1_9,nonmetro_nonadjacent,Q3,Constrained Bayesian posterior estimate; not an observed or recovered true suppressed count.
20011,Bourbon County,20,Kansas,2.6416666666666666,2.0,2.0,4.0,3.04982470723607,2.3090155512197374,2.3090155512197374,4.618031102439475,0.4527777777777778,suppressed_1_9,suppressed_1_9,nonmetro_adjacent,Q3,Constrained Bayesian posterior estimate; not an observed or recovered true suppressed count.
20013,Brown County,20,Kansas,2.161111111111111,2.0,2.0,3.0,3.8414972556501628,3.5551131414757275,3.5551131414757275,5.332669712213591,1.0,suppressed_1_9,suppressed_1_9,nonmetro_adjacent,Q1_lowest,Constrained Bayesian posterior estimate; not an observed or recovered true suppressed count.
20015,Butler County,20,Kansas,7.436111111111111,8.0,5.0,9.0,1.823371743336826,1.9616401273104442,1.2260250795690277,2.2068451432242497,0.0,suppressed_1_9,suppressed_1_9,metro_other,Q1_lowest,Constrained Bayesian posterior estimate; not an observed or recovered true suppressed count.
20017,Chase County,20,Kansas,0.0,0.0,0.0,0.0,0.0,0.0,0.0,0.0,0.0,zero,zero,nonmetro_adjacent,Q1_lowest,Constrained Bayesian posterior estimate; not an observed or recovered true suppressed count.
20019,Chautauqua County,20,Kansas,2.077777777777778,2.0,2.0,3.0,10.401370533529123,10.012014417300762,10.012014417300762,15.01802162595114,1.0,suppressed_1_9,suppressed_1_9,nonmetro_nonadjacent,Q3,Constrained Bayesian posterior estimate; not an observed or recovered true suppressed count.
20021,Cherokee County,20,Kansas,6.427777777777778,6.0,5.0,9.0,5.539993775287893,5.171299288946348,4.309416074121957,7.7569489334195225,1.0,suppressed_1_9,suppressed_1_9,metro_other,Q2,Constrained Bayesian posterior estimate; not an observed or recovered true suppressed count.
20023,Cheyenne County,20,Kansas,1.0805555555555555,1.0,1.0,2.0,6.858492894671884,6.34719136781974,6.34719136781974,12.69438273563948,1.0,suppressed_1_9,suppressed_1_9,nonmetro_nonadjacent,Q2,Constrained Bayesian posterior estimate; not an observed or recovered true suppressed count.
20025,Clark County,20,Kansas,3.013888888888889,3.0,3.0,3.0,26.01095096995675,25.89108483645465,25.89108483645465,25.89108483645465,1.0,suppressed_1_9,suppressed_1_9,nonmetro_nonadjacent,Q1_lowest,Constrained Bayesian posterior estimate; not an observed or recovered true suppressed count.
20027,Clay County,20,Kansas,0.0,0.0,0.0,0.0,0.0,0.0,0.0,0.0,0.0,zero,zero,nonmetro_adjacent,Q2,Constrained Bayesian posterior estimate; not an observed or recovered true suppressed count.
20029,Cloud County,20,Kansas,1.2166666666666666,1.0,1.0,3.0,2.3008503690816138,1.8911098923958471,1.8911098923958471,5.673329677187541,0.14444444444444443,suppressed_1_9,suppressed_1_9,nonmetro_nonadjacent,Q2,Constrained Bayesian posterior estimate; not an observed or recovered true suppressed count.
20031,Coffey County,20,Kansas,0.0,0.0,0.0,0.0,0.0,0.0,0.0,0.0,0.0,zero,zero,nonmetro_adjacent,Q2,Constrained Bayesian posterior estimate; not an observed or recovered true suppressed count.
20033,Comanche County,20,Kansas,0.0,0.0,0.0,0.0,0.0,0.0,0.0,0.0,0.0,zero,zero,nonmetro_nonadjacent,Q2,Constrained Bayesian posterior estimate; not an observed or recovered true suppressed count.
20035,Cowley County,20,Kansas,12.0,12.0,12.0,12.0,5.801922370278688,5.801922370278686,5.801922370278686,5.801922370278686,1.0,exact,exact,nonmetro_adjacent,Q4_highest,Constrained Bayesian posterior estimate; not an observed or recovered true suppressed count.
20037,Crawford County,20,Kansas,3.9444444444444446,4.0,3.0,6.0,1.6899643726947458,1.7137666878031226,1.2853250158523417,2.5706500317046834,0.019444444444444445,suppressed_1_9,suppressed_1_9,nonmetro_adjacent,Q3,Constrained Bayesian posterior estimate; not an observed or recovered true suppressed count.
20039,Decatur County,20,Kansas,0.0,0.0,0.0,0.0,0.0,0.0,0.0,0.0,0.0,zero,zero,nonmetro_nonadjacent,Q1_lowest,Constrained Bayesian posterior estimate; not an observed or recovered true suppressed count.
20041,Dickinson County,20,Kansas,5.944444444444445,6.0,5.0,9.0,5.370499195428952,5.420690776694643,4.517242313912202,8.131036165041964,1.0,suppressed_1_9,suppressed_1_9,nonmetro_adjacent,Q1_lowest,Constrained Bayesian posterior estimate; not an observed or recovered true suppressed count.
20043,Doniphan County,20,Kansas,0.0,0.0,0.0,0.0,0.0,0.0,0.0,0.0,0.0,zero,zero,metro_other,Q1_lowest,Constrained Bayesian posterior estimate; not an observed or recovered true suppressed count.
20045,Douglas County,20,Kansas,22.0,22.0,22.0,22.0,3.027559044282179,3.0275590442821794,3.0275590442821794,3.0275590442821794,1.0,exact,exact,metro_other,Q2,Constrained Bayesian posterior estimate; not an observed or recovered true suppressed count.
20047,Edwards County,20,Kansas,0.0,0.0,0.0,0.0,0.0,0.0,0.0,0.0,0.0,zero,zero,nonmetro_nonadjacent,Q2,Constrained Bayesian posterior estimate; not an observed or recovered true suppressed count.
20049,Elk County,20,Kansas,0.0,0.0,0.0,0.0,0.0,0.0,0.0,0.0,0.0,zero,zero,nonmetro_adjacent,Q2,Constrained Bayesian posterior estimate; not an observed or recovered true suppressed count.
20051,Ellis County,20,Kansas,2.9305555555555554,3.0,2.0,6.0,1.696198200840157,1.7363924710022458,1.1575949806681638,3.4727849420044916,0.03611111111111111,suppressed_1_9,suppressed_1_9,nonmetro_nonadjacent,Q1_lowest,Constrained Bayesian posterior estimate; not an observed or recovered true suppressed count.
20053,Ellsworth County,20,Kansas,0.0,0.0,0.0,0.0,0.0,0.0,0.0,0.0,0.0,zero,zero,nonmetro_nonadjacent,Q1_lowest,Constrained Bayesian posterior estimate; not an observed or recovered true suppressed count.
20055,Finney County,20,Kansas,4.861111111111111,4.0,3.0,9.0,2.1705167913659578,1.7860252454668446,1.3395189341001335,4.018556802300401,0.21666666666666667,suppressed_1_9,suppressed_1_9,nonmetro_nonadjacent,Q4_highest,Constrained Bayesian posterior estimate; not an observed or recovered true suppressed count.
20057,Ford County,20,Kansas,5.25,5.0,4.0,8.0,2.589114867930484,2.465823683743318,1.9726589469946543,3.9453178939893085,0.35,suppressed_1_9,suppressed_1_9,nonmetro_nonadjacent,Q3,Constrained Bayesian posterior estimate; not an observed or recovered true suppressed count.
20059,Franklin County,20,Kansas,3.8666666666666667,3.0,3.0,7.0,2.4846370180928696,1.927735617485847,1.927735617485847,4.498049774133643,0.19444444444444445,suppressed_1_9,suppressed_1_9,nonmetro_adjacent,Q1_lowest,Constrained Bayesian posterior estimate; not an observed or recovered true suppressed count.
20061,Geary County,20,Kansas,5.288888888888889,5.0,4.0,8.0,2.5671850115226693,2.4269606201369776,1.941568496109582,3.883136992219164,0.18055555555555555,suppressed_1_9,suppressed_1_9,metro_other,Q3,Constrained Bayesian posterior estimate; not an observed or recovered true suppressed count.
20063,Gove County,20,Kansas,0.0,0.0,0.0,0.0,0.0,0.0,0.0,0.0,0.0,zero,zero,nonmetro_nonadjacent,Q1_lowest,Constrained Bayesian posterior estimate; not an observed or recovered true suppressed count.
20065,Graham County,20,Kansas,0.0,0.0,0.0,0.0,0.0,0.0,0.0,0.0,0.0,zero,zero,nonmetro_nonadjacent,Q2,Constrained Bayesian posterior estimate; not an observed or recovered true suppressed count.
20067,Grant County,20,Kansas,0.0,0.0,0.0,0.0,0.0,0.0,0.0,0.0,0.0,zero,zero,nonmetro_nonadjacent,Q2,Constrained Bayesian posterior estimate; not an observed or recovered true suppressed count.
20069,Gray County,20,Kansas,1.0277777777777777,1.0,1.0,2.0,2.9544031786184255,2.8745544440611703,2.8745544440611703,5.749108888122341,0.027777777777777776,suppressed_1_9,suppressed_1_9,nonmetro_nonadjacent,Q2,Constrained Bayesian posterior estimate; not an observed or recovered true suppressed count.
20071,Greeley County,20,Kansas,0.0,0.0,0.0,0.0,0.0,0.0,0.0,0.0,0.0,zero,zero,nonmetro_nonadjacent,Q2,Constrained Bayesian posterior estimate; not an observed or recovered true suppressed count.
20073,Greenwood County,20,Kansas,3.3361111111111112,3.0,3.0,5.0,9.405709524122784,8.45809016324114,8.45809016324114,14.096816938735234,1.0,suppressed_1_9,suppressed_1_9,nonmetro_adjacent,Q2,Constrained Bayesian posterior estimate; not an observed or recovered true suppressed count.
20075,Hamilton County,20,Kansas,1.0361111111111112,1.0,1.0,2.0,6.999331967243877,6.755387421468622,6.755387421468622,13.510774842937243,1.0,suppressed_1_9,suppressed_1_9,nonmetro_nonadjacent,Q2,Constrained Bayesian posterior estimate; not an observed or recovered true suppressed count.
20077,Harper County,20,Kansas,2.186111111111111,2.0,2.0,4.0,6.77359828689072,6.196938712276135,6.196938712276135,12.39387742455227,1.0,suppressed_1_9,suppressed_1_9,nonmetro_adjacent,Q3,Constrained Bayesian posterior estimate; not an observed or recovered true suppressed count.
20079,Harvey County,20,Kansas,3.522222222222222,3.0,3.0,5.0,1.7309578257859206,1.4743173910479448,1.4743173910479448,2.4571956517465745,0.016666666666666666,suppressed_1_9,suppressed_1_9,metro_other,Q2,Constrained Bayesian posterior estimate; not an observed or recovered true suppressed count.
20081,Haskell County,20,Kansas,2.088888888888889,2.0,2.0,3.0,9.343750621260016,8.946144211844695,8.946144211844695,13.419216317767042,1.0,suppressed_1_9,suppressed_1_9,nonmetro_nonadjacent,Q2,Constrained Bayesian posterior estimate; not an observed or recovered true suppressed count.
20083,Hodgeman County,20,Kansas,0.0,0.0,0.0,0.0,0.0,0.0,0.0,0.0,0.0,zero,zero,nonmetro_nonadjacent,Q1_lowest,Constrained Bayesian posterior estimate; not an observed or recovered true suppressed count.
20085,Jackson County,20,Kansas,2.316666666666667,2.0,2.0,4.0,2.9037460412958644,2.5068311147877966,2.5068311147877966,5.013662229575593,0.28055555555555556,suppressed_1_9,suppressed_1_9,metro_other,Q1_lowest,Constrained Bayesian posterior estimate; not an observed or recovered true suppressed count.
20087,Jefferson County,20,Kansas,0.0,0.0,0.0,0.0,0.0,0.0,0.0,0.0,0.0,zero,zero,metro_other,Q1_lowest,Constrained Bayesian posterior estimate; not an observed or recovered true suppressed count.
20089,Jewell County,20,Kansas,0.0,0.0,0.0,0.0,0.0,0.0,0.0,0.0,0.0,zero,zero,nonmetro_nonadjacent,Q1_lowest,Constrained Bayesian posterior estimate; not an observed or recovered true suppressed count.
20091,Johnson County,20,Kansas,65.0,65.0,65.0,65.0,1.7583972939077213,1.7583972939077215,1.7583972939077215,1.7583972939077215,0.0,exact,exact,metro_large,Q1_lowest,Constrained Bayesian posterior estimate; not an observed or recovered true suppressed count.
20093,Kearny County,20,Kansas,1.0333333333333334,1.0,1.0,2.0,4.500580720092914,4.355400696864112,4.355400696864112,8.710801393728223,1.0,suppressed_1_9,suppressed_1_9,nonmetro_nonadjacent,Q3,Constrained Bayesian posterior estimate; not an observed or recovered true suppressed count.
20095,Kingman County,20,Kansas,4.55,4.0,4.0,6.0,10.6500011703298,9.362638391498724,9.362638391498724,14.043957587248087,1.0,suppressed_1_9,suppressed_1_9,nonmetro_adjacent,Q1_lowest,Constrained Bayesian posterior estimate; not an observed or recovered true suppressed count.
20097,Kiowa County,20,Kansas,1.0972222222222223,1.0,1.0,2.0,7.547789930674983,6.878998417830364,6.878998417830364,13.757996835660729,1.0,suppressed_1_9,suppressed_1_9,nonmetro_nonadjacent,Q2,Constrained Bayesian posterior estimate; not an observed or recovered true suppressed count.
20099,Labette County,20,Kansas,5.475,5.0,4.0,8.0,4.62833810960919,4.226792794163645,3.381434235330916,6.762868470661832,1.0,suppressed_1_9,suppressed_1_9,nonmetro_nonadjacent,Q2,Constrained Bayesian posterior estimate; not an observed or recovered true suppressed count.
20101,Lane County,20,Kansas,2.036111111111111,2.0,2.0,3.0,22.167785640839533,21.774632553075666,21.774632553075666,32.6619488296135,1.0,suppressed_1_9,suppressed_1_9,nonmetro_nonadjacent,Q1_lowest,Constrained Bayesian posterior estimate; not an observed or recovered true suppressed count.
20103,Leavenworth County,20,Kansas,7.566666666666666,8.0,5.975,9.0,1.5216476159066474,1.608790430914517,1.2015653530892796,1.8098892347788316,0.0,suppressed_1_9,suppressed_1_9,metro_large,Q1_lowest,Constrained Bayesian posterior estimate; not an observed or recovered true suppressed count.
20105,Lincoln County,20,Kansas,1.0,1.0,1.0,1.0,5.6824639163541315,5.6824639163541315,5.6824639163541315,5.6824639163541315,1.0,suppressed_1_9,suppressed_1_9,nonmetro_nonadjacent,Q1_lowest,Constrained Bayesian posterior estimate; not an observed or recovered true suppressed count.
20107,Linn County,20,Kansas,1.1472222222222221,1.0,1.0,2.0,1.957683695196707,1.7064555212368389,1.7064555212368389,3.4129110424736777,0.13055555555555556,suppressed_1_9,suppressed_1_9,metro_large,Q2,Constrained Bayesian posterior estimate; not an observed or recovered true suppressed count.
20109,Logan County,20,Kansas,0.0,0.0,0.0,0.0,0.0,0.0,0.0,0.0,0.0,zero,zero,nonmetro_nonadjacent,Q2,Constrained Bayesian posterior estimate; not an observed or recovered true suppressed count.
20111,Lyon County,20,Kansas,6.102777777777778,6.0,4.0,9.0,3.1323925605035106,3.079639476871908,2.053092984581272,4.619459215307861,0.6166666666666667,suppressed_1_9,suppressed_1_9,nonmetro_adjacent,Q3,Constrained Bayesian posterior estimate; not an observed or recovered true suppressed count.
20113,McPherson County,20,Kansas,4.305555555555555,4.0,3.0,8.0,2.4246679143538463,2.252594707528735,1.6894460306465509,4.50518941505747,0.16944444444444445,suppressed_1_9,suppressed_1_9,nonmetro_nonadjacent,Q1_lowest,Constrained Bayesian posterior estimate; not an observed or recovered true suppressed count.
20115,Marion County,20,Kansas,1.2638888888888888,1.0,1.0,3.0,1.7933607027766738,1.4189227538452807,1.4189227538452807,4.256768261535842,0.05277777777777778,suppressed_1_9,suppressed_1_9,nonmetro_adjacent,Q1_lowest,Constrained Bayesian posterior estimate; not an observed or recovered true suppressed count.
20117,Marshall County,20,Kansas,2.0972222222222223,2.0,2.0,3.0,3.542425590294786,3.3782071854466835,3.3782071854466835,5.067310778170025,1.0,suppressed_1_9,suppressed_1_9,nonmetro_adjacent,Q1_lowest,Constrained Bayesian posterior estimate; not an observed or recovered true suppressed count.
20119,Meade County,20,Kansas,0.0,0.0,0.0,0.0,0.0,0.0,0.0,0.0,0.0,zero,zero,nonmetro_nonadjacent,Q2,Constrained Bayesian posterior estimate; not an observed or recovered true suppressed count.
20121,Miami County,20,Kansas,1.1194444444444445,1.0,1.0,2.0,0.5353939223888717,0.47826752372206915,0.47826752372206915,0.9565350474441383,0.0,suppressed_1_9,suppressed_1_9,metro_large,Q1_lowest,Constrained Bayesian posterior estimate; not an observed or recovered true suppressed count.
20123,Mitchell County,20,Kansas,0.0,0.0,0.0,0.0,0.0,0.0,0.0,0.0,0.0,zero,zero,nonmetro_nonadjacent,Q1_lowest,Constrained Bayesian posterior estimate; not an observed or recovered true suppressed count.
20125,Montgomery County,20,Kansas,12.0,12.0,12.0,12.0,6.433971368827408,6.433971368827408,6.433971368827408,6.433971368827408,1.0,exact,exact,nonmetro_nonadjacent,Q4_highest,Constrained Bayesian posterior estimate; not an observed or recovered true suppressed count.
20127,Morris County,20,Kansas,1.2444444444444445,1.0,1.0,3.0,3.8294133133656785,3.0772071268117056,3.0772071268117056,9.231621380435117,1.0,suppressed_1_9,suppressed_1_9,nonmetro_adjacent,Q1_lowest,Constrained Bayesian posterior estimate; not an observed or recovered true suppressed count.
20129,Morton County,20,Kansas,1.011111111111111,1.0,1.0,1.0,6.531303605136043,6.459531038046638,6.459531038046638,6.459531038046638,1.0,suppressed_1_9,suppressed_1_9,nonmetro_nonadjacent,Q2,Constrained Bayesian posterior estimate; not an observed or recovered true suppressed count.
20131,Nemaha County,20,Kansas,1.3777777777777778,1.0,1.0,5.0,2.2638850092472396,1.6431423454213838,1.6431423454213838,8.21571172710692,0.18333333333333332,suppressed_1_9,suppressed_1_9,nonmetro_nonadjacent,Q1_lowest,Constrained Bayesian posterior estimate; not an observed or recovered true suppressed count.
20133,Neosho County,20,Kansas,2.5027777777777778,2.0,2.0,4.0,2.6541154401766507,2.120935756855925,2.120935756855925,4.24187151371185,0.4,suppressed_1_9,suppressed_1_9,nonmetro_nonadjacent,Q3,Constrained Bayesian posterior estimate; not an observed or recovered true suppressed count.
20135,Ness County,20,Kansas,0.0,0.0,0.0,0.0,0.0,0.0,0.0,0.0,0.0,zero,zero,nonmetro_nonadjacent,Q1_lowest,Constrained Bayesian posterior estimate; not an observed or recovered true suppressed count.
20137,Norton County,20,Kansas,2.075,2.0,2.0,3.0,6.4849829671531705,6.250585992436791,6.250585992436791,9.375878988655186,1.0,suppressed_1_9,suppressed_1_9,nonmetro_nonadjacent,Q1_lowest,Constrained Bayesian posterior estimate; not an observed or recovered true suppressed count.
20139,Osage County,20,Kansas,5.1305555555555555,5.0,4.0,8.0,5.417578884876302,5.2797195412979665,4.223775633038373,8.447551266076745,1.0,suppressed_1_9,suppressed_1_9,metro_other,Q1_lowest,Constrained Bayesian posterior estimate; not an observed or recovered true suppressed count.
20141,Osborne County,20,Kansas,0.0,0.0,0.0,0.0,0.0,0.0,0.0,0.0,0.0,zero,zero,nonmetro_nonadjacent,Q1_lowest,Constrained Bayesian posterior estimate; not an observed or recovered true suppressed count.
20143,Ottawa County,20,Kansas,0.0,0.0,0.0,0.0,0.0,0.0,0.0,0.0,0.0,zero,zero,nonmetro_nonadjacent,Q1_lowest,Constrained Bayesian posterior estimate; not an observed or recovered true suppressed count.
20145,Pawnee County,20,Kansas,0.0,0.0,0.0,0.0,0.0,0.0,0.0,0.0,0.0,zero,zero,nonmetro_nonadjacent,Q2,Constrained Bayesian posterior estimate; not an observed or recovered true suppressed count.
20147,Phillips County,20,Kansas,1.05,1.0,1.0,2.0,3.5553448684522397,3.386042731859276,3.386042731859276,6.772085463718552,1.0,suppressed_1_9,suppressed_1_9,nonmetro_nonadjacent,Q2,Constrained Bayesian posterior estimate; not an observed or recovered true suppressed count.
20149,Pottawatomie County,20,Kansas,5.036111111111111,5.0,4.0,8.0,3.2611808316676667,3.237796744071594,2.590237395257275,5.18047479051455,0.6,suppressed_1_9,suppressed_1_9,metro_other,Q1_lowest,Constrained Bayesian posterior estimate; not an observed or recovered true suppressed count.
20151,Pratt County,20,Kansas,1.0944444444444446,1.0,1.0,2.0,1.9986932401556745,1.8262171737463018,1.8262171737463018,3.6524343474926035,0.08055555555555556,suppressed_1_9,suppressed_1_9,nonmetro_nonadjacent,Q2,Constrained Bayesian posterior estimate; not an observed or recovered true suppressed count.
20153,Rawlins County,20,Kansas,0.0,0.0,0.0,0.0,0.0,0.0,0.0,0.0,0.0,zero,zero,nonmetro_nonadjacent,Q2,Constrained Bayesian posterior estimate; not an observed or recovered true suppressed count.
20155,Reno County,20,Kansas,14.0,14.0,14.0,14.0,3.7875201212006435,3.787520121200644,3.787520121200644,3.787520121200644,1.0,exact,exact,nonmetro_adjacent,Q3,Constrained Bayesian posterior estimate; not an observed or recovered true suppressed count.
20157,Republic County,20,Kansas,2.238888888888889,2.0,2.0,4.0,8.077965395038566,7.216048491845864,7.216048491845864,14.432096983691729,1.0,suppressed_1_9,suppressed_1_9,nonmetro_nonadjacent,Q1_lowest,Constrained Bayesian posterior estimate; not an observed or recovered true suppressed count.
20159,Rice County,20,Kansas,2.213888888888889,2.0,2.0,3.0,3.9365022917654504,3.556187766714083,3.556187766714083,5.334281650071124,1.0,suppressed_1_9,suppressed_1_9,nonmetro_nonadjacent,Q1_lowest,Constrained Bayesian posterior estimate; not an observed or recovered true suppressed count.
20161,Riley County,20,Kansas,4.469444444444444,4.0,3.0,7.0,1.028146287388677,0.9201557823739559,0.690116836780467,1.6102726191544228,0.0,suppressed_1_9,suppressed_1_9,metro_other,Q3,Constrained Bayesian posterior estimate; not an observed or recovered true suppressed count.
20163,Rooks County,20,Kansas,0.0,0.0,0.0,0.0,0.0,0.0,0.0,0.0,0.0,zero,zero,nonmetro_nonadjacent,Q1_lowest,Constrained Bayesian posterior estimate; not an observed or recovered true suppressed count.
20165,Rush County,20,Kansas,0.0,0.0,0.0,0.0,0.0,0.0,0.0,0.0,0.0,zero,zero,nonmetro_nonadjacent,Q1_lowest,Constrained Bayesian posterior estimate; not an observed or recovered true suppressed count.
20167,Russell County,20,Kansas,2.0694444444444446,2.0,2.0,3.0,5.129370292339682,4.957243772462511,4.957243772462511,7.435865658693766,1.0,suppressed_1_9,suppressed_1_9,nonmetro_nonadjacent,Q2,Constrained Bayesian posterior estimate; not an observed or recovered true suppressed count.
20169,Saline County,20,Kansas,15.0,15.0,15.0,15.0,4.65562352765906,4.65562352765906,4.65562352765906,4.65562352765906,1.0,exact,exact,nonmetro_nonadjacent,Q3,Constrained Bayesian posterior estimate; not an observed or recovered true suppressed count.
20171,Scott County,20,Kansas,1.0361111111111112,1.0,1.0,2.0,3.50108505477837,3.379063323646685,3.379063323646685,6.75812664729337,1.0,suppressed_1_9,suppressed_1_9,nonmetro_nonadjacent,Q2,Constrained Bayesian posterior estimate; not an observed or recovered true suppressed count.
20173,Sedgwick County,20,Kansas,106.0,106.0,106.0,106.0,3.365237477824356,3.3652374778243552,3.3652374778243552,3.3652374778243552,1.0,exact,exact,metro_other,Q3,Constrained Bayesian posterior estimate; not an observed or recovered true suppressed count.
20175,Seward County,20,Kansas,2.5166666666666666,2.0,2.0,4.0,1.9674677257115456,1.5635505104992418,1.5635505104992418,3.1271010209984835,0.12222222222222222,suppressed_1_9,suppressed_1_9,nonmetro_nonadjacent,Q4_highest,Constrained Bayesian posterior estimate; not an observed or recovered true suppressed count.
20177,Shawnee County,20,Kansas,20.0,20.0,20.0,20.0,1.8791588133487924,1.8791588133487926,1.8791588133487926,1.8791588133487926,0.0,exact,exact,metro_other,Q3,Constrained Bayesian posterior estimate; not an observed or recovered true suppressed count.
20179,Sheridan County,20,Kansas,0.0,0.0,0.0,0.0,0.0,0.0,0.0,0.0,0.0,zero,zero,nonmetro_nonadjacent,Q1_lowest,Constrained Bayesian posterior estimate; not an observed or recovered true suppressed count.
20181,Sherman County,20,Kansas,0.0,0.0,0.0,0.0,0.0,0.0,0.0,0.0,0.0,zero,zero,nonmetro_nonadjacent,Q2,Constrained Bayesian posterior estimate; not an observed or recovered true suppressed count.
20183,Smith County,20,Kansas,2.1527777777777777,2.0,2.0,3.0,10.0752458359984,9.360228389572706,9.360228389572706,14.040342584359058,1.0,suppressed_1_9,suppressed_1_9,nonmetro_nonadjacent,Q1_lowest,Constrained Bayesian posterior estimate; not an observed or recovered true suppressed count.
20185,Stafford County,20,Kansas,0.0,0.0,0.0,0.0,0.0,0.0,0.0,0.0,0.0,zero,zero,nonmetro_nonadjacent,Q1_lowest,Constrained Bayesian posterior estimate; not an observed or recovered true suppressed count.
20187,Stanton County,20,Kansas,1.0833333333333333,1.0,1.0,2.0,9.062517427918133,8.365400702693659,8.365400702693659,16.730801405387318,1.0,suppressed_1_9,suppressed_1_9,nonmetro_nonadjacent,Q2,Constrained Bayesian posterior estimate; not an observed or recovered true suppressed count.
20189,Stevens County,20,Kansas,0.0,0.0,0.0,0.0,0.0,0.0,0.0,0.0,0.0,zero,zero,nonmetro_nonadjacent,Q3,Constrained Bayesian posterior estimate; not an observed or recovered true suppressed count.
20191,Sumner County,20,Kansas,5.225,5.0,4.0,8.0,3.872033910865409,3.705295608483645,2.9642364867869158,5.9284729735738315,1.0,suppressed_1_9,suppressed_1_9,metro_other,Q2,Constrained Bayesian posterior estimate; not an observed or recovered true suppressed count.
20193,Thomas County,20,Kansas,0.0,0.0,0.0,0.0,0.0,0.0,0.0,0.0,0.0,zero,zero,nonmetro_nonadjacent,Q1_lowest,Constrained Bayesian posterior estimate; not an observed or recovered true suppressed count.
20195,Trego County,20,Kansas,0.0,0.0,0.0,0.0,0.0,0.0,0.0,0.0,0.0,zero,zero,nonmetro_nonadjacent,Q1_lowest,Constrained Bayesian posterior estimate; not an observed or recovered true suppressed count.
20197,Wabaunsee County,20,Kansas,0.0,0.0,0.0,0.0,0.0,0.0,0.0,0.0,0.0,zero,zero,metro_other,Q1_lowest,Constrained Bayesian posterior estimate; not an observed or recovered true suppressed count.
20199,Wallace County,20,Kansas,0.0,0.0,0.0,0.0,0.0,0.0,0.0,0.0,0.0,zero,zero,nonmetro_nonadjacent,Q1_lowest,Constrained Bayesian posterior estimate; not an observed or recovered true suppressed count.
20201,Washington County,20,Kansas,0.0,0.0,0.0,0.0,0.0,0.0,0.0,0.0,0.0,zero,zero,nonmetro_nonadjacent,Q1_lowest,Constrained Bayesian posterior estimate; not an observed or recovered true suppressed count.
20203,Wichita County,20,Kansas,0.0,0.0,0.0,0.0,0.0,0.0,0.0,0.0,0.0,zero,zero,nonmetro_nonadjacent,Q2,Constrained Bayesian posterior estimate; not an observed or recovered true suppressed count.
20205,Wilson County,20,Kansas,3.175,3.0,3.0,5.0,6.248155072321164,5.903768572271967,5.903768572271967,9.839614287119945,1.0,suppressed_1_9,suppressed_1_9,nonmetro_nonadjacent,Q2,Constrained Bayesian posterior estimate; not an observed or recovered true suppressed count.
20207,Woodson County,20,Kansas,1.1888888888888889,1.0,1.0,2.0,6.395314087621778,5.3792361484669176,5.3792361484669176,10.758472296933835,1.0,suppressed_1_9,suppressed_1_9,nonmetro_nonadjacent,Q1_lowest,Constrained Bayesian posterior estimate; not an observed or recovered true suppressed count.
20209,Wyandotte County,20,Kansas,35.0,35.0,35.0,35.0,3.5063640507521163,3.5063640507521154,3.5063640507521154,3.5063640507521154,1.0,exact,exact,metro_large,Q4_highest,Constrained Bayesian posterior estimate; not an observed or recovered true suppressed count.
21001,Adair County,21,Kentucky,5.061111111111111,5.0,4.0,8.0,4.391076715146853,4.338056030331688,3.4704448242653503,6.940889648530701,1.0,suppressed_1_9,suppressed_1_9,nonmetro_nonadjacent,Q3,Constrained Bayesian posterior estimate; not an observed or recovered true suppressed count.
21003,Allen County,21,Kentucky,4.35,4.0,3.0,7.0,3.3848188927362557,3.112477142745983,2.334357857059487,5.44683499980547,0.7027777777777777,suppressed_1_9,suppressed_1_9,metro_other,Q3,Constrained Bayesian posterior estimate; not an observed or recovered true suppressed count.
21005,Anderson County,21,Kentucky,6.094444444444444,6.0,4.0,9.0,4.251888543931659,4.18599783723445,2.7906652248229675,6.278996755851676,0.8055555555555556,suppressed_1_9,suppressed_1_9,nonmetro_adjacent,Q1_lowest,Constrained Bayesian posterior estimate; not an observed or recovered true suppressed count.
21007,Ballard County,21,Kentucky,0.0,0.0,0.0,0.0,0.0,0.0,0.0,0.0,0.0,zero,zero,metro_other,Q2,Constrained Bayesian posterior estimate; not an observed or recovered true suppressed count.
21009,Barren County,21,Kentucky,7.891666666666667,8.0,4.0,9.0,2.9384678015916745,2.9788057967560806,1.4894028983780403,3.3511565213505907,0.7194444444444444,suppressed_1_9,suppressed_1_9,nonmetro_adjacent,Q4_highest,Constrained Bayesian posterior estimate; not an observed or recovered true suppressed count.
21011,Bath County,21,Kentucky,2.625,2.0,2.0,7.0,3.4307447003162816,2.6139007240505006,2.6139007240505006,9.148652534176753,0.3527777777777778,suppressed_1_9,suppressed_1_9,nonmetro_adjacent,Q3,Constrained Bayesian posterior estimate; not an observed or recovered true suppressed count.
21013,Bell County,21,Kentucky,6.488888888888889,7.0,4.0,9.0,4.465610213401113,4.817353483634762,2.752773419219864,6.193740193244695,0.8972222222222223,suppressed_1_9,suppressed_1_9,nonmetro_nonadjacent,Q4_highest,Constrained Bayesian posterior estimate; not an observed or recovered true suppressed count.
21015,Boone County,21,Kentucky,22.0,22.0,22.0,22.0,2.6502415936143637,2.6502415936143633,2.6502415936143633,2.6502415936143633,0.0,exact,exact,metro_large,Q1_lowest,Constrained Bayesian posterior estimate; not an observed or recovered true suppressed count.
21017,Bourbon County,21,Kentucky,10.0,10.0,10.0,10.0,8.300270588821194,8.300270588821196,8.300270588821196,8.300270588821196,1.0,exact,exact,metro_other,Q3,Constrained Bayesian posterior estimate; not an observed or recovered true suppressed count.
21019,Boyd County,21,Kentucky,8.247222222222222,8.0,6.0,9.0,2.895326675544758,2.808535138285249,2.1064013537139368,3.1596020305709054,0.4888888888888889,suppressed_1_9,suppressed_1_9,metro_other,Q3,Constrained Bayesian posterior estimate; not an observed or recovered true suppressed count.
21021,Boyle County,21,Kentucky,4.819444444444445,5.0,3.0,9.0,2.6127314563831967,2.710614767429253,1.6263688604575517,4.879106581372655,0.2361111111111111,suppressed_1_9,suppressed_1_9,nonmetro_nonadjacent,Q3,Constrained Bayesian posterior estimate; not an observed or recovered true suppressed count.
21023,Bracken County,21,Kentucky,1.0888888888888888,1.0,1.0,2.0,2.1603652339918042,1.9840088883598197,1.9840088883598197,3.9680177767196394,0.08888888888888889,suppressed_1_9,suppressed_1_9,metro_large,Q2,Constrained Bayesian posterior estimate; not an observed or recovered true suppressed count.
21025,Breathitt County,21,Kentucky,2.422222222222222,2.0,2.0,4.0,3.111756300949657,2.5693400650043037,2.5693400650043037,5.138680130008607,0.37777777777777777,suppressed_1_9,suppressed_1_9,nonmetro_nonadjacent,Q3,Constrained Bayesian posterior estimate; not an observed or recovered true suppressed count.
21027,Breckinridge County,21,Kentucky,3.075,3.0,2.0,6.0,2.4609253079157765,2.400902739430026,1.6006018262866837,4.801805478860052,0.2611111111111111,suppressed_1_9,suppressed_1_9,nonmetro_adjacent,Q3,Constrained Bayesian posterior estimate; not an observed or recovered true suppressed count.
21029,Bullitt County,21,Kentucky,11.0,11.0,11.0,11.0,2.1943955138576072,2.1943955138576077,2.1943955138576077,2.1943955138576077,0.0,exact,exact,metro_large,Q1_lowest,Constrained Bayesian posterior estimate; not an observed or recovered true suppressed count.
21031,Butler County,21,Kentucky,5.069444444444445,5.0,4.0,7.0,6.750528575634773,6.658055581447994,5.326444465158395,9.321277814027193,1.0,suppressed_1_9,suppressed_1_9,metro_other,Q4_highest,Constrained Bayesian posterior estimate; not an observed or recovered true suppressed count.
21033,Caldwell County,21,Kentucky,2.6805555555555554,2.0,2.0,4.024999999999977,3.5368195745554236,2.6388705633988656,2.6388705633988656,5.310727008840187,0.4666666666666667,suppressed_1_9,suppressed_1_9,nonmetro_nonadjacent,Q3,Constrained Bayesian posterior estimate; not an observed or recovered true suppressed count.
21035,Calloway County,21,Kentucky,7.441666666666666,8.0,5.0,9.0,3.2242783465698444,3.4661894879138306,2.1663684299461443,3.8994631739030594,0.6972222222222222,suppressed_1_9,suppressed_1_9,nonmetro_nonadjacent,Q3,Constrained Bayesian posterior estimate; not an observed or recovered true suppressed count.
21037,Campbell County,21,Kentucky,18.0,18.0,18.0,18.0,3.204762989972653,3.204762989972653,3.204762989972653,3.204762989972653,1.0,exact,exact,metro_large,Q1_lowest,Constrained Bayesian posterior estimate; not an observed or recovered true suppressed count.
21039,Carlisle County,21,Kentucky,3.261111111111111,3.0,3.0,5.0,11.465022890982672,10.547039797496836,10.547039797496836,17.57839966249473,1.0,suppressed_1_9,suppressed_1_9,metro_other,Q2,Constrained Bayesian posterior estimate; not an observed or recovered true suppressed count.
21041,Carroll County,21,Kentucky,5.158333333333333,5.0,4.0,8.0,7.90428031463888,7.661661048115231,6.129328838492186,12.258657676984372,1.0,suppressed_1_9,suppressed_1_9,nonmetro_adjacent,Q4_highest,Constrained Bayesian posterior estimate; not an observed or recovered true suppressed count.
21043,Carter County,21,Kentucky,4.558333333333334,4.0,3.0,8.0,2.8739255616501693,2.5219090851774792,1.8914318138831094,5.0438181703549585,0.44722222222222224,suppressed_1_9,suppressed_1_9,metro_other,Q3,Constrained Bayesian posterior estimate; not an observed or recovered true suppressed count.
21045,Casey County,21,Kentucky,3.908333333333333,4.0,3.0,5.024999999999977,4.07640344747263,4.172012057114845,3.129009042836134,5.2410901467505004,1.0,suppressed_1_9,suppressed_1_9,nonmetro_nonadjacent,Q4_highest,Constrained Bayesian posterior estimate; not an observed or recovered true suppressed count.
21047,Christian County,21,Kentucky,14.0,14.0,14.0,14.0,3.2530072890599047,3.253007289059904,3.253007289059904,3.253007289059904,1.0,exact,exact,metro_other,Q4_highest,Constrained Bayesian posterior estimate; not an observed or recovered true suppressed count.
21049,Clark County,21,Kentucky,5.794444444444444,6.0,4.0,9.0,2.614408574658535,2.7071536535294514,1.8047691023529675,4.060730480294177,0.2972222222222222,suppressed_1_9,suppressed_1_9,metro_other,Q3,Constrained Bayesian posterior estimate; not an observed or recovered true suppressed count.
21051,Clay County,21,Kentucky,4.916666666666667,5.0,4.0,8.0,4.135440585634461,4.2055327989502995,3.3644262391602395,6.728852478320479,1.0,suppressed_1_9,suppressed_1_9,nonmetro_nonadjacent,Q4_highest,Constrained Bayesian posterior estimate; not an observed or recovered true suppressed count.
21053,Clinton County,21,Kentucky,3.536111111111111,3.0,3.0,5.024999999999977,6.19859258350327,5.2588216733570565,5.2588216733570565,8.80852630287303,1.0,suppressed_1_9,suppressed_1_9,nonmetro_nonadjacent,Q3,Constrained Bayesian posterior estimate; not an observed or recovered true suppressed count.
21055,Crittenden County,21,Kentucky,0.0,0.0,0.0,0.0,0.0,0.0,0.0,0.0,0.0,zero,zero,nonmetro_adjacent,Q3,Constrained Bayesian posterior estimate; not an observed or recovered true suppressed count.
21057,Cumberland County,21,Kentucky,0.0,0.0,0.0,0.0,0.0,0.0,0.0,0.0,0.0,zero,zero,nonmetro_nonadjacent,Q4_highest,Constrained Bayesian posterior estimate; not an observed or recovered true suppressed count.
21059,Daviess County,21,Kentucky,8.15,8.0,6.0,9.0,1.319434213657682,1.295150148375639,0.9713626112817292,1.4570439169225937,0.0,suppressed_1_9,suppressed_1_9,metro_other,Q3,Constrained Bayesian posterior estimate; not an observed or recovered true suppressed count.
21061,Edmonson County,21,Kentucky,4.680555555555555,4.0,3.0,9.0,6.322682708644777,5.403360890473874,4.052520667855406,12.157562003566218,1.0,suppressed_1_9,suppressed_1_9,metro_other,Q2,Constrained Bayesian posterior estimate; not an observed or recovered true suppressed count.
21063,Elliott County,21,Kentucky,1.1222222222222222,1.0,1.0,2.0,2.546396093172885,2.2690658255996006,2.2690658255996006,4.538131651199201,0.12222222222222222,suppressed_1_9,suppressed_1_9,nonmetro_adjacent,Q4_highest,Constrained Bayesian posterior estimate; not an observed or recovered true suppressed count.
21065,Estill County,21,Kentucky,1.1388888888888888,1.0,1.0,2.0,1.3511714326767301,1.186394428691763,1.186394428691763,2.372788857383526,0.002777777777777778,suppressed_1_9,suppressed_1_9,nonmetro_adjacent,Q4_highest,Constrained Bayesian posterior estimate; not an observed or recovered true suppressed count.
21067,Fayette County,21,Kentucky,53.0,53.0,53.0,53.0,2.732496811227777,2.7324968112277777,2.7324968112277777,2.7324968112277777,0.0,exact,exact,metro_other,Q3,Constrained Bayesian posterior estimate; not an observed or recovered true suppressed count.
21069,Fleming County,21,Kentucky,3.1305555555555555,3.0,2.0,6.0,3.4504464455196855,3.306550276096948,2.204366850731299,6.613100552193896,0.5111111111111111,suppressed_1_9,suppressed_1_9,nonmetro_nonadjacent,Q3,Constrained Bayesian posterior estimate; not an observed or recovered true suppressed count.
21071,Floyd County,21,Kentucky,10.0,10.0,10.0,10.0,4.767125899795013,4.767125899795014,4.767125899795014,4.767125899795014,1.0,exact,exact,nonmetro_nonadjacent,Q3,Constrained Bayesian posterior estimate; not an observed or recovered true suppressed count.
21073,Franklin County,21,Kentucky,13.0,13.0,13.0,13.0,4.200540254100375,4.200540254100373,4.200540254100373,4.200540254100373,1.0,exact,exact,nonmetro_adjacent,Q3,Constrained Bayesian posterior estimate; not an observed or recovered true suppressed count.
21075,Fulton County,21,Kentucky,2.4472222222222224,2.0,2.0,7.0,6.5372571716901895,5.342593829304127,5.342593829304127,18.699078402564446,1.0,suppressed_1_9,suppressed_1_9,nonmetro_nonadjacent,Q4_highest,Constrained Bayesian posterior estimate; not an observed or recovered true suppressed count.
21077,Gallatin County,21,Kentucky,2.783333333333333,2.0,2.0,7.0,5.273162444979128,3.789098762859254,3.789098762859254,13.26184567000739,1.0,suppressed_1_9,suppressed_1_9,metro_large,Q3,Constrained Bayesian posterior estimate; not an observed or recovered true suppressed count.
21079,Garrard County,21,Kentucky,4.872222222222222,5.0,4.0,7.0,4.5875638832655925,4.70787627701144,3.7663010216091526,6.591026787816016,1.0,suppressed_1_9,suppressed_1_9,nonmetro_adjacent,Q2,Constrained Bayesian posterior estimate; not an observed or recovered true suppressed count.
21081,Grant County,21,Kentucky,5.291666666666667,5.0,4.0,8.0,3.4689672201717983,3.277764302524534,2.622211442019627,5.244422884039254,0.6888888888888889,suppressed_1_9,suppressed_1_9,metro_large,Q2,Constrained Bayesian posterior estimate; not an observed or recovered true suppressed count.
21083,Graves County,21,Kentucky,5.522222222222222,5.0,4.0,9.0,2.5056250526206467,2.268674594928151,1.814939675942521,4.083614270870672,0.18055555555555555,suppressed_1_9,suppressed_1_9,nonmetro_adjacent,Q3,Constrained Bayesian posterior estimate; not an observed or recovered true suppressed count.
21085,Grayson County,21,Kentucky,11.0,11.0,11.0,11.0,6.876848152941102,6.876848152941103,6.876848152941103,6.876848152941103,1.0,exact,exact,nonmetro_adjacent,Q3,Constrained Bayesian posterior estimate; not an observed or recovered true suppressed count.
21087,Green County,21,Kentucky,6.358333333333333,6.0,5.0,9.0,9.404149164842533,8.874164349523753,7.395136957936462,13.311246524285629,1.0,suppressed_1_9,suppressed_1_9,nonmetro_adjacent,Q3,Constrained Bayesian posterior estimate; not an observed or recovered true suppressed count.
21089,Greenup County,21,Kentucky,4.588888888888889,5.0,3.0,8.0,2.1695950947188485,2.363965599572595,1.418379359743557,3.782344959316152,0.05277777777777778,suppressed_1_9,suppressed_1_9,metro_other,Q1_lowest,Constrained Bayesian posterior estimate; not an observed or recovered true suppressed count.
21091,Hancock County,21,Kentucky,2.5027777777777778,2.0,2.0,5.0,4.679663770572862,3.739575932089301,3.739575932089301,9.348939830223253,1.0,suppressed_1_9,suppressed_1_9,nonmetro_adjacent,Q1_lowest,Constrained Bayesian posterior estimate; not an observed or recovered true suppressed count.
21093,Hardin County,21,Kentucky,30.0,30.0,30.0,30.0,4.47203857878614,4.47203857878614,4.47203857878614,4.47203857878614,1.0,exact,exact,metro_other,Q3,Constrained Bayesian posterior estimate; not an observed or recovered true suppressed count.
21095,Harlan County,21,Kentucky,6.816666666666666,7.0,5.0,9.0,4.432797062431991,4.552016543328695,3.251440388091925,5.852592698565465,1.0,suppressed_1_9,suppressed_1_9,nonmetro_nonadjacent,Q4_highest,Constrained Bayesian posterior estimate; not an observed or recovered true suppressed count.
21097,Harrison County,21,Kentucky,4.030555555555556,4.0,3.0,6.0,3.51096747842364,3.4843509089800433,2.6132631817350327,5.226526363470065,0.7277777777777777,suppressed_1_9,suppressed_1_9,nonmetro_adjacent,Q2,Constrained Bayesian posterior estimate; not an observed or recovered true suppressed count.
21099,Hart County,21,Kentucky,3.3777777777777778,3.0,2.0,7.0,2.8930476448784006,2.5694831056485805,1.7129887370990535,5.995460579846688,0.33055555555555555,suppressed_1_9,suppressed_1_9,nonmetro_adjacent,Q4_highest,Constrained Bayesian posterior estimate; not an observed or recovered true suppressed count.
21101,Henderson County,21,Kentucky,7.85,8.0,6.0,9.0,2.9442762893867274,3.0005363458718244,2.2504022594038684,3.375603389105802,0.6416666666666667,suppressed_1_9,suppressed_1_9,nonmetro_adjacent,Q3,Constrained Bayesian posterior estimate; not an observed or recovered true suppressed count.
21103,Henry County,21,Kentucky,3.683333333333333,3.0,3.0,6.0,3.845136685039808,3.1317855353265407,3.1317855353265407,6.263571070653081,1.0,suppressed_1_9,suppressed_1_9,metro_large,Q3,Constrained Bayesian posterior estimate; not an observed or recovered true suppressed count.
21105,Hickman County,21,Kentucky,1.1416666666666666,1.0,1.0,2.0,4.319586328666919,3.7835792659856224,3.7835792659856224,7.567158531971245,1.0,suppressed_1_9,suppressed_1_9,nonmetro_adjacent,Q1_lowest,Constrained Bayesian posterior estimate; not an observed or recovered true suppressed count.
21107,Hopkins County,21,Kentucky,10.0,10.0,10.0,10.0,3.7113325539534965,3.7113325539534965,3.7113325539534965,3.7113325539534965,1.0,exact,exact,nonmetro_nonadjacent,Q3,Constrained Bayesian posterior estimate; not an observed or recovered true suppressed count.
21109,Jackson County,21,Kentucky,1.1527777777777777,1.0,1.0,2.0,1.4575887337873985,1.2644143232854541,1.2644143232854541,2.5288286465709082,0.0,suppressed_1_9,suppressed_1_9,nonmetro_nonadjacent,Q3,Constrained Bayesian posterior estimate; not an observed or recovered true suppressed count.
21111,Jefferson County,21,Kentucky,158.0,158.0,158.0,158.0,3.3967486236181093,3.396748623618109,3.396748623618109,3.396748623618109,1.0,exact,exact,metro_large,Q3,Constrained Bayesian posterior estimate; not an observed or recovered true suppressed count.
21113,Jessamine County,21,Kentucky,14.0,14.0,14.0,14.0,4.273973940970314,4.273973940970314,4.273973940970314,4.273973940970314,1.0,exact,exact,metro_other,Q2,Constrained Bayesian posterior estimate; not an observed or recovered true suppressed count.
21115,Johnson County,21,Kentucky,4.3277777777777775,4.0,3.0,8.0,3.2489848486365114,3.0029128254406774,2.2521846190805084,6.005825650881355,0.6805555555555556,suppressed_1_9,suppressed_1_9,nonmetro_nonadjacent,Q4_highest,Constrained Bayesian posterior estimate; not an observed or recovered true suppressed count.
21117,Kenton County,21,Kentucky,25.0,25.0,25.0,25.0,2.4487285222021318,2.4487285222021318,2.4487285222021318,2.4487285222021318,0.0,exact,exact,metro_large,Q2,Constrained Bayesian posterior estimate; not an observed or recovered true suppressed count.
21119,Knott County,21,Kentucky,3.7305555555555556,3.0,3.0,6.0,4.423129111896274,3.5569467169381803,3.5569467169381803,7.113893433876361,1.0,suppressed_1_9,suppressed_1_9,nonmetro_nonadjacent,Q3,Constrained Bayesian posterior estimate; not an observed or recovered true suppressed count.
21121,Knox County,21,Kentucky,14.0,14.0,14.0,14.0,7.721241134360627,7.721241134360627,7.721241134360627,7.721241134360627,1.0,exact,exact,nonmetro_nonadjacent,Q4_highest,Constrained Bayesian posterior estimate; not an observed or recovered true suppressed count.
21123,Larue County,21,Kentucky,1.3972222222222221,1.0,1.0,3.0,1.561997319451121,1.1179304870823132,1.1179304870823132,3.35379146124694,0.14444444444444443,suppressed_1_9,suppressed_1_9,metro_other,Q2,Constrained Bayesian posterior estimate; not an observed or recovered true suppressed count.
21125,Laurel County,21,Kentucky,12.0,12.0,12.0,12.0,3.207304100538292,3.2073041005382925,3.2073041005382925,3.2073041005382925,1.0,exact,exact,nonmetro_nonadjacent,Q3,Constrained Bayesian posterior estimate; not an observed or recovered true suppressed count.
21127,Lawrence County,21,Kentucky,4.1,4.0,3.0,7.0,4.318062137967352,4.21274354923644,3.1595576619273302,7.37230121116377,1.0,suppressed_1_9,suppressed_1_9,metro_other,Q2,Constrained Bayesian posterior estimate; not an observed or recovered true suppressed count.
21129,Lee County,21,Kentucky,0.0,0.0,0.0,0.0,0.0,0.0,0.0,0.0,0.0,zero,zero,nonmetro_nonadjacent,Q4_highest,Constrained Bayesian posterior estimate; not an observed or recovered true suppressed count.
21131,Leslie County,21,Kentucky,3.0416666666666665,3.0,2.0,6.0,5.113935684903102,5.043881771411278,3.3625878476075184,10.087763542822556,1.0,suppressed_1_9,suppressed_1_9,nonmetro_nonadjacent,Q3,Constrained Bayesian posterior estimate; not an observed or recovered true suppressed count.
21133,Letcher County,21,Kentucky,0.0,0.0,0.0,0.0,0.0,0.0,0.0,0.0,0.0,zero,zero,nonmetro_nonadjacent,Q3,Constrained Bayesian posterior estimate; not an observed or recovered true suppressed count.
21135,Lewis County,21,Kentucky,3.577777777777778,3.0,2.0,7.0,4.5678035106832695,3.830145800883487,2.5534305339223247,8.937006868728137,0.6944444444444444,suppressed_1_9,suppressed_1_9,nonmetro_adjacent,Q3,Constrained Bayesian posterior estimate; not an observed or recovered true suppressed count.
21137,Lincoln County,21,Kentucky,4.066666666666666,4.0,3.0,7.0,2.760730643204982,2.715472763808179,2.036604572856134,4.752077336664313,0.3055555555555556,suppressed_1_9,suppressed_1_9,nonmetro_nonadjacent,Q3,Constrained Bayesian posterior estimate; not an observed or recovered true suppressed count.
21139,Livingston County,21,Kentucky,2.488888888888889,2.0,2.0,4.0,4.620690793273594,3.7130551017377096,3.7130551017377096,7.426110203475419,1.0,suppressed_1_9,suppressed_1_9,metro_other,Q1_lowest,Constrained Bayesian posterior estimate; not an observed or recovered true suppressed count.
21141,Logan County,21,Kentucky,10.0,10.0,10.0,10.0,5.991037408037577,5.991037408037576,5.991037408037576,5.991037408037576,1.0,exact,exact,nonmetro_adjacent,Q2,Constrained Bayesian posterior estimate; not an observed or recovered true suppressed count.
21143,Lyon County,21,Kentucky,3.5277777777777777,3.0,3.0,5.0,6.718041167309907,5.712979890310786,5.712979890310786,9.521633150517976,1.0,suppressed_1_9,suppressed_1_9,nonmetro_adjacent,Q1_lowest,Constrained Bayesian posterior estimate; not an observed or recovered true suppressed count.
21145,McCracken County,21,Kentucky,23.0,23.0,23.0,23.0,5.735889711310179,5.735889711310177,5.735889711310177,5.735889711310177,1.0,exact,exact,metro_other,Q3,Constrained Bayesian posterior estimate; not an observed or recovered true suppressed count.
21147,McCreary County,21,Kentucky,3.6333333333333333,3.0,3.0,5.0,3.5701769039032833,2.947852489461427,2.947852489461427,4.913087482435712,1.0,suppressed_1_9,suppressed_1_9,nonmetro_nonadjacent,Q3,Constrained Bayesian posterior estimate; not an observed or recovered true suppressed count.
21149,McLean County,21,Kentucky,0.0,0.0,0.0,0.0,0.0,0.0,0.0,0.0,0.0,zero,zero,metro_other,Q1_lowest,Constrained Bayesian posterior estimate; not an observed or recovered true suppressed count.
21151,Madison County,21,Kentucky,19.0,19.0,19.0,19.0,3.313441060859191,3.3134410608591924,3.3134410608591924,3.3134410608591924,1.0,exact,exact,nonmetro_adjacent,Q2,Constrained Bayesian posterior estimate; not an observed or recovered true suppressed count.
21153,Magoffin County,21,Kentucky,2.6055555555555556,2.0,2.0,6.0,3.755593351718925,2.8827582230678312,2.8827582230678312,8.648274669203493,0.4083333333333333,suppressed_1_9,suppressed_1_9,nonmetro_nonadjacent,Q4_highest,Constrained Bayesian posterior estimate; not an observed or recovered true suppressed count.
21155,Marion County,21,Kentucky,3.436111111111111,3.0,2.0,5.0,2.91759595753754,2.5472947729511257,1.6981965153007506,4.245491288251877,0.46944444444444444,suppressed_1_9,suppressed_1_9,nonmetro_adjacent,Q4_highest,Constrained Bayesian posterior estimate; not an observed or recovered true suppressed count.
21157,Marshall County,21,Kentucky,6.233333333333333,6.0,4.0,9.0,3.2934247743035376,3.170141493982015,2.113427662654676,4.755212240973022,0.6972222222222222,suppressed_1_9,suppressed_1_9,nonmetro_adjacent,Q1_lowest,Constrained Bayesian posterior estimate; not an observed or recovered true suppressed count.
21159,Martin County,21,Kentucky,2.188888888888889,2.0,2.0,3.0,3.3122325624406277,3.0264053870015886,3.0264053870015886,4.539608080502384,1.0,suppressed_1_9,suppressed_1_9,nonmetro_adjacent,Q3,Constrained Bayesian posterior estimate; not an observed or recovered true suppressed count.
21161,Mason County,21,Kentucky,1.3444444444444446,1.0,1.0,3.0,1.321152525421268,0.9826754321315213,0.9826754321315213,2.9480262963945636,0.09444444444444444,suppressed_1_9,suppressed_1_9,nonmetro_adjacent,Q3,Constrained Bayesian posterior estimate; not an observed or recovered true suppressed count.
21163,Meade County,21,Kentucky,6.766666666666667,7.0,5.0,9.0,3.8037846720594213,3.934949660751126,2.810678329107947,5.059220992394304,0.8222222222222222,suppressed_1_9,suppressed_1_9,metro_large,Q1_lowest,Constrained Bayesian posterior estimate; not an observed or recovered true suppressed count.
21165,Menifee County,21,Kentucky,0.0,0.0,0.0,0.0,0.0,0.0,0.0,0.0,0.0,zero,zero,nonmetro_nonadjacent,Q3,Constrained Bayesian posterior estimate; not an observed or recovered true suppressed count.
21167,Mercer County,21,Kentucky,4.3805555555555555,4.0,3.0,7.0,3.2165975618312865,2.9371594730735904,2.202869604805193,5.140029077878784,0.7888888888888889,suppressed_1_9,suppressed_1_9,nonmetro_adjacent,Q1_lowest,Constrained Bayesian posterior estimate; not an observed or recovered true suppressed count.
21169,Metcalfe County,21,Kentucky,1.1972222222222222,1.0,1.0,2.0,1.9344981615534873,1.6158221302998967,1.6158221302998967,3.2316442605997935,0.19722222222222222,suppressed_1_9,suppressed_1_9,nonmetro_nonadjacent,Q3,Constrained Bayesian posterior estimate; not an observed or recovered true suppressed count.
21171,Monroe County,21,Kentucky,1.211111111111111,1.0,1.0,2.0,1.8279266951085351,1.5092972711905337,1.5092972711905337,3.0185945423810674,0.2111111111111111,suppressed_1_9,suppressed_1_9,nonmetro_adjacent,Q3,Constrained Bayesian posterior estimate; not an observed or recovered true suppressed count.
21173,Montgomery County,21,Kentucky,3.0555555555555554,3.0,2.0,5.0,1.7949887829519147,1.7623526232618798,1.1749017488412532,2.937254372103133,0.10555555555555556,suppressed_1_9,suppressed_1_9,nonmetro_adjacent,Q3,Constrained Bayesian posterior estimate; not an observed or recovered true suppressed count.
21175,Morgan County,21,Kentucky,1.15,1.0,1.0,2.0,1.3859763299346783,1.2051968086388507,1.2051968086388507,2.4103936172777014,0.0,suppressed_1_9,suppressed_1_9,nonmetro_nonadjacent,Q3,Constrained Bayesian posterior estimate; not an observed or recovered true suppressed count.
21177,Muhlenberg County,21,Kentucky,4.277777777777778,4.0,3.0,7.0,2.3336558021350826,2.18211971108735,1.6365897833155125,3.8187094944028632,0.14166666666666666,suppressed_1_9,suppressed_1_9,nonmetro_adjacent,Q2,Constrained Bayesian posterior estimate; not an observed or recovered true suppressed count.
21179,Nelson County,21,Kentucky,6.638888888888889,7.0,4.0,9.0,2.34085973607639,2.4681868346914237,1.410392476966528,3.173383073174688,0.12222222222222222,suppressed_1_9,suppressed_1_9,metro_large,Q1_lowest,Constrained Bayesian posterior estimate; not an observed or recovered true suppressed count.
21181,Nicholas County,21,Kentucky,1.3888888888888888,1.0,1.0,4.0,3.0510278302554563,2.1967400377839286,2.1967400377839286,8.786960151135714,0.19166666666666668,suppressed_1_9,suppressed_1_9,nonmetro_adjacent,Q2,Constrained Bayesian posterior estimate; not an observed or recovered true suppressed count.
21183,Ohio County,21,Kentucky,2.5722222222222224,2.0,2.0,4.0,1.802955289045275,1.4018658834909266,1.4018658834909266,2.803731766981853,0.0,suppressed_1_9,suppressed_1_9,nonmetro_adjacent,Q2,Constrained Bayesian posterior estimate; not an observed or recovered true suppressed count.
21185,Oldham County,21,Kentucky,17.0,17.0,17.0,17.0,4.119993601892289,4.119993601892289,4.119993601892289,4.119993601892289,1.0,exact,exact,metro_large,Q1_lowest,Constrained Bayesian posterior estimate; not an observed or recovered true suppressed count.
21187,Owen County,21,Kentucky,2.463888888888889,2.0,2.0,4.0,3.663775299463031,2.9739776951672865,2.9739776951672865,5.947955390334573,1.0,suppressed_1_9,suppressed_1_9,nonmetro_adjacent,Q2,Constrained Bayesian posterior estimate; not an observed or recovered true suppressed count.
21189,Owsley County,21,Kentucky,1.0472222222222223,1.0,1.0,2.0,4.264455032056937,4.072158651301055,4.072158651301055,8.14431730260211,1.0,suppressed_1_9,suppressed_1_9,nonmetro_nonadjacent,Q3,Constrained Bayesian posterior estimate; not an observed or recovered true suppressed count.
21191,Pendleton County,21,Kentucky,3.6416666666666666,3.0,3.0,5.0,4.132950491603585,3.4047189404514655,3.4047189404514655,5.67453156741911,1.0,suppressed_1_9,suppressed_1_9,metro_large,Q3,Constrained Bayesian posterior estimate; not an observed or recovered true suppressed count.
21193,Perry County,21,Kentucky,3.0,2.5,2.0,6.0,1.8706040804110342,1.5588367336758617,1.2470693869406895,3.7412081608220684,0.14444444444444443,suppressed_1_9,suppressed_1_9,nonmetro_nonadjacent,Q3,Constrained Bayesian posterior estimate; not an observed or recovered true suppressed count.
21195,Pike County,21,Kentucky,12.0,12.0,12.0,12.0,3.529276821768579,3.5292768217685793,3.5292768217685793,3.5292768217685793,1.0,exact,exact,nonmetro_nonadjacent,Q4_highest,Constrained Bayesian posterior estimate; not an observed or recovered true suppressed count.
21197,Powell County,21,Kentucky,2.1555555555555554,2.0,2.0,3.0,2.8106288130019106,2.607799929589402,2.607799929589402,3.911699894384103,0.14166666666666666,suppressed_1_9,suppressed_1_9,nonmetro_adjacent,Q4_highest,Constrained Bayesian posterior estimate; not an observed or recovered true suppressed count.
21199,Pulaski County,21,Kentucky,8.147222222222222,8.0,6.0,9.0,2.0638418842390878,2.0265477758638157,1.519910831897862,2.279866247846793,0.0,suppressed_1_9,suppressed_1_9,nonmetro_nonadjacent,Q3,Constrained Bayesian posterior estimate; not an observed or recovered true suppressed count.
21201,Robertson County,21,Kentucky,1.1555555555555554,1.0,1.0,2.0,8.607490171735982,7.4487895716946,7.4487895716946,14.8975791433892,1.0,suppressed_1_9,suppressed_1_9,nonmetro_adjacent,Q3,Constrained Bayesian posterior estimate; not an observed or recovered true suppressed count.
21203,Rockcastle County,21,Kentucky,1.3472222222222223,1.0,1.0,3.0,1.371665297829545,1.018143313852858,1.018143313852858,3.054429941558574,0.05277777777777778,suppressed_1_9,suppressed_1_9,nonmetro_nonadjacent,Q3,Constrained Bayesian posterior estimate; not an observed or recovered true suppressed count.
21205,Rowan County,21,Kentucky,4.030555555555556,4.0,3.0,6.0,2.7330432653368746,2.7123241227326664,2.0342430920495,4.068486184099,0.30277777777777776,suppressed_1_9,suppressed_1_9,nonmetro_adjacent,Q3,Constrained Bayesian posterior estimate; not an observed or recovered true suppressed count.
21207,Russell County,21,Kentucky,4.097222222222222,4.0,3.0,6.0,3.75919537417629,3.669994128009395,2.7524955960070465,5.504991192014093,0.6833333333333333,suppressed_1_9,suppressed_1_9,nonmetro_nonadjacent,Q3,Constrained Bayesian posterior estimate; not an observed or recovered true suppressed count.
21209,Scott County,21,Kentucky,7.622222222222222,8.0,5.0,9.0,2.148963250535596,2.255471633215203,1.4096697707595018,2.5374055873671035,0.0,suppressed_1_9,suppressed_1_9,metro_other,Q1_lowest,Constrained Bayesian posterior estimate; not an observed or recovered true suppressed count.
21211,Shelby County,21,Kentucky,4.991666666666666,4.0,3.0,9.0,1.6885358843474134,1.3530838472233029,1.0148128854174772,3.044438656252431,0.044444444444444446,suppressed_1_9,suppressed_1_9,metro_large,Q2,Constrained Bayesian posterior estimate; not an observed or recovered true suppressed count.
21213,Simpson County,21,Kentucky,4.116666666666666,4.0,3.0,8.0,3.50596297589544,3.4066037012749213,2.554952775956191,6.813207402549843,0.6722222222222223,suppressed_1_9,suppressed_1_9,nonmetro_adjacent,Q1_lowest,Constrained Bayesian posterior estimate; not an observed or recovered true suppressed count.
21215,Spencer County,21,Kentucky,2.5194444444444444,2.0,2.0,4.0,2.0923880445514857,1.6609916119923593,1.6609916119923593,3.3219832239847187,0.11944444444444445,suppressed_1_9,suppressed_1_9,metro_large,Q1_lowest,Constrained Bayesian posterior estimate; not an observed or recovered true suppressed count.
21217,Taylor County,21,Kentucky,6.183333333333334,6.0,4.0,9.0,3.9291690495859006,3.812670775878503,2.5417805172523353,5.719006163817754,0.8972222222222223,suppressed_1_9,suppressed_1_9,nonmetro_nonadjacent,Q2,Constrained Bayesian posterior estimate; not an observed or recovered true suppressed count.
21219,Todd County,21,Kentucky,1.4722222222222223,1.0,1.0,3.0249999999999773,1.9713213655529072,1.3390107388661256,1.3390107388661256,4.050507485070001,0.08888888888888889,suppressed_1_9,suppressed_1_9,nonmetro_adjacent,Q4_highest,Constrained Bayesian posterior estimate; not an observed or recovered true suppressed count.
21221,Trigg County,21,Kentucky,2.4444444444444446,2.0,2.0,4.0,2.81361945285333,2.30205227960727,2.30205227960727,4.60410455921454,0.31666666666666665,suppressed_1_9,suppressed_1_9,metro_other,Q3,Constrained Bayesian posterior estimate; not an observed or recovered true suppressed count.
21223,Trimble County,21,Kentucky,2.813888888888889,3.0,2.0,5.024999999999977,5.49383800716314,5.857201429157149,3.9048009527714327,9.810812393838178,1.0,suppressed_1_9,suppressed_1_9,nonmetro_adjacent,Q2,Constrained Bayesian posterior estimate; not an observed or recovered true suppressed count.
21225,Union County,21,Kentucky,0.0,0.0,0.0,0.0,0.0,0.0,0.0,0.0,0.0,zero,zero,nonmetro_adjacent,Q1_lowest,Constrained Bayesian posterior estimate; not an observed or recovered true suppressed count.
21227,Warren County,21,Kentucky,31.0,31.0,31.0,31.0,3.7142384732802474,3.714238473280248,3.714238473280248,3.714238473280248,1.0,exact,exact,metro_other,Q4_highest,Constrained Bayesian posterior estimate; not an observed or recovered true suppressed count.
21229,Washington County,21,Kentucky,5.058333333333334,5.0,4.0,8.0,6.937682014145098,6.857675796519044,5.486140637215235,10.97228127443047,1.0,suppressed_1_9,suppressed_1_9,nonmetro_adjacent,Q2,Constrained Bayesian posterior estimate; not an observed or recovered true suppressed count.
21231,Wayne County,21,Kentucky,4.3,4.0,3.0,6.0,3.6142958006926,3.362135628551256,2.521601721413442,5.043203442826884,0.7722222222222223,suppressed_1_9,suppressed_1_9,nonmetro_nonadjacent,Q3,Constrained Bayesian posterior estimate; not an observed or recovered true suppressed count.
21233,Webster County,21,Kentucky,1.4638888888888888,1.0,1.0,4.0,1.901549528329119,1.29897121479788,1.29897121479788,5.19588485919152,0.15,suppressed_1_9,suppressed_1_9,nonmetro_nonadjacent,Q3,Constrained Bayesian posterior estimate; not an observed or recovered true suppressed count.
21235,Whitley County,21,Kentucky,8.025,8.0,6.0,9.0,3.6380533581159193,3.6267198585579252,2.720039893918444,4.0800598408776665,0.9555555555555556,suppressed_1_9,suppressed_1_9,nonmetro_nonadjacent,Q4_highest,Constrained Bayesian posterior estimate; not an observed or recovered true suppressed count.
21237,Wolfe County,21,Kentucky,0.0,0.0,0.0,0.0,0.0,0.0,0.0,0.0,0.0,zero,zero,nonmetro_nonadjacent,Q4_highest,Constrained Bayesian posterior estimate; not an observed or recovered true suppressed count.
21239,Woodford County,21,Kentucky,1.4333333333333333,1.0,1.0,3.0,0.8813353665535278,0.6148851394559496,0.6148851394559496,1.844655418367849,0.0,suppressed_1_9,suppressed_1_9,metro_other,Q1_lowest,Constrained Bayesian posterior estimate; not an observed or recovered true suppressed count.
22001,Acadia Parish,22,Louisiana,8.238888888888889,8.0,6.975,9.0,2.3466734519234174,2.2786309984961033,1.9866814018137902,2.5634598733081164,0.0,suppressed_1_9,suppressed_1_9,metro_other,Q4_highest,Constrained Bayesian posterior estimate; not an observed or recovered true suppressed count.
22003,Allen Parish,22,Louisiana,2.4833333333333334,2.0,2.0,4.0,1.76514769192131,1.4215954565809208,1.4215954565809208,2.8431909131618416,0.016666666666666666,suppressed_1_9,suppressed_1_9,nonmetro_adjacent,Q4_highest,Constrained Bayesian posterior estimate; not an observed or recovered true suppressed count.
22005,Ascension Parish,22,Louisiana,7.455555555555556,8.0,5.0,9.0,0.9567456844495889,1.0266123588728824,0.6416327242955514,1.1549389037319926,0.0,suppressed_1_9,suppressed_1_9,metro_other,Q2,Constrained Bayesian posterior estimate; not an observed or recovered true suppressed count.
22007,Assumption Parish,22,Louisiana,2.838888888888889,2.0,2.0,5.0,2.270838610477854,1.5998080230372356,1.5998080230372356,3.999520057593089,0.24722222222222223,suppressed_1_9,suppressed_1_9,metro_other,Q3,Constrained Bayesian posterior estimate; not an observed or recovered true suppressed count.
22009,Avoyelles Parish,22,Louisiana,11.0,11.0,11.0,11.0,4.6832823848976926,4.683282384897692,4.683282384897692,4.683282384897692,1.0,exact,exact,nonmetro_adjacent,Q4_highest,Constrained Bayesian posterior estimate; not an observed or recovered true suppressed count.
22011,Beauregard Parish,22,Louisiana,5.633333333333334,5.0,4.0,9.0,2.5369204487797257,2.2517045403370353,1.801363632269628,4.053068172606663,0.19444444444444445,suppressed_1_9,suppressed_1_9,nonmetro_adjacent,Q3,Constrained Bayesian posterior estimate; not an observed or recovered true suppressed count.
22013,Bienville Parish,22,Louisiana,1.0972222222222223,1.0,1.0,2.0,1.4357976710271296,1.308575092581688,1.308575092581688,2.617150185163376,0.0,suppressed_1_9,suppressed_1_9,nonmetro_adjacent,Q4_highest,Constrained Bayesian posterior estimate; not an observed or recovered true suppressed count.
22015,Bossier Parish,22,Louisiana,25.0,25.0,25.0,25.0,3.231514766083571,3.231514766083572,3.231514766083572,3.231514766083572,1.0,exact,exact,metro_other,Q4_highest,Constrained Bayesian posterior estimate; not an observed or recovered true suppressed count.
22017,Caddo Parish,22,Louisiana,72.0,72.0,72.0,72.0,5.175838324063549,5.17583832406355,5.17583832406355,5.17583832406355,1.0,exact,exact,metro_other,Q4_highest,Constrained Bayesian posterior estimate; not an observed or recovered true suppressed count.
22019,Calcasieu Parish,22,Louisiana,8.213888888888889,9.0,5.0,9.0,0.6704843232284974,0.7346530968076874,0.40814060933760415,0.7346530968076874,0.0,suppressed_1_9,suppressed_1_9,metro_other,Q3,Constrained Bayesian posterior estimate; not an observed or recovered true suppressed count.
22021,Caldwell Parish,22,Louisiana,1.0083333333333333,1.0,1.0,1.0,1.7486357750647428,1.7341842397336293,1.7341842397336293,1.7341842397336293,0.008333333333333333,suppressed_1_9,suppressed_1_9,nonmetro_adjacent,Q4_highest,Constrained Bayesian posterior estimate; not an observed or recovered true suppressed count.
22023,Cameron Parish,22,Louisiana,0.0,0.0,0.0,0.0,0.0,0.0,0.0,0.0,0.0,zero,zero,metro_other,Q2,Constrained Bayesian posterior estimate; not an observed or recovered true suppressed count.
22025,Catahoula Parish,22,Louisiana,0.0,0.0,0.0,0.0,0.0,0.0,0.0,0.0,0.0,zero,zero,nonmetro_nonadjacent,Q4_highest,Constrained Bayesian posterior estimate; not an observed or recovered true suppressed count.
22027,Claiborne Parish,22,Louisiana,2.9027777777777777,3.0,2.0,6.0,3.3687812942051805,3.481611289704875,2.3210741931365835,6.96322257940975,0.5305555555555556,suppressed_1_9,suppressed_1_9,nonmetro_nonadjacent,Q4_highest,Constrained Bayesian posterior estimate; not an observed or recovered true suppressed count.
22029,Concordia Parish,22,Louisiana,0.0,0.0,0.0,0.0,0.0,0.0,0.0,0.0,0.0,zero,zero,nonmetro_adjacent,Q4_highest,Constrained Bayesian posterior estimate; not an observed or recovered true suppressed count.
22031,De Soto Parish,22,Louisiana,2.7527777777777778,2.0,2.0,6.0,1.6859969362832667,1.2249422745953098,1.2249422745953098,3.674826823785929,0.11388888888888889,suppressed_1_9,suppressed_1_9,metro_other,Q4_highest,Constrained Bayesian posterior estimate; not an observed or recovered true suppressed count.
22033,East Baton Rouge Parish,22,Louisiana,52.0,52.0,52.0,52.0,1.9365972942756426,1.936597294275642,1.936597294275642,1.936597294275642,0.0,exact,exact,metro_other,Q4_highest,Constrained Bayesian posterior estimate; not an observed or recovered true suppressed count.
22035,East Carroll Parish,22,Louisiana,2.066666666666667,2.0,2.0,3.0,4.994240512956833,4.833135980280805,4.833135980280805,7.249703970421208,1.0,suppressed_1_9,suppressed_1_9,nonmetro_adjacent,Q4_highest,Constrained Bayesian posterior estimate; not an observed or recovered true suppressed count.
22037,East Feliciana Parish,22,Louisiana,3.738888888888889,3.0,3.0,6.0,3.255992622975407,2.612534942654858,2.612534942654858,5.225069885309716,0.4777777777777778,suppressed_1_9,suppressed_1_9,metro_other,Q3,Constrained Bayesian posterior estimate; not an observed or recovered true suppressed count.
22039,Evangeline Parish,22,Louisiana,3.183333333333333,3.0,2.0,6.024999999999977,1.6377614630440411,1.5434401222404575,1.0289600814936384,3.0997422454995736,0.06944444444444445,suppressed_1_9,suppressed_1_9,nonmetro_adjacent,Q4_highest,Constrained Bayesian posterior estimate; not an observed or recovered true suppressed count.
22041,Franklin Parish,22,Louisiana,4.366666666666666,4.0,2.0,8.0,3.7288154891010423,3.4157088449780537,1.7078544224890269,6.831417689956107,0.5944444444444444,suppressed_1_9,suppressed_1_9,nonmetro_adjacent,Q4_highest,Constrained Bayesian posterior estimate; not an observed or recovered true suppressed count.
22043,Grant Parish,22,Louisiana,5.177777777777778,5.0,4.0,7.0,3.8960246335772113,3.762255547445805,3.0098044379566438,5.267157766424127,1.0,suppressed_1_9,suppressed_1_9,metro_other,Q3,Constrained Bayesian posterior estimate; not an observed or recovered true suppressed count.
22045,Iberia Parish,22,Louisiana,19.0,19.0,19.0,19.0,4.619252070154283,4.619252070154283,4.619252070154283,4.619252070154283,1.0,exact,exact,nonmetro_adjacent,Q4_highest,Constrained Bayesian posterior estimate; not an observed or recovered true suppressed count.
22047,Iberville Parish,22,Louisiana,2.6277777777777778,2.0,2.0,5.0,1.4336409144749842,1.0911431907209184,1.0911431907209184,2.7278579768022957,0.0,suppressed_1_9,suppressed_1_9,metro_other,Q4_highest,Constrained Bayesian posterior estimate; not an observed or recovered true suppressed count.
22049,Jackson Parish,22,Louisiana,4.411111111111111,4.0,3.0,7.0,4.870066144575948,4.416180886769122,3.3121356650768417,7.728316551845964,1.0,suppressed_1_9,suppressed_1_9,nonmetro_adjacent,Q4_highest,Constrained Bayesian posterior estimate; not an observed or recovered true suppressed count.
22051,Jefferson Parish,22,Louisiana,82.0,82.0,82.0,82.0,3.186395180616148,3.186395180616148,3.186395180616148,3.186395180616148,1.0,exact,exact,metro_large,Q4_highest,Constrained Bayesian posterior estimate; not an observed or recovered true suppressed count.
22053,Jefferson Davis Parish,22,Louisiana,1.3055555555555556,1.0,1.0,4.0,0.6873660367468808,0.5264931345295257,0.5264931345295257,2.105972538118103,0.0,suppressed_1_9,suppressed_1_9,metro_other,Q3,Constrained Bayesian posterior estimate; not an observed or recovered true suppressed count.
22055,Lafayette Parish,22,Louisiana,52.0,52.0,52.0,52.0,3.49704432503682,3.49704432503682,3.49704432503682,3.49704432503682,1.0,exact,exact,metro_other,Q3,Constrained Bayesian posterior estimate; not an observed or recovered true suppressed count.
22057,Lafourche Parish,22,Louisiana,30.0,30.0,30.0,30.0,5.181508233416582,5.181508233416583,5.181508233416583,5.181508233416583,1.0,exact,exact,metro_other,Q3,Constrained Bayesian posterior estimate; not an observed or recovered true suppressed count.
22059,LaSalle Parish,22,Louisiana,1.1611111111111112,1.0,1.0,2.0,1.3049417958496607,1.1238733169997077,1.1238733169997077,2.2477466339994154,0.0,suppressed_1_9,suppressed_1_9,nonmetro_adjacent,Q2,Constrained Bayesian posterior estimate; not an observed or recovered true suppressed count.
22061,Lincoln Parish,22,Louisiana,5.863888888888889,6.0,4.0,9.0,2.051889176600493,2.099517111064455,1.3996780740429702,3.1492756665966826,0.08055555555555556,suppressed_1_9,suppressed_1_9,nonmetro_adjacent,Q4_highest,Constrained Bayesian posterior estimate; not an observed or recovered true suppressed count.
22063,Livingston Parish,22,Louisiana,16.0,16.0,16.0,16.0,1.8144457095163136,1.814445709516314,1.814445709516314,1.814445709516314,0.0,exact,exact,metro_other,Q2,Constrained Bayesian posterior estimate; not an observed or recovered true suppressed count.
22065,Madison Parish,22,Louisiana,2.2472222222222222,2.0,2.0,4.0,3.795855245130606,3.378264247829465,3.378264247829465,6.75652849565893,1.0,suppressed_1_9,suppressed_1_9,nonmetro_adjacent,Q4_highest,Constrained Bayesian posterior estimate; not an observed or recovered true suppressed count.
22067,Morehouse Parish,22,Louisiana,4.027777777777778,4.0,2.0,7.0,2.752831429513087,2.7338463851716175,1.3669231925858087,4.78423117405033,0.40555555555555556,suppressed_1_9,suppressed_1_9,metro_other,Q4_highest,Constrained Bayesian posterior estimate; not an observed or recovered true suppressed count.
22069,Natchitoches Parish,22,Louisiana,19.0,19.0,19.0,19.0,8.567241573667005,8.567241573667005,8.567241573667005,8.567241573667005,1.0,exact,exact,nonmetro_adjacent,Q4_highest,Constrained Bayesian posterior estimate; not an observed or recovered true suppressed count.
22071,Orleans Parish,22,Louisiana,69.0,69.0,69.0,69.0,3.062342638860595,3.0623426388605957,3.0623426388605957,3.0623426388605957,1.0,exact,exact,metro_large,Q4_highest,Constrained Bayesian posterior estimate; not an observed or recovered true suppressed count.
22073,Ouachita Parish,22,Louisiana,43.0,43.0,43.0,43.0,4.586030737071126,4.586030737071126,4.586030737071126,4.586030737071126,1.0,exact,exact,metro_other,Q4_highest,Constrained Bayesian posterior estimate; not an observed or recovered true suppressed count.
22075,Plaquemines Parish,22,Louisiana,2.6972222222222224,2.0,2.0,5.0,1.9715960222085773,1.4619455571474518,1.4619455571474518,3.6548638928686294,0.05277777777777778,suppressed_1_9,suppressed_1_9,metro_large,Q3,Constrained Bayesian posterior estimate; not an observed or recovered true suppressed count.
22077,Pointe Coupee Parish,22,Louisiana,4.186111111111111,4.0,3.0,7.024999999999977,3.3865198979954143,3.235957964906036,2.426968473679527,5.6831511758662066,0.6388888888888888,suppressed_1_9,suppressed_1_9,metro_other,Q3,Constrained Bayesian posterior estimate; not an observed or recovered true suppressed count.
22079,Rapides Parish,22,Louisiana,19.0,19.0,19.0,19.0,2.4797152764817274,2.479715276481728,2.479715276481728,2.479715276481728,0.0,exact,exact,metro_other,Q4_highest,Constrained Bayesian posterior estimate; not an observed or recovered true suppressed count.
22081,Red River Parish,22,Louisiana,1.0638888888888889,1.0,1.0,2.0,2.297518440134948,2.15954735887358,2.15954735887358,4.31909471774716,0.06388888888888888,suppressed_1_9,suppressed_1_9,nonmetro_adjacent,Q3,Constrained Bayesian posterior estimate; not an observed or recovered true suppressed count.
22083,Richland Parish,22,Louisiana,1.2805555555555554,1.0,1.0,3.0,1.0749950097845533,0.8394754957102802,0.8394754957102802,2.518426487130841,0.0,suppressed_1_9,suppressed_1_9,metro_other,Q4_highest,Constrained Bayesian posterior estimate; not an observed or recovered true suppressed count.
22085,Sabine Parish,22,Louisiana,3.7777777777777777,3.0,2.0,9.0,2.788871745530218,2.2146922685092907,1.476461512339527,6.644076805527871,0.4305555555555556,suppressed_1_9,suppressed_1_9,nonmetro_adjacent,Q4_highest,Constrained Bayesian posterior estimate; not an observed or recovered true suppressed count.
22087,St. Bernard Parish,22,Louisiana,10.0,10.0,10.0,10.0,3.6646950607239974,3.6646950607239974,3.6646950607239974,3.6646950607239974,1.0,exact,exact,metro_large,Q4_highest,Constrained Bayesian posterior estimate; not an observed or recovered true suppressed count.
22089,St. Charles Parish,22,Louisiana,7.180555555555555,7.0,5.0,9.0,2.3134201998007504,2.2552490922622406,1.6108922087587432,2.8996059757657378,0.0,suppressed_1_9,suppressed_1_9,metro_large,Q2,Constrained Bayesian posterior estimate; not an observed or recovered true suppressed count.
22091,St. Helena Parish,22,Louisiana,1.5972222222222223,1.0,1.0,4.0,2.5122247038633208,1.572871118940514,1.572871118940514,6.291484475762056,0.39444444444444443,suppressed_1_9,suppressed_1_9,metro_other,Q4_highest,Constrained Bayesian posterior estimate; not an observed or recovered true suppressed count.
22093,St. James Parish,22,Louisiana,3.727777777777778,4.0,3.0,6.0,3.1249970892351997,3.3532010495519287,2.5149007871639464,5.029801574327893,0.5083333333333333,suppressed_1_9,suppressed_1_9,metro_large,Q2,Constrained Bayesian posterior estimate; not an observed or recovered true suppressed count.
22095,St. John the Baptist Parish,22,Louisiana,4.608333333333333,5.0,3.0,7.0,1.8687710447950843,2.027599686938608,1.2165598121631649,2.838639561714052,0.008333333333333333,suppressed_1_9,suppressed_1_9,metro_large,Q3,Constrained Bayesian posterior estimate; not an observed or recovered true suppressed count.
22097,St. Landry Parish,22,Louisiana,45.0,45.0,45.0,45.0,9.188530263955844,9.188530263955846,9.188530263955846,9.188530263955846,1.0,exact,exact,nonmetro_adjacent,Q4_highest,Constrained Bayesian posterior estimate; not an observed or recovered true suppressed count.
22099,St. Martin Parish,22,Louisiana,16.0,16.0,16.0,16.0,5.13749213321517,5.137492133215171,5.137492133215171,5.137492133215171,1.0,exact,exact,metro_other,Q3,Constrained Bayesian posterior estimate; not an observed or recovered true suppressed count.
22101,St. Mary Parish,22,Louisiana,12.0,12.0,12.0,12.0,4.17314373350304,4.173143733503041,4.173143733503041,4.173143733503041,1.0,exact,exact,nonmetro_adjacent,Q4_highest,Constrained Bayesian posterior estimate; not an observed or recovered true suppressed count.
22103,St. Tammany Parish,22,Louisiana,45.0,45.0,45.0,45.0,2.7782682621746804,2.7782682621746804,2.7782682621746804,2.7782682621746804,0.0,exact,exact,metro_other,Q2,Constrained Bayesian posterior estimate; not an observed or recovered true suppressed count.
22105,Tangipahoa Parish,22,Louisiana,44.0,44.0,44.0,44.0,5.354915264551068,5.35491526455107,5.35491526455107,5.35491526455107,1.0,exact,exact,metro_other,Q4_highest,Constrained Bayesian posterior estimate; not an observed or recovered true suppressed count.
22107,Tensas Parish,22,Louisiana,1.0638888888888889,1.0,1.0,2.0,4.431208667120201,4.165104752384522,4.165104752384522,8.330209504769044,1.0,suppressed_1_9,suppressed_1_9,nonmetro_nonadjacent,Q4_highest,Constrained Bayesian posterior estimate; not an observed or recovered true suppressed count.
22109,Terrebonne Parish,22,Louisiana,24.0,24.0,24.0,24.0,3.7424332677367937,3.7424332677367946,3.7424332677367946,3.7424332677367946,1.0,exact,exact,metro_other,Q4_highest,Constrained Bayesian posterior estimate; not an observed or recovered true suppressed count.
22111,Union Parish,22,Louisiana,5.775,6.0,4.0,9.0,4.534497514859804,4.71116624920499,3.1407774994699937,7.066749373807486,1.0,suppressed_1_9,suppressed_1_9,metro_other,Q4_highest,Constrained Bayesian posterior estimate; not an observed or recovered true suppressed count.
22113,Vermilion Parish,22,Louisiana,6.675,7.0,4.0,9.0,1.9198798888626836,2.0133571868222897,1.1504898210413081,2.5886020973429438,0.0,suppressed_1_9,suppressed_1_9,metro_other,Q4_highest,Constrained Bayesian posterior estimate; not an observed or recovered true suppressed count.
22115,Vernon Parish,22,Louisiana,10.0,10.0,10.0,10.0,3.5377441927929074,3.5377441927929074,3.5377441927929074,3.5377441927929074,1.0,exact,exact,nonmetro_adjacent,Q4_highest,Constrained Bayesian posterior estimate; not an observed or recovered true suppressed count.
22117,Washington Parish,22,Louisiana,16.0,16.0,16.0,16.0,5.880623346074684,5.880623346074684,5.880623346074684,5.880623346074684,1.0,exact,exact,nonmetro_adjacent,Q4_highest,Constrained Bayesian posterior estimate; not an observed or recovered true suppressed count.
22119,Webster Parish,22,Louisiana,7.663888888888889,8.0,6.0,9.0,3.506987026563108,3.6607910969560526,2.745593322717039,4.1183899840755585,0.8111111111111111,suppressed_1_9,suppressed_1_9,nonmetro_adjacent,Q4_highest,Constrained Bayesian posterior estimate; not an observed or recovered true suppressed count.
22121,West Baton Rouge Parish,22,Louisiana,4.444444444444445,4.0,3.0,8.0,2.681026243225382,2.412923618902844,1.8096927141771326,4.825847237805688,0.36944444444444446,suppressed_1_9,suppressed_1_9,metro_other,Q3,Constrained Bayesian posterior estimate; not an observed or recovered true suppressed count.
22123,West Carroll Parish,22,Louisiana,0.0,0.0,0.0,0.0,0.0,0.0,0.0,0.0,0.0,zero,zero,nonmetro_adjacent,Q3,Constrained Bayesian posterior estimate; not an observed or recovered true suppressed count.
22125,West Feliciana Parish,22,Louisiana,1.1444444444444444,1.0,1.0,2.0,1.2381206530545519,1.081852997814657,1.081852997814657,2.163705995629314,0.019444444444444445,suppressed_1_9,suppressed_1_9,metro_other,Q2,Constrained Bayesian posterior estimate; not an observed or recovered true suppressed count.
22127,Winn Parish,22,Louisiana,1.3111111111111111,1.0,1.0,3.0,1.617517439716633,1.233699742156754,1.233699742156754,3.7010992264702613,0.05,suppressed_1_9,suppressed_1_9,nonmetro_adjacent,Q3,Constrained Bayesian posterior estimate; not an observed or recovered true suppressed count.
23001,Androscoggin County,23,Maine,45.0,45.0,45.0,45.0,6.71724002042041,6.71724002042041,6.71724002042041,6.71724002042041,1.0,exact,exact,metro_other,Q3,Constrained Bayesian posterior estimate; not an observed or recovered true suppressed count.
23003,Aroostook County,23,Maine,18.0,18.0,18.0,18.0,4.476498383486694,4.476498383486695,4.476498383486695,4.476498383486695,1.0,exact,exact,nonmetro_nonadjacent,Q3,Constrained Bayesian posterior estimate; not an observed or recovered true suppressed count.
23005,Cumberland County,23,Maine,63.0,63.0,63.0,63.0,3.4429333792391126,3.4429333792391117,3.4429333792391117,3.4429333792391117,1.0,exact,exact,metro_other,Q1_lowest,Constrained Bayesian posterior estimate; not an observed or recovered true suppressed count.
23007,Franklin County,23,Maine,5.938888888888889,6.0,4.0,9.0,3.2617637079510144,3.295327225993541,2.1968848173290274,4.942990838990312,0.5833333333333334,suppressed_1_9,suppressed_1_9,nonmetro_adjacent,Q2,Constrained Bayesian posterior estimate; not an observed or recovered true suppressed count.
23009,Hancock County,23,Maine,20.0,20.0,20.0,20.0,5.944596361907026,5.944596361907027,5.944596361907027,5.944596361907027,1.0,exact,exact,nonmetro_adjacent,Q1_lowest,Constrained Bayesian posterior estimate; not an observed or recovered true suppressed count.
23011,Kennebec County,23,Maine,25.0,25.0,25.0,25.0,3.328881509128458,3.3288815091284594,3.3288815091284594,3.3288815091284594,1.0,exact,exact,nonmetro_adjacent,Q2,Constrained Bayesian posterior estimate; not an observed or recovered true suppressed count.
23013,Knox County,23,Maine,11.0,11.0,11.0,11.0,4.509508914479213,4.5095089144792135,4.5095089144792135,4.5095089144792135,1.0,exact,exact,nonmetro_nonadjacent,Q1_lowest,Constrained Bayesian posterior estimate; not an observed or recovered true suppressed count.
23015,Lincoln County,23,Maine,2.808333333333333,3.0,2.0,5.0,1.3095515660216057,1.3989274889251573,0.932618325950105,2.331545814875262,0.0,suppressed_1_9,suppressed_1_9,nonmetro_adjacent,Q1_lowest,Constrained Bayesian posterior estimate; not an observed or recovered true suppressed count.
23017,Oxford County,23,Maine,16.0,16.0,16.0,16.0,4.517540763746736,4.5175407637467355,4.5175407637467355,4.5175407637467355,1.0,exact,exact,nonmetro_adjacent,Q2,Constrained Bayesian posterior estimate; not an observed or recovered true suppressed count.
23019,Penobscot County,23,Maine,34.0,34.0,34.0,34.0,3.6859405219291768,3.6859405219291776,3.6859405219291776,3.6859405219291776,1.0,exact,exact,metro_other,Q2,Constrained Bayesian posterior estimate; not an observed or recovered true suppressed count.
23021,Piscataquis County,23,Maine,7.347222222222222,7.0,6.0,9.0,7.113817858291673,6.777626088051045,5.8093937897580386,8.714090684637057,1.0,suppressed_1_9,suppressed_1_9,nonmetro_adjacent,Q2,Constrained Bayesian posterior estimate; not an observed or recovered true suppressed count.
23023,Sagadahoc County,23,Maine,4.561111111111111,4.0,3.0,7.0,2.0595736055482554,1.8062034055965213,1.3546525541973908,3.160855959793912,0.08333333333333333,suppressed_1_9,suppressed_1_9,metro_other,Q1_lowest,Constrained Bayesian posterior estimate; not an observed or recovered true suppressed count.
23025,Somerset County,23,Maine,16.0,16.0,16.0,16.0,5.238190336193603,5.238190336193604,5.238190336193604,5.238190336193604,1.0,exact,exact,nonmetro_adjacent,Q2,Constrained Bayesian posterior estimate; not an observed or recovered true suppressed count.
23027,Waldo County,23,Maine,6.163888888888889,6.0,4.0,9.0,2.5573331268105317,2.4893373384005177,1.6595582256003452,3.7340060076007764,0.15833333333333333,suppressed_1_9,suppressed_1_9,nonmetro_adjacent,Q2,Constrained Bayesian posterior estimate; not an observed or recovered true suppressed count.
23029,Washington County,23,Maine,7.180555555555555,7.0,5.0,9.0,3.8123874718900947,3.716524730817423,2.654660522012445,4.778388939622402,0.9361111111111111,suppressed_1_9,suppressed_1_9,nonmetro_nonadjacent,Q3,Constrained Bayesian posterior estimate; not an observed or recovered true suppressed count.
23031,York County,23,Maine,58.0,58.0,58.0,58.0,4.507448558743322,4.507448558743324,4.507448558743324,4.507448558743324,1.0,exact,exact,metro_other,Q1_lowest,Constrained Bayesian posterior estimate; not an observed or recovered true suppressed count.
24001,Allegany County,24,Maryland,12.0,12.0,12.0,12.0,2.927979035670105,2.9279790356701048,2.9279790356701048,2.9279790356701048,0.0,exact,exact,nonmetro_adjacent,Q3,Constrained Bayesian posterior estimate; not an observed or recovered true suppressed count.
24003,Anne Arundel County,24,Maryland,120.0,120.0,120.0,120.0,3.387376096133735,3.3873760961337336,3.3873760961337336,3.3873760961337336,1.0,exact,exact,metro_large,Q1_lowest,Constrained Bayesian posterior estimate; not an observed or recovered true suppressed count.
24005,Baltimore County,24,Maryland,215.0,215.0,215.0,215.0,4.260807389310171,4.26080738931017,4.26080738931017,4.26080738931017,1.0,exact,exact,metro_large,Q3,Constrained Bayesian posterior estimate; not an observed or recovered true suppressed count.
24009,Calvert County,24,Maryland,28.0,28.0,28.0,28.0,4.966837490398925,4.966837490398926,4.966837490398926,4.966837490398926,1.0,exact,exact,metro_other,Q1_lowest,Constrained Bayesian posterior estimate; not an observed or recovered true suppressed count.
24011,Caroline County,24,Maryland,10.0,10.0,10.0,10.0,4.961351075124779,4.961351075124778,4.961351075124778,4.961351075124778,1.0,exact,exact,nonmetro_adjacent,Q4_highest,Constrained Bayesian posterior estimate; not an observed or recovered true suppressed count.
24013,Carroll County,24,Maryland,38.0,38.0,38.0,38.0,3.6522167033169812,3.6522167033169812,3.6522167033169812,3.6522167033169812,1.0,exact,exact,metro_large,Q1_lowest,Constrained Bayesian posterior estimate; not an observed or recovered true suppressed count.
24015,Cecil County,24,Maryland,18.0,18.0,18.0,18.0,2.870364759575058,2.8703647595750583,2.8703647595750583,2.8703647595750583,0.0,exact,exact,metro_large,Q2,Constrained Bayesian posterior estimate; not an observed or recovered true suppressed count.
24017,Charles County,24,Maryland,40.0,40.0,40.0,40.0,3.9488856244767727,3.9488856244767727,3.9488856244767727,3.9488856244767727,1.0,exact,exact,metro_large,Q1_lowest,Constrained Bayesian posterior estimate; not an observed or recovered true suppressed count.
24019,Dorchester County,24,Maryland,6.280555555555556,6.0,4.0,9.0,3.2205665006387005,3.0767021854841192,2.051134790322746,4.615053278226179,0.6611111111111111,suppressed_1_9,suppressed_1_9,nonmetro_adjacent,Q4_highest,Constrained Bayesian posterior estimate; not an observed or recovered true suppressed count.
24021,Frederick County,24,Maryland,38.0,38.0,38.0,38.0,2.2560899586185603,2.2560899586185603,2.2560899586185603,2.2560899586185603,0.0,exact,exact,metro_large,Q1_lowest,Constrained Bayesian posterior estimate; not an observed or recovered true suppressed count.
24023,Garrett County,24,Maryland,5.95,6.0,4.0,9.0,3.4600466379395565,3.489122660107116,2.326081773404744,5.233683990160674,0.5611111111111111,suppressed_1_9,suppressed_1_9,nonmetro_adjacent,Q2,Constrained Bayesian posterior estimate; not an observed or recovered true suppressed count.
24025,Harford County,24,Maryland,32.0,32.0,32.0,32.0,2.0391932951324456,2.0391932951324456,2.0391932951324456,2.0391932951324456,0.0,exact,exact,metro_large,Q1_lowest,Constrained Bayesian posterior estimate; not an observed or recovered true suppressed count.
24027,Howard County,24,Maryland,24.0,24.0,24.0,24.0,1.2003006753191676,1.2003006753191674,1.2003006753191674,1.2003006753191674,0.0,exact,exact,metro_large,Q1_lowest,Constrained Bayesian posterior estimate; not an observed or recovered true suppressed count.
24029,Kent County,24,Maryland,4.358333333333333,4.0,3.0,8.0,3.755112122047606,3.4463744141163497,2.584780810587262,6.892748828232699,0.7027777777777777,suppressed_1_9,suppressed_1_9,nonmetro_adjacent,Q2,Constrained Bayesian posterior estimate; not an observed or recovered true suppressed count.
24031,Montgomery County,24,Maryland,149.0,149.0,149.0,149.0,2.346235370868165,2.3462353708681656,2.3462353708681656,2.3462353708681656,0.0,exact,exact,metro_large,Q2,Constrained Bayesian posterior estimate; not an observed or recovered true suppressed count.
24033,Prince George's County,24,Maryland,201.0,201.0,201.0,201.0,3.5668179458855156,3.5668179458855156,3.5668179458855156,3.5668179458855156,1.0,exact,exact,metro_large,Q4_highest,Constrained Bayesian posterior estimate; not an observed or recovered true suppressed count.
24035,Queen Anne's County,24,Maryland,6.044444444444444,6.0,4.0,9.0,1.9482307808286927,1.9339055544990702,1.2892703696660468,2.900858331748605,0.0,suppressed_1_9,suppressed_1_9,metro_large,Q1_lowest,Constrained Bayesian posterior estimate; not an observed or recovered true suppressed count.
24037,St. Mary's County,24,Maryland,20.0,20.0,20.0,20.0,2.9015279446156343,2.9015279446156343,2.9015279446156343,2.9015279446156343,0.0,exact,exact,metro_other,Q1_lowest,Constrained Bayesian posterior estimate; not an observed or recovered true suppressed count.
24039,Somerset County,24,Maryland,2.783333333333333,2.0,2.0,5.0,1.851236004877508,1.3302294645826405,1.3302294645826405,3.3255736614566014,0.07222222222222222,suppressed_1_9,suppressed_1_9,metro_other,Q4_highest,Constrained Bayesian posterior estimate; not an observed or recovered true suppressed count.
24041,Talbot County,24,Maryland,4.969444444444444,5.0,3.0,8.0,2.201031298197541,2.2145647494441443,1.3287388496664865,3.5433035991106308,0.12777777777777777,suppressed_1_9,suppressed_1_9,nonmetro_adjacent,Q2,Constrained Bayesian posterior estimate; not an observed or recovered true suppressed count.
24043,Washington County,24,Maryland,21.0,21.0,21.0,21.0,2.268399147513996,2.2683991475139966,2.2683991475139966,2.2683991475139966,0.0,exact,exact,metro_other,Q3,Constrained Bayesian posterior estimate; not an observed or recovered true suppressed count.
24045,Wicomico County,24,Maryland,18.0,18.0,18.0,18.0,2.869111149365927,2.8691111493659265,2.8691111493659265,2.8691111493659265,0.0,exact,exact,metro_other,Q4_highest,Constrained Bayesian posterior estimate; not an observed or recovered true suppressed count.
24047,Worcester County,24,Maryland,7.613888888888889,8.0,5.0,9.0,2.3779655164635725,2.4985555225885037,1.5615972016178148,2.8108749629120666,0.0,suppressed_1_9,suppressed_1_9,nonmetro_adjacent,Q2,Constrained Bayesian posterior estimate; not an observed or recovered true suppressed count.
24510,Baltimore City,24,Maryland,208.0,208.0,208.0,208.0,6.0123252667969345,6.012325266796934,6.012325266796934,6.012325266796934,1.0,exact,exact,metro_large,Q4_highest,Constrained Bayesian posterior estimate; not an observed or recovered true suppressed count.
25001,Barnstable County,25,Massachusetts,42.0,42.0,42.0,42.0,3.0988831477569616,3.098883147756962,3.098883147756962,3.098883147756962,1.0,exact,exact,metro_other,Q1_lowest,Constrained Bayesian posterior estimate; not an observed or recovered true suppressed count.
25003,Berkshire County,25,Massachusetts,15.0,15.0,15.0,15.0,1.9696024685684272,1.9696024685684272,1.9696024685684272,1.9696024685684272,0.0,exact,exact,metro_other,Q2,Constrained Bayesian posterior estimate; not an observed or recovered true suppressed count.
25005,Bristol County,25,Massachusetts,72.0,72.0,72.0,72.0,2.079333504300755,2.0793335043007546,2.0793335043007546,2.0793335043007546,0.0,exact,exact,metro_large,Q3,Constrained Bayesian posterior estimate; not an observed or recovered true suppressed count.
25007,Dukes County,25,Massachusetts,3.0,3.0,3.0,3.0,2.528700753552825,2.5287007535528248,2.5287007535528248,2.5287007535528248,0.0,suppressed_1_9,suppressed_1_9,nonmetro_nonadjacent,Q1_lowest,Constrained Bayesian posterior estimate; not an observed or recovered true suppressed count.
25009,Essex County,25,Massachusetts,91.0,91.0,91.0,91.0,1.8847748097982602,1.8847748097982606,1.8847748097982606,1.8847748097982606,0.0,exact,exact,metro_large,Q3,Constrained Bayesian posterior estimate; not an observed or recovered true suppressed count.
25011,Franklin County,25,Massachusetts,15.0,15.0,15.0,15.0,3.5372102730018886,3.5372102730018886,3.5372102730018886,3.5372102730018886,1.0,exact,exact,nonmetro_adjacent,Q2,Constrained Bayesian posterior estimate; not an observed or recovered true suppressed count.
25013,Hampden County,25,Massachusetts,70.0,70.0,70.0,70.0,2.5192914744657213,2.5192914744657213,2.5192914744657213,2.5192914744657213,0.0,exact,exact,metro_other,Q4_highest,Constrained Bayesian posterior estimate; not an observed or recovered true suppressed count.
25015,Hampshire County,25,Massachusetts,20.0,20.0,20.0,20.0,2.052772680058955,2.0527726800589554,2.0527726800589554,2.0527726800589554,0.0,exact,exact,metro_other,Q2,Constrained Bayesian posterior estimate; not an observed or recovered true suppressed count.
25017,Middlesex County,25,Massachusetts,141.0,141.0,141.0,141.0,1.4467721743231188,1.4467721743231183,1.4467721743231183,1.4467721743231183,0.0,exact,exact,metro_large,Q2,Constrained Bayesian posterior estimate; not an observed or recovered true suppressed count.
25019,Nantucket County,25,Massachusetts,1.0,1.0,1.0,1.0,1.2376084454400316,1.2376084454400318,1.2376084454400318,1.2376084454400318,0.0,suppressed_1_9,suppressed_1_9,nonmetro_nonadjacent,Q1_lowest,Constrained Bayesian posterior estimate; not an observed or recovered true suppressed count.
25021,Norfolk County,25,Massachusetts,68.0,68.0,68.0,68.0,1.5688275805425695,1.5688275805425698,1.5688275805425698,1.5688275805425698,0.0,exact,exact,metro_large,Q2,Constrained Bayesian posterior estimate; not an observed or recovered true suppressed count.
25023,Plymouth County,25,Massachusetts,47.0,47.0,47.0,47.0,1.4740889659736356,1.4740889659736358,1.4740889659736358,1.4740889659736358,0.0,exact,exact,metro_large,Q2,Constrained Bayesian posterior estimate; not an observed or recovered true suppressed count.
25025,Suffolk County,25,Massachusetts,96.0,96.0,96.0,96.0,2.040519618320805,2.0405196183208054,2.0405196183208054,2.0405196183208054,0.0,exact,exact,metro_large,Q4_highest,Constrained Bayesian posterior estimate; not an observed or recovered true suppressed count.
25027,Worcester County,25,Massachusetts,126.0,126.0,126.0,126.0,2.454750760972736,2.4547507609727357,2.4547507609727357,2.4547507609727357,0.0,exact,exact,metro_other,Q3,Constrained Bayesian posterior estimate; not an observed or recovered true suppressed count.
26001,Alcona County,26,Michigan,0.0,0.0,0.0,0.0,0.0,0.0,0.0,0.0,0.0,zero,zero,nonmetro_nonadjacent,Q1_lowest,Constrained Bayesian posterior estimate; not an observed or recovered true suppressed count.
26003,Alger County,26,Michigan,3.1555555555555554,3.0,3.0,4.0,5.931160941216765,5.638779768058192,5.638779768058192,7.518373024077589,1.0,suppressed_1_9,suppressed_1_9,nonmetro_nonadjacent,Q2,Constrained Bayesian posterior estimate; not an observed or recovered true suppressed count.
26005,Allegan County,26,Michigan,20.0,20.0,20.0,20.0,2.764202472302692,2.7642024723026912,2.7642024723026912,2.7642024723026912,0.0,exact,exact,nonmetro_adjacent,Q1_lowest,Constrained Bayesian posterior estimate; not an observed or recovered true suppressed count.
26007,Alpena County,26,Michigan,11.0,11.0,11.0,11.0,6.388292003019919,6.388292003019919,6.388292003019919,6.388292003019919,1.0,exact,exact,nonmetro_nonadjacent,Q2,Constrained Bayesian posterior estimate; not an observed or recovered true suppressed count.
26009,Antrim County,26,Michigan,3.783333333333333,3.0,3.0,6.0,2.631334909815923,2.086521073862846,2.086521073862846,4.173042147725692,0.21388888888888888,suppressed_1_9,suppressed_1_9,nonmetro_adjacent,Q1_lowest,Constrained Bayesian posterior estimate; not an observed or recovered true suppressed count.
26011,Arenac County,26,Michigan,0.0,0.0,0.0,0.0,0.0,0.0,0.0,0.0,0.0,zero,zero,nonmetro_adjacent,Q2,Constrained Bayesian posterior estimate; not an observed or recovered true suppressed count.
26013,Baraga County,26,Michigan,1.0583333333333333,1.0,1.0,2.0,2.1448065283182007,2.0265888456549934,2.0265888456549934,4.053177691309987,0.05277777777777778,suppressed_1_9,suppressed_1_9,nonmetro_nonadjacent,Q2,Constrained Bayesian posterior estimate; not an observed or recovered true suppressed count.
26015,Barry County,26,Michigan,7.211111111111111,7.0,5.0,9.0,1.9077518217707108,1.8519008439376703,1.322786317098336,2.3810153707770048,0.0,suppressed_1_9,suppressed_1_9,metro_large,Q1_lowest,Constrained Bayesian posterior estimate; not an observed or recovered true suppressed count.
26017,Bay County,26,Michigan,33.0,33.0,33.0,33.0,5.353058542994794,5.353058542994793,5.353058542994793,5.353058542994793,1.0,exact,exact,metro_other,Q2,Constrained Bayesian posterior estimate; not an observed or recovered true suppressed count.
26019,Benzie County,26,Michigan,3.613888888888889,3.0,3.0,5.0,3.3124858054509105,2.7497960567924546,2.7497960567924546,4.582993427987424,0.4222222222222222,suppressed_1_9,suppressed_1_9,metro_other,Q1_lowest,Constrained Bayesian posterior estimate; not an observed or recovered true suppressed count.
26021,Berrien County,26,Michigan,34.0,34.0,34.0,34.0,3.7061623669732975,3.7061623669732975,3.7061623669732975,3.7061623669732975,1.0,exact,exact,metro_other,Q3,Constrained Bayesian posterior estimate; not an observed or recovered true suppressed count.
26023,Branch County,26,Michigan,1.2277777777777779,1.0,1.0,3.0,0.4583671923578367,0.3733307449068353,0.3733307449068353,1.1199922347205058,0.0,suppressed_1_9,suppressed_1_9,nonmetro_adjacent,Q3,Constrained Bayesian posterior estimate; not an observed or recovered true suppressed count.
26025,Calhoun County,26,Michigan,22.0,22.0,22.0,22.0,2.743148985408941,2.7431489854089413,2.7431489854089413,2.7431489854089413,0.0,exact,exact,metro_other,Q3,Constrained Bayesian posterior estimate; not an observed or recovered true suppressed count.
26027,Cass County,26,Michigan,16.0,16.0,16.0,16.0,5.17048043457888,5.170480434578881,5.170480434578881,5.170480434578881,1.0,exact,exact,metro_other,Q1_lowest,Constrained Bayesian posterior estimate; not an observed or recovered true suppressed count.
26029,Charlevoix County,26,Michigan,2.338888888888889,2.0,2.0,4.024999999999977,1.490773141154616,1.274770381984945,1.274770381984945,2.5654753937446872,0.025,suppressed_1_9,suppressed_1_9,nonmetro_nonadjacent,Q1_lowest,Constrained Bayesian posterior estimate; not an observed or recovered true suppressed count.
26031,Cheboygan County,26,Michigan,3.8583333333333334,4.0,3.0,6.0,2.4998110294038245,2.5915967475460815,1.9436975606595615,3.887395121319123,0.19722222222222222,suppressed_1_9,suppressed_1_9,nonmetro_nonadjacent,Q2,Constrained Bayesian posterior estimate; not an observed or recovered true suppressed count.
26033,Chippewa County,26,Michigan,4.086111111111111,4.0,3.0,7.0,1.8578890439866282,1.8187357058740616,1.3640517794055462,3.1827874852796083,0.06111111111111111,suppressed_1_9,suppressed_1_9,nonmetro_nonadjacent,Q3,Constrained Bayesian posterior estimate; not an observed or recovered true suppressed count.
26035,Clare County,26,Michigan,4.372222222222222,4.0,3.0,7.0,2.3398510225476015,2.1406515072862424,1.605488630464682,3.7461401377509245,0.15833333333333333,suppressed_1_9,suppressed_1_9,nonmetro_adjacent,Q3,Constrained Bayesian posterior estimate; not an observed or recovered true suppressed count.
26037,Clinton County,26,Michigan,10.0,10.0,10.0,10.0,2.090773000593779,2.0907730005937792,2.0907730005937792,2.0907730005937792,0.0,exact,exact,metro_other,Q1_lowest,Constrained Bayesian posterior estimate; not an observed or recovered true suppressed count.
26039,Crawford County,26,Michigan,0.0,0.0,0.0,0.0,0.0,0.0,0.0,0.0,0.0,zero,zero,nonmetro_nonadjacent,Q2,Constrained Bayesian posterior estimate; not an observed or recovered true suppressed count.
26041,Delta County,26,Michigan,5.775,5.0,4.0,9.0,2.6437465665629003,2.2889580662882256,1.8311664530305805,4.120124519318806,0.325,suppressed_1_9,suppressed_1_9,nonmetro_nonadjacent,Q2,Constrained Bayesian posterior estimate; not an observed or recovered true suppressed count.
26043,Dickinson County,26,Michigan,2.6277777777777778,2.0,2.0,4.0,1.7064710971418593,1.2987940697062776,1.2987940697062776,2.5975881394125553,0.016666666666666666,suppressed_1_9,suppressed_1_9,nonmetro_nonadjacent,Q1_lowest,Constrained Bayesian posterior estimate; not an observed or recovered true suppressed count.
26045,Eaton County,26,Michigan,14.0,14.0,14.0,14.0,2.1319818598800606,2.131981859880061,2.131981859880061,2.131981859880061,0.0,exact,exact,metro_other,Q1_lowest,Constrained Bayesian posterior estimate; not an observed or recovered true suppressed count.
26047,Emmet County,26,Michigan,5.183333333333334,5.0,4.0,8.024999999999977,2.5506396282463246,2.4604240786942038,1.9683392629553629,3.9489806463041854,0.3,suppressed_1_9,suppressed_1_9,nonmetro_nonadjacent,Q1_lowest,Constrained Bayesian posterior estimate; not an observed or recovered true suppressed count.
26049,Genesee County,26,Michigan,82.0,82.0,82.0,82.0,3.3875912532393846,3.387591253239384,3.387591253239384,3.387591253239384,1.0,exact,exact,metro_other,Q3,Constrained Bayesian posterior estimate; not an observed or recovered true suppressed count.
26051,Gladwin County,26,Michigan,0.0,0.0,0.0,0.0,0.0,0.0,0.0,0.0,0.0,zero,zero,nonmetro_adjacent,Q3,Constrained Bayesian posterior estimate; not an observed or recovered true suppressed count.
26053,Gogebic County,26,Michigan,2.513888888888889,2.0,2.0,4.0,2.9596751617519708,2.3546586922225625,2.3546586922225625,4.709317384445125,0.3972222222222222,suppressed_1_9,suppressed_1_9,nonmetro_nonadjacent,Q1_lowest,Constrained Bayesian posterior estimate; not an observed or recovered true suppressed count.
26055,Grand Traverse County,26,Michigan,13.0,13.0,13.0,13.0,2.2725286251201813,2.2725286251201817,2.2725286251201817,2.2725286251201817,0.0,exact,exact,metro_other,Q1_lowest,Constrained Bayesian posterior estimate; not an observed or recovered true suppressed count.
26057,Gratiot County,26,Michigan,3.9305555555555554,4.0,3.0,6.0,1.5953354421074752,1.623521580660611,1.217641185495458,2.435282370990916,0.0,suppressed_1_9,suppressed_1_9,nonmetro_adjacent,Q2,Constrained Bayesian posterior estimate; not an observed or recovered true suppressed count.
26059,Hillsdale County,26,Michigan,17.0,17.0,17.0,17.0,6.210091032628549,6.21009103262855,6.21009103262855,6.21009103262855,1.0,exact,exact,nonmetro_adjacent,Q2,Constrained Bayesian posterior estimate; not an observed or recovered true suppressed count.
26061,Houghton County,26,Michigan,5.561111111111111,5.0,4.0,8.0,2.51864197642692,2.2645132655187097,1.8116106124149673,3.6232212248299347,0.25277777777777777,suppressed_1_9,suppressed_1_9,nonmetro_nonadjacent,Q2,Constrained Bayesian posterior estimate; not an observed or recovered true suppressed count.
26063,Huron County,26,Michigan,2.525,2.0,2.0,5.0,1.3586883411087973,1.0761887850366711,1.0761887850366711,2.6904719625916775,0.011111111111111112,suppressed_1_9,suppressed_1_9,nonmetro_nonadjacent,Q1_lowest,Constrained Bayesian posterior estimate; not an observed or recovered true suppressed count.
26065,Ingham County,26,Michigan,52.0,52.0,52.0,52.0,3.012360526259384,3.0123605262593838,3.0123605262593838,3.0123605262593838,1.0,exact,exact,metro_other,Q3,Constrained Bayesian posterior estimate; not an observed or recovered true suppressed count.
26067,Ionia County,26,Michigan,11.0,11.0,11.0,11.0,2.7794061167148425,2.779406116714843,2.779406116714843,2.779406116714843,0.0,exact,exact,metro_large,Q2,Constrained Bayesian posterior estimate; not an observed or recovered true suppressed count.
26069,Iosco County,26,Michigan,3.8305555555555557,4.0,3.0,5.0,2.5219108146997224,2.6334674207161712,1.9751005655371288,3.291834275895214,0.25555555555555554,suppressed_1_9,suppressed_1_9,nonmetro_nonadjacent,Q2,Constrained Bayesian posterior estimate; not an observed or recovered true suppressed count.
26071,Iron County,26,Michigan,3.738888888888889,3.0,3.0,7.0,5.431431605928251,4.358058049333217,4.358058049333217,10.168802115110841,1.0,suppressed_1_9,suppressed_1_9,nonmetro_nonadjacent,Q2,Constrained Bayesian posterior estimate; not an observed or recovered true suppressed count.
26073,Isabella County,26,Michigan,6.269444444444445,6.0,4.0,9.0,1.5759262703906844,1.508197050972033,1.005464700648022,2.2622955764580492,0.0,suppressed_1_9,suppressed_1_9,nonmetro_adjacent,Q3,Constrained Bayesian posterior estimate; not an observed or recovered true suppressed count.
26075,Jackson County,26,Michigan,35.0,35.0,35.0,35.0,3.6641425958670557,3.6641425958670566,3.6641425958670566,3.6641425958670566,1.0,exact,exact,metro_other,Q3,Constrained Bayesian posterior estimate; not an observed or recovered true suppressed count.
26077,Kalamazoo County,26,Michigan,47.0,47.0,47.0,47.0,2.97406237937646,2.9740623793764596,2.9740623793764596,2.9740623793764596,1.0,exact,exact,metro_other,Q2,Constrained Bayesian posterior estimate; not an observed or recovered true suppressed count.
26079,Kalkaska County,26,Michigan,2.5055555555555555,2.0,2.0,5.0,2.2921558462680043,1.8296587686396488,1.8296587686396488,4.574146921599121,0.08888888888888889,suppressed_1_9,suppressed_1_9,metro_other,Q2,Constrained Bayesian posterior estimate; not an observed or recovered true suppressed count.
26081,Kent County,26,Michigan,143.0,143.0,143.0,143.0,3.604604617725378,3.6046046177253785,3.6046046177253785,3.6046046177253785,1.0,exact,exact,metro_large,Q2,Constrained Bayesian posterior estimate; not an observed or recovered true suppressed count.
26083,Keweenaw County,26,Michigan,0.0,0.0,0.0,0.0,0.0,0.0,0.0,0.0,0.0,zero,zero,nonmetro_nonadjacent,Q1_lowest,Constrained Bayesian posterior estimate; not an observed or recovered true suppressed count.
26085,Lake County,26,Michigan,2.425,2.0,2.0,5.0,3.2734439329922655,2.699747573601868,2.699747573601868,6.74936893400467,0.28888888888888886,suppressed_1_9,suppressed_1_9,nonmetro_nonadjacent,Q3,Constrained Bayesian posterior estimate; not an observed or recovered true suppressed count.
26087,Lapeer County,26,Michigan,7.286111111111111,7.0,5.0,9.0,1.3729763908779509,1.3190623351172082,0.9421873822265772,1.695937288007839,0.0,suppressed_1_9,suppressed_1_9,metro_large,Q1_lowest,Constrained Bayesian posterior estimate; not an observed or recovered true suppressed count.
26089,Leelanau County,26,Michigan,2.536111111111111,2.0,2.0,5.0,1.8801745988205767,1.4827225751925688,1.4827225751925688,3.7068064379814216,0.10833333333333334,suppressed_1_9,suppressed_1_9,metro_other,Q1_lowest,Constrained Bayesian posterior estimate; not an observed or recovered true suppressed count.
26091,Lenawee County,26,Michigan,21.0,21.0,21.0,21.0,3.56507449308036,3.5650744930803597,3.5650744930803597,3.5650744930803597,1.0,exact,exact,nonmetro_adjacent,Q2,Constrained Bayesian posterior estimate; not an observed or recovered true suppressed count.
26093,Livingston County,26,Michigan,19.0,19.0,19.0,19.0,1.624989950720042,1.6249899507200418,1.6249899507200418,1.6249899507200418,0.0,exact,exact,metro_large,Q1_lowest,Constrained Bayesian posterior estimate; not an observed or recovered true suppressed count.
26095,Luce County,26,Michigan,2.6777777777777776,2.0,2.0,7.0,7.4888211476851465,5.59331040076069,5.59331040076069,19.576586402662414,1.0,suppressed_1_9,suppressed_1_9,nonmetro_nonadjacent,Q3,Constrained Bayesian posterior estimate; not an observed or recovered true suppressed count.
26097,Mackinac County,26,Michigan,1.2222222222222223,1.0,1.0,2.0249999999999773,1.8665580669245911,1.5271838729383018,1.5271838729383018,3.0925473427000263,0.19722222222222222,suppressed_1_9,suppressed_1_9,nonmetro_nonadjacent,Q3,Constrained Bayesian posterior estimate; not an observed or recovered true suppressed count.
26099,Macomb County,26,Michigan,144.0,144.0,144.0,144.0,2.739191322241891,2.7391913222418913,2.7391913222418913,2.7391913222418913,0.0,exact,exact,metro_large,Q2,Constrained Bayesian posterior estimate; not an observed or recovered true suppressed count.
26101,Manistee County,26,Michigan,7.472222222222222,7.0,6.0,9.0,4.948032779889429,4.6353318235395395,3.973141563033891,5.959712344550836,1.0,suppressed_1_9,suppressed_1_9,nonmetro_adjacent,Q2,Constrained Bayesian posterior estimate; not an observed or recovered true suppressed count.
26103,Marquette County,26,Michigan,11.0,11.0,11.0,11.0,2.7481106739116856,2.7481106739116856,2.7481106739116856,2.7481106739116856,0.0,exact,exact,nonmetro_nonadjacent,Q1_lowest,Constrained Bayesian posterior estimate; not an observed or recovered true suppressed count.
26105,Mason County,26,Michigan,10.0,10.0,10.0,10.0,5.702814909439298,5.702814909439299,5.702814909439299,5.702814909439299,1.0,exact,exact,nonmetro_nonadjacent,Q2,Constrained Bayesian posterior estimate; not an observed or recovered true suppressed count.
26107,Mecosta County,26,Michigan,4.877777777777778,5.0,3.0,7.0,1.9421229660243506,1.9907866394327054,1.1944719836596231,2.7871012952057876,0.013888888888888888,suppressed_1_9,suppressed_1_9,nonmetro_adjacent,Q3,Constrained Bayesian posterior estimate; not an observed or recovered true suppressed count.
26109,Menominee County,26,Michigan,3.441666666666667,3.0,3.0,5.0,2.4949014604536974,2.174732507901528,2.174732507901528,3.6245541798358807,0.03611111111111111,suppressed_1_9,suppressed_1_9,nonmetro_nonadjacent,Q1_lowest,Constrained Bayesian posterior estimate; not an observed or recovered true suppressed count.
26111,Midland County,26,Michigan,4.397222222222222,4.0,3.0,8.0,0.8763090108037884,0.7971478051531621,0.5978608538648714,1.5942956103063242,0.0,suppressed_1_9,suppressed_1_9,metro_other,Q1_lowest,Constrained Bayesian posterior estimate; not an observed or recovered true suppressed count.
26113,Missaukee County,26,Michigan,1.0888888888888888,1.0,1.0,2.0,1.1944417021038019,1.0969362570341037,1.0969362570341037,2.1938725140682074,0.005555555555555556,suppressed_1_9,suppressed_1_9,nonmetro_adjacent,Q2,Constrained Bayesian posterior estimate; not an observed or recovered true suppressed count.
26115,Monroe County,26,Michigan,33.0,33.0,33.0,33.0,3.575139132497907,3.5751391324979065,3.5751391324979065,3.5751391324979065,1.0,exact,exact,metro_other,Q1_lowest,Constrained Bayesian posterior estimate; not an observed or recovered true suppressed count.
26117,Montcalm County,26,Michigan,18.0,18.0,18.0,18.0,4.505801219069553,4.505801219069553,4.505801219069553,4.505801219069553,1.0,exact,exact,metro_large,Q2,Constrained Bayesian posterior estimate; not an observed or recovered true suppressed count.
26119,Montmorency County,26,Michigan,4.877777777777778,5.0,4.0,7.0,8.551953605164679,8.76623945859705,7.01299156687764,12.27273524203587,1.0,suppressed_1_9,suppressed_1_9,nonmetro_nonadjacent,Q2,Constrained Bayesian posterior estimate; not an observed or recovered true suppressed count.
26121,Muskegon County,26,Michigan,53.0,53.0,53.0,53.0,5.02599768424786,5.0259976842478595,5.0259976842478595,5.0259976842478595,1.0,exact,exact,metro_other,Q3,Constrained Bayesian posterior estimate; not an observed or recovered true suppressed count.
26123,Newaygo County,26,Michigan,6.55,7.0,4.0,9.0,2.167998358279106,2.3169448103746166,1.3239684630712096,2.978929041910222,0.08055555555555556,suppressed_1_9,suppressed_1_9,nonmetro_adjacent,Q3,Constrained Bayesian posterior estimate; not an observed or recovered true suppressed count.
26125,Oakland County,26,Michigan,219.0,219.0,219.0,219.0,2.8748438690672704,2.8748438690672704,2.8748438690672704,2.8748438690672704,0.0,exact,exact,metro_large,Q1_lowest,Constrained Bayesian posterior estimate; not an observed or recovered true suppressed count.
26127,Oceana County,26,Michigan,6.9944444444444445,7.0,5.0,9.0,4.342514353751773,4.345963531157454,3.104259665112467,5.587667397202441,1.0,suppressed_1_9,suppressed_1_9,nonmetro_adjacent,Q3,Constrained Bayesian posterior estimate; not an observed or recovered true suppressed count.
26129,Ogemaw County,26,Michigan,2.313888888888889,2.0,2.0,4.0,1.8424002427633257,1.5924707980667403,1.5924707980667403,3.1849415961334806,0.030555555555555555,suppressed_1_9,suppressed_1_9,nonmetro_nonadjacent,Q2,Constrained Bayesian posterior estimate; not an observed or recovered true suppressed count.
26131,Ontonagon County,26,Michigan,2.3666666666666667,2.0,2.0,4.024999999999977,6.793543263388543,5.7410224761029935,5.7410224761029935,11.553807733157209,1.0,suppressed_1_9,suppressed_1_9,nonmetro_nonadjacent,Q1_lowest,Constrained Bayesian posterior estimate; not an observed or recovered true suppressed count.
26133,Osceola County,26,Michigan,2.6944444444444446,2.0,2.0,5.0,1.9229686512496125,1.4273581741234238,1.4273581741234238,3.5683954353085587,0.05277777777777778,suppressed_1_9,suppressed_1_9,nonmetro_nonadjacent,Q3,Constrained Bayesian posterior estimate; not an observed or recovered true suppressed count.
26135,Oscoda County,26,Michigan,1.3166666666666667,1.0,1.0,3.0,2.6090689917104264,1.9815713861091848,1.9815713861091848,5.944714158327553,0.2611111111111111,suppressed_1_9,suppressed_1_9,nonmetro_nonadjacent,Q3,Constrained Bayesian posterior estimate; not an observed or recovered true suppressed count.
26137,Otsego County,26,Michigan,4.522222222222222,4.0,3.0,9.0,2.9713147666313326,2.6281899655707113,1.9711424741780337,5.913427422534101,0.3638888888888889,suppressed_1_9,suppressed_1_9,nonmetro_nonadjacent,Q2,Constrained Bayesian posterior estimate; not an observed or recovered true suppressed count.
26139,Ottawa County,26,Michigan,51.0,51.0,51.0,51.0,2.8394823901983304,2.8394823901983295,2.8394823901983295,2.8394823901983295,0.0,exact,exact,metro_large,Q1_lowest,Constrained Bayesian posterior estimate; not an observed or recovered true suppressed count.
26141,Presque Isle County,26,Michigan,2.2472222222222222,2.0,2.0,4.0,2.8727305783527504,2.556694705085266,2.556694705085266,5.113389410170532,0.20833333333333334,suppressed_1_9,suppressed_1_9,nonmetro_nonadjacent,Q1_lowest,Constrained Bayesian posterior estimate; not an observed or recovered true suppressed count.
26143,Roscommon County,26,Michigan,6.525,6.0,5.0,9.0,4.558442375000873,4.1916711494260905,3.4930592911884086,6.287506724139135,1.0,suppressed_1_9,suppressed_1_9,nonmetro_nonadjacent,Q2,Constrained Bayesian posterior estimate; not an observed or recovered true suppressed count.
26145,Saginaw County,26,Michigan,48.0,48.0,48.0,48.0,4.233461277940846,4.233461277940845,4.233461277940845,4.233461277940845,1.0,exact,exact,metro_other,Q3,Constrained Bayesian posterior estimate; not an observed or recovered true suppressed count.
26147,St. Clair County,26,Michigan,25.0,25.0,25.0,25.0,2.6074069129658004,2.6074069129658004,2.6074069129658004,2.6074069129658004,0.0,exact,exact,metro_large,Q2,Constrained Bayesian posterior estimate; not an observed or recovered true suppressed count.
26149,St. Joseph County,26,Michigan,10.0,10.0,10.0,10.0,2.736030512212273,2.7360305122122726,2.7360305122122726,2.7360305122122726,0.0,exact,exact,nonmetro_adjacent,Q3,Constrained Bayesian posterior estimate; not an observed or recovered true suppressed count.
26151,Sanilac County,26,Michigan,5.833333333333333,6.0,4.0,9.0,2.3932507593442764,2.4616293524683988,1.6410862349789326,3.692444028702598,0.13055555555555556,suppressed_1_9,suppressed_1_9,nonmetro_adjacent,Q2,Constrained Bayesian posterior estimate; not an observed or recovered true suppressed count.
26153,Schoolcraft County,26,Michigan,2.25,2.0,2.0,4.0,4.61604743245184,4.103153273290523,4.103153273290523,8.206306546581047,1.0,suppressed_1_9,suppressed_1_9,nonmetro_nonadjacent,Q3,Constrained Bayesian posterior estimate; not an observed or recovered true suppressed count.
26155,Shiawassee County,26,Michigan,10.0,10.0,10.0,10.0,2.452386908177729,2.452386908177729,2.452386908177729,2.452386908177729,0.0,exact,exact,nonmetro_adjacent,Q1_lowest,Constrained Bayesian posterior estimate; not an observed or recovered true suppressed count.
26157,Tuscola County,26,Michigan,6.175,6.0,4.0,9.0,1.9542437946825582,1.8988603673028905,1.2659069115352604,2.848290550954336,0.0,suppressed_1_9,suppressed_1_9,nonmetro_adjacent,Q2,Constrained Bayesian posterior estimate; not an observed or recovered true suppressed count.
26159,Van Buren County,26,Michigan,12.0,12.0,12.0,12.0,2.6406823523198395,2.6406823523198395,2.6406823523198395,2.6406823523198395,0.0,exact,exact,nonmetro_adjacent,Q3,Constrained Bayesian posterior estimate; not an observed or recovered true suppressed count.
26161,Washtenaw County,26,Michigan,58.0,58.0,58.0,58.0,2.6253241483199514,2.625324148319951,2.625324148319951,2.625324148319951,0.0,exact,exact,metro_other,Q2,Constrained Bayesian posterior estimate; not an observed or recovered true suppressed count.
26163,Wayne County,26,Michigan,406.0,406.0,406.0,406.0,3.8505102921958785,3.850510292195879,3.850510292195879,3.850510292195879,1.0,exact,exact,metro_large,Q4_highest,Constrained Bayesian posterior estimate; not an observed or recovered true suppressed count.
26165,Wexford County,26,Michigan,2.7416666666666667,3.0,2.0,5.0,1.3436051744726452,1.4702062699396725,0.980137513293115,2.4503437832327877,0.0,suppressed_1_9,suppressed_1_9,nonmetro_adjacent,Q3,Constrained Bayesian posterior estimate; not an observed or recovered true suppressed count.
27001,Aitkin County,27,Minnesota,1.7138888888888888,1.0,1.0,5.0,1.7818856451061391,1.0396739582466938,1.0396739582466938,5.198369791233469,0.17777777777777778,suppressed_1_9,suppressed_1_9,nonmetro_adjacent,Q2,Constrained Bayesian posterior estimate; not an observed or recovered true suppressed count.
27003,Anoka County,27,Minnesota,76.0,76.0,76.0,76.0,3.451399974114501,3.4513999741145005,3.4513999741145005,3.4513999741145005,1.0,exact,exact,metro_large,Q1_lowest,Constrained Bayesian posterior estimate; not an observed or recovered true suppressed count.
27005,Becker County,27,Minnesota,4.8277777777777775,5.0,2.0,9.0,2.2967981206958163,2.3787322308702357,0.9514928923480941,4.281718015566423,0.11666666666666667,suppressed_1_9,suppressed_1_9,nonmetro_adjacent,Q2,Constrained Bayesian posterior estimate; not an observed or recovered true suppressed count.
27007,Beltrami County,27,Minnesota,7.463888888888889,8.0,4.975,9.0,2.653459214149465,2.8440500695014737,1.7686436369712288,3.1995563281891575,0.2777777777777778,suppressed_1_9,suppressed_1_9,nonmetro_nonadjacent,Q4_highest,Constrained Bayesian posterior estimate; not an observed or recovered true suppressed count.
27009,Benton County,27,Minnesota,6.408333333333333,6.0,4.0,9.0,2.5814031554212824,2.416918429003021,1.6112789526686806,3.625377643504532,0.18333333333333332,suppressed_1_9,suppressed_1_9,metro_other,Q2,Constrained Bayesian posterior estimate; not an observed or recovered true suppressed count.
27011,Big Stone County,27,Minnesota,2.138888888888889,2.0,2.0,3.0,7.041609510745314,6.584362139917696,6.584362139917696,9.876543209876543,1.0,suppressed_1_9,suppressed_1_9,nonmetro_nonadjacent,Q1_lowest,Constrained Bayesian posterior estimate; not an observed or recovered true suppressed count.
27013,Blue Earth County,27,Minnesota,16.0,16.0,16.0,16.0,3.8506802467323378,3.8506802467323364,3.8506802467323364,3.8506802467323364,1.0,exact,exact,metro_other,Q2,Constrained Bayesian posterior estimate; not an observed or recovered true suppressed count.
27015,Brown County,27,Minnesota,7.038888888888889,7.0,5.0,9.0,4.608593298734329,4.583131457304857,3.2736653266463263,5.892597587963388,1.0,suppressed_1_9,suppressed_1_9,nonmetro_adjacent,Q1_lowest,Constrained Bayesian posterior estimate; not an observed or recovered true suppressed count.
27017,Carlton County,27,Minnesota,5.558333333333334,6.0,3.0,9.0,2.5458753765376394,2.748171321000151,1.3740856605000755,4.122256981500227,0.325,suppressed_1_9,suppressed_1_9,metro_other,Q2,Constrained Bayesian posterior estimate; not an observed or recovered true suppressed count.
27019,Carver County,27,Minnesota,18.0,18.0,18.0,18.0,2.7522977863880524,2.7522977863880524,2.7522977863880524,2.7522977863880524,0.0,exact,exact,metro_large,Q1_lowest,Constrained Bayesian posterior estimate; not an observed or recovered true suppressed count.
27021,Cass County,27,Minnesota,5.291666666666667,5.0,3.0,9.0,2.867987657265087,2.7099095974158303,1.625945758449498,4.877837275348495,0.4027777777777778,suppressed_1_9,suppressed_1_9,nonmetro_nonadjacent,Q2,Constrained Bayesian posterior estimate; not an observed or recovered true suppressed count.
27023,Chippewa County,27,Minnesota,3.5277777777777777,3.0,3.0,5.0,4.8545173768787375,4.128250997660658,4.128250997660658,6.8804183294344305,1.0,suppressed_1_9,suppressed_1_9,nonmetro_nonadjacent,Q3,Constrained Bayesian posterior estimate; not an observed or recovered true suppressed count.
27025,Chisago County,27,Minnesota,16.0,16.0,16.0,16.0,4.61800444482928,4.618004444829278,4.618004444829278,4.618004444829278,1.0,exact,exact,metro_large,Q1_lowest,Constrained Bayesian posterior estimate; not an observed or recovered true suppressed count.
27027,Clay County,27,Minnesota,18.0,18.0,18.0,18.0,4.574088803392956,4.574088803392957,4.574088803392957,4.574088803392957,1.0,exact,exact,metro_other,Q2,Constrained Bayesian posterior estimate; not an observed or recovered true suppressed count.
27029,Clearwater County,27,Minnesota,3.1333333333333333,2.0,2.0,6.0,5.9871848766257765,3.821607368059006,3.821607368059006,11.464822104177017,1.0,suppressed_1_9,suppressed_1_9,nonmetro_adjacent,Q4_highest,Constrained Bayesian posterior estimate; not an observed or recovered true suppressed count.
27031,Cook County,27,Minnesota,0.0,0.0,0.0,0.0,0.0,0.0,0.0,0.0,0.0,zero,zero,nonmetro_nonadjacent,Q1_lowest,Constrained Bayesian posterior estimate; not an observed or recovered true suppressed count.
27033,Cottonwood County,27,Minnesota,2.388888888888889,2.0,2.0,4.0,3.512038942794603,2.940311673037342,2.940311673037342,5.880623346074684,1.0,suppressed_1_9,suppressed_1_9,nonmetro_nonadjacent,Q2,Constrained Bayesian posterior estimate; not an observed or recovered true suppressed count.
27035,Crow Wing County,27,Minnesota,7.75,8.0,5.0,9.0,1.9237308961110848,1.985786731469507,1.241116707168442,2.2340100729031955,0.0,suppressed_1_9,suppressed_1_9,nonmetro_adjacent,Q1_lowest,Constrained Bayesian posterior estimate; not an observed or recovered true suppressed count.
27037,Dakota County,27,Minnesota,94.0,94.0,94.0,94.0,3.5514543394427163,3.5514543394427163,3.5514543394427163,3.5514543394427163,1.0,exact,exact,metro_large,Q1_lowest,Constrained Bayesian posterior estimate; not an observed or recovered true suppressed count.
27039,Dodge County,27,Minnesota,5.888888888888889,6.0,4.0,9.0,4.667535004310865,4.755601702505409,3.1704011350036065,7.133402553758114,1.0,suppressed_1_9,suppressed_1_9,metro_other,Q1_lowest,Constrained Bayesian posterior estimate; not an observed or recovered true suppressed count.
27041,Douglas County,27,Minnesota,5.972222222222222,6.0,4.0,9.0,2.5385517456026383,2.5503589630240455,1.7002393086826972,3.8255384445360683,0.41388888888888886,suppressed_1_9,suppressed_1_9,nonmetro_adjacent,Q1_lowest,Constrained Bayesian posterior estimate; not an observed or recovered true suppressed count.
27043,Faribault County,27,Minnesota,11.0,11.0,11.0,11.0,13.277327153341059,13.277327153341059,13.277327153341059,13.277327153341059,1.0,exact,exact,nonmetro_adjacent,Q1_lowest,Constrained Bayesian posterior estimate; not an observed or recovered true suppressed count.
27045,Fillmore County,27,Minnesota,5.352777777777778,5.0,4.0,8.0,4.18476735994385,3.9089679542807105,3.127174363424569,6.254348726849138,1.0,suppressed_1_9,suppressed_1_9,metro_other,Q1_lowest,Constrained Bayesian posterior estimate; not an observed or recovered true suppressed count.
27047,Freeborn County,27,Minnesota,4.833333333333333,4.0,3.0,8.0,2.6420175539290445,2.1864972860102436,1.6398729645076828,4.372994572020487,0.3111111111111111,suppressed_1_9,suppressed_1_9,nonmetro_nonadjacent,Q2,Constrained Bayesian posterior estimate; not an observed or recovered true suppressed count.
27049,Goodhue County,27,Minnesota,7.805555555555555,8.0,5.0,9.0,2.742101187241989,2.8104097577426788,1.7565060985891743,3.1617109774605137,0.36944444444444446,suppressed_1_9,suppressed_1_9,nonmetro_adjacent,Q1_lowest,Constrained Bayesian posterior estimate; not an observed or recovered true suppressed count.
27051,Grant County,27,Minnesota,2.1805555555555554,2.0,2.0,3.0,5.968401684837979,5.474202819214452,5.474202819214452,8.211304228821678,1.0,suppressed_1_9,suppressed_1_9,nonmetro_nonadjacent,Q1_lowest,Constrained Bayesian posterior estimate; not an observed or recovered true suppressed count.
27053,Hennepin County,27,Minnesota,290.0,290.0,290.0,290.0,3.8188872947594987,3.8188872947594987,3.8188872947594987,3.8188872947594987,1.0,exact,exact,metro_large,Q2,Constrained Bayesian posterior estimate; not an observed or recovered true suppressed count.
27055,Houston County,27,Minnesota,4.602777777777778,5.0,3.0,7.0,4.119037959781086,4.474513172966781,2.6847079037800685,6.264318442153493,0.7694444444444445,suppressed_1_9,suppressed_1_9,metro_other,Q1_lowest,Constrained Bayesian posterior estimate; not an observed or recovered true suppressed count.
27057,Hubbard County,27,Minnesota,3.3194444444444446,3.0,2.0,7.0,2.5313956611666537,2.287788547330532,1.5251923648870214,5.338173277104575,0.3055555555555556,suppressed_1_9,suppressed_1_9,nonmetro_nonadjacent,Q2,Constrained Bayesian posterior estimate; not an observed or recovered true suppressed count.
27059,Isanti County,27,Minnesota,4.963888888888889,4.0,2.0,9.0,1.9579330362797212,1.577741226772691,0.7888706133863455,3.5499177602385545,0.16944444444444445,suppressed_1_9,suppressed_1_9,metro_large,Q1_lowest,Constrained Bayesian posterior estimate; not an observed or recovered true suppressed count.
27061,Itasca County,27,Minnesota,11.0,11.0,11.0,11.0,4.051863857374392,4.051863857374392,4.051863857374392,4.051863857374392,1.0,exact,exact,nonmetro_adjacent,Q2,Constrained Bayesian posterior estimate; not an observed or recovered true suppressed count.
27063,Jackson County,27,Minnesota,0.0,0.0,0.0,0.0,0.0,0.0,0.0,0.0,0.0,zero,zero,nonmetro_nonadjacent,Q1_lowest,Constrained Bayesian posterior estimate; not an observed or recovered true suppressed count.
27065,Kanabec County,27,Minnesota,3.6,3.0,2.0,8.0,3.651671146726175,3.0430592889384798,2.028706192625653,8.114824770502612,0.5888888888888889,suppressed_1_9,suppressed_1_9,nonmetro_adjacent,Q2,Constrained Bayesian posterior estimate; not an observed or recovered true suppressed count.
27067,Kandiyohi County,27,Minnesota,19.0,19.0,19.0,19.0,7.240246625664009,7.240246625664007,7.240246625664007,7.240246625664007,1.0,exact,exact,nonmetro_adjacent,Q3,Constrained Bayesian posterior estimate; not an observed or recovered true suppressed count.
27069,Kittson County,27,Minnesota,1.0638888888888889,1.0,1.0,2.0,4.295243606479424,4.037304695385361,4.037304695385361,8.074609390770721,1.0,suppressed_1_9,suppressed_1_9,nonmetro_nonadjacent,Q1_lowest,Constrained Bayesian posterior estimate; not an observed or recovered true suppressed count.
27071,Koochiching County,27,Minnesota,4.661111111111111,4.0,3.0,9.0,6.526521480734704,5.600828922680557,4.200621692010418,12.601865076031254,1.0,suppressed_1_9,suppressed_1_9,nonmetro_nonadjacent,Q2,Constrained Bayesian posterior estimate; not an observed or recovered true suppressed count.
27073,Lac qui Parle County,27,Minnesota,2.313888888888889,2.0,2.0,4.0,5.815398449040913,5.026514865917716,5.026514865917716,10.053029731835432,1.0,suppressed_1_9,suppressed_1_9,nonmetro_nonadjacent,Q1_lowest,Constrained Bayesian posterior estimate; not an observed or recovered true suppressed count.
27075,Lake County,27,Minnesota,2.577777777777778,2.0,2.0,4.0,3.980632165566844,3.08842150776738,3.08842150776738,6.17684301553476,1.0,suppressed_1_9,suppressed_1_9,nonmetro_adjacent,Q1_lowest,Constrained Bayesian posterior estimate; not an observed or recovered true suppressed count.
27077,Lake of the Woods County,27,Minnesota,2.1555555555555554,2.0,2.0,3.0,9.46955829879873,8.786188112287483,8.786188112287483,13.179282168431227,1.0,suppressed_1_9,suppressed_1_9,nonmetro_nonadjacent,Q1_lowest,Constrained Bayesian posterior estimate; not an observed or recovered true suppressed count.
27079,Le Sueur County,27,Minnesota,6.447222222222222,6.0,4.0,9.0,3.698180068386854,3.4416496974216306,2.2944331316144204,5.162474546132446,0.7138888888888889,suppressed_1_9,suppressed_1_9,metro_large,Q1_lowest,Constrained Bayesian posterior estimate; not an observed or recovered true suppressed count.
27081,Lincoln County,27,Minnesota,0.0,0.0,0.0,0.0,0.0,0.0,0.0,0.0,0.0,zero,zero,nonmetro_nonadjacent,Q1_lowest,Constrained Bayesian posterior estimate; not an observed or recovered true suppressed count.
27083,Lyon County,27,Minnesota,6.463888888888889,6.0,4.0,9.0,4.2457987210420844,3.941093784895101,2.6273958565967344,5.911640677342652,0.9222222222222223,suppressed_1_9,suppressed_1_9,nonmetro_nonadjacent,Q3,Constrained Bayesian posterior estimate; not an observed or recovered true suppressed count.
27085,McLeod County,27,Minnesota,5.108333333333333,4.0,3.0,9.0,2.336658783778633,1.8296838763682606,1.3722629072761954,4.116788721828586,0.2361111111111111,suppressed_1_9,suppressed_1_9,nonmetro_adjacent,Q1_lowest,Constrained Bayesian posterior estimate; not an observed or recovered true suppressed count.
27087,Mahnomen County,27,Minnesota,2.6166666666666667,2.0,2.0,7.0,8.096623140870927,6.188501763723003,6.188501763723003,21.659756173030512,1.0,suppressed_1_9,suppressed_1_9,nonmetro_adjacent,Q4_highest,Constrained Bayesian posterior estimate; not an observed or recovered true suppressed count.
27089,Marshall County,27,Minnesota,1.136111111111111,1.0,1.0,2.0,2.100525285394108,1.8488731118383346,1.8488731118383346,3.697746223676669,0.13055555555555556,suppressed_1_9,suppressed_1_9,nonmetro_adjacent,Q1_lowest,Constrained Bayesian posterior estimate; not an observed or recovered true suppressed count.
27091,Martin County,27,Minnesota,6.144444444444445,6.0,4.0,8.0,5.2093636663369605,5.0869012293344635,3.3912674862229757,6.782534972445951,1.0,suppressed_1_9,suppressed_1_9,nonmetro_adjacent,Q2,Constrained Bayesian posterior estimate; not an observed or recovered true suppressed count.
27093,Meeker County,27,Minnesota,6.527777777777778,6.0,4.0,9.0,4.648884584219589,4.273017319963537,2.8486782133090247,6.409525979945306,0.9388888888888889,suppressed_1_9,suppressed_1_9,nonmetro_adjacent,Q1_lowest,Constrained Bayesian posterior estimate; not an observed or recovered true suppressed count.
27095,Mille Lacs County,27,Minnesota,5.408333333333333,6.0,3.0,8.024999999999977,3.3472794715321363,3.7134687511604594,1.8567343755802297,4.966764454677099,0.7222222222222222,suppressed_1_9,suppressed_1_9,metro_large,Q3,Constrained Bayesian posterior estimate; not an observed or recovered true suppressed count.
27097,Morrison County,27,Minnesota,7.1305555555555555,7.0,5.0,9.0,3.5025643628607552,3.438434824467902,2.4560248746199305,4.420844774315874,0.85,suppressed_1_9,suppressed_1_9,nonmetro_adjacent,Q1_lowest,Constrained Bayesian posterior estimate; not an observed or recovered true suppressed count.
27099,Mower County,27,Minnesota,13.0,13.0,13.0,13.0,5.383736147232759,5.383736147232759,5.383736147232759,5.383736147232759,1.0,exact,exact,nonmetro_adjacent,Q3,Constrained Bayesian posterior estimate; not an observed or recovered true suppressed count.
27101,Murray County,27,Minnesota,1.2833333333333334,1.0,1.0,2.0,2.638106593210815,2.055667475229207,2.055667475229207,4.111334950458414,0.26666666666666666,suppressed_1_9,suppressed_1_9,nonmetro_nonadjacent,Q1_lowest,Constrained Bayesian posterior estimate; not an observed or recovered true suppressed count.
27103,Nicollet County,27,Minnesota,4.983333333333333,5.0,3.0,9.0,2.4159976211715732,2.4240778807741536,1.4544467284644922,4.363340185393477,0.1361111111111111,suppressed_1_9,suppressed_1_9,metro_other,Q1_lowest,Constrained Bayesian posterior estimate; not an observed or recovered true suppressed count.
27105,Nobles County,27,Minnesota,7.097222222222222,7.0,4.0,9.0,5.431700039201781,5.357293189349701,3.061310393914115,6.887948386306759,1.0,suppressed_1_9,suppressed_1_9,nonmetro_nonadjacent,Q4_highest,Constrained Bayesian posterior estimate; not an observed or recovered true suppressed count.
27107,Norman County,27,Minnesota,3.4472222222222224,3.0,3.0,5.0,9.043317564002788,7.870091030719589,7.870091030719589,13.116818384532648,1.0,suppressed_1_9,suppressed_1_9,nonmetro_adjacent,Q2,Constrained Bayesian posterior estimate; not an observed or recovered true suppressed count.
27109,Olmsted County,27,Minnesota,39.0,39.0,39.0,39.0,3.9948579008558203,3.994857900855821,3.994857900855821,3.994857900855821,1.0,exact,exact,metro_other,Q1_lowest,Constrained Bayesian posterior estimate; not an observed or recovered true suppressed count.
27111,Otter Tail County,27,Minnesota,18.0,18.0,18.0,18.0,5.006090743738214,5.0060907437382145,5.0060907437382145,5.0060907437382145,1.0,exact,exact,nonmetro_adjacent,Q2,Constrained Bayesian posterior estimate; not an observed or recovered true suppressed count.
27113,Pennington County,27,Minnesota,3.011111111111111,3.0,2.0,7.0,3.628544190580246,3.6151547286223846,2.4101031524149232,8.435361033452232,0.5111111111111111,suppressed_1_9,suppressed_1_9,nonmetro_adjacent,Q1_lowest,Constrained Bayesian posterior estimate; not an observed or recovered true suppressed count.
27115,Pine County,27,Minnesota,7.461111111111111,8.0,5.0,9.0,4.186884047940603,4.489287437851427,2.805804648657142,5.050448367582855,0.9277777777777778,suppressed_1_9,suppressed_1_9,nonmetro_adjacent,Q2,Constrained Bayesian posterior estimate; not an observed or recovered true suppressed count.
27117,Pipestone County,27,Minnesota,1.4055555555555554,1.0,1.0,4.0,2.5435315880484177,1.8096272167933405,1.8096272167933405,7.238508867173362,0.24166666666666667,suppressed_1_9,suppressed_1_9,nonmetro_adjacent,Q1_lowest,Constrained Bayesian posterior estimate; not an observed or recovered true suppressed count.
27119,Polk County,27,Minnesota,7.283333333333333,7.0,5.0,9.0,3.945959319597421,3.7924551813064467,2.708896558076033,4.87601380453686,0.8944444444444445,suppressed_1_9,suppressed_1_9,metro_other,Q2,Constrained Bayesian posterior estimate; not an observed or recovered true suppressed count.
27121,Pope County,27,Minnesota,1.4444444444444444,1.0,1.0,3.0,2.116247079986,1.4650941322980002,1.4650941322980002,4.395282396894,0.35833333333333334,suppressed_1_9,suppressed_1_9,nonmetro_adjacent,Q1_lowest,Constrained Bayesian posterior estimate; not an observed or recovered true suppressed count.
27123,Ramsey County,27,Minnesota,129.0,129.0,129.0,129.0,3.961935930889095,3.961935930889095,3.961935930889095,3.961935930889095,1.0,exact,exact,metro_large,Q3,Constrained Bayesian posterior estimate; not an observed or recovered true suppressed count.
27125,Red Lake County,27,Minnesota,2.2194444444444446,2.0,2.0,4.0,9.364349371100138,8.43846251213029,8.43846251213029,16.87692502426058,1.0,suppressed_1_9,suppressed_1_9,nonmetro_adjacent,Q1_lowest,Constrained Bayesian posterior estimate; not an observed or recovered true suppressed count.
27127,Redwood County,27,Minnesota,5.497222222222222,5.0,4.0,7.0,6.00671149087854,5.463406105902664,4.370724884722131,7.64876854826373,1.0,suppressed_1_9,suppressed_1_9,nonmetro_nonadjacent,Q1_lowest,Constrained Bayesian posterior estimate; not an observed or recovered true suppressed count.
27129,Renville County,27,Minnesota,5.15,5.0,4.0,7.0,5.927375266156413,5.754733268113023,4.603786614490419,8.056626575358232,1.0,suppressed_1_9,suppressed_1_9,nonmetro_nonadjacent,Q1_lowest,Constrained Bayesian posterior estimate; not an observed or recovered true suppressed count.
27131,Rice County,27,Minnesota,18.0,18.0,18.0,18.0,4.433672262946323,4.433672262946323,4.433672262946323,4.433672262946323,1.0,exact,exact,nonmetro_adjacent,Q2,Constrained Bayesian posterior estimate; not an observed or recovered true suppressed count.
27133,Rock County,27,Minnesota,3.9138888888888888,4.0,3.0,7.0,6.877451525925405,7.0287652216696825,5.271573916252263,12.300339137921945,1.0,suppressed_1_9,suppressed_1_9,metro_other,Q1_lowest,Constrained Bayesian posterior estimate; not an observed or recovered true suppressed count.
27135,Roseau County,27,Minnesota,2.077777777777778,1.0,1.0,7.0,2.274549012882219,1.0947027334727255,1.0947027334727255,7.662919134309079,0.23333333333333334,suppressed_1_9,suppressed_1_9,nonmetro_nonadjacent,Q2,Constrained Bayesian posterior estimate; not an observed or recovered true suppressed count.
27137,St. Louis County,27,Minnesota,50.0,50.0,50.0,50.0,4.174912118099913,4.174912118099914,4.174912118099914,4.174912118099914,1.0,exact,exact,metro_other,Q2,Constrained Bayesian posterior estimate; not an observed or recovered true suppressed count.
27139,Scott County,27,Minnesota,21.0,21.0,21.0,21.0,2.2813440375444043,2.2813440375444047,2.2813440375444047,2.2813440375444047,0.0,exact,exact,metro_large,Q1_lowest,Constrained Bayesian posterior estimate; not an observed or recovered true suppressed count.
27141,Sherburne County,27,Minnesota,12.0,12.0,12.0,12.0,1.995968144348417,1.9959681443484163,1.9959681443484163,1.9959681443484163,0.0,exact,exact,metro_large,Q1_lowest,Constrained Bayesian posterior estimate; not an observed or recovered true suppressed count.
27143,Sibley County,27,Minnesota,2.3805555555555555,2.0,2.0,4.0,2.653020790767364,2.2289089490694303,2.2289089490694303,4.4578178981388605,0.3416666666666667,suppressed_1_9,suppressed_1_9,nonmetro_adjacent,Q1_lowest,Constrained Bayesian posterior estimate; not an observed or recovered true suppressed count.
27145,Stearns County,27,Minnesota,33.0,33.0,33.0,33.0,3.411067777916748,3.411067777916747,3.411067777916747,3.411067777916747,1.0,exact,exact,metro_other,Q2,Constrained Bayesian posterior estimate; not an observed or recovered true suppressed count.
27147,Steele County,27,Minnesota,11.0,11.0,11.0,11.0,4.936122092736271,4.936122092736272,4.936122092736272,4.936122092736272,1.0,exact,exact,nonmetro_nonadjacent,Q2,Constrained Bayesian posterior estimate; not an observed or recovered true suppressed count.
27149,Stevens County,27,Minnesota,1.2638888888888888,1.0,1.0,3.0,2.1621940139064715,1.7107469121018237,1.7107469121018237,5.13224073630547,0.20555555555555555,suppressed_1_9,suppressed_1_9,nonmetro_nonadjacent,Q1_lowest,Constrained Bayesian posterior estimate; not an observed or recovered true suppressed count.
27151,Swift County,27,Minnesota,6.427777777777778,6.0,5.0,9.0,11.21169660005543,10.46554220229893,8.721285168582442,15.698313303448396,1.0,suppressed_1_9,suppressed_1_9,nonmetro_nonadjacent,Q3,Constrained Bayesian posterior estimate; not an observed or recovered true suppressed count.
27153,Todd County,27,Minnesota,3.6805555555555554,3.0,2.0,9.0,2.4247202147368823,1.9763757222006286,1.317583814800419,5.929127166601885,0.25833333333333336,suppressed_1_9,suppressed_1_9,nonmetro_adjacent,Q3,Constrained Bayesian posterior estimate; not an observed or recovered true suppressed count.
27155,Traverse County,27,Minnesota,0.0,0.0,0.0,0.0,0.0,0.0,0.0,0.0,0.0,zero,zero,nonmetro_nonadjacent,Q1_lowest,Constrained Bayesian posterior estimate; not an observed or recovered true suppressed count.
27157,Wabasha County,27,Minnesota,1.2472222222222222,1.0,1.0,2.0,0.9616727365565004,0.7710516373281519,0.7710516373281519,1.5421032746563037,0.0,suppressed_1_9,suppressed_1_9,metro_other,Q1_lowest,Constrained Bayesian posterior estimate; not an observed or recovered true suppressed count.
27159,Wadena County,27,Minnesota,2.4611111111111112,2.0,2.0,5.0,2.9073621234375393,2.36264190617949,2.36264190617949,5.906604765448725,0.3472222222222222,suppressed_1_9,suppressed_1_9,nonmetro_nonadjacent,Q3,Constrained Bayesian posterior estimate; not an observed or recovered true suppressed count.
27161,Waseca County,27,Minnesota,5.658333333333333,5.0,4.0,9.0,5.019813106221908,4.435770049680625,3.5486160397445,7.984386089425125,1.0,suppressed_1_9,suppressed_1_9,nonmetro_adjacent,Q1_lowest,Constrained Bayesian posterior estimate; not an observed or recovered true suppressed count.
27163,Washington County,27,Minnesota,54.0,54.0,54.0,54.0,3.29473208947028,3.29473208947028,3.29473208947028,3.29473208947028,1.0,exact,exact,metro_large,Q1_lowest,Constrained Bayesian posterior estimate; not an observed or recovered true suppressed count.
27165,Watonwan County,27,Minnesota,2.477777777777778,2.0,2.0,4.0,3.743997850978812,3.022061045633122,3.022061045633122,6.044122091266244,1.0,suppressed_1_9,suppressed_1_9,nonmetro_adjacent,Q3,Constrained Bayesian posterior estimate; not an observed or recovered true suppressed count.
27167,Wilkin County,27,Minnesota,2.325,2.0,2.0,4.0,6.169236076100512,5.306869742882161,5.306869742882161,10.613739485764322,1.0,suppressed_1_9,suppressed_1_9,nonmetro_adjacent,Q1_lowest,Constrained Bayesian posterior estimate; not an observed or recovered true suppressed count.
27169,Winona County,27,Minnesota,6.852777777777778,7.0,4.0,9.0,2.2860042424976994,2.3351158050645324,1.3343518886083043,3.002291749368685,0.1388888888888889,suppressed_1_9,suppressed_1_9,nonmetro_adjacent,Q1_lowest,Constrained Bayesian posterior estimate; not an observed or recovered true suppressed count.
27171,Wright County,27,Minnesota,25.0,25.0,25.0,25.0,2.8499219691364845,2.849921969136485,2.849921969136485,2.849921969136485,0.0,exact,exact,metro_large,Q1_lowest,Constrained Bayesian posterior estimate; not an observed or recovered true suppressed count.
27173,Yellow Medicine County,27,Minnesota,2.433333333333333,2.0,2.0,4.0,4.267059469949379,3.507172167081682,3.507172167081682,7.014344334163364,1.0,suppressed_1_9,suppressed_1_9,nonmetro_nonadjacent,Q1_lowest,Constrained Bayesian posterior estimate; not an observed or recovered true suppressed count.
28001,Adams County,28,Mississippi,6.2,6.0,3.0,9.0,3.531998769497203,3.4180633253198742,1.7090316626599371,5.1270949879798104,0.5388888888888889,suppressed_1_9,suppressed_1_9,nonmetro_nonadjacent,Q4_highest,Constrained Bayesian posterior estimate; not an observed or recovered true suppressed count.
28003,Alcorn County,28,Mississippi,4.655555555555556,4.0,2.0,8.0,2.2089579306861684,1.8979113485609085,0.9489556742804542,3.795822697121817,0.15833333333333333,suppressed_1_9,suppressed_1_9,nonmetro_nonadjacent,Q4_highest,Constrained Bayesian posterior estimate; not an observed or recovered true suppressed count.
28005,Amite County,28,Mississippi,6.763888888888889,7.0,5.0,9.0,9.060680886912284,9.376967488714149,6.6978339205101065,12.056101056918193,1.0,suppressed_1_9,suppressed_1_9,nonmetro_adjacent,Q4_highest,Constrained Bayesian posterior estimate; not an observed or recovered true suppressed count.
28007,Attala County,28,Mississippi,0.0,0.0,0.0,0.0,0.0,0.0,0.0,0.0,0.0,zero,zero,nonmetro_adjacent,Q4_highest,Constrained Bayesian posterior estimate; not an observed or recovered true suppressed count.
28009,Benton County,28,Mississippi,2.422222222222222,2.0,2.0,4.0,5.174582828930191,4.272591326639607,4.272591326639607,8.545182653279214,1.0,suppressed_1_9,suppressed_1_9,metro_large,Q4_highest,Constrained Bayesian posterior estimate; not an observed or recovered true suppressed count.
28011,Bolivar County,28,Mississippi,10.0,10.0,10.0,10.0,5.623949024526042,5.623949024526042,5.623949024526042,5.623949024526042,1.0,exact,exact,nonmetro_nonadjacent,Q4_highest,Constrained Bayesian posterior estimate; not an observed or recovered true suppressed count.
28013,Calhoun County,28,Mississippi,11.0,11.0,11.0,11.0,13.777555110220444,13.77755511022044,13.77755511022044,13.77755511022044,1.0,exact,exact,nonmetro_nonadjacent,Q4_highest,Constrained Bayesian posterior estimate; not an observed or recovered true suppressed count.
28015,Carroll County,28,Mississippi,0.0,0.0,0.0,0.0,0.0,0.0,0.0,0.0,0.0,zero,zero,nonmetro_adjacent,Q3,Constrained Bayesian posterior estimate; not an observed or recovered true suppressed count.
28017,Chickasaw County,28,Mississippi,6.222222222222222,6.0,4.0,9.0,6.129241626744508,5.910340140075061,3.9402267600500407,8.865510210112593,1.0,suppressed_1_9,suppressed_1_9,nonmetro_nonadjacent,Q4_highest,Constrained Bayesian posterior estimate; not an observed or recovered true suppressed count.
28019,Choctaw County,28,Mississippi,1.2083333333333333,1.0,1.0,2.0,2.486538395582536,2.0578248791027884,2.0578248791027884,4.115649758205577,0.20555555555555555,suppressed_1_9,suppressed_1_9,nonmetro_nonadjacent,Q4_highest,Constrained Bayesian posterior estimate; not an observed or recovered true suppressed count.
28021,Claiborne County,28,Mississippi,1.336111111111111,1.0,1.0,3.0,2.552216979830588,1.9101831865675918,1.9101831865675918,5.730549559702776,0.25833333333333336,suppressed_1_9,suppressed_1_9,nonmetro_adjacent,Q4_highest,Constrained Bayesian posterior estimate; not an observed or recovered true suppressed count.
28023,Clarke County,28,Mississippi,3.547222222222222,3.0,2.0,7.0,3.859241932461755,3.2638851112440843,2.175923407496056,7.6157319262361955,0.5944444444444444,suppressed_1_9,suppressed_1_9,nonmetro_nonadjacent,Q4_highest,Constrained Bayesian posterior estimate; not an observed or recovered true suppressed count.
28025,Clay County,28,Mississippi,7.658333333333333,8.0,5.0,9.0,6.837675517699088,7.142729594114391,4.4642059963214935,8.035570793378689,1.0,suppressed_1_9,suppressed_1_9,nonmetro_nonadjacent,Q4_highest,Constrained Bayesian posterior estimate; not an observed or recovered true suppressed count.
28027,Coahoma County,28,Mississippi,6.061111111111111,6.0,4.0,9.0,4.8536648951457115,4.804727852206571,3.2031519014710472,7.207091778309857,1.0,suppressed_1_9,suppressed_1_9,nonmetro_adjacent,Q4_highest,Constrained Bayesian posterior estimate; not an observed or recovered true suppressed count.
28029,Copiah County,28,Mississippi,7.266666666666667,7.0,5.0,9.0,4.353591513292434,4.193826687116565,2.995590490797546,5.392062883435583,1.0,suppressed_1_9,suppressed_1_9,metro_other,Q4_highest,Constrained Bayesian posterior estimate; not an observed or recovered true suppressed count.
28031,Covington County,28,Mississippi,5.491666666666666,5.0,3.0,9.0,5.010416191475451,4.56183568267871,2.737101409607226,8.211304228821678,0.8972222222222223,suppressed_1_9,suppressed_1_9,nonmetro_adjacent,Q4_highest,Constrained Bayesian posterior estimate; not an observed or recovered true suppressed count.
28033,DeSoto County,28,Mississippi,22.0,22.0,22.0,22.0,1.9252748329824088,1.9252748329824083,1.9252748329824083,1.9252748329824083,0.0,exact,exact,metro_large,Q2,Constrained Bayesian posterior estimate; not an observed or recovered true suppressed count.
28035,Forrest County,28,Mississippi,29.0,29.0,29.0,29.0,6.269809354555556,6.269809354555557,6.269809354555557,6.269809354555557,1.0,exact,exact,metro_other,Q4_highest,Constrained Bayesian posterior estimate; not an observed or recovered true suppressed count.
28037,Franklin County,28,Mississippi,2.863888888888889,3.0,2.0,5.0,6.251121685268453,6.548216702318068,4.365477801545379,10.913694503863447,1.0,suppressed_1_9,suppressed_1_9,nonmetro_nonadjacent,Q3,Constrained Bayesian posterior estimate; not an observed or recovered true suppressed count.
28039,George County,28,Mississippi,3.7805555555555554,4.0,2.0,7.0,2.5138009705007947,2.659715942337358,1.329857971168679,4.654502899090377,0.2638888888888889,suppressed_1_9,suppressed_1_9,nonmetro_adjacent,Q4_highest,Constrained Bayesian posterior estimate; not an observed or recovered true suppressed count.
28041,Greene County,28,Mississippi,3.6305555555555555,3.0,3.0,6.0,4.45352186007968,3.680033365635848,3.680033365635848,7.360066731271696,1.0,suppressed_1_9,suppressed_1_9,nonmetro_adjacent,Q4_highest,Constrained Bayesian posterior estimate; not an observed or recovered true suppressed count.
28043,Grenada County,28,Mississippi,5.933333333333334,6.0,4.0,9.0,4.715843910865251,4.768830921099692,3.179220614066461,7.153246381649539,1.0,suppressed_1_9,suppressed_1_9,nonmetro_nonadjacent,Q4_highest,Constrained Bayesian posterior estimate; not an observed or recovered true suppressed count.
28045,Hancock County,28,Mississippi,7.444444444444445,7.0,5.0,9.0,2.6546344370273163,2.4961487989958346,1.7829634278541677,3.209334170137502,0.29444444444444445,suppressed_1_9,suppressed_1_9,metro_other,Q2,Constrained Bayesian posterior estimate; not an observed or recovered true suppressed count.
28047,Harrison County,28,Mississippi,13.0,13.0,13.0,13.0,1.0303860856662992,1.0303860856662992,1.0303860856662992,1.0303860856662992,0.0,exact,exact,metro_other,Q4_highest,Constrained Bayesian posterior estimate; not an observed or recovered true suppressed count.
28049,Hinds County,28,Mississippi,60.0,60.0,60.0,60.0,4.521272587524302,4.521272587524302,4.521272587524302,4.521272587524302,1.0,exact,exact,metro_other,Q4_highest,Constrained Bayesian posterior estimate; not an observed or recovered true suppressed count.
28051,Holmes County,28,Mississippi,6.772222222222222,7.0,5.0,9.0,6.932359732032165,7.165523595045552,5.118231139318252,9.212816050772853,1.0,suppressed_1_9,suppressed_1_9,metro_other,Q4_highest,Constrained Bayesian posterior estimate; not an observed or recovered true suppressed count.
28053,Humphreys County,28,Mississippi,1.1888888888888889,1.0,1.0,2.0,2.6354160509152527,2.2167050895548854,2.2167050895548854,4.433410179109771,0.18888888888888888,suppressed_1_9,suppressed_1_9,nonmetro_adjacent,Q4_highest,Constrained Bayesian posterior estimate; not an observed or recovered true suppressed count.
28055,Issaquena County,28,Mississippi,1.038888888888889,1.0,1.0,2.0,13.578471949926664,13.070186903672724,13.070186903672724,26.140373807345448,1.0,suppressed_1_9,suppressed_1_9,nonmetro_nonadjacent,Q4_highest,Constrained Bayesian posterior estimate; not an observed or recovered true suppressed count.
28057,Itawamba County,28,Mississippi,13.0,13.0,13.0,13.0,9.111106438748834,9.111106438748834,9.111106438748834,9.111106438748834,1.0,exact,exact,nonmetro_nonadjacent,Q1_lowest,Constrained Bayesian posterior estimate; not an observed or recovered true suppressed count.
28059,Jackson County,28,Mississippi,20.0,20.0,20.0,20.0,2.2994531900314104,2.2994531900314104,2.2994531900314104,2.2994531900314104,0.0,exact,exact,metro_other,Q4_highest,Constrained Bayesian posterior estimate; not an observed or recovered true suppressed count.
28061,Jasper County,28,Mississippi,3.952777777777778,4.0,3.0,6.0,4.075658893414217,4.124349126153529,3.0932618446151467,6.1865236892302935,1.0,suppressed_1_9,suppressed_1_9,nonmetro_adjacent,Q3,Constrained Bayesian posterior estimate; not an observed or recovered true suppressed count.
28063,Jefferson County,28,Mississippi,4.572222222222222,4.0,4.0,6.0,10.85522844782104,9.49667616334283,9.49667616334283,14.245014245014245,1.0,suppressed_1_9,suppressed_1_9,nonmetro_nonadjacent,Q4_highest,Constrained Bayesian posterior estimate; not an observed or recovered true suppressed count.
28065,Jefferson Davis County,28,Mississippi,5.541666666666667,5.0,4.0,8.0,8.362507796623811,7.5451198165026865,6.0360958532021485,12.072191706404297,1.0,suppressed_1_9,suppressed_1_9,nonmetro_adjacent,Q4_highest,Constrained Bayesian posterior estimate; not an observed or recovered true suppressed count.
28067,Jones County,28,Mississippi,33.0,33.0,33.0,33.0,8.219362326926383,8.219362326926381,8.219362326926381,8.219362326926381,1.0,exact,exact,nonmetro_adjacent,Q4_highest,Constrained Bayesian posterior estimate; not an observed or recovered true suppressed count.
28069,Kemper County,28,Mississippi,3.536111111111111,3.0,2.0,6.0499999999999545,6.561476863191403,5.566688933422401,3.711125955614934,11.226156015735091,1.0,suppressed_1_9,suppressed_1_9,nonmetro_nonadjacent,Q4_highest,Constrained Bayesian posterior estimate; not an observed or recovered true suppressed count.
28071,Lafayette County,28,Mississippi,12.0,12.0,12.0,12.0,3.5166277883927823,3.5166277883927837,3.5166277883927837,3.5166277883927837,1.0,exact,exact,nonmetro_adjacent,Q2,Constrained Bayesian posterior estimate; not an observed or recovered true suppressed count.
28073,Lamar County,28,Mississippi,5.394444444444445,5.0,3.0,8.0,1.3775570281654375,1.2768293772903128,0.7660976263741877,2.0429270036645004,0.0,suppressed_1_9,suppressed_1_9,metro_other,Q3,Constrained Bayesian posterior estimate; not an observed or recovered true suppressed count.
28075,Lauderdale County,28,Mississippi,8.008333333333333,8.0,5.975,9.0,1.8538538167782839,1.8519247285194091,1.3831562816129337,2.0834153195843355,0.0,suppressed_1_9,suppressed_1_9,nonmetro_nonadjacent,Q4_highest,Constrained Bayesian posterior estimate; not an observed or recovered true suppressed count.
28077,Lawrence County,28,Mississippi,6.225,6.0,5.0,9.0,8.645353035942447,8.332870396089106,6.9440586634075885,12.499305594133657,1.0,suppressed_1_9,suppressed_1_9,nonmetro_adjacent,Q4_highest,Constrained Bayesian posterior estimate; not an observed or recovered true suppressed count.
28079,Leake County,28,Mississippi,4.238888888888889,4.0,3.0,7.0,3.2462504318406533,3.063303159797209,2.297477369847907,5.360780529645116,0.6944444444444444,suppressed_1_9,suppressed_1_9,nonmetro_adjacent,Q4_highest,Constrained Bayesian posterior estimate; not an observed or recovered true suppressed count.
28081,Lee County,28,Mississippi,48.0,48.0,48.0,48.0,9.551193401717226,9.551193401717226,9.551193401717226,9.551193401717226,1.0,exact,exact,nonmetro_nonadjacent,Q3,Constrained Bayesian posterior estimate; not an observed or recovered true suppressed count.
28083,Leflore County,28,Mississippi,7.111111111111111,7.0,4.0,9.0,4.370715930098593,4.302423493690804,2.458527710680459,5.531687349031032,0.9666666666666667,suppressed_1_9,suppressed_1_9,nonmetro_adjacent,Q4_highest,Constrained Bayesian posterior estimate; not an observed or recovered true suppressed count.
28085,Lincoln County,28,Mississippi,10.0,10.0,10.0,10.0,4.821438042110442,4.82143804211044,4.82143804211044,4.82143804211044,1.0,exact,exact,nonmetro_adjacent,Q3,Constrained Bayesian posterior estimate; not an observed or recovered true suppressed count.
28087,Lowndes County,28,Mississippi,17.0,17.0,17.0,17.0,4.897018579864612,4.8970185798646115,4.8970185798646115,4.8970185798646115,1.0,exact,exact,nonmetro_nonadjacent,Q4_highest,Constrained Bayesian posterior estimate; not an observed or recovered true suppressed count.
28089,Madison County,28,Mississippi,12.0,12.0,12.0,12.0,1.8159064323945595,1.8159064323945602,1.8159064323945602,1.8159064323945602,0.0,exact,exact,metro_other,Q2,Constrained Bayesian posterior estimate; not an observed or recovered true suppressed count.
28091,Marion County,28,Mississippi,7.241666666666666,7.0,5.0,9.0,4.971145617383106,4.805250078943394,3.432321484959567,6.178178672927221,1.0,suppressed_1_9,suppressed_1_9,nonmetro_adjacent,Q4_highest,Constrained Bayesian posterior estimate; not an observed or recovered true suppressed count.
28093,Marshall County,28,Mississippi,12.0,12.0,12.0,12.0,5.799146558931412,5.799146558931411,5.799146558931411,5.799146558931411,1.0,exact,exact,metro_large,Q4_highest,Constrained Bayesian posterior estimate; not an observed or recovered true suppressed count.
28095,Monroe County,28,Mississippi,30.0,30.0,30.0,30.0,14.639359381633456,14.63935938163346,14.63935938163346,14.63935938163346,1.0,exact,exact,nonmetro_nonadjacent,Q3,Constrained Bayesian posterior estimate; not an observed or recovered true suppressed count.
28097,Montgomery County,28,Mississippi,3.797222222222222,4.0,3.0,6.0,6.58029012966108,6.931688212664194,5.198766159498146,10.397532318996292,1.0,suppressed_1_9,suppressed_1_9,nonmetro_nonadjacent,Q4_highest,Constrained Bayesian posterior estimate; not an observed or recovered true suppressed count.
28099,Neshoba County,28,Mississippi,6.427777777777778,6.0,4.0,9.0,3.7038744383364133,3.4573763123624253,2.3049175415749503,5.186064468543638,0.6388888888888888,suppressed_1_9,suppressed_1_9,nonmetro_nonadjacent,Q4_highest,Constrained Bayesian posterior estimate; not an observed or recovered true suppressed count.
28101,Newton County,28,Mississippi,4.341666666666667,4.0,3.0,8.0,3.444373044772883,3.1733187360671473,2.3799890520503606,6.346637472134295,0.7305555555555555,suppressed_1_9,suppressed_1_9,nonmetro_adjacent,Q3,Constrained Bayesian posterior estimate; not an observed or recovered true suppressed count.
28103,Noxubee County,28,Mississippi,4.197222222222222,4.0,3.0,9.0,6.936984087632795,6.611023882323774,4.958267911742831,14.874803735228493,1.0,suppressed_1_9,suppressed_1_9,nonmetro_nonadjacent,Q4_highest,Constrained Bayesian posterior estimate; not an observed or recovered true suppressed count.
28105,Oktibbeha County,28,Mississippi,5.716666666666667,6.0,3.0,9.0,1.8693340919668773,1.9619833035220873,0.9809916517610436,2.9429749552831304,0.06944444444444445,suppressed_1_9,suppressed_1_9,nonmetro_nonadjacent,Q3,Constrained Bayesian posterior estimate; not an observed or recovered true suppressed count.
28107,Panola County,28,Mississippi,11.0,11.0,11.0,11.0,5.52805487850843,5.5280548785084305,5.5280548785084305,5.5280548785084305,1.0,exact,exact,nonmetro_adjacent,Q4_highest,Constrained Bayesian posterior estimate; not an observed or recovered true suppressed count.
28109,Pearl River County,28,Mississippi,20.0,20.0,20.0,20.0,5.844825721909037,5.844825721909037,5.844825721909037,5.844825721909037,1.0,exact,exact,nonmetro_adjacent,Q3,Constrained Bayesian posterior estimate; not an observed or recovered true suppressed count.
28111,Perry County,28,Mississippi,6.722222222222222,7.0,5.0,9.0,9.672958086513017,10.0726670983524,7.194762213108857,12.950571983595943,1.0,suppressed_1_9,suppressed_1_9,metro_other,Q3,Constrained Bayesian posterior estimate; not an observed or recovered true suppressed count.
28113,Pike County,28,Mississippi,13.0,13.0,13.0,13.0,5.502039987133691,5.502039987133691,5.502039987133691,5.502039987133691,1.0,exact,exact,nonmetro_adjacent,Q4_highest,Constrained Bayesian posterior estimate; not an observed or recovered true suppressed count.
28115,Pontotoc County,28,Mississippi,16.0,16.0,16.0,16.0,8.37617397313342,8.376173973133422,8.376173973133422,8.376173973133422,1.0,exact,exact,nonmetro_nonadjacent,Q3,Constrained Bayesian posterior estimate; not an observed or recovered true suppressed count.
28117,Prentiss County,28,Mississippi,6.561111111111111,6.0,4.0,9.0,4.358065446998766,3.9853604426406997,2.6569069617604666,5.97804066396105,0.8972222222222223,suppressed_1_9,suppressed_1_9,nonmetro_nonadjacent,Q3,Constrained Bayesian posterior estimate; not an observed or recovered true suppressed count.
28119,Quitman County,28,Mississippi,3.6666666666666665,3.0,3.0,6.0,10.107692873157644,8.269930532583526,8.269930532583526,16.539861065167052,1.0,suppressed_1_9,suppressed_1_9,nonmetro_adjacent,Q4_highest,Constrained Bayesian posterior estimate; not an observed or recovered true suppressed count.
28121,Rankin County,28,Mississippi,23.0,23.0,23.0,23.0,2.422809806270021,2.422809806270021,2.422809806270021,2.422809806270021,0.0,exact,exact,metro_other,Q2,Constrained Bayesian posterior estimate; not an observed or recovered true suppressed count.
28123,Scott County,28,Mississippi,5.477777777777778,6.0,3.0,8.0,3.2867389749241145,3.6000792017424383,1.8000396008712192,4.800105602323251,0.725,suppressed_1_9,suppressed_1_9,metro_other,Q4_highest,Constrained Bayesian posterior estimate; not an observed or recovered true suppressed count.
28125,Sharkey County,28,Mississippi,2.1777777777777776,2.0,2.0,3.0,9.808926122771725,9.008197459688315,9.008197459688315,13.512296189532476,1.0,suppressed_1_9,suppressed_1_9,nonmetro_adjacent,Q4_highest,Constrained Bayesian posterior estimate; not an observed or recovered true suppressed count.
28127,Simpson County,28,Mississippi,3.611111111111111,3.0,2.0,6.0,2.3157648721982804,1.9238662015185717,1.2825774676790478,3.8477324030371434,0.30277777777777776,suppressed_1_9,suppressed_1_9,metro_other,Q4_highest,Constrained Bayesian posterior estimate; not an observed or recovered true suppressed count.
28129,Smith County,28,Mississippi,4.063888888888889,4.0,3.0,6.0,4.611348140079078,4.538852578068265,3.4041394335511987,6.8082788671023975,1.0,suppressed_1_9,suppressed_1_9,nonmetro_adjacent,Q3,Constrained Bayesian posterior estimate; not an observed or recovered true suppressed count.
28131,Stone County,28,Mississippi,3.183333333333333,3.0,2.0,6.024999999999977,2.8338110753051917,2.6706072960991327,1.7804048640660888,5.363469652999071,0.36944444444444446,suppressed_1_9,suppressed_1_9,metro_other,Q4_highest,Constrained Bayesian posterior estimate; not an observed or recovered true suppressed count.
28133,Sunflower County,28,Mississippi,16.0,16.0,16.0,16.0,10.843046896177826,10.843046896177826,10.843046896177826,10.843046896177826,1.0,exact,exact,nonmetro_nonadjacent,Q4_highest,Constrained Bayesian posterior estimate; not an observed or recovered true suppressed count.
28135,Tallahatchie County,28,Mississippi,4.963888888888889,4.0,3.0,9.0,6.647323587397239,5.356545028456646,4.017408771342484,12.052226314027452,1.0,suppressed_1_9,suppressed_1_9,nonmetro_nonadjacent,Q4_highest,Constrained Bayesian posterior estimate; not an observed or recovered true suppressed count.
28137,Tate County,28,Mississippi,14.0,14.0,14.0,14.0,8.22552026415671,8.225520264156708,8.225520264156708,8.225520264156708,1.0,exact,exact,metro_large,Q4_highest,Constrained Bayesian posterior estimate; not an observed or recovered true suppressed count.
28139,Tippah County,28,Mississippi,7.483333333333333,8.0,5.0,9.0,5.776896018444897,6.175746300341983,3.8598414377137384,6.947714587884729,1.0,suppressed_1_9,suppressed_1_9,nonmetro_adjacent,Q4_highest,Constrained Bayesian posterior estimate; not an observed or recovered true suppressed count.
28141,Tishomingo County,28,Mississippi,5.6194444444444445,5.0,4.0,9.0,4.969133891998589,4.421374693819803,3.5370997550558423,7.958474448875644,1.0,suppressed_1_9,suppressed_1_9,nonmetro_adjacent,Q3,Constrained Bayesian posterior estimate; not an observed or recovered true suppressed count.
28143,Tunica County,28,Mississippi,3.786111111111111,3.0,3.0,6.0,6.692907972760895,5.303257968145097,5.303257968145097,10.606515936290194,1.0,suppressed_1_9,suppressed_1_9,metro_large,Q4_highest,Constrained Bayesian posterior estimate; not an observed or recovered true suppressed count.
28145,Union County,28,Mississippi,7.616666666666666,8.0,5.0,9.0,4.46971741996565,4.694670375456264,2.9341689846601646,5.2815041723882965,1.0,suppressed_1_9,suppressed_1_9,nonmetro_nonadjacent,Q3,Constrained Bayesian posterior estimate; not an observed or recovered true suppressed count.
28147,Walthall County,28,Mississippi,5.15,5.0,4.0,7.0,6.139796611786025,5.9609675842582766,4.768774067406621,8.345354617961588,1.0,suppressed_1_9,suppressed_1_9,nonmetro_nonadjacent,Q4_highest,Constrained Bayesian posterior estimate; not an observed or recovered true suppressed count.
28149,Warren County,28,Mississippi,5.080555555555556,5.0,2.0,9.0,1.9476699733396032,1.91678838272897,0.766715353091588,3.4502190889121462,0.21388888888888888,suppressed_1_9,suppressed_1_9,nonmetro_adjacent,Q4_highest,Constrained Bayesian posterior estimate; not an observed or recovered true suppressed count.
28151,Washington County,28,Mississippi,13.0,13.0,13.0,13.0,5.076657528683115,5.076657528683115,5.076657528683115,5.076657528683115,1.0,exact,exact,nonmetro_nonadjacent,Q4_highest,Constrained Bayesian posterior estimate; not an observed or recovered true suppressed count.
28153,Wayne County,28,Mississippi,6.913888888888889,7.0,5.0,9.0,5.7933408933057,5.865495801980861,4.189639858557758,7.541351745403965,1.0,suppressed_1_9,suppressed_1_9,nonmetro_nonadjacent,Q4_highest,Constrained Bayesian posterior estimate; not an observed or recovered true suppressed count.
28155,Webster County,28,Mississippi,3.8722222222222222,4.0,3.0,7.0,6.522406384284839,6.737636437137851,5.0532273278533895,11.790863764991242,1.0,suppressed_1_9,suppressed_1_9,nonmetro_nonadjacent,Q3,Constrained Bayesian posterior estimate; not an observed or recovered true suppressed count.
28157,Wilkinson County,28,Mississippi,5.733333333333333,6.0,5.0,7.0,11.62547059499429,12.166190157552162,10.138491797960135,14.19388851714419,1.0,suppressed_1_9,suppressed_1_9,nonmetro_adjacent,Q4_highest,Constrained Bayesian posterior estimate; not an observed or recovered true suppressed count.
28159,Winston County,28,Mississippi,3.1694444444444443,3.0,2.0,7.024999999999977,2.9964588736676143,2.836262562279599,1.8908417081863993,6.6415815000047065,0.28055555555555556,suppressed_1_9,suppressed_1_9,nonmetro_nonadjacent,Q4_highest,Constrained Bayesian posterior estimate; not an observed or recovered true suppressed count.
28161,Yalobusha County,28,Mississippi,6.358333333333333,6.0,5.0,9.0,8.625796444770032,8.139676854828863,6.78306404569072,12.209515282243295,1.0,suppressed_1_9,suppressed_1_9,nonmetro_nonadjacent,Q3,Constrained Bayesian posterior estimate; not an observed or recovered true suppressed count.
28163,Yazoo County,28,Mississippi,11.0,11.0,11.0,11.0,6.970274945663538,6.9702749456635384,6.9702749456635384,6.9702749456635384,1.0,exact,exact,metro_other,Q4_highest,Constrained Bayesian posterior estimate; not an observed or recovered true suppressed count.
29001,Adair County,29,Missouri,4.269444444444445,4.0,3.0,6.0,2.811175345644708,2.6337621976111776,1.975321648208383,3.950643296416766,0.4,suppressed_1_9,suppressed_1_9,nonmetro_nonadjacent,Q2,Constrained Bayesian posterior estimate; not an observed or recovered true suppressed count.
29003,Andrew County,29,Missouri,2.6972222222222224,3.0,2.0,4.0,2.5085538845641526,2.790152621348388,1.8601017475655919,3.7202034951311838,0.16944444444444445,suppressed_1_9,suppressed_1_9,metro_other,Q1_lowest,Constrained Bayesian posterior estimate; not an observed or recovered true suppressed count.
29005,Atchison County,29,Missouri,0.0,0.0,0.0,0.0,0.0,0.0,0.0,0.0,0.0,zero,zero,nonmetro_nonadjacent,Q1_lowest,Constrained Bayesian posterior estimate; not an observed or recovered true suppressed count.
29007,Audrain County,29,Missouri,3.4277777777777776,3.0,2.0,7.0,2.3108043022157503,2.0224219176604623,1.3482812784403082,4.718984474541078,0.15,suppressed_1_9,suppressed_1_9,nonmetro_adjacent,Q3,Constrained Bayesian posterior estimate; not an observed or recovered true suppressed count.
29009,Barry County,29,Missouri,10.0,10.0,10.0,10.0,4.714134861970131,4.714134861970131,4.714134861970131,4.714134861970131,1.0,exact,exact,nonmetro_adjacent,Q3,Constrained Bayesian posterior estimate; not an observed or recovered true suppressed count.
29011,Barton County,29,Missouri,2.5305555555555554,2.0,2.0,4.0,3.607555036004271,2.8511960767541984,2.8511960767541984,5.702392153508397,0.41388888888888886,suppressed_1_9,suppressed_1_9,nonmetro_adjacent,Q3,Constrained Bayesian posterior estimate; not an observed or recovered true suppressed count.
29013,Bates County,29,Missouri,1.1583333333333334,1.0,1.0,2.0,1.1900847956821325,1.0274113344018412,1.0274113344018412,2.0548226688036824,0.0,suppressed_1_9,suppressed_1_9,metro_large,Q3,Constrained Bayesian posterior estimate; not an observed or recovered true suppressed count.
29015,Benton County,29,Missouri,5.822222222222222,6.0,3.0,9.0,4.837018328976324,4.984713545128273,2.4923567725641367,7.47707031769241,0.9222222222222223,suppressed_1_9,suppressed_1_9,nonmetro_nonadjacent,Q3,Constrained Bayesian posterior estimate; not an observed or recovered true suppressed count.
29017,Bollinger County,29,Missouri,1.2972222222222223,1.0,1.0,2.0,1.9515318062074587,1.5043928270550007,1.5043928270550007,3.0087856541100013,0.2777777777777778,suppressed_1_9,suppressed_1_9,metro_other,Q2,Constrained Bayesian posterior estimate; not an observed or recovered true suppressed count.
29019,Boone County,29,Missouri,25.0,25.0,25.0,25.0,2.234934529827883,2.2349345298278833,2.2349345298278833,2.2349345298278833,0.0,exact,exact,metro_other,Q2,Constrained Bayesian posterior estimate; not an observed or recovered true suppressed count.
29021,Buchanan County,29,Missouri,16.0,16.0,16.0,16.0,3.1546487692926486,3.1546487692926486,3.1546487692926486,3.1546487692926486,1.0,exact,exact,metro_other,Q4_highest,Constrained Bayesian posterior estimate; not an observed or recovered true suppressed count.
29023,Butler County,29,Missouri,7.941666666666666,8.0,6.0,9.0,3.142750107506457,3.1658343160610687,2.374375737045802,3.5615636055687028,0.6555555555555556,suppressed_1_9,suppressed_1_9,nonmetro_nonadjacent,Q4_highest,Constrained Bayesian posterior estimate; not an observed or recovered true suppressed count.
29025,Caldwell County,29,Missouri,2.4,2.0,2.0,5.0,4.456327985739751,3.7136066547831255,3.7136066547831255,9.284016636957814,1.0,suppressed_1_9,suppressed_1_9,metro_large,Q2,Constrained Bayesian posterior estimate; not an observed or recovered true suppressed count.
29027,Callaway County,29,Missouri,6.105555555555555,6.0,4.0,8.024999999999977,2.2706771080623294,2.2314206339466023,1.4876137559644014,2.984525097903572,0.1361111111111111,suppressed_1_9,suppressed_1_9,metro_other,Q1_lowest,Constrained Bayesian posterior estimate; not an observed or recovered true suppressed count.
29029,Camden County,29,Missouri,6.177777777777778,6.0,3.0,9.0,2.3042639658703696,2.2379542114568336,1.1189771057284168,3.35693131718525,0.2777777777777778,suppressed_1_9,suppressed_1_9,nonmetro_nonadjacent,Q2,Constrained Bayesian posterior estimate; not an observed or recovered true suppressed count.
29031,Cape Girardeau County,29,Missouri,7.113888888888889,7.0,4.0,9.0,1.451704440458351,1.4284635649961126,0.8162648942834928,1.8365960121378588,0.0,suppressed_1_9,suppressed_1_9,metro_other,Q2,Constrained Bayesian posterior estimate; not an observed or recovered true suppressed count.
29033,Carroll County,29,Missouri,1.0361111111111112,1.0,1.0,2.0,2.0381043553142617,1.967071227649153,1.967071227649153,3.934142455298306,0.03611111111111111,suppressed_1_9,suppressed_1_9,nonmetro_adjacent,Q1_lowest,Constrained Bayesian posterior estimate; not an observed or recovered true suppressed count.
29035,Carter County,29,Missouri,0.0,0.0,0.0,0.0,0.0,0.0,0.0,0.0,0.0,zero,zero,nonmetro_nonadjacent,Q2,Constrained Bayesian posterior estimate; not an observed or recovered true suppressed count.
29037,Cass County,29,Missouri,20.0,20.0,20.0,20.0,3.0384839180642427,3.0384839180642427,3.0384839180642427,3.0384839180642427,1.0,exact,exact,metro_large,Q1_lowest,Constrained Bayesian posterior estimate; not an observed or recovered true suppressed count.
29039,Cedar County,29,Missouri,2.3583333333333334,2.0,2.0,4.0,2.6963782780528143,2.2866812252038002,2.2866812252038002,4.5733624504076005,0.2722222222222222,suppressed_1_9,suppressed_1_9,nonmetro_adjacent,Q3,Constrained Bayesian posterior estimate; not an observed or recovered true suppressed count.
29041,Chariton County,29,Missouri,2.147222222222222,2.0,2.0,3.0,4.844378265098417,4.51222813825467,4.51222813825467,6.7683422073820045,1.0,suppressed_1_9,suppressed_1_9,nonmetro_adjacent,Q1_lowest,Constrained Bayesian posterior estimate; not an observed or recovered true suppressed count.
29043,Christian County,29,Missouri,13.0,13.0,13.0,13.0,2.345173452636516,2.345173452636516,2.345173452636516,2.345173452636516,0.0,exact,exact,metro_other,Q1_lowest,Constrained Bayesian posterior estimate; not an observed or recovered true suppressed count.
29045,Clark County,29,Missouri,1.075,1.0,1.0,2.0,2.6641883519206937,2.4783147459727384,2.4783147459727384,4.956629491945477,0.075,suppressed_1_9,suppressed_1_9,nonmetro_nonadjacent,Q2,Constrained Bayesian posterior estimate; not an observed or recovered true suppressed count.
29047,Clay County,29,Missouri,23.0,23.0,23.0,23.0,1.4943759486038632,1.494375948603863,1.494375948603863,1.494375948603863,0.0,exact,exact,metro_large,Q2,Constrained Bayesian posterior estimate; not an observed or recovered true suppressed count.
29049,Clinton County,29,Missouri,3.658333333333333,3.0,3.0,6.0,2.884574949010702,2.365482873903993,2.365482873903993,4.730965747807986,0.3861111111111111,suppressed_1_9,suppressed_1_9,metro_large,Q1_lowest,Constrained Bayesian posterior estimate; not an observed or recovered true suppressed count.
29051,Cole County,29,Missouri,14.0,14.0,14.0,14.0,3.0302177644352,3.0302177644352,3.0302177644352,3.0302177644352,1.0,exact,exact,metro_other,Q1_lowest,Constrained Bayesian posterior estimate; not an observed or recovered true suppressed count.
29053,Cooper County,29,Missouri,2.5527777777777776,2.0,2.0,6.0,2.4840442727507646,1.9461500287057127,1.9461500287057127,5.838450086117139,0.1111111111111111,suppressed_1_9,suppressed_1_9,metro_other,Q2,Constrained Bayesian posterior estimate; not an observed or recovered true suppressed count.
29055,Crawford County,29,Missouri,3.2888888888888888,3.0,2.0,6.024999999999977,2.3720457612503885,2.1636903903297466,1.4424602602198309,4.345411533912225,0.21944444444444444,suppressed_1_9,suppressed_1_9,nonmetro_adjacent,Q3,Constrained Bayesian posterior estimate; not an observed or recovered true suppressed count.
29057,Dade County,29,Missouri,2.361111111111111,2.0,2.0,4.0,5.163607381164132,4.373879193456677,4.373879193456677,8.747758386913354,1.0,suppressed_1_9,suppressed_1_9,nonmetro_adjacent,Q3,Constrained Bayesian posterior estimate; not an observed or recovered true suppressed count.
29059,Dallas County,29,Missouri,4.633333333333334,4.0,3.0,8.0,4.424961878475903,3.8201109742238013,2.865083230667851,7.640221948447603,0.6777777777777778,suppressed_1_9,suppressed_1_9,metro_other,Q3,Constrained Bayesian posterior estimate; not an observed or recovered true suppressed count.
29061,Daviess County,29,Missouri,1.3527777777777779,1.0,1.0,4.0,2.6794576381598785,1.980707905005249,1.980707905005249,7.922831620020996,0.2361111111111111,suppressed_1_9,suppressed_1_9,nonmetro_adjacent,Q3,Constrained Bayesian posterior estimate; not an observed or recovered true suppressed count.
29063,DeKalb County,29,Missouri,3.411111111111111,3.0,3.0,5.0,5.191317816873305,4.565654106044926,4.565654106044926,7.609423510074877,1.0,suppressed_1_9,suppressed_1_9,metro_other,Q1_lowest,Constrained Bayesian posterior estimate; not an observed or recovered true suppressed count.
29065,Dent County,29,Missouri,4.305555555555555,4.0,3.0,7.0,4.820317232851799,4.478230203423607,3.3586726525677055,7.836902855991312,1.0,suppressed_1_9,suppressed_1_9,nonmetro_nonadjacent,Q3,Constrained Bayesian posterior estimate; not an observed or recovered true suppressed count.
29067,Douglas County,29,Missouri,2.4555555555555557,2.0,2.0,4.0,3.284848376749814,2.675442116809803,2.675442116809803,5.350884233619606,0.3888888888888889,suppressed_1_9,suppressed_1_9,nonmetro_adjacent,Q3,Constrained Bayesian posterior estimate; not an observed or recovered true suppressed count.
29069,Dunklin County,29,Missouri,4.430555555555555,5.0,2.0,8.0,2.6503927566344565,2.9910388476125527,1.196415539045021,4.785662156180084,0.5361111111111111,suppressed_1_9,suppressed_1_9,nonmetro_nonadjacent,Q4_highest,Constrained Bayesian posterior estimate; not an observed or recovered true suppressed count.
29071,Franklin County,29,Missouri,11.0,11.0,11.0,11.0,1.7371913721600871,1.7371913721600871,1.7371913721600871,1.7371913721600871,0.0,exact,exact,metro_large,Q1_lowest,Constrained Bayesian posterior estimate; not an observed or recovered true suppressed count.
29073,Gasconade County,29,Missouri,1.1805555555555556,1.0,1.0,3.0,1.338634957711735,1.1339025524146455,1.1339025524146455,3.4017076572439366,0.03333333333333333,suppressed_1_9,suppressed_1_9,nonmetro_adjacent,Q1_lowest,Constrained Bayesian posterior estimate; not an observed or recovered true suppressed count.
29075,Gentry County,29,Missouri,2.263888888888889,2.0,2.0,4.0,5.9472728652574185,5.254032469920664,5.254032469920664,10.508064939841328,1.0,suppressed_1_9,suppressed_1_9,nonmetro_adjacent,Q2,Constrained Bayesian posterior estimate; not an observed or recovered true suppressed count.
29077,Greene County,29,Missouri,84.0,84.0,84.0,84.0,4.654270792123643,4.6542707921236435,4.6542707921236435,4.6542707921236435,1.0,exact,exact,metro_other,Q3,Constrained Bayesian posterior estimate; not an observed or recovered true suppressed count.
29079,Grundy County,29,Missouri,1.025,1.0,1.0,1.0249999999999773,1.7496244708452817,1.7069507032636897,1.7069507032636897,1.749624470845243,0.025,suppressed_1_9,suppressed_1_9,nonmetro_nonadjacent,Q3,Constrained Bayesian posterior estimate; not an observed or recovered true suppressed count.
29081,Harrison County,29,Missouri,4.208333333333333,3.0,3.0,9.0,8.511656756064344,6.067715707293394,6.067715707293394,18.203147121880182,1.0,suppressed_1_9,suppressed_1_9,nonmetro_nonadjacent,Q2,Constrained Bayesian posterior estimate; not an observed or recovered true suppressed count.
29083,Henry County,29,Missouri,10.0,10.0,10.0,10.0,7.484805844136402,7.484805844136402,7.484805844136402,7.484805844136402,1.0,exact,exact,nonmetro_adjacent,Q3,Constrained Bayesian posterior estimate; not an observed or recovered true suppressed count.
29085,Hickory County,29,Missouri,2.9305555555555554,2.0,2.0,7.024999999999977,5.441970540111707,3.7139514586544355,3.7139514586544355,13.045254498523663,1.0,suppressed_1_9,suppressed_1_9,nonmetro_adjacent,Q3,Constrained Bayesian posterior estimate; not an observed or recovered true suppressed count.
29087,Holt County,29,Missouri,0.0,0.0,0.0,0.0,0.0,0.0,0.0,0.0,0.0,zero,zero,nonmetro_adjacent,Q1_lowest,Constrained Bayesian posterior estimate; not an observed or recovered true suppressed count.
29089,Howard County,29,Missouri,2.547222222222222,2.0,2.0,7.0,4.204100120850686,3.300929211573058,3.300929211573058,11.553252240505703,1.0,suppressed_1_9,suppressed_1_9,metro_other,Q2,Constrained Bayesian posterior estimate; not an observed or recovered true suppressed count.
29091,Howell County,29,Missouri,13.0,13.0,13.0,13.0,5.3612226886944185,5.3612226886944185,5.3612226886944185,5.3612226886944185,1.0,exact,exact,nonmetro_nonadjacent,Q4_highest,Constrained Bayesian posterior estimate; not an observed or recovered true suppressed count.
29093,Iron County,29,Missouri,2.5694444444444446,3.0,2.0,4.0,4.4373446929357465,5.1808997495898454,3.4539331663932304,6.907866332786461,1.0,suppressed_1_9,suppressed_1_9,nonmetro_nonadjacent,Q3,Constrained Bayesian posterior estimate; not an observed or recovered true suppressed count.
29095,Jackson County,29,Missouri,159.0,159.0,159.0,159.0,3.707805350013328,3.7078053500133272,3.7078053500133272,3.7078053500133272,1.0,exact,exact,metro_large,Q3,Constrained Bayesian posterior estimate; not an observed or recovered true suppressed count.
29097,Jasper County,29,Missouri,22.0,22.0,22.0,22.0,2.965994868828876,2.965994868828877,2.965994868828877,2.965994868828877,1.0,exact,exact,metro_other,Q3,Constrained Bayesian posterior estimate; not an observed or recovered true suppressed count.
29099,Jefferson County,29,Missouri,46.0,46.0,46.0,46.0,3.353138720077794,3.3531387200777925,3.3531387200777925,3.3531387200777925,1.0,exact,exact,metro_large,Q1_lowest,Constrained Bayesian posterior estimate; not an observed or recovered true suppressed count.
29101,Johnson County,29,Missouri,7.377777777777778,7.0,5.0,9.0,2.251787101668527,2.136484750077066,1.5260605357693329,2.7469089643847995,0.0,suppressed_1_9,suppressed_1_9,nonmetro_adjacent,Q2,Constrained Bayesian posterior estimate; not an observed or recovered true suppressed count.
29103,Knox County,29,Missouri,0.0,0.0,0.0,0.0,0.0,0.0,0.0,0.0,0.0,zero,zero,nonmetro_nonadjacent,Q2,Constrained Bayesian posterior estimate; not an observed or recovered true suppressed count.
29105,Laclede County,29,Missouri,5.794444444444444,6.0,4.0,9.0,2.6643328847649204,2.7588490081937813,1.8392326721291876,4.138273512290673,0.2388888888888889,suppressed_1_9,suppressed_1_9,nonmetro_adjacent,Q3,Constrained Bayesian posterior estimate; not an observed or recovered true suppressed count.
29107,Lafayette County,29,Missouri,6.002777777777778,6.0,4.0,9.0,3.0286619901098275,3.0272604806280556,2.018173653752037,4.540890720942084,0.6055555555555555,suppressed_1_9,suppressed_1_9,metro_large,Q1_lowest,Constrained Bayesian posterior estimate; not an observed or recovered true suppressed count.
29109,Lawrence County,29,Missouri,3.7055555555555557,3.0,2.0,7.0,1.6002779253296404,1.295577330851583,0.863718220567722,3.023013771987027,0.058333333333333334,suppressed_1_9,suppressed_1_9,nonmetro_adjacent,Q3,Constrained Bayesian posterior estimate; not an observed or recovered true suppressed count.
29111,Lewis County,29,Missouri,0.0,0.0,0.0,0.0,0.0,0.0,0.0,0.0,0.0,zero,zero,nonmetro_nonadjacent,Q2,Constrained Bayesian posterior estimate; not an observed or recovered true suppressed count.
29113,Lincoln County,29,Missouri,6.566666666666666,7.0,4.0,9.0,1.7536363474514411,1.8693585429685413,1.0682048816963092,2.403460983816696,0.0,suppressed_1_9,suppressed_1_9,metro_large,Q1_lowest,Constrained Bayesian posterior estimate; not an observed or recovered true suppressed count.
29115,Linn County,29,Missouri,4.419444444444444,4.0,3.0,8.0,6.21459128222916,5.62477149365807,4.2185786202435525,11.24954298731614,1.0,suppressed_1_9,suppressed_1_9,nonmetro_nonadjacent,Q1_lowest,Constrained Bayesian posterior estimate; not an observed or recovered true suppressed count.
29117,Livingston County,29,Missouri,3.811111111111111,4.0,3.0,5.0,4.330217596590364,4.544834795255192,3.4086260964413944,5.681043494068991,1.0,suppressed_1_9,suppressed_1_9,nonmetro_nonadjacent,Q2,Constrained Bayesian posterior estimate; not an observed or recovered true suppressed count.
29119,McDonald County,29,Missouri,4.4,4.0,3.0,7.0,3.127999146909324,2.843635588099385,2.132726691074539,4.976362279173924,0.4,suppressed_1_9,suppressed_1_9,nonmetro_adjacent,Q4_highest,Constrained Bayesian posterior estimate; not an observed or recovered true suppressed count.
29121,Macon County,29,Missouri,2.672222222222222,2.0,2.0,7.0,2.943559540682318,2.2030799057081802,2.2030799057081802,7.7107796699786295,0.44166666666666665,suppressed_1_9,suppressed_1_9,nonmetro_nonadjacent,Q2,Constrained Bayesian posterior estimate; not an observed or recovered true suppressed count.
29123,Madison County,29,Missouri,0.0,0.0,0.0,0.0,0.0,0.0,0.0,0.0,0.0,zero,zero,nonmetro_nonadjacent,Q3,Constrained Bayesian posterior estimate; not an observed or recovered true suppressed count.
29125,Maries County,29,Missouri,1.1833333333333333,1.0,1.0,2.0,2.3082674989433984,1.9506485906563933,1.9506485906563933,3.9012971813127866,0.18333333333333332,suppressed_1_9,suppressed_1_9,nonmetro_adjacent,Q2,Constrained Bayesian posterior estimate; not an observed or recovered true suppressed count.
29127,Marion County,29,Missouri,5.936111111111111,6.0,4.0,8.0,3.4781221720929927,3.515556336790297,2.343704224526865,4.68740844905373,0.625,suppressed_1_9,suppressed_1_9,nonmetro_nonadjacent,Q2,Constrained Bayesian posterior estimate; not an observed or recovered true suppressed count.
29129,Mercer County,29,Missouri,0.0,0.0,0.0,0.0,0.0,0.0,0.0,0.0,0.0,zero,zero,nonmetro_nonadjacent,Q2,Constrained Bayesian posterior estimate; not an observed or recovered true suppressed count.
29131,Miller County,29,Missouri,3.341666666666667,3.0,2.0,6.0,2.1843814006188174,1.9610406589096614,1.3073604392731075,3.922081317819323,0.13333333333333333,suppressed_1_9,suppressed_1_9,nonmetro_adjacent,Q2,Constrained Bayesian posterior estimate; not an observed or recovered true suppressed count.
29133,Mississippi County,29,Missouri,1.2833333333333334,1.0,1.0,3.0,1.7420262706611103,1.3574230680476183,1.3574230680476183,4.072269204142855,0.06944444444444445,suppressed_1_9,suppressed_1_9,nonmetro_adjacent,Q4_highest,Constrained Bayesian posterior estimate; not an observed or recovered true suppressed count.
29135,Moniteau County,29,Missouri,1.2555555555555555,1.0,1.0,2.0249999999999773,1.35048085484243,1.075604220670962,1.075604220670962,2.1780985468586733,0.025,suppressed_1_9,suppressed_1_9,metro_other,Q3,Constrained Bayesian posterior estimate; not an observed or recovered true suppressed count.
29137,Monroe County,29,Missouri,0.0,0.0,0.0,0.0,0.0,0.0,0.0,0.0,0.0,zero,zero,nonmetro_nonadjacent,Q3,Constrained Bayesian posterior estimate; not an observed or recovered true suppressed count.
29139,Montgomery County,29,Missouri,3.452777777777778,3.0,3.0,5.0,5.025877405790069,4.366812227074235,4.366812227074235,7.27802037845706,1.0,suppressed_1_9,suppressed_1_9,nonmetro_adjacent,Q2,Constrained Bayesian posterior estimate; not an observed or recovered true suppressed count.
29141,Morgan County,29,Missouri,7.055555555555555,7.0,5.0,9.0,5.474685399574441,5.431577640522673,3.879698314659052,6.983456966386294,1.0,suppressed_1_9,suppressed_1_9,nonmetro_adjacent,Q4_highest,Constrained Bayesian posterior estimate; not an observed or recovered true suppressed count.
29143,New Madrid County,29,Missouri,4.658333333333333,5.0,3.0,7.0,4.845616407482534,5.201019399802361,3.120611639881417,7.2814271597233065,1.0,suppressed_1_9,suppressed_1_9,nonmetro_nonadjacent,Q4_highest,Constrained Bayesian posterior estimate; not an observed or recovered true suppressed count.
29145,Newton County,29,Missouri,7.933333333333334,8.0,6.0,9.0,2.214283056082766,2.232890476722117,1.6746678575415874,2.5120017863123816,0.0,suppressed_1_9,suppressed_1_9,metro_other,Q3,Constrained Bayesian posterior estimate; not an observed or recovered true suppressed count.
29147,Nodaway County,29,Missouri,1.4277777777777778,1.0,1.0,3.0,1.1254485372234442,0.7882518937751748,0.7882518937751748,2.3647556813255246,0.0,suppressed_1_9,suppressed_1_9,nonmetro_adjacent,Q1_lowest,Constrained Bayesian posterior estimate; not an observed or recovered true suppressed count.
29149,Oregon County,29,Missouri,1.2472222222222222,1.0,1.0,3.0,2.2382940709633936,1.7946233085675318,1.7946233085675318,5.383869925702595,0.20833333333333334,suppressed_1_9,suppressed_1_9,nonmetro_nonadjacent,Q3,Constrained Bayesian posterior estimate; not an observed or recovered true suppressed count.
29151,Osage County,29,Missouri,3.6666666666666665,3.0,3.0,6.0,4.5338015513844585,3.709473996587284,3.709473996587284,7.418947993174568,1.0,suppressed_1_9,suppressed_1_9,metro_other,Q1_lowest,Constrained Bayesian posterior estimate; not an observed or recovered true suppressed count.
29153,Ozark County,29,Missouri,0.0,0.0,0.0,0.0,0.0,0.0,0.0,0.0,0.0,zero,zero,nonmetro_nonadjacent,Q3,Constrained Bayesian posterior estimate; not an observed or recovered true suppressed count.
29155,Pemiscot County,29,Missouri,5.683333333333334,5.0,4.0,9.0,6.279787555339476,5.524739784756138,4.41979182780491,9.944531612561049,1.0,suppressed_1_9,suppressed_1_9,nonmetro_nonadjacent,Q4_highest,Constrained Bayesian posterior estimate; not an observed or recovered true suppressed count.
29157,Perry County,29,Missouri,1.7083333333333333,1.0,1.0,4.0,1.4964377481896753,0.8759635599159075,0.8759635599159075,3.50385423966363,0.06666666666666667,suppressed_1_9,suppressed_1_9,nonmetro_adjacent,Q2,Constrained Bayesian posterior estimate; not an observed or recovered true suppressed count.
29159,Pettis County,29,Missouri,7.9527777777777775,8.0,6.0,9.0,3.0742382911573176,3.0924925876818286,2.3193694407613714,3.479054161142057,0.6694444444444444,suppressed_1_9,suppressed_1_9,nonmetro_nonadjacent,Q3,Constrained Bayesian posterior estimate; not an observed or recovered true suppressed count.
29161,Phelps County,29,Missouri,5.3805555555555555,5.0,3.0,9.0,1.9913748896365027,1.8505290662600438,1.1103174397560263,3.3309523192680786,0.19722222222222222,suppressed_1_9,suppressed_1_9,nonmetro_nonadjacent,Q3,Constrained Bayesian posterior estimate; not an observed or recovered true suppressed count.
29163,Pike County,29,Missouri,4.852777777777778,5.0,4.0,7.0,4.527900888992562,4.665267086540704,3.732213669232564,6.531373921156987,1.0,suppressed_1_9,suppressed_1_9,nonmetro_adjacent,Q3,Constrained Bayesian posterior estimate; not an observed or recovered true suppressed count.
29165,Platte County,29,Missouri,12.0,12.0,12.0,12.0,1.8315018315018317,1.8315018315018314,1.8315018315018314,1.8315018315018314,0.0,exact,exact,metro_large,Q1_lowest,Constrained Bayesian posterior estimate; not an observed or recovered true suppressed count.
29167,Polk County,29,Missouri,10.0,10.0,10.0,10.0,5.122294788065053,5.1222947880650525,5.1222947880650525,5.1222947880650525,1.0,exact,exact,metro_other,Q3,Constrained Bayesian posterior estimate; not an observed or recovered true suppressed count.
29169,Pulaski County,29,Missouri,6.441666666666666,6.0,4.0,9.0,2.007694169739244,1.8700385539615207,1.2466923693076806,2.8050578309422813,0.0,suppressed_1_9,suppressed_1_9,nonmetro_nonadjacent,Q3,Constrained Bayesian posterior estimate; not an observed or recovered true suppressed count.
29171,Putnam County,29,Missouri,0.0,0.0,0.0,0.0,0.0,0.0,0.0,0.0,0.0,zero,zero,nonmetro_nonadjacent,Q2,Constrained Bayesian posterior estimate; not an observed or recovered true suppressed count.
29173,Ralls County,29,Missouri,1.4416666666666667,1.0,1.0,4.0,2.3112151380583654,1.603155009057826,1.603155009057826,6.412620036231304,0.2638888888888889,suppressed_1_9,suppressed_1_9,nonmetro_nonadjacent,Q1_lowest,Constrained Bayesian posterior estimate; not an observed or recovered true suppressed count.
29175,Randolph County,29,Missouri,4.330555555555556,4.0,3.0,7.0,2.951477632002423,2.7261884477764524,2.044641335832339,4.770829783608792,0.44166666666666665,suppressed_1_9,suppressed_1_9,nonmetro_adjacent,Q3,Constrained Bayesian posterior estimate; not an observed or recovered true suppressed count.
29177,Ray County,29,Missouri,4.105555555555555,4.0,3.0,6.0,2.9658204245899014,2.889567937354167,2.1671759530156254,4.334351906031251,0.30277777777777776,suppressed_1_9,suppressed_1_9,metro_large,Q1_lowest,Constrained Bayesian posterior estimate; not an observed or recovered true suppressed count.
29179,Reynolds County,29,Missouri,0.0,0.0,0.0,0.0,0.0,0.0,0.0,0.0,0.0,zero,zero,nonmetro_nonadjacent,Q3,Constrained Bayesian posterior estimate; not an observed or recovered true suppressed count.
29181,Ripley County,29,Missouri,0.0,0.0,0.0,0.0,0.0,0.0,0.0,0.0,0.0,zero,zero,nonmetro_nonadjacent,Q2,Constrained Bayesian posterior estimate; not an observed or recovered true suppressed count.
29183,St. Charles County,29,Missouri,35.0,35.0,35.0,35.0,1.4156314019402243,1.415631401940224,1.415631401940224,1.415631401940224,0.0,exact,exact,metro_large,Q1_lowest,Constrained Bayesian posterior estimate; not an observed or recovered true suppressed count.
29185,St. Clair County,29,Missouri,0.0,0.0,0.0,0.0,0.0,0.0,0.0,0.0,0.0,zero,zero,nonmetro_adjacent,Q3,Constrained Bayesian posterior estimate; not an observed or recovered true suppressed count.
29186,Ste. Genevieve County,29,Missouri,3.2805555555555554,3.0,2.0,8.0,2.9758845004041756,2.721384640505089,1.8142564270033927,7.257025708013571,0.3194444444444444,suppressed_1_9,suppressed_1_9,nonmetro_adjacent,Q1_lowest,Constrained Bayesian posterior estimate; not an observed or recovered true suppressed count.
29187,St. Francois County,29,Missouri,6.844444444444444,7.0,4.0,9.0,1.6993389406001038,1.7379602801591971,0.9931201600909698,2.234520360204682,0.0,suppressed_1_9,suppressed_1_9,nonmetro_adjacent,Q3,Constrained Bayesian posterior estimate; not an observed or recovered true suppressed count.
29189,St. Louis County,29,Missouri,188.0,188.0,188.0,188.0,3.156579436496842,3.1565794364968416,3.1565794364968416,3.1565794364968416,1.0,exact,exact,metro_large,Q2,Constrained Bayesian posterior estimate; not an observed or recovered true suppressed count.
29195,Saline County,29,Missouri,2.8472222222222223,3.0,2.0,4.0,2.058892769650675,2.169369942656321,1.4462466284375475,2.892493256875095,0.022222222222222223,suppressed_1_9,suppressed_1_9,nonmetro_nonadjacent,Q2,Constrained Bayesian posterior estimate; not an observed or recovered true suppressed count.
29197,Schuyler County,29,Missouri,1.0305555555555554,1.0,1.0,2.0,4.066430791759285,3.9458627628931064,3.9458627628931064,7.891725525786213,1.0,suppressed_1_9,suppressed_1_9,nonmetro_nonadjacent,Q1_lowest,Constrained Bayesian posterior estimate; not an observed or recovered true suppressed count.
29199,Scotland County,29,Missouri,0.0,0.0,0.0,0.0,0.0,0.0,0.0,0.0,0.0,zero,zero,nonmetro_nonadjacent,Q2,Constrained Bayesian posterior estimate; not an observed or recovered true suppressed count.
29201,Scott County,29,Missouri,3.797222222222222,4.0,2.0,6.024999999999977,1.6647619938368488,1.753662963515042,0.876831481757521,2.6414548387945223,0.025,suppressed_1_9,suppressed_1_9,nonmetro_adjacent,Q3,Constrained Bayesian posterior estimate; not an observed or recovered true suppressed count.
29203,Shannon County,29,Missouri,2.438888888888889,2.0,2.0,4.0,5.398040966089482,4.426639516610964,4.426639516610964,8.853279033221929,1.0,suppressed_1_9,suppressed_1_9,nonmetro_nonadjacent,Q2,Constrained Bayesian posterior estimate; not an observed or recovered true suppressed count.
29205,Shelby County,29,Missouri,0.0,0.0,0.0,0.0,0.0,0.0,0.0,0.0,0.0,zero,zero,nonmetro_nonadjacent,Q2,Constrained Bayesian posterior estimate; not an observed or recovered true suppressed count.
29207,Stoddard County,29,Missouri,4.275,4.0,3.0,7.0,2.489561313090725,2.3294140941199766,1.7470605705899824,4.076474664709958,0.15,suppressed_1_9,suppressed_1_9,nonmetro_adjacent,Q2,Constrained Bayesian posterior estimate; not an observed or recovered true suppressed count.
29209,Stone County,29,Missouri,7.5055555555555555,8.0,6.0,9.0,3.881066428574301,4.1367399386728305,3.102554954004623,4.653832431006934,0.9805555555555555,suppressed_1_9,suppressed_1_9,nonmetro_adjacent,Q2,Constrained Bayesian posterior estimate; not an observed or recovered true suppressed count.
29211,Sullivan County,29,Missouri,3.4583333333333335,3.0,3.0,5.0,9.757450930602188,8.464294783172981,8.464294783172981,14.10715797195497,1.0,suppressed_1_9,suppressed_1_9,nonmetro_nonadjacent,Q3,Constrained Bayesian posterior estimate; not an observed or recovered true suppressed count.
29213,Taney County,29,Missouri,13.0,13.0,13.0,13.0,3.837536419696598,3.8375364196965984,3.8375364196965984,3.8375364196965984,1.0,exact,exact,nonmetro_adjacent,Q4_highest,Constrained Bayesian posterior estimate; not an observed or recovered true suppressed count.
29215,Texas County,29,Missouri,12.0,12.0,12.0,12.0,7.886072538723903,7.8860725387239015,7.8860725387239015,7.8860725387239015,1.0,exact,exact,nonmetro_nonadjacent,Q4_highest,Constrained Bayesian posterior estimate; not an observed or recovered true suppressed count.
29217,Vernon County,29,Missouri,5.836111111111111,5.5,4.0,9.0,4.875859367312573,4.595050712650592,3.3418550637458853,7.519173893428242,1.0,suppressed_1_9,suppressed_1_9,nonmetro_adjacent,Q3,Constrained Bayesian posterior estimate; not an observed or recovered true suppressed count.
29219,Warren County,29,Missouri,6.691666666666666,7.0,4.0,9.0,3.010128727049174,3.148827061919435,1.7993297496682485,4.0484919367535595,0.5555555555555556,suppressed_1_9,suppressed_1_9,metro_large,Q1_lowest,Constrained Bayesian posterior estimate; not an observed or recovered true suppressed count.
29221,Washington County,29,Missouri,4.191666666666666,4.0,3.0,6.0,2.9231813511490485,2.789516995132293,2.0921377463492195,4.184275492698439,0.32222222222222224,suppressed_1_9,suppressed_1_9,nonmetro_adjacent,Q4_highest,Constrained Bayesian posterior estimate; not an observed or recovered true suppressed count.
29223,Wayne County,29,Missouri,2.327777777777778,2.0,2.0,3.0,3.3746180399509678,2.8994331608170603,2.8994331608170603,4.34914974122559,0.3277777777777778,suppressed_1_9,suppressed_1_9,nonmetro_nonadjacent,Q3,Constrained Bayesian posterior estimate; not an observed or recovered true suppressed count.
29225,Webster County,29,Missouri,13.0,13.0,13.0,13.0,5.34904581252006,5.349045812520059,5.349045812520059,5.349045812520059,1.0,exact,exact,metro_other,Q3,Constrained Bayesian posterior estimate; not an observed or recovered true suppressed count.
29227,Worth County,29,Missouri,0.0,0.0,0.0,0.0,0.0,0.0,0.0,0.0,0.0,zero,zero,nonmetro_nonadjacent,Q1_lowest,Constrained Bayesian posterior estimate; not an observed or recovered true suppressed count.
29229,Wright County,29,Missouri,5.652777777777778,5.0,4.0,9.0,4.989740994436991,4.4135301179295245,3.5308240943436195,7.9443542122731445,1.0,suppressed_1_9,suppressed_1_9,nonmetro_adjacent,Q3,Constrained Bayesian posterior estimate; not an observed or recovered true suppressed count.
29510,St. Louis City,29,Missouri,84.0,84.0,84.0,84.0,4.828812836364179,4.82881283636418,4.82881283636418,4.82881283636418,1.0,exact,exact,metro_large,Q4_highest,Constrained Bayesian posterior estimate; not an observed or recovered true suppressed count.
30001,Beaverhead County,30,Montana,1.4,1.0,1.0,3.0,2.410883416566213,1.7220595832615808,1.7220595832615808,5.166178749784743,0.3111111111111111,suppressed_1_9,suppressed_1_9,nonmetro_nonadjacent,Q1_lowest,Constrained Bayesian posterior estimate; not an observed or recovered true suppressed count.
30003,Big Horn County,30,Montana,2.9916666666666667,3.0,2.0,5.024999999999977,3.84844625682322,3.8591661628310843,2.5727774418873897,6.464103322742036,0.6,suppressed_1_9,suppressed_1_9,nonmetro_adjacent,Q4_highest,Constrained Bayesian posterior estimate; not an observed or recovered true suppressed count.
30005,Blaine County,30,Montana,0.0,0.0,0.0,0.0,0.0,0.0,0.0,0.0,0.0,zero,zero,nonmetro_nonadjacent,Q4_highest,Constrained Bayesian posterior estimate; not an observed or recovered true suppressed count.
30007,Broadwater County,30,Montana,0.0,0.0,0.0,0.0,0.0,0.0,0.0,0.0,0.0,zero,zero,metro_other,Q1_lowest,Constrained Bayesian posterior estimate; not an observed or recovered true suppressed count.
30009,Carbon County,30,Montana,0.0,0.0,0.0,0.0,0.0,0.0,0.0,0.0,0.0,zero,zero,metro_other,Q1_lowest,Constrained Bayesian posterior estimate; not an observed or recovered true suppressed count.
30011,Carter County,30,Montana,1.0277777777777777,1.0,1.0,2.0,12.666721441678307,12.324377618930244,12.324377618930244,24.648755237860488,1.0,suppressed_1_9,suppressed_1_9,nonmetro_nonadjacent,Q2,Constrained Bayesian posterior estimate; not an observed or recovered true suppressed count.
30013,Cascade County,30,Montana,35.0,35.0,35.0,35.0,6.978923650575263,6.978923650575262,6.978923650575262,6.978923650575262,1.0,exact,exact,metro_other,Q2,Constrained Bayesian posterior estimate; not an observed or recovered true suppressed count.
30015,Chouteau County,30,Montana,1.0055555555555555,1.0,1.0,1.0,2.8833134209478293,2.867383512544803,2.867383512544803,2.867383512544803,0.005555555555555556,suppressed_1_9,suppressed_1_9,nonmetro_adjacent,Q2,Constrained Bayesian posterior estimate; not an observed or recovered true suppressed count.
30017,Custer County,30,Montana,1.05,1.0,1.0,2.0,1.4874417418651105,1.4166111827286765,1.4166111827286765,2.833222365457353,0.0,suppressed_1_9,suppressed_1_9,nonmetro_nonadjacent,Q2,Constrained Bayesian posterior estimate; not an observed or recovered true suppressed count.
30019,Daniels County,30,Montana,1.0083333333333333,1.0,1.0,1.0,10.185185185185187,10.1010101010101,10.1010101010101,10.1010101010101,1.0,suppressed_1_9,suppressed_1_9,nonmetro_nonadjacent,Q1_lowest,Constrained Bayesian posterior estimate; not an observed or recovered true suppressed count.
30021,Dawson County,30,Montana,1.1555555555555554,1.0,1.0,2.0,2.2034505187642885,1.9068321796998646,1.9068321796998646,3.8136643593997293,0.15,suppressed_1_9,suppressed_1_9,nonmetro_nonadjacent,Q1_lowest,Constrained Bayesian posterior estimate; not an observed or recovered true suppressed count.
30023,Deer Lodge County,30,Montana,3.658333333333333,3.0,3.0,7.0,6.437440977904473,5.278994879374967,5.278994879374967,12.317654718541588,1.0,suppressed_1_9,suppressed_1_9,nonmetro_nonadjacent,Q3,Constrained Bayesian posterior estimate; not an observed or recovered true suppressed count.
30025,Fallon County,30,Montana,0.0,0.0,0.0,0.0,0.0,0.0,0.0,0.0,0.0,zero,zero,nonmetro_nonadjacent,Q1_lowest,Constrained Bayesian posterior estimate; not an observed or recovered true suppressed count.
30027,Fergus County,30,Montana,3.1055555555555556,2.0,2.0,6.0,4.496373943874957,2.89569699426652,2.89569699426652,8.68709098279956,0.4777777777777778,suppressed_1_9,suppressed_1_9,nonmetro_nonadjacent,Q2,Constrained Bayesian posterior estimate; not an observed or recovered true suppressed count.
30029,Flathead County,30,Montana,19.0,19.0,19.0,19.0,2.8869632337634914,2.886963233763491,2.886963233763491,2.886963233763491,0.0,exact,exact,nonmetro_nonadjacent,Q1_lowest,Constrained Bayesian posterior estimate; not an observed or recovered true suppressed count.
30031,Gallatin County,30,Montana,14.0,14.0,14.0,14.0,1.912038055020261,1.9120380550202607,1.9120380550202607,1.9120380550202607,0.0,exact,exact,metro_other,Q1_lowest,Constrained Bayesian posterior estimate; not an observed or recovered true suppressed count.
30033,Garfield County,30,Montana,0.0,0.0,0.0,0.0,0.0,0.0,0.0,0.0,0.0,zero,zero,nonmetro_nonadjacent,Q1_lowest,Constrained Bayesian posterior estimate; not an observed or recovered true suppressed count.
30035,Glacier County,30,Montana,5.158333333333333,5.0,4.0,8.0,6.296409317465161,6.103143118706134,4.882514494964907,9.765028989929814,1.0,suppressed_1_9,suppressed_1_9,nonmetro_nonadjacent,Q4_highest,Constrained Bayesian posterior estimate; not an observed or recovered true suppressed count.
30037,Golden Valley County,30,Montana,0.0,0.0,0.0,0.0,0.0,0.0,0.0,0.0,0.0,zero,zero,nonmetro_adjacent,Q1_lowest,Constrained Bayesian posterior estimate; not an observed or recovered true suppressed count.
30039,Granite County,30,Montana,1.1027777777777779,1.0,1.0,2.0,5.31741056838699,4.8218332610058345,4.8218332610058345,9.643666522011669,1.0,suppressed_1_9,suppressed_1_9,nonmetro_adjacent,Q1_lowest,Constrained Bayesian posterior estimate; not an observed or recovered true suppressed count.
30041,Hill County,30,Montana,5.241666666666666,5.0,4.0,8.0,5.379930890553902,5.131889561736632,4.105511649389305,8.21102329877861,1.0,suppressed_1_9,suppressed_1_9,nonmetro_nonadjacent,Q2,Constrained Bayesian posterior estimate; not an observed or recovered true suppressed count.
30043,Jefferson County,30,Montana,3.941666666666667,4.0,3.0,6.024999999999977,5.170823002619301,5.2473468102690575,3.9355101077017935,7.903816132967739,1.0,suppressed_1_9,suppressed_1_9,metro_other,Q1_lowest,Constrained Bayesian posterior estimate; not an observed or recovered true suppressed count.
30045,Judith Basin County,30,Montana,0.0,0.0,0.0,0.0,0.0,0.0,0.0,0.0,0.0,zero,zero,nonmetro_adjacent,Q1_lowest,Constrained Bayesian posterior estimate; not an observed or recovered true suppressed count.
30047,Lake County,30,Montana,7.822222222222222,8.0,5.975,9.0,4.051474443195624,4.143553407813706,3.0947164514608616,4.661497583790419,0.975,suppressed_1_9,suppressed_1_9,nonmetro_adjacent,Q4_highest,Constrained Bayesian posterior estimate; not an observed or recovered true suppressed count.
30049,Lewis and Clark County,30,Montana,10.0,10.0,10.0,10.0,2.2943357439154215,2.2943357439154215,2.2943357439154215,2.2943357439154215,0.0,exact,exact,metro_other,Q1_lowest,Constrained Bayesian posterior estimate; not an observed or recovered true suppressed count.
30051,Liberty County,30,Montana,1.0805555555555555,1.0,1.0,2.0,8.622371174238394,7.979572294924992,7.979572294924992,15.959144589849984,1.0,suppressed_1_9,suppressed_1_9,nonmetro_nonadjacent,Q3,Constrained Bayesian posterior estimate; not an observed or recovered true suppressed count.
30053,Lincoln County,30,Montana,5.530555555555556,6.0,3.0,9.0,4.373640239423303,4.744883434030304,2.372441717015152,7.117325151045455,0.8388888888888889,suppressed_1_9,suppressed_1_9,nonmetro_nonadjacent,Q3,Constrained Bayesian posterior estimate; not an observed or recovered true suppressed count.
30055,McCone County,30,Montana,0.0,0.0,0.0,0.0,0.0,0.0,0.0,0.0,0.0,zero,zero,nonmetro_nonadjacent,Q1_lowest,Constrained Bayesian posterior estimate; not an observed or recovered true suppressed count.
30057,Madison County,30,Montana,0.0,0.0,0.0,0.0,0.0,0.0,0.0,0.0,0.0,zero,zero,nonmetro_adjacent,Q1_lowest,Constrained Bayesian posterior estimate; not an observed or recovered true suppressed count.
30059,Meagher County,30,Montana,0.0,0.0,0.0,0.0,0.0,0.0,0.0,0.0,0.0,zero,zero,nonmetro_adjacent,Q1_lowest,Constrained Bayesian posterior estimate; not an observed or recovered true suppressed count.
30061,Mineral County,30,Montana,2.033333333333333,2.0,2.0,3.0,6.976850581022966,6.862475981334065,6.862475981334065,10.293713972001099,1.0,suppressed_1_9,suppressed_1_9,metro_other,Q1_lowest,Constrained Bayesian posterior estimate; not an observed or recovered true suppressed count.
30063,Missoula County,30,Montana,18.0,18.0,18.0,18.0,2.478659430817173,2.4786594308171725,2.4786594308171725,2.4786594308171725,0.0,exact,exact,metro_other,Q2,Constrained Bayesian posterior estimate; not an observed or recovered true suppressed count.
30065,Musselshell County,30,Montana,0.0,0.0,0.0,0.0,0.0,0.0,0.0,0.0,0.0,zero,zero,nonmetro_adjacent,Q1_lowest,Constrained Bayesian posterior estimate; not an observed or recovered true suppressed count.
30067,Park County,30,Montana,1.3916666666666666,1.0,1.0,3.0,1.3303889515579093,0.955968108903887,0.955968108903887,2.867904326711661,0.022222222222222223,suppressed_1_9,suppressed_1_9,nonmetro_adjacent,Q1_lowest,Constrained Bayesian posterior estimate; not an observed or recovered true suppressed count.
30069,Petroleum County,30,Montana,1.0,1.0,1.0,1.0,32.16468317787069,32.1646831778707,32.1646831778707,32.1646831778707,1.0,suppressed_1_9,suppressed_1_9,nonmetro_nonadjacent,Q1_lowest,Constrained Bayesian posterior estimate; not an observed or recovered true suppressed count.
30071,Phillips County,30,Montana,0.0,0.0,0.0,0.0,0.0,0.0,0.0,0.0,0.0,zero,zero,nonmetro_nonadjacent,Q1_lowest,Constrained Bayesian posterior estimate; not an observed or recovered true suppressed count.
30073,Pondera County,30,Montana,1.2222222222222223,1.0,1.0,2.0249999999999773,3.3980822459470144,2.7802491103202844,2.7802491103202844,5.6300044483985126,0.19166666666666668,suppressed_1_9,suppressed_1_9,nonmetro_nonadjacent,Q4_highest,Constrained Bayesian posterior estimate; not an observed or recovered true suppressed count.
30075,Powder River County,30,Montana,0.0,0.0,0.0,0.0,0.0,0.0,0.0,0.0,0.0,zero,zero,nonmetro_nonadjacent,Q1_lowest,Constrained Bayesian posterior estimate; not an observed or recovered true suppressed count.
30077,Powell County,30,Montana,1.1583333333333334,1.0,1.0,2.0,2.75728001269539,2.38038562247084,2.38038562247084,4.76077124494168,0.14722222222222223,suppressed_1_9,suppressed_1_9,nonmetro_adjacent,Q1_lowest,Constrained Bayesian posterior estimate; not an observed or recovered true suppressed count.
30079,Prairie County,30,Montana,0.0,0.0,0.0,0.0,0.0,0.0,0.0,0.0,0.0,zero,zero,nonmetro_nonadjacent,Q2,Constrained Bayesian posterior estimate; not an observed or recovered true suppressed count.
30081,Ravalli County,30,Montana,6.877777777777778,7.0,4.0,9.0,2.474109780127982,2.5180761897909996,1.4389006798805712,3.2375265297312854,0.14722222222222223,suppressed_1_9,suppressed_1_9,nonmetro_adjacent,Q1_lowest,Constrained Bayesian posterior estimate; not an observed or recovered true suppressed count.
30083,Richland County,30,Montana,0.0,0.0,0.0,0.0,0.0,0.0,0.0,0.0,0.0,zero,zero,nonmetro_nonadjacent,Q2,Constrained Bayesian posterior estimate; not an observed or recovered true suppressed count.
30085,Roosevelt County,30,Montana,1.6333333333333333,1.0,1.0,4.024999999999977,2.5569975630247717,1.5655087120559825,1.5655087120559825,6.301172566025294,0.37777777777777777,suppressed_1_9,suppressed_1_9,nonmetro_nonadjacent,Q4_highest,Constrained Bayesian posterior estimate; not an observed or recovered true suppressed count.
30087,Rosebud County,30,Montana,3.547222222222222,3.0,3.0,5.024999999999977,7.046668035166019,5.959593952998669,5.959593952998669,9.982319871272725,1.0,suppressed_1_9,suppressed_1_9,nonmetro_adjacent,Q4_highest,Constrained Bayesian posterior estimate; not an observed or recovered true suppressed count.
30089,Sanders County,30,Montana,3.7805555555555554,4.0,3.0,6.0,4.831380901668442,5.111821086261981,3.8338658146964857,7.667731629392971,1.0,suppressed_1_9,suppressed_1_9,nonmetro_adjacent,Q3,Constrained Bayesian posterior estimate; not an observed or recovered true suppressed count.
30091,Sheridan County,30,Montana,0.0,0.0,0.0,0.0,0.0,0.0,0.0,0.0,0.0,zero,zero,nonmetro_nonadjacent,Q1_lowest,Constrained Bayesian posterior estimate; not an observed or recovered true suppressed count.
30093,Silver Bow County,30,Montana,6.122222222222222,6.0,3.0,9.0,2.8599427388597185,2.802847693256348,1.401423846628174,4.204271539884522,0.39166666666666666,suppressed_1_9,suppressed_1_9,nonmetro_nonadjacent,Q2,Constrained Bayesian posterior estimate; not an observed or recovered true suppressed count.
30095,Stillwater County,30,Montana,2.191666666666667,2.0,2.0,4.0,3.8877260202693913,3.5477347713484937,3.5477347713484937,7.095469542696987,1.0,suppressed_1_9,suppressed_1_9,metro_other,Q1_lowest,Constrained Bayesian posterior estimate; not an observed or recovered true suppressed count.
30097,Sweet Grass County,30,Montana,2.236111111111111,2.0,2.0,3.0,9.992006394884092,8.936949819026767,8.936949819026767,13.405424728540147,1.0,suppressed_1_9,suppressed_1_9,nonmetro_adjacent,Q1_lowest,Constrained Bayesian posterior estimate; not an observed or recovered true suppressed count.
30099,Teton County,30,Montana,1.1083333333333334,1.0,1.0,2.0249999999999773,2.92382233712331,2.638035191389453,2.638035191389453,5.342021262563582,0.08333333333333333,suppressed_1_9,suppressed_1_9,nonmetro_adjacent,Q2,Constrained Bayesian posterior estimate; not an observed or recovered true suppressed count.
30101,Toole County,30,Montana,2.1166666666666667,2.0,2.0,3.0,7.102669932776305,6.711184188450052,6.711184188450052,10.066776282675079,1.0,suppressed_1_9,suppressed_1_9,nonmetro_nonadjacent,Q3,Constrained Bayesian posterior estimate; not an observed or recovered true suppressed count.
30103,Treasure County,30,Montana,0.0,0.0,0.0,0.0,0.0,0.0,0.0,0.0,0.0,zero,zero,nonmetro_adjacent,Q1_lowest,Constrained Bayesian posterior estimate; not an observed or recovered true suppressed count.
30105,Valley County,30,Montana,1.2027777777777777,1.0,1.0,3.0,2.6899957009768465,2.2364860331447227,2.2364860331447227,6.709458099434168,0.175,suppressed_1_9,suppressed_1_9,nonmetro_nonadjacent,Q1_lowest,Constrained Bayesian posterior estimate; not an observed or recovered true suppressed count.
30107,Wheatland County,30,Montana,1.0694444444444444,1.0,1.0,2.0,8.563091075702172,8.007046200656577,8.007046200656577,16.014092401313153,1.0,suppressed_1_9,suppressed_1_9,nonmetro_nonadjacent,Q1_lowest,Constrained Bayesian posterior estimate; not an observed or recovered true suppressed count.
30109,Wibaux County,30,Montana,1.0277777777777777,1.0,1.0,2.0,18.412357179824035,17.914725904693658,17.914725904693658,35.829451809387315,1.0,suppressed_1_9,suppressed_1_9,nonmetro_nonadjacent,Q2,Constrained Bayesian posterior estimate; not an observed or recovered true suppressed count.
30111,Yellowstone County,30,Montana,20.0,20.0,20.0,20.0,1.9925994855108125,1.992599485510813,1.992599485510813,1.992599485510813,0.0,exact,exact,metro_other,Q2,Constrained Bayesian posterior estimate; not an observed or recovered true suppressed count.
31001,Adams County,31,Nebraska,5.544444444444444,5.0,3.0,9.0,2.9684994027307816,2.6770034693964964,1.606202081637898,4.818606244913694,0.44722222222222224,suppressed_1_9,suppressed_1_9,nonmetro_adjacent,Q2,Constrained Bayesian posterior estimate; not an observed or recovered true suppressed count.
31003,Antelope County,31,Nebraska,0.0,0.0,0.0,0.0,0.0,0.0,0.0,0.0,0.0,zero,zero,nonmetro_nonadjacent,Q1_lowest,Constrained Bayesian posterior estimate; not an observed or recovered true suppressed count.
31005,Arthur County,31,Nebraska,0.0,0.0,0.0,0.0,0.0,0.0,0.0,0.0,0.0,zero,zero,nonmetro_nonadjacent,Q1_lowest,Constrained Bayesian posterior estimate; not an observed or recovered true suppressed count.
31007,Banner County,31,Nebraska,0.0,0.0,0.0,0.0,0.0,0.0,0.0,0.0,0.0,zero,zero,nonmetro_adjacent,Q1_lowest,Constrained Bayesian posterior estimate; not an observed or recovered true suppressed count.
31009,Blaine County,31,Nebraska,0.0,0.0,0.0,0.0,0.0,0.0,0.0,0.0,0.0,zero,zero,nonmetro_nonadjacent,Q1_lowest,Constrained Bayesian posterior estimate; not an observed or recovered true suppressed count.
31011,Boone County,31,Nebraska,1.0027777777777778,1.0,1.0,1.0,3.161043336940951,3.1522869842070422,3.1522869842070422,3.1522869842070422,1.0,suppressed_1_9,suppressed_1_9,nonmetro_nonadjacent,Q1_lowest,Constrained Bayesian posterior estimate; not an observed or recovered true suppressed count.
31013,Box Butte County,31,Nebraska,2.688888888888889,2.0,2.0,5.0,4.191564908634277,3.1176929072486357,3.1176929072486357,7.79423226812159,1.0,suppressed_1_9,suppressed_1_9,nonmetro_nonadjacent,Q2,Constrained Bayesian posterior estimate; not an observed or recovered true suppressed count.
31015,Boyd County,31,Nebraska,0.0,0.0,0.0,0.0,0.0,0.0,0.0,0.0,0.0,zero,zero,nonmetro_nonadjacent,Q1_lowest,Constrained Bayesian posterior estimate; not an observed or recovered true suppressed count.
31017,Brown County,31,Nebraska,0.0,0.0,0.0,0.0,0.0,0.0,0.0,0.0,0.0,zero,zero,nonmetro_nonadjacent,Q1_lowest,Constrained Bayesian posterior estimate; not an observed or recovered true suppressed count.
31019,Buffalo County,31,Nebraska,6.5777777777777775,7.0,4.0,9.0,2.1741054492557543,2.3136595152552792,1.3220911515744453,2.974705091042502,0.08611111111111111,suppressed_1_9,suppressed_1_9,nonmetro_adjacent,Q2,Constrained Bayesian posterior estimate; not an observed or recovered true suppressed count.
31021,Burt County,31,Nebraska,1.086111111111111,1.0,1.0,2.0,2.7252248484747104,2.5091584282631607,2.5091584282631607,5.018316856526321,0.07222222222222222,suppressed_1_9,suppressed_1_9,nonmetro_adjacent,Q1_lowest,Constrained Bayesian posterior estimate; not an observed or recovered true suppressed count.
31023,Butler County,31,Nebraska,1.1527777777777777,1.0,1.0,2.0,2.3173741637908893,2.010252286661976,2.010252286661976,4.020504573323952,0.14444444444444443,suppressed_1_9,suppressed_1_9,nonmetro_adjacent,Q1_lowest,Constrained Bayesian posterior estimate; not an observed or recovered true suppressed count.
31025,Cass County,31,Nebraska,7.175,7.0,5.0,9.0,4.441156991031029,4.33283608881076,3.0948829205791144,5.570789257042406,1.0,suppressed_1_9,suppressed_1_9,metro_other,Q1_lowest,Constrained Bayesian posterior estimate; not an observed or recovered true suppressed count.
31027,Cedar County,31,Nebraska,1.1388888888888888,1.0,1.0,2.0,2.275911530322913,1.9983613436981673,1.9983613436981673,3.9967226873963346,0.12222222222222222,suppressed_1_9,suppressed_1_9,nonmetro_nonadjacent,Q1_lowest,Constrained Bayesian posterior estimate; not an observed or recovered true suppressed count.
31029,Chase County,31,Nebraska,0.0,0.0,0.0,0.0,0.0,0.0,0.0,0.0,0.0,zero,zero,nonmetro_nonadjacent,Q2,Constrained Bayesian posterior estimate; not an observed or recovered true suppressed count.
31031,Cherry County,31,Nebraska,1.0527777777777778,1.0,1.0,2.0,3.1480706231020212,2.9902517791998084,2.9902517791998084,5.980503558399617,1.0,suppressed_1_9,suppressed_1_9,nonmetro_nonadjacent,Q2,Constrained Bayesian posterior estimate; not an observed or recovered true suppressed count.
31033,Cheyenne County,31,Nebraska,2.422222222222222,2.0,2.0,5.0,4.309697214116828,3.5584655896377484,3.5584655896377484,8.896163974094371,1.0,suppressed_1_9,suppressed_1_9,nonmetro_nonadjacent,Q2,Constrained Bayesian posterior estimate; not an observed or recovered true suppressed count.
31035,Clay County,31,Nebraska,1.1388888888888888,1.0,1.0,2.0,3.097752995753812,2.7199782401740786,2.7199782401740786,5.439956480348157,0.13055555555555556,suppressed_1_9,suppressed_1_9,nonmetro_nonadjacent,Q1_lowest,Constrained Bayesian posterior estimate; not an observed or recovered true suppressed count.
31037,Colfax County,31,Nebraska,1.1888888888888889,1.0,1.0,2.0,1.8684408123352012,1.5715857300015714,1.5715857300015714,3.143171460003143,0.16666666666666666,suppressed_1_9,suppressed_1_9,nonmetro_nonadjacent,Q2,Constrained Bayesian posterior estimate; not an observed or recovered true suppressed count.
31039,Cuming County,31,Nebraska,0.0,0.0,0.0,0.0,0.0,0.0,0.0,0.0,0.0,zero,zero,nonmetro_nonadjacent,Q1_lowest,Constrained Bayesian posterior estimate; not an observed or recovered true suppressed count.
31041,Custer County,31,Nebraska,3.8222222222222224,4.0,3.0,6.0,6.028076114975038,6.3084517482296905,4.731338811172268,9.462677622344536,1.0,suppressed_1_9,suppressed_1_9,nonmetro_nonadjacent,Q1_lowest,Constrained Bayesian posterior estimate; not an observed or recovered true suppressed count.
31043,Dakota County,31,Nebraska,3.1222222222222222,3.0,2.0,5.0,2.498137509579157,2.400345649773567,1.6002304331823782,4.000576082955946,0.3138888888888889,suppressed_1_9,suppressed_1_9,metro_other,Q3,Constrained Bayesian posterior estimate; not an observed or recovered true suppressed count.
31045,Dawes County,31,Nebraska,0.0,0.0,0.0,0.0,0.0,0.0,0.0,0.0,0.0,zero,zero,nonmetro_nonadjacent,Q2,Constrained Bayesian posterior estimate; not an observed or recovered true suppressed count.
31047,Dawson County,31,Nebraska,6.213888888888889,6.0,4.0,9.0,4.329451729225986,4.180427239663894,2.7869514931092625,6.270640859495841,0.8277777777777777,suppressed_1_9,suppressed_1_9,nonmetro_nonadjacent,Q3,Constrained Bayesian posterior estimate; not an observed or recovered true suppressed count.
31049,Deuel County,31,Nebraska,0.0,0.0,0.0,0.0,0.0,0.0,0.0,0.0,0.0,zero,zero,nonmetro_nonadjacent,Q1_lowest,Constrained Bayesian posterior estimate; not an observed or recovered true suppressed count.
31051,Dixon County,31,Nebraska,0.0,0.0,0.0,0.0,0.0,0.0,0.0,0.0,0.0,zero,zero,nonmetro_adjacent,Q2,Constrained Bayesian posterior estimate; not an observed or recovered true suppressed count.
31053,Dodge County,31,Nebraska,5.938888888888889,6.0,4.0,8.0,2.6756813851669627,2.703214121590571,1.8021427477270475,3.604285495454095,0.32222222222222224,suppressed_1_9,suppressed_1_9,nonmetro_adjacent,Q3,Constrained Bayesian posterior estimate; not an observed or recovered true suppressed count.
31055,Douglas County,31,Nebraska,124.0,124.0,124.0,124.0,3.535088029393686,3.535088029393687,3.535088029393687,3.535088029393687,1.0,exact,exact,metro_other,Q3,Constrained Bayesian posterior estimate; not an observed or recovered true suppressed count.
31057,Dundy County,31,Nebraska,4.138888888888889,4.0,4.0,5.0,42.53302732390185,41.10574452779776,41.10574452779776,51.3821806597472,1.0,suppressed_1_9,suppressed_1_9,nonmetro_nonadjacent,Q1_lowest,Constrained Bayesian posterior estimate; not an observed or recovered true suppressed count.
31059,Fillmore County,31,Nebraska,0.0,0.0,0.0,0.0,0.0,0.0,0.0,0.0,0.0,zero,zero,nonmetro_adjacent,Q1_lowest,Constrained Bayesian posterior estimate; not an observed or recovered true suppressed count.
31061,Franklin County,31,Nebraska,1.113888888888889,1.0,1.0,2.0,6.4249229329693085,5.768010613139528,5.768010613139528,11.536021226279056,1.0,suppressed_1_9,suppressed_1_9,nonmetro_nonadjacent,Q1_lowest,Constrained Bayesian posterior estimate; not an observed or recovered true suppressed count.
31063,Frontier County,31,Nebraska,0.0,0.0,0.0,0.0,0.0,0.0,0.0,0.0,0.0,zero,zero,nonmetro_nonadjacent,Q2,Constrained Bayesian posterior estimate; not an observed or recovered true suppressed count.
31065,Furnas County,31,Nebraska,0.0,0.0,0.0,0.0,0.0,0.0,0.0,0.0,0.0,zero,zero,nonmetro_nonadjacent,Q1_lowest,Constrained Bayesian posterior estimate; not an observed or recovered true suppressed count.
31067,Gage County,31,Nebraska,4.333333333333333,4.0,3.0,6.0,3.3471338235597026,3.089661990978187,2.31724649323364,4.63449298646728,0.8222222222222222,suppressed_1_9,suppressed_1_9,nonmetro_adjacent,Q1_lowest,Constrained Bayesian posterior estimate; not an observed or recovered true suppressed count.
31069,Garden County,31,Nebraska,1.1111111111111112,1.0,1.0,2.0,10.132328206375263,9.119095385737735,9.119095385737735,18.23819077147547,1.0,suppressed_1_9,suppressed_1_9,nonmetro_nonadjacent,Q2,Constrained Bayesian posterior estimate; not an observed or recovered true suppressed count.
31071,Garfield County,31,Nebraska,0.0,0.0,0.0,0.0,0.0,0.0,0.0,0.0,0.0,zero,zero,nonmetro_nonadjacent,Q1_lowest,Constrained Bayesian posterior estimate; not an observed or recovered true suppressed count.
31073,Gosper County,31,Nebraska,0.0,0.0,0.0,0.0,0.0,0.0,0.0,0.0,0.0,zero,zero,nonmetro_nonadjacent,Q1_lowest,Constrained Bayesian posterior estimate; not an observed or recovered true suppressed count.
31075,Grant County,31,Nebraska,0.0,0.0,0.0,0.0,0.0,0.0,0.0,0.0,0.0,zero,zero,nonmetro_nonadjacent,Q1_lowest,Constrained Bayesian posterior estimate; not an observed or recovered true suppressed count.
31077,Greeley County,31,Nebraska,0.0,0.0,0.0,0.0,0.0,0.0,0.0,0.0,0.0,zero,zero,nonmetro_adjacent,Q1_lowest,Constrained Bayesian posterior estimate; not an observed or recovered true suppressed count.
31079,Hall County,31,Nebraska,19.0,19.0,19.0,19.0,5.114084457759008,5.1140844577590086,5.1140844577590086,5.1140844577590086,1.0,exact,exact,metro_other,Q3,Constrained Bayesian posterior estimate; not an observed or recovered true suppressed count.
31081,Hamilton County,31,Nebraska,2.363888888888889,2.0,2.0,4.0,4.185578003238289,3.541264585583512,3.541264585583512,7.082529171167024,1.0,suppressed_1_9,suppressed_1_9,nonmetro_adjacent,Q1_lowest,Constrained Bayesian posterior estimate; not an observed or recovered true suppressed count.
31083,Harlan County,31,Nebraska,0.0,0.0,0.0,0.0,0.0,0.0,0.0,0.0,0.0,zero,zero,nonmetro_nonadjacent,Q2,Constrained Bayesian posterior estimate; not an observed or recovered true suppressed count.
31085,Hayes County,31,Nebraska,0.0,0.0,0.0,0.0,0.0,0.0,0.0,0.0,0.0,zero,zero,nonmetro_nonadjacent,Q1_lowest,Constrained Bayesian posterior estimate; not an observed or recovered true suppressed count.
31087,Hitchcock County,31,Nebraska,0.0,0.0,0.0,0.0,0.0,0.0,0.0,0.0,0.0,zero,zero,nonmetro_nonadjacent,Q2,Constrained Bayesian posterior estimate; not an observed or recovered true suppressed count.
31089,Holt County,31,Nebraska,1.1833333333333333,1.0,1.0,2.0,1.9614993590593643,1.6576050921628431,1.6576050921628431,3.3152101843256863,0.16666666666666666,suppressed_1_9,suppressed_1_9,nonmetro_nonadjacent,Q1_lowest,Constrained Bayesian posterior estimate; not an observed or recovered true suppressed count.
31091,Hooker County,31,Nebraska,0.0,0.0,0.0,0.0,0.0,0.0,0.0,0.0,0.0,zero,zero,nonmetro_nonadjacent,Q1_lowest,Constrained Bayesian posterior estimate; not an observed or recovered true suppressed count.
31093,Howard County,31,Nebraska,0.0,0.0,0.0,0.0,0.0,0.0,0.0,0.0,0.0,zero,zero,metro_other,Q1_lowest,Constrained Bayesian posterior estimate; not an observed or recovered true suppressed count.
31095,Jefferson County,31,Nebraska,1.1694444444444445,1.0,1.0,2.0,2.740992486685677,2.3438415563107933,2.3438415563107933,4.6876831126215865,0.15555555555555556,suppressed_1_9,suppressed_1_9,nonmetro_nonadjacent,Q2,Constrained Bayesian posterior estimate; not an observed or recovered true suppressed count.
31097,Johnson County,31,Nebraska,1.136111111111111,1.0,1.0,2.0,3.647460867828147,3.2104790034673174,3.2104790034673174,6.420958006934635,1.0,suppressed_1_9,suppressed_1_9,nonmetro_adjacent,Q2,Constrained Bayesian posterior estimate; not an observed or recovered true suppressed count.
31099,Kearney County,31,Nebraska,1.1083333333333334,1.0,1.0,2.0,2.768756765759014,2.498126405196103,2.498126405196103,4.996252810392206,0.10833333333333334,suppressed_1_9,suppressed_1_9,nonmetro_nonadjacent,Q1_lowest,Constrained Bayesian posterior estimate; not an observed or recovered true suppressed count.
31101,Keith County,31,Nebraska,1.011111111111111,1.0,1.0,1.0,2.0708456787594947,2.048089132839061,2.048089132839061,2.048089132839061,0.011111111111111112,suppressed_1_9,suppressed_1_9,nonmetro_nonadjacent,Q2,Constrained Bayesian posterior estimate; not an observed or recovered true suppressed count.
31103,Keya Paha County,31,Nebraska,0.0,0.0,0.0,0.0,0.0,0.0,0.0,0.0,0.0,zero,zero,nonmetro_nonadjacent,Q1_lowest,Constrained Bayesian posterior estimate; not an observed or recovered true suppressed count.
31105,Kimball County,31,Nebraska,1.1722222222222223,1.0,1.0,2.0,5.7326986611024155,4.890453834115806,4.890453834115806,9.780907668231611,1.0,suppressed_1_9,suppressed_1_9,nonmetro_adjacent,Q2,Constrained Bayesian posterior estimate; not an observed or recovered true suppressed count.
31107,Knox County,31,Nebraska,2.536111111111111,2.0,2.0,5.0,5.074556518220604,4.0018408467895235,4.0018408467895235,10.004602116973809,1.0,suppressed_1_9,suppressed_1_9,nonmetro_nonadjacent,Q2,Constrained Bayesian posterior estimate; not an observed or recovered true suppressed count.
31109,Lancaster County,31,Nebraska,61.0,61.0,61.0,61.0,3.130479943630833,3.1304799436308333,3.1304799436308333,3.1304799436308333,1.0,exact,exact,metro_other,Q2,Constrained Bayesian posterior estimate; not an observed or recovered true suppressed count.
31111,Lincoln County,31,Nebraska,4.802777777777778,5.0,3.0,8.0,2.3570411594733973,2.453831166600413,1.4722986999602479,3.9261298665606614,0.3055555555555556,suppressed_1_9,suppressed_1_9,nonmetro_nonadjacent,Q2,Constrained Bayesian posterior estimate; not an observed or recovered true suppressed count.
31113,Logan County,31,Nebraska,0.0,0.0,0.0,0.0,0.0,0.0,0.0,0.0,0.0,zero,zero,nonmetro_nonadjacent,Q1_lowest,Constrained Bayesian posterior estimate; not an observed or recovered true suppressed count.
31115,Loup County,31,Nebraska,0.0,0.0,0.0,0.0,0.0,0.0,0.0,0.0,0.0,zero,zero,nonmetro_nonadjacent,Q1_lowest,Constrained Bayesian posterior estimate; not an observed or recovered true suppressed count.
31117,McPherson County,31,Nebraska,2.0027777777777778,2.0,2.0,2.0,80.8223477715003,80.71025020177562,80.71025020177562,80.71025020177562,1.0,suppressed_1_9,suppressed_1_9,nonmetro_nonadjacent,Q1_lowest,Constrained Bayesian posterior estimate; not an observed or recovered true suppressed count.
31119,Madison County,31,Nebraska,7.716666666666667,8.0,5.0,9.0,3.6429786504141033,3.776738125699287,2.3604613285620544,4.248830391411698,0.8416666666666667,suppressed_1_9,suppressed_1_9,nonmetro_nonadjacent,Q2,Constrained Bayesian posterior estimate; not an observed or recovered true suppressed count.
31121,Merrick County,31,Nebraska,3.45,3.0,3.0,5.0,7.4126595333247405,6.445790898543251,6.445790898543251,10.742984830905419,1.0,suppressed_1_9,suppressed_1_9,metro_other,Q1_lowest,Constrained Bayesian posterior estimate; not an observed or recovered true suppressed count.
31123,Morrill County,31,Nebraska,2.15,2.0,2.0,3.0,7.85904887231787,7.310743137039879,7.310743137039879,10.96611470555982,1.0,suppressed_1_9,suppressed_1_9,nonmetro_nonadjacent,Q2,Constrained Bayesian posterior estimate; not an observed or recovered true suppressed count.
31125,Nance County,31,Nebraska,1.0472222222222223,1.0,1.0,2.0,5.157967897464523,4.925380485642516,4.925380485642516,9.850760971285032,1.0,suppressed_1_9,suppressed_1_9,nonmetro_adjacent,Q1_lowest,Constrained Bayesian posterior estimate; not an observed or recovered true suppressed count.
31127,Nemaha County,31,Nebraska,2.55,2.0,2.0,5.0,6.037360607997728,4.735184790586453,4.735184790586453,11.837961976466131,1.0,suppressed_1_9,suppressed_1_9,nonmetro_nonadjacent,Q2,Constrained Bayesian posterior estimate; not an observed or recovered true suppressed count.
31129,Nuckolls County,31,Nebraska,2.3722222222222222,2.0,2.0,4.0,9.6541682493172,8.139345596614032,8.139345596614032,16.278691193228063,1.0,suppressed_1_9,suppressed_1_9,nonmetro_nonadjacent,Q1_lowest,Constrained Bayesian posterior estimate; not an observed or recovered true suppressed count.
31131,Otoe County,31,Nebraska,4.752777777777778,5.0,3.0,7.0,4.898205499044407,5.152992342653379,3.0917954055920274,7.21418927971473,1.0,suppressed_1_9,suppressed_1_9,nonmetro_adjacent,Q2,Constrained Bayesian posterior estimate; not an observed or recovered true suppressed count.
31133,Pawnee County,31,Nebraska,1.0361111111111112,1.0,1.0,2.0,6.761803244215304,6.52613717940351,6.52613717940351,13.05227435880702,1.0,suppressed_1_9,suppressed_1_9,nonmetro_nonadjacent,Q2,Constrained Bayesian posterior estimate; not an observed or recovered true suppressed count.
31135,Perkins County,31,Nebraska,0.0,0.0,0.0,0.0,0.0,0.0,0.0,0.0,0.0,zero,zero,nonmetro_nonadjacent,Q1_lowest,Constrained Bayesian posterior estimate; not an observed or recovered true suppressed count.
31137,Phelps County,31,Nebraska,1.3888888888888888,1.0,1.0,4.0,2.568971753641774,1.8496596626220776,1.8496596626220776,7.39863865048831,0.28888888888888886,suppressed_1_9,suppressed_1_9,nonmetro_nonadjacent,Q2,Constrained Bayesian posterior estimate; not an observed or recovered true suppressed count.
31139,Pierce County,31,Nebraska,0.0,0.0,0.0,0.0,0.0,0.0,0.0,0.0,0.0,zero,zero,nonmetro_nonadjacent,Q1_lowest,Constrained Bayesian posterior estimate; not an observed or recovered true suppressed count.
31141,Platte County,31,Nebraska,5.013888888888889,5.0,3.0,8.0,2.4400979608081066,2.433338686678444,1.4600032120070665,3.893341898685511,0.1361111111111111,suppressed_1_9,suppressed_1_9,nonmetro_nonadjacent,Q2,Constrained Bayesian posterior estimate; not an observed or recovered true suppressed count.
31143,Polk County,31,Nebraska,0.0,0.0,0.0,0.0,0.0,0.0,0.0,0.0,0.0,zero,zero,nonmetro_adjacent,Q1_lowest,Constrained Bayesian posterior estimate; not an observed or recovered true suppressed count.
31145,Red Willow County,31,Nebraska,2.2222222222222223,2.0,2.0,3.0249999999999773,3.5043638090331988,3.153927428129879,3.153927428129879,4.7703152350464055,1.0,suppressed_1_9,suppressed_1_9,nonmetro_nonadjacent,Q2,Constrained Bayesian posterior estimate; not an observed or recovered true suppressed count.
31147,Richardson County,31,Nebraska,2.1777777777777776,2.0,2.0,3.0,4.685912378220071,4.303388918773535,4.303388918773535,6.455083378160301,1.0,suppressed_1_9,suppressed_1_9,nonmetro_nonadjacent,Q2,Constrained Bayesian posterior estimate; not an observed or recovered true suppressed count.
31149,Rock County,31,Nebraska,0.0,0.0,0.0,0.0,0.0,0.0,0.0,0.0,0.0,zero,zero,nonmetro_nonadjacent,Q1_lowest,Constrained Bayesian posterior estimate; not an observed or recovered true suppressed count.
31151,Saline County,31,Nebraska,1.0166666666666666,1.0,1.0,1.0,1.1847328718701688,1.1653110215116416,1.1653110215116416,1.1653110215116416,0.0,suppressed_1_9,suppressed_1_9,nonmetro_adjacent,Q2,Constrained Bayesian posterior estimate; not an observed or recovered true suppressed count.
31153,Sarpy County,31,Nebraska,50.0,50.0,50.0,50.0,4.270814025694926,4.270814025694926,4.270814025694926,4.270814025694926,1.0,exact,exact,metro_other,Q1_lowest,Constrained Bayesian posterior estimate; not an observed or recovered true suppressed count.
31155,Saunders County,31,Nebraska,6.677777777777778,7.0,5.0,9.0,4.900078352334386,5.136521400949523,3.668943857821088,6.604098944077958,1.0,suppressed_1_9,suppressed_1_9,metro_other,Q1_lowest,Constrained Bayesian posterior estimate; not an observed or recovered true suppressed count.
31157,Scotts Bluff County,31,Nebraska,6.538888888888889,6.0,4.0,9.0,3.0598736950691583,2.807700586809423,1.871800391206282,4.211550880214134,0.4666666666666667,suppressed_1_9,suppressed_1_9,nonmetro_nonadjacent,Q3,Constrained Bayesian posterior estimate; not an observed or recovered true suppressed count.
31159,Seward County,31,Nebraska,2.2,2.0,2.0,3.0,2.0911553633382445,1.901050330307495,1.901050330307495,2.8515754954612422,0.011111111111111112,suppressed_1_9,suppressed_1_9,metro_other,Q1_lowest,Constrained Bayesian posterior estimate; not an observed or recovered true suppressed count.
31161,Sheridan County,31,Nebraska,2.3694444444444445,2.0,2.0,4.0,7.809124133031587,6.5915233010348695,6.5915233010348695,13.183046602069739,1.0,suppressed_1_9,suppressed_1_9,nonmetro_nonadjacent,Q2,Constrained Bayesian posterior estimate; not an observed or recovered true suppressed count.
31163,Sherman County,31,Nebraska,0.0,0.0,0.0,0.0,0.0,0.0,0.0,0.0,0.0,zero,zero,nonmetro_adjacent,Q2,Constrained Bayesian posterior estimate; not an observed or recovered true suppressed count.
31165,Sioux County,31,Nebraska,1.011111111111111,1.0,1.0,1.0,14.677182626086674,14.515894904920888,14.515894904920888,14.515894904920888,1.0,suppressed_1_9,suppressed_1_9,nonmetro_nonadjacent,Q2,Constrained Bayesian posterior estimate; not an observed or recovered true suppressed count.
31167,Stanton County,31,Nebraska,0.0,0.0,0.0,0.0,0.0,0.0,0.0,0.0,0.0,zero,zero,nonmetro_nonadjacent,Q1_lowest,Constrained Bayesian posterior estimate; not an observed or recovered true suppressed count.
31169,Thayer County,31,Nebraska,6.533333333333333,6.0,6.0,8.0,22.232052721725026,20.417191275053593,20.417191275053593,27.222921700071463,1.0,suppressed_1_9,suppressed_1_9,nonmetro_nonadjacent,Q1_lowest,Constrained Bayesian posterior estimate; not an observed or recovered true suppressed count.
31171,Thomas County,31,Nebraska,1.0305555555555554,1.0,1.0,2.0,25.037792894935755,24.295432458697764,24.295432458697764,48.59086491739553,1.0,suppressed_1_9,suppressed_1_9,nonmetro_nonadjacent,Q1_lowest,Constrained Bayesian posterior estimate; not an observed or recovered true suppressed count.
31173,Thurston County,31,Nebraska,2.3361111111111112,2.0,2.0,4.0,5.730678550499476,4.906169508156507,4.906169508156507,9.812339016313015,1.0,suppressed_1_9,suppressed_1_9,nonmetro_adjacent,Q4_highest,Constrained Bayesian posterior estimate; not an observed or recovered true suppressed count.
31175,Valley County,31,Nebraska,1.1888888888888889,1.0,1.0,2.0,4.863724794996272,4.090983472426771,4.090983472426771,8.181966944853542,1.0,suppressed_1_9,suppressed_1_9,nonmetro_nonadjacent,Q1_lowest,Constrained Bayesian posterior estimate; not an observed or recovered true suppressed count.
31177,Washington County,31,Nebraska,4.602777777777778,4.0,3.0,8.024999999999977,3.6480184016879953,3.1702754969406843,2.377706622705513,6.36036521573723,0.8027777777777778,suppressed_1_9,suppressed_1_9,metro_other,Q1_lowest,Constrained Bayesian posterior estimate; not an observed or recovered true suppressed count.
31179,Wayne County,31,Nebraska,0.0,0.0,0.0,0.0,0.0,0.0,0.0,0.0,0.0,zero,zero,nonmetro_nonadjacent,Q1_lowest,Constrained Bayesian posterior estimate; not an observed or recovered true suppressed count.
31181,Webster County,31,Nebraska,3.3916666666666666,3.0,3.0,5.0,16.683062797179865,14.756517461878996,14.756517461878996,24.594195769798326,1.0,suppressed_1_9,suppressed_1_9,nonmetro_nonadjacent,Q1_lowest,Constrained Bayesian posterior estimate; not an observed or recovered true suppressed count.
31183,Wheeler County,31,Nebraska,0.0,0.0,0.0,0.0,0.0,0.0,0.0,0.0,0.0,zero,zero,nonmetro_nonadjacent,Q1_lowest,Constrained Bayesian posterior estimate; not an observed or recovered true suppressed count.
31185,York County,31,Nebraska,2.775,3.0,2.0,4.024999999999977,3.283285415113761,3.5494977460689308,2.3663318307126207,4.7622428093091225,0.5916666666666667,suppressed_1_9,suppressed_1_9,nonmetro_adjacent,Q1_lowest,Constrained Bayesian posterior estimate; not an observed or recovered true suppressed count.
32001,Churchill County,32,Nevada,3.1638888888888888,3.0,3.0,4.0,2.058831610349759,1.9521844944492888,1.9521844944492888,2.6029126592657184,0.0,suppressed_1_9,suppressed_1_9,nonmetro_adjacent,Q3,Constrained Bayesian posterior estimate; not an observed or recovered true suppressed count.
32003,Clark County,32,Nevada,234.0,234.0,234.0,234.0,1.6793957447987358,1.6793957447987355,1.6793957447987355,1.6793957447987355,0.0,exact,exact,metro_large,Q4_highest,Constrained Bayesian posterior estimate; not an observed or recovered true suppressed count.
32005,Douglas County,32,Nevada,3.1944444444444446,3.0,2.0,4.0,1.0770210534202442,1.0114632501685772,0.6743088334457181,1.3486176668914363,0.0,suppressed_1_9,suppressed_1_9,nonmetro_adjacent,Q1_lowest,Constrained Bayesian posterior estimate; not an observed or recovered true suppressed count.
32007,Elko County,32,Nevada,10.0,10.0,10.0,10.0,3.101727351962308,3.101727351962308,3.101727351962308,3.101727351962308,1.0,exact,exact,nonmetro_nonadjacent,Q3,Constrained Bayesian posterior estimate; not an observed or recovered true suppressed count.
32009,Esmeralda County,32,Nevada,0.0,0.0,0.0,0.0,0.0,0.0,0.0,0.0,0.0,zero,zero,nonmetro_nonadjacent,Q4_highest,Constrained Bayesian posterior estimate; not an observed or recovered true suppressed count.
32011,Eureka County,32,Nevada,1.025,1.0,1.0,1.0249999999999773,8.795263428865624,8.58074480864939,8.58074480864939,8.79526342886543,1.0,suppressed_1_9,suppressed_1_9,nonmetro_nonadjacent,Q2,Constrained Bayesian posterior estimate; not an observed or recovered true suppressed count.
32013,Humboldt County,32,Nevada,1.0611111111111111,1.0,1.0,2.0,1.0305551508873025,0.9712038071189238,0.9712038071189238,1.9424076142378477,0.0,suppressed_1_9,suppressed_1_9,nonmetro_nonadjacent,Q3,Constrained Bayesian posterior estimate; not an observed or recovered true suppressed count.
32015,Lander County,32,Nevada,1.038888888888889,1.0,1.0,2.0,3.040887744084091,2.9270577215782696,2.9270577215782696,5.854115443156539,0.03888888888888889,suppressed_1_9,suppressed_1_9,nonmetro_nonadjacent,Q3,Constrained Bayesian posterior estimate; not an observed or recovered true suppressed count.
32017,Lincoln County,32,Nevada,0.0,0.0,0.0,0.0,0.0,0.0,0.0,0.0,0.0,zero,zero,nonmetro_adjacent,Q3,Constrained Bayesian posterior estimate; not an observed or recovered true suppressed count.
32019,Lyon County,32,Nevada,12.0,12.0,12.0,12.0,3.2911156333477782,3.291115633347778,3.291115633347778,3.291115633347778,1.0,exact,exact,metro_other,Q3,Constrained Bayesian posterior estimate; not an observed or recovered true suppressed count.
32021,Mineral County,32,Nevada,2.191666666666667,2.0,2.0,4.0,8.076304184938154,7.370011423517707,7.370011423517707,14.740022847035414,1.0,suppressed_1_9,suppressed_1_9,nonmetro_adjacent,Q3,Constrained Bayesian posterior estimate; not an observed or recovered true suppressed count.
32023,Nye County,32,Nevada,3.2805555555555554,3.0,3.0,4.0,1.043184849528756,0.9539709038874313,0.9539709038874313,1.271961205183242,0.0,suppressed_1_9,suppressed_1_9,nonmetro_adjacent,Q4_highest,Constrained Bayesian posterior estimate; not an observed or recovered true suppressed count.
32027,Pershing County,32,Nevada,0.0,0.0,0.0,0.0,0.0,0.0,0.0,0.0,0.0,zero,zero,nonmetro_adjacent,Q3,Constrained Bayesian posterior estimate; not an observed or recovered true suppressed count.
32029,Storey County,32,Nevada,0.0,0.0,0.0,0.0,0.0,0.0,0.0,0.0,0.0,zero,zero,metro_other,Q1_lowest,Constrained Bayesian posterior estimate; not an observed or recovered true suppressed count.
32031,Washoe County,32,Nevada,94.0,94.0,94.0,94.0,3.1928914009320515,3.1928914009320524,3.1928914009320524,3.1928914009320524,1.0,exact,exact,metro_other,Q3,Constrained Bayesian posterior estimate; not an observed or recovered true suppressed count.
32033,White Pine County,32,Nevada,1.0444444444444445,1.0,1.0,2.0,1.9315809373510224,1.849386003846723,1.849386003846723,3.698772007693446,0.044444444444444446,suppressed_1_9,suppressed_1_9,nonmetro_nonadjacent,Q1_lowest,Constrained Bayesian posterior estimate; not an observed or recovered true suppressed count.
32510,Carson City,32,Nevada,14.0,14.0,14.0,14.0,4.054950370303859,4.05495037030386,4.05495037030386,4.05495037030386,1.0,exact,exact,metro_other,Q4_highest,Constrained Bayesian posterior estimate; not an observed or recovered true suppressed count.
33001,Belknap County,33,New Hampshire,13.0,13.0,13.0,13.0,3.399768292714818,3.3997682927148194,3.3997682927148194,3.3997682927148194,1.0,exact,exact,nonmetro_adjacent,Q1_lowest,Constrained Bayesian posterior estimate; not an observed or recovered true suppressed count.
33003,Carroll County,33,New Hampshire,7.525,8.0,5.0,9.0,2.452705962112619,2.6075279331429835,1.6297049582143648,2.9334689247858567,0.2722222222222222,suppressed_1_9,suppressed_1_9,nonmetro_adjacent,Q1_lowest,Constrained Bayesian posterior estimate; not an observed or recovered true suppressed count.
33005,Cheshire County,33,New Hampshire,10.0,10.0,10.0,10.0,2.160886655012284,2.1608866550122845,2.1608866550122845,2.1608866550122845,0.0,exact,exact,nonmetro_adjacent,Q1_lowest,Constrained Bayesian posterior estimate; not an observed or recovered true suppressed count.
33007,Coos County,33,New Hampshire,7.713888888888889,8.0,6.0,9.0,4.103219690253456,4.2554096895678635,3.1915572671758974,4.787335900763845,0.9805555555555555,suppressed_1_9,suppressed_1_9,nonmetro_nonadjacent,Q2,Constrained Bayesian posterior estimate; not an observed or recovered true suppressed count.
33009,Grafton County,33,New Hampshire,25.0,25.0,25.0,25.0,4.544669557076504,4.544669557076505,4.544669557076505,4.544669557076505,1.0,exact,exact,nonmetro_nonadjacent,Q2,Constrained Bayesian posterior estimate; not an observed or recovered true suppressed count.
33011,Hillsborough County,33,New Hampshire,61.0,61.0,61.0,61.0,2.3975640748999014,2.397564074899902,2.397564074899902,2.397564074899902,0.0,exact,exact,metro_other,Q1_lowest,Constrained Bayesian posterior estimate; not an observed or recovered true suppressed count.
33013,Merrimack County,33,New Hampshire,29.0,29.0,29.0,29.0,3.1174650064553022,3.1174650064553027,3.1174650064553027,3.1174650064553027,1.0,exact,exact,nonmetro_adjacent,Q1_lowest,Constrained Bayesian posterior estimate; not an observed or recovered true suppressed count.
33015,Rockingham County,33,New Hampshire,35.0,35.0,35.0,35.0,1.841553766266839,1.841553766266839,1.841553766266839,1.841553766266839,0.0,exact,exact,metro_large,Q1_lowest,Constrained Bayesian posterior estimate; not an observed or recovered true suppressed count.
33017,Strafford County,33,New Hampshire,8.380555555555556,9.0,6.0,9.0,1.0550842822447328,1.1330702931630539,0.7553801954420359,1.1330702931630539,0.0,suppressed_1_9,suppressed_1_9,metro_large,Q1_lowest,Constrained Bayesian posterior estimate; not an observed or recovered true suppressed count.
33019,Sullivan County,33,New Hampshire,7.3805555555555555,8.0,5.0,9.0,2.818242952271247,3.0547759512763233,1.9092349695477022,3.436622945185864,0.5111111111111111,suppressed_1_9,suppressed_1_9,nonmetro_nonadjacent,Q1_lowest,Constrained Bayesian posterior estimate; not an observed or recovered true suppressed count.
34001,Atlantic County,34,New Jersey,37.0,37.0,37.0,37.0,2.2677877301651317,2.2677877301651317,2.2677877301651317,2.2677877301651317,0.0,exact,exact,metro_other,Q4_highest,Constrained Bayesian posterior estimate; not an observed or recovered true suppressed count.
34003,Bergen County,34,New Jersey,96.0,96.0,96.0,96.0,1.6825017539204483,1.6825017539204483,1.6825017539204483,1.6825017539204483,0.0,exact,exact,metro_large,Q2,Constrained Bayesian posterior estimate; not an observed or recovered true suppressed count.
34005,Burlington County,34,New Jersey,63.0,63.0,63.0,63.0,2.27683493922477,2.27683493922477,2.27683493922477,2.27683493922477,0.0,exact,exact,metro_large,Q1_lowest,Constrained Bayesian posterior estimate; not an observed or recovered true suppressed count.
34007,Camden County,34,New Jersey,88.0,88.0,88.0,88.0,2.8176752770127007,2.8176752770127007,2.8176752770127007,2.8176752770127007,0.0,exact,exact,metro_large,Q4_highest,Constrained Bayesian posterior estimate; not an observed or recovered true suppressed count.
34009,Cape May County,34,New Jersey,25.0,25.0,25.0,25.0,4.4376203704525485,4.4376203704525485,4.4376203704525485,4.4376203704525485,1.0,exact,exact,metro_other,Q2,Constrained Bayesian posterior estimate; not an observed or recovered true suppressed count.
34011,Cumberland County,34,New Jersey,31.0,31.0,31.0,31.0,3.408383744428392,3.408383744428392,3.408383744428392,3.408383744428392,1.0,exact,exact,metro_other,Q4_highest,Constrained Bayesian posterior estimate; not an observed or recovered true suppressed count.
34013,Essex County,34,New Jersey,115.0,115.0,115.0,115.0,2.2833253317671702,2.2833253317671707,2.2833253317671707,2.2833253317671707,0.0,exact,exact,metro_large,Q4_highest,Constrained Bayesian posterior estimate; not an observed or recovered true suppressed count.
34015,Gloucester County,34,New Jersey,41.0,41.0,41.0,41.0,2.2575041364633717,2.257504136463372,2.257504136463372,2.257504136463372,0.0,exact,exact,metro_large,Q1_lowest,Constrained Bayesian posterior estimate; not an observed or recovered true suppressed count.
34017,Hudson County,34,New Jersey,70.0,70.0,70.0,70.0,1.6700293901315104,1.6700293901315102,1.6700293901315102,1.6700293901315102,0.0,exact,exact,metro_large,Q4_highest,Constrained Bayesian posterior estimate; not an observed or recovered true suppressed count.
34019,Hunterdon County,34,New Jersey,9.0,9.0,9.0,9.0,1.1676786548341893,1.1676786548341895,1.1676786548341895,1.1676786548341895,0.0,suppressed_1_9,suppressed_1_9,metro_large,Q1_lowest,Constrained Bayesian posterior estimate; not an observed or recovered true suppressed count.
34021,Mercer County,34,New Jersey,54.0,54.0,54.0,54.0,2.3735596009606756,2.373559600960676,2.373559600960676,2.373559600960676,0.0,exact,exact,metro_other,Q3,Constrained Bayesian posterior estimate; not an observed or recovered true suppressed count.
34023,Middlesex County,34,New Jersey,77.0,77.0,77.0,77.0,1.502801162816796,1.5028011628167959,1.5028011628167959,1.5028011628167959,0.0,exact,exact,metro_large,Q3,Constrained Bayesian posterior estimate; not an observed or recovered true suppressed count.
34025,Monmouth County,34,New Jersey,67.0,67.0,67.0,67.0,1.755329586708959,1.7553295867089587,1.7553295867089587,1.7553295867089587,0.0,exact,exact,metro_large,Q1_lowest,Constrained Bayesian posterior estimate; not an observed or recovered true suppressed count.
34027,Morris County,34,New Jersey,49.0,49.0,49.0,49.0,1.6104964930617185,1.6104964930617183,1.6104964930617183,1.6104964930617183,0.0,exact,exact,metro_large,Q1_lowest,Constrained Bayesian posterior estimate; not an observed or recovered true suppressed count.
34029,Ocean County,34,New Jersey,69.0,69.0,69.0,69.0,1.7913763144223709,1.7913763144223707,1.7913763144223707,1.7913763144223707,0.0,exact,exact,metro_large,Q2,Constrained Bayesian posterior estimate; not an observed or recovered true suppressed count.
34031,Passaic County,34,New Jersey,82.0,82.0,82.0,82.0,2.667314628952138,2.667314628952139,2.667314628952139,2.667314628952139,0.0,exact,exact,metro_large,Q4_highest,Constrained Bayesian posterior estimate; not an observed or recovered true suppressed count.
34033,Salem County,34,New Jersey,10.0,10.0,10.0,10.0,2.5892582034173026,2.589258203417303,2.589258203417303,2.589258203417303,0.0,exact,exact,metro_large,Q3,Constrained Bayesian posterior estimate; not an observed or recovered true suppressed count.
34035,Somerset County,34,New Jersey,29.0,29.0,29.0,29.0,1.4097543332931473,1.4097543332931473,1.4097543332931473,1.4097543332931473,0.0,exact,exact,metro_large,Q1_lowest,Constrained Bayesian posterior estimate; not an observed or recovered true suppressed count.
34037,Sussex County,34,New Jersey,21.0,21.0,21.0,21.0,2.425802218569401,2.4258022185694004,2.4258022185694004,2.4258022185694004,0.0,exact,exact,metro_large,Q1_lowest,Constrained Bayesian posterior estimate; not an observed or recovered true suppressed count.
34039,Union County,34,New Jersey,49.0,49.0,49.0,49.0,1.4325181622838434,1.4325181622838432,1.4325181622838432,1.4325181622838432,0.0,exact,exact,metro_large,Q4_highest,Constrained Bayesian posterior estimate; not an observed or recovered true suppressed count.
34041,Warren County,34,New Jersey,13.0,13.0,13.0,13.0,1.982217979936905,1.9822179799369046,1.9822179799369046,1.9822179799369046,0.0,exact,exact,metro_other,Q1_lowest,Constrained Bayesian posterior estimate; not an observed or recovered true suppressed count.
35001,Bernalillo County,35,New Mexico,187.0,187.0,187.0,187.0,4.616120232405607,4.616120232405608,4.616120232405608,4.616120232405608,1.0,exact,exact,metro_other,Q4_highest,Constrained Bayesian posterior estimate; not an observed or recovered true suppressed count.
35003,Catron County,35,New Mexico,1.5194444444444444,1.0,1.0,4.0,6.805107687407939,4.478681476173414,4.478681476173414,17.914725904693658,1.0,suppressed_1_9,suppressed_1_9,nonmetro_nonadjacent,Q2,Constrained Bayesian posterior estimate; not an observed or recovered true suppressed count.
35005,Chaves County,35,New Mexico,18.0,18.0,18.0,18.0,4.674025660400875,4.674025660400876,4.674025660400876,4.674025660400876,1.0,exact,exact,nonmetro_nonadjacent,Q4_highest,Constrained Bayesian posterior estimate; not an observed or recovered true suppressed count.
35006,Cibola County,35,New Mexico,11.0,11.0,11.0,11.0,6.848078491430566,6.848078491430564,6.848078491430564,6.848078491430564,1.0,exact,exact,nonmetro_adjacent,Q4_highest,Constrained Bayesian posterior estimate; not an observed or recovered true suppressed count.
35007,Colfax County,35,New Mexico,2.361111111111111,2.0,2.0,4.0,3.232406203177646,2.738038195632829,2.738038195632829,5.476076391265658,0.28055555555555556,suppressed_1_9,suppressed_1_9,nonmetro_nonadjacent,Q4_highest,Constrained Bayesian posterior estimate; not an observed or recovered true suppressed count.
35009,Curry County,35,New Mexico,13.0,13.0,13.0,13.0,4.519286926050561,4.519286926050561,4.519286926050561,4.519286926050561,1.0,exact,exact,nonmetro_nonadjacent,Q4_highest,Constrained Bayesian posterior estimate; not an observed or recovered true suppressed count.
35011,De Baca County,35,New Mexico,1.038888888888889,1.0,1.0,2.0,10.277887701710416,9.893153937475267,9.893153937475267,19.786307874950534,1.0,suppressed_1_9,suppressed_1_9,nonmetro_nonadjacent,Q3,Constrained Bayesian posterior estimate; not an observed or recovered true suppressed count.
35013,Doña Ana County,35,New Mexico,24.0,24.0,24.0,24.0,1.7925456987119062,1.7925456987119064,1.7925456987119064,1.7925456987119064,0.0,exact,exact,metro_other,Q4_highest,Constrained Bayesian posterior estimate; not an observed or recovered true suppressed count.
35015,Eddy County,35,New Mexico,20.0,20.0,20.0,20.0,5.557099194220618,5.5570991942206165,5.5570991942206165,5.5570991942206165,1.0,exact,exact,nonmetro_nonadjacent,Q3,Constrained Bayesian posterior estimate; not an observed or recovered true suppressed count.
35017,Grant County,35,New Mexico,10.0,10.0,10.0,10.0,6.075592522160725,6.075592522160724,6.075592522160724,6.075592522160724,1.0,exact,exact,nonmetro_nonadjacent,Q3,Constrained Bayesian posterior estimate; not an observed or recovered true suppressed count.
35019,Guadalupe County,35,New Mexico,2.0527777777777776,2.0,2.0,3.0,7.891960239044166,7.6890546307331515,7.6890546307331515,11.533581946099728,1.0,suppressed_1_9,suppressed_1_9,nonmetro_nonadjacent,Q4_highest,Constrained Bayesian posterior estimate; not an observed or recovered true suppressed count.
35021,Harding County,35,New Mexico,0.0,0.0,0.0,0.0,0.0,0.0,0.0,0.0,0.0,zero,zero,nonmetro_nonadjacent,Q3,Constrained Bayesian posterior estimate; not an observed or recovered true suppressed count.
35023,Hidalgo County,35,New Mexico,1.0444444444444445,1.0,1.0,2.0,4.296003802420387,4.113195129976966,4.113195129976966,8.226390259953932,1.0,suppressed_1_9,suppressed_1_9,nonmetro_nonadjacent,Q4_highest,Constrained Bayesian posterior estimate; not an observed or recovered true suppressed count.
35025,Lea County,35,New Mexico,12.0,12.0,12.0,12.0,2.7547703439789903,2.7547703439789903,2.7547703439789903,2.7547703439789903,0.0,exact,exact,nonmetro_nonadjacent,Q4_highest,Constrained Bayesian posterior estimate; not an observed or recovered true suppressed count.
35027,Lincoln County,35,New Mexico,3.4833333333333334,3.0,2.0,7.0,2.8928456742960282,2.491446035278876,1.6609640235192504,5.8133740823173765,0.39166666666666666,suppressed_1_9,suppressed_1_9,nonmetro_nonadjacent,Q4_highest,Constrained Bayesian posterior estimate; not an observed or recovered true suppressed count.
35028,Los Alamos County,35,New Mexico,3.716666666666667,3.0,3.0,6.0,3.1911757550779765,2.575836932349936,2.575836932349936,5.151673864699872,0.48055555555555557,suppressed_1_9,suppressed_1_9,nonmetro_adjacent,Q1_lowest,Constrained Bayesian posterior estimate; not an observed or recovered true suppressed count.
35029,Luna County,35,New Mexico,1.163888888888889,1.0,1.0,2.0,0.7754658162083091,0.6662713456682369,0.6662713456682369,1.3325426913364737,0.0,suppressed_1_9,suppressed_1_9,nonmetro_adjacent,Q4_highest,Constrained Bayesian posterior estimate; not an observed or recovered true suppressed count.
35031,McKinley County,35,New Mexico,17.0,17.0,17.0,17.0,4.032803296460858,4.032803296460859,4.032803296460859,4.032803296460859,1.0,exact,exact,nonmetro_nonadjacent,Q4_highest,Constrained Bayesian posterior estimate; not an observed or recovered true suppressed count.
35033,Mora County,35,New Mexico,2.2222222222222223,2.0,2.0,4.0,8.686323817465592,7.817691435719032,7.817691435719032,15.635382871438065,1.0,suppressed_1_9,suppressed_1_9,nonmetro_adjacent,Q3,Constrained Bayesian posterior estimate; not an observed or recovered true suppressed count.
35035,Otero County,35,New Mexico,23.0,23.0,23.0,23.0,5.591168870316485,5.591168870316484,5.591168870316484,5.591168870316484,1.0,exact,exact,nonmetro_adjacent,Q4_highest,Constrained Bayesian posterior estimate; not an observed or recovered true suppressed count.
35037,Quay County,35,New Mexico,4.052777777777778,3.0,2.0,9.0,8.014986211367109,5.932957579353308,3.9553050529022054,17.798872738059924,1.0,suppressed_1_9,suppressed_1_9,nonmetro_nonadjacent,Q4_highest,Constrained Bayesian posterior estimate; not an observed or recovered true suppressed count.
35039,Rio Arriba County,35,New Mexico,11.0,11.0,11.0,11.0,4.631578947368423,4.631578947368421,4.631578947368421,4.631578947368421,1.0,exact,exact,nonmetro_adjacent,Q4_highest,Constrained Bayesian posterior estimate; not an observed or recovered true suppressed count.
35041,Roosevelt County,35,New Mexico,2.688888888888889,2.0,2.0,5.0,2.394316170439694,1.780896325120433,1.780896325120433,4.452240812801083,0.16666666666666666,suppressed_1_9,suppressed_1_9,nonmetro_nonadjacent,Q4_highest,Constrained Bayesian posterior estimate; not an observed or recovered true suppressed count.
35043,Sandoval County,35,New Mexico,30.0,30.0,30.0,30.0,3.281503803809826,3.281503803809826,3.281503803809826,3.281503803809826,1.0,exact,exact,metro_other,Q2,Constrained Bayesian posterior estimate; not an observed or recovered true suppressed count.
35045,San Juan County,35,New Mexico,41.0,41.0,41.0,41.0,5.615107652570009,5.615107652570008,5.615107652570008,5.615107652570008,1.0,exact,exact,metro_other,Q4_highest,Constrained Bayesian posterior estimate; not an observed or recovered true suppressed count.
35047,San Miguel County,35,New Mexico,11.0,11.0,11.0,11.0,6.806088355401557,6.806088355401559,6.806088355401559,6.806088355401559,1.0,exact,exact,nonmetro_adjacent,Q4_highest,Constrained Bayesian posterior estimate; not an observed or recovered true suppressed count.
35049,Santa Fe County,35,New Mexico,26.0,26.0,26.0,26.0,2.805079351379344,2.805079351379344,2.805079351379344,2.805079351379344,0.0,exact,exact,metro_other,Q4_highest,Constrained Bayesian posterior estimate; not an observed or recovered true suppressed count.
35051,Sierra County,35,New Mexico,4.161111111111111,4.0,3.0,6.0,6.1670758838514805,5.928297244823855,4.446222933617891,8.892445867235782,1.0,suppressed_1_9,suppressed_1_9,nonmetro_adjacent,Q4_highest,Constrained Bayesian posterior estimate; not an observed or recovered true suppressed count.
35053,Socorro County,35,New Mexico,5.833333333333333,6.0,4.0,9.0,5.980820363497172,6.1517009453113785,4.101133963540919,9.227551417967067,1.0,suppressed_1_9,suppressed_1_9,nonmetro_adjacent,Q4_highest,Constrained Bayesian posterior estimate; not an observed or recovered true suppressed count.
35055,Taos County,35,New Mexico,5.475,6.0,3.0,9.0,2.6916610129494707,2.9497654936432554,1.4748827468216277,4.424648240464883,0.5194444444444445,suppressed_1_9,suppressed_1_9,nonmetro_nonadjacent,Q3,Constrained Bayesian posterior estimate; not an observed or recovered true suppressed count.
35057,Torrance County,35,New Mexico,3.6083333333333334,3.0,3.0,6.0,3.8663337869355416,3.2145038413320903,3.2145038413320903,6.429007682664181,1.0,suppressed_1_9,suppressed_1_9,metro_other,Q4_highest,Constrained Bayesian posterior estimate; not an observed or recovered true suppressed count.
35059,Union County,35,New Mexico,2.577777777777778,2.0,2.0,6.0,10.713065321992262,8.311861025683651,8.311861025683651,24.93558307705095,1.0,suppressed_1_9,suppressed_1_9,nonmetro_nonadjacent,Q4_highest,Constrained Bayesian posterior estimate; not an observed or recovered true suppressed count.
35061,Valencia County,35,New Mexico,18.0,18.0,18.0,18.0,3.833980139982874,3.8339801399828746,3.8339801399828746,3.8339801399828746,1.0,exact,exact,metro_other,Q4_highest,Constrained Bayesian posterior estimate; not an observed or recovered true suppressed count.
36001,Albany County,36,New York,51.0,51.0,51.0,51.0,2.719511213184617,2.719511213184617,2.719511213184617,2.719511213184617,0.0,exact,exact,metro_other,Q2,Constrained Bayesian posterior estimate; not an observed or recovered true suppressed count.
36003,Allegany County,36,New York,5.155555555555556,5.0,3.0,9.0,1.8516656211140963,1.7957963997873776,1.0774778398724267,3.2324335196172798,0.03611111111111111,suppressed_1_9,suppressed_1_9,nonmetro_nonadjacent,Q2,Constrained Bayesian posterior estimate; not an observed or recovered true suppressed count.
36005,Bronx County,36,New York,203.0,203.0,203.0,203.0,2.4266497303251002,2.4266497303251007,2.4266497303251007,2.4266497303251007,0.0,exact,exact,metro_large,Q4_highest,Constrained Bayesian posterior estimate; not an observed or recovered true suppressed count.
36007,Broome County,36,New York,47.0,47.0,47.0,47.0,4.028321672627726,4.028321672627726,4.028321672627726,4.028321672627726,1.0,exact,exact,metro_other,Q3,Constrained Bayesian posterior estimate; not an observed or recovered true suppressed count.
36009,Cattaraugus County,36,New York,19.0,19.0,19.0,19.0,4.167397789085804,4.167397789085804,4.167397789085804,4.167397789085804,1.0,exact,exact,nonmetro_adjacent,Q3,Constrained Bayesian posterior estimate; not an observed or recovered true suppressed count.
36011,Cayuga County,36,New York,13.0,13.0,13.0,13.0,2.8727059785430957,2.872705978543096,2.872705978543096,2.872705978543096,0.0,exact,exact,nonmetro_adjacent,Q3,Constrained Bayesian posterior estimate; not an observed or recovered true suppressed count.
36013,Chautauqua County,36,New York,46.0,46.0,46.0,46.0,6.094612230296847,6.094612230296848,6.094612230296848,6.094612230296848,1.0,exact,exact,nonmetro_adjacent,Q3,Constrained Bayesian posterior estimate; not an observed or recovered true suppressed count.
36015,Chemung County,36,New York,23.0,23.0,23.0,23.0,4.665418498181501,4.665418498181501,4.665418498181501,4.665418498181501,1.0,exact,exact,metro_other,Q3,Constrained Bayesian posterior estimate; not an observed or recovered true suppressed count.
36017,Chenango County,36,New York,4.586111111111111,4.0,3.0,7.0,1.6459620393898358,1.435605897469027,1.0767044231017702,2.512310320570797,0.008333333333333333,suppressed_1_9,suppressed_1_9,nonmetro_adjacent,Q2,Constrained Bayesian posterior estimate; not an observed or recovered true suppressed count.
36019,Clinton County,36,New York,13.0,13.0,13.0,13.0,2.739160299874841,2.7391602998748414,2.7391602998748414,2.7391602998748414,0.0,exact,exact,nonmetro_adjacent,Q2,Constrained Bayesian posterior estimate; not an observed or recovered true suppressed count.
36021,Columbia County,36,New York,22.0,22.0,22.0,22.0,6.063479114070581,6.063479114070579,6.063479114070579,6.063479114070579,1.0,exact,exact,nonmetro_adjacent,Q2,Constrained Bayesian posterior estimate; not an observed or recovered true suppressed count.
36023,Cortland County,36,New York,7.811111111111111,8.0,5.0,9.0,2.800805739619887,2.8685350391555033,1.7928343994721896,3.2271019190499413,0.35833333333333334,suppressed_1_9,suppressed_1_9,nonmetro_adjacent,Q2,Constrained Bayesian posterior estimate; not an observed or recovered true suppressed count.
36025,Delaware County,36,New York,14.0,14.0,14.0,14.0,5.267276667469298,5.267276667469299,5.267276667469299,5.267276667469299,1.0,exact,exact,nonmetro_adjacent,Q3,Constrained Bayesian posterior estimate; not an observed or recovered true suppressed count.
36027,Dutchess County,36,New York,66.0,66.0,66.0,66.0,3.709363501324412,3.7093635013244115,3.7093635013244115,3.7093635013244115,1.0,exact,exact,metro_other,Q2,Constrained Bayesian posterior estimate; not an observed or recovered true suppressed count.
36029,Erie County,36,New York,280.0,280.0,280.0,280.0,4.9701021728754196,4.970102172875419,4.970102172875419,4.970102172875419,1.0,exact,exact,metro_large,Q2,Constrained Bayesian posterior estimate; not an observed or recovered true suppressed count.
36031,Essex County,36,New York,14.0,14.0,14.0,14.0,6.321312304434401,6.321312304434401,6.321312304434401,6.321312304434401,1.0,exact,exact,nonmetro_adjacent,Q2,Constrained Bayesian posterior estimate; not an observed or recovered true suppressed count.
36033,Franklin County,36,New York,14.0,14.0,14.0,14.0,4.871191771861212,4.871191771861213,4.871191771861213,4.871191771861213,1.0,exact,exact,nonmetro_nonadjacent,Q3,Constrained Bayesian posterior estimate; not an observed or recovered true suppressed count.
36035,Fulton County,36,New York,12.0,12.0,12.0,12.0,3.7940225175236417,3.7940225175236413,3.7940225175236413,3.7940225175236413,1.0,exact,exact,nonmetro_adjacent,Q2,Constrained Bayesian posterior estimate; not an observed or recovered true suppressed count.
36037,Genesee County,36,New York,7.7972222222222225,8.0,5.0,9.0,2.261408147514384,2.320219260720138,1.4501370379500864,2.6102466683101553,0.0,suppressed_1_9,suppressed_1_9,nonmetro_adjacent,Q1_lowest,Constrained Bayesian posterior estimate; not an observed or recovered true suppressed count.
36039,Greene County,36,New York,7.133333333333334,7.0,4.0,9.0,2.503890390443095,2.4570887009021027,1.404050686229773,3.1591140440169894,0.18611111111111112,suppressed_1_9,suppressed_1_9,nonmetro_adjacent,Q2,Constrained Bayesian posterior estimate; not an observed or recovered true suppressed count.
36041,Hamilton County,36,New York,0.0,0.0,0.0,0.0,0.0,0.0,0.0,0.0,0.0,zero,zero,nonmetro_adjacent,Q1_lowest,Constrained Bayesian posterior estimate; not an observed or recovered true suppressed count.
36043,Herkimer County,36,New York,10.0,10.0,10.0,10.0,2.7693773332004032,2.7693773332004032,2.7693773332004032,2.7693773332004032,0.0,exact,exact,metro_other,Q2,Constrained Bayesian posterior estimate; not an observed or recovered true suppressed count.
36045,Jefferson County,36,New York,27.0,27.0,27.0,27.0,3.9776778611289525,3.977677861128953,3.977677861128953,3.977677861128953,1.0,exact,exact,metro_other,Q3,Constrained Bayesian posterior estimate; not an observed or recovered true suppressed count.
36047,Kings County,36,New York,322.0,322.0,322.0,322.0,2.076178871449774,2.0761788714497746,2.0761788714497746,2.0761788714497746,0.0,exact,exact,metro_large,Q4_highest,Constrained Bayesian posterior estimate; not an observed or recovered true suppressed count.
36049,Lewis County,36,New York,3.808333333333333,4.0,3.0,6.0,2.3970928561387606,2.5177342909116085,1.8883007181837064,3.7766014363674127,0.18611111111111112,suppressed_1_9,suppressed_1_9,nonmetro_adjacent,Q1_lowest,Constrained Bayesian posterior estimate; not an observed or recovered true suppressed count.
36051,Livingston County,36,New York,8.172222222222222,8.0,6.0,9.0,2.2020133977021814,2.1556079488043114,1.6167059616032335,2.42505894240485,0.0,suppressed_1_9,suppressed_1_9,metro_large,Q1_lowest,Constrained Bayesian posterior estimate; not an observed or recovered true suppressed count.
36053,Madison County,36,New York,21.0,21.0,21.0,21.0,5.1198658107551305,5.119865810755131,5.119865810755131,5.119865810755131,1.0,exact,exact,metro_other,Q1_lowest,Constrained Bayesian posterior estimate; not an observed or recovered true suppressed count.
36055,Monroe County,36,New York,98.0,98.0,98.0,98.0,2.182361221311693,2.1823612213116927,2.1823612213116927,2.1823612213116927,0.0,exact,exact,metro_large,Q3,Constrained Bayesian posterior estimate; not an observed or recovered true suppressed count.
36057,Montgomery County,36,New York,11.0,11.0,11.0,11.0,3.7088486385153816,3.708848638515381,3.708848638515381,3.708848638515381,1.0,exact,exact,nonmetro_adjacent,Q4_highest,Constrained Bayesian posterior estimate; not an observed or recovered true suppressed count.
36059,Nassau County,36,New York,100.0,100.0,100.0,100.0,1.211087163880924,1.211087163880924,1.211087163880924,1.211087163880924,0.0,exact,exact,metro_large,Q2,Constrained Bayesian posterior estimate; not an observed or recovered true suppressed count.
36061,New York County,36,New York,173.0,173.0,173.0,173.0,1.7886759031960329,1.7886759031960329,1.7886759031960329,1.7886759031960329,0.0,exact,exact,metro_large,Q3,Constrained Bayesian posterior estimate; not an observed or recovered true suppressed count.
36063,Niagara County,36,New York,59.0,59.0,59.0,59.0,4.6853769385747075,4.685376938574708,4.685376938574708,4.685376938574708,1.0,exact,exact,metro_large,Q2,Constrained Bayesian posterior estimate; not an observed or recovered true suppressed count.
36065,Oneida County,36,New York,60.0,60.0,60.0,60.0,4.376243126563139,4.376243126563139,4.376243126563139,4.376243126563139,1.0,exact,exact,metro_other,Q3,Constrained Bayesian posterior estimate; not an observed or recovered true suppressed count.
36067,Onondaga County,36,New York,135.0,135.0,135.0,135.0,4.823302769075985,4.823302769075984,4.823302769075984,4.823302769075984,1.0,exact,exact,metro_other,Q3,Constrained Bayesian posterior estimate; not an observed or recovered true suppressed count.
36069,Ontario County,36,New York,15.0,15.0,15.0,15.0,2.23683955448121,2.2368395544812096,2.2368395544812096,2.2368395544812096,0.0,exact,exact,metro_large,Q2,Constrained Bayesian posterior estimate; not an observed or recovered true suppressed count.
36071,Orange County,36,New York,35.0,35.0,35.0,35.0,1.4584080767472665,1.4584080767472665,1.4584080767472665,1.4584080767472665,0.0,exact,exact,metro_other,Q3,Constrained Bayesian posterior estimate; not an observed or recovered true suppressed count.
36073,Orleans County,36,New York,6.0777777777777775,6.0,3.0,9.0,2.5467434507489153,2.5141525839203185,1.2570762919601592,3.7712288758804773,0.3888888888888889,suppressed_1_9,suppressed_1_9,metro_large,Q3,Constrained Bayesian posterior estimate; not an observed or recovered true suppressed count.
36075,Oswego County,36,New York,32.0,32.0,32.0,32.0,4.535076692398505,4.535076692398503,4.535076692398503,4.535076692398503,1.0,exact,exact,metro_other,Q3,Constrained Bayesian posterior estimate; not an observed or recovered true suppressed count.
36077,Otsego County,36,New York,19.0,19.0,19.0,19.0,5.3131545317013575,5.313154531701356,5.313154531701356,5.313154531701356,1.0,exact,exact,nonmetro_nonadjacent,Q2,Constrained Bayesian posterior estimate; not an observed or recovered true suppressed count.
36079,Putnam County,36,New York,7.575,8.0,4.0,9.0,1.285419021147052,1.3575382401553024,0.6787691200776512,1.5272305201747152,0.0,suppressed_1_9,suppressed_1_9,metro_large,Q1_lowest,Constrained Bayesian posterior estimate; not an observed or recovered true suppressed count.
36081,Queens County,36,New York,213.0,213.0,213.0,213.0,1.5595383415063881,1.5595383415063881,1.5595383415063881,1.5595383415063881,0.0,exact,exact,metro_large,Q4_highest,Constrained Bayesian posterior estimate; not an observed or recovered true suppressed count.
36083,Rensselaer County,36,New York,25.0,25.0,25.0,25.0,2.6124366614731427,2.6124366614731422,2.6124366614731422,2.6124366614731422,0.0,exact,exact,metro_other,Q2,Constrained Bayesian posterior estimate; not an observed or recovered true suppressed count.
36085,Richmond County,36,New York,63.0,63.0,63.0,63.0,2.1538490992808197,2.1538490992808197,2.1538490992808197,2.1538490992808197,0.0,exact,exact,metro_large,Q3,Constrained Bayesian posterior estimate; not an observed or recovered true suppressed count.
36087,Rockland County,36,New York,52.0,52.0,52.0,52.0,2.5752594821549377,2.5752594821549377,2.5752594821549377,2.5752594821549377,0.0,exact,exact,metro_large,Q3,Constrained Bayesian posterior estimate; not an observed or recovered true suppressed count.
36089,St. Lawrence County,36,New York,18.0,18.0,18.0,18.0,2.795695250579719,2.7956952505797186,2.7956952505797186,2.7956952505797186,0.0,exact,exact,nonmetro_adjacent,Q3,Constrained Bayesian posterior estimate; not an observed or recovered true suppressed count.
36091,Saratoga County,36,New York,26.0,26.0,26.0,26.0,1.836952129027517,1.8369521290275175,1.8369521290275175,1.8369521290275175,0.0,exact,exact,metro_other,Q1_lowest,Constrained Bayesian posterior estimate; not an observed or recovered true suppressed count.
36093,Schenectady County,36,New York,33.0,33.0,33.0,33.0,3.470024248108836,3.4700242481088366,3.4700242481088366,3.4700242481088366,1.0,exact,exact,metro_other,Q2,Constrained Bayesian posterior estimate; not an observed or recovered true suppressed count.
36095,Schoharie County,36,New York,1.5416666666666667,1.0,1.0,4.0,0.8456153245608742,0.5485072375529995,0.5485072375529995,2.194028950211998,0.0,suppressed_1_9,suppressed_1_9,metro_other,Q2,Constrained Bayesian posterior estimate; not an observed or recovered true suppressed count.
36097,Schuyler County,36,New York,3.2944444444444443,3.0,2.0,6.0,3.1220451132886455,2.8430090407687496,1.8953393605124997,5.686018081537499,0.37777777777777777,suppressed_1_9,suppressed_1_9,nonmetro_adjacent,Q2,Constrained Bayesian posterior estimate; not an observed or recovered true suppressed count.
36099,Seneca County,36,New York,7.841666666666667,8.0,5.0,9.0,3.929163159230903,4.008498015793482,2.5053112598709264,4.509560267767667,0.9444444444444444,suppressed_1_9,suppressed_1_9,nonmetro_adjacent,Q3,Constrained Bayesian posterior estimate; not an observed or recovered true suppressed count.
36101,Steuben County,36,New York,17.0,17.0,17.0,17.0,3.0370158639416895,3.037015863941689,3.037015863941689,3.037015863941689,1.0,exact,exact,nonmetro_adjacent,Q2,Constrained Bayesian posterior estimate; not an observed or recovered true suppressed count.
36103,Suffolk County,36,New York,171.0,171.0,171.0,171.0,1.8870502226829617,1.8870502226829617,1.8870502226829617,1.8870502226829617,0.0,exact,exact,metro_large,Q2,Constrained Bayesian posterior estimate; not an observed or recovered true suppressed count.
36105,Sullivan County,36,New York,10.0,10.0,10.0,10.0,2.1228357689335726,2.122835768933572,2.122835768933572,2.122835768933572,0.0,exact,exact,nonmetro_adjacent,Q4_highest,Constrained Bayesian posterior estimate; not an observed or recovered true suppressed count.
36107,Tioga County,36,New York,7.4222222222222225,8.0,5.0,9.0,2.5848072151720447,2.786019752880048,1.7412623455500298,3.134272221990054,0.24722222222222223,suppressed_1_9,suppressed_1_9,metro_other,Q1_lowest,Constrained Bayesian posterior estimate; not an observed or recovered true suppressed count.
36109,Tompkins County,36,New York,23.0,23.0,23.0,23.0,3.695746838127895,3.6957468381278953,3.6957468381278953,3.6957468381278953,1.0,exact,exact,metro_other,Q2,Constrained Bayesian posterior estimate; not an observed or recovered true suppressed count.
36111,Ulster County,36,New York,30.0,30.0,30.0,30.0,2.7627642008382227,2.7627642008382227,2.7627642008382227,2.7627642008382227,0.0,exact,exact,metro_other,Q3,Constrained Bayesian posterior estimate; not an observed or recovered true suppressed count.
36113,Warren County,36,New York,11.0,11.0,11.0,11.0,2.8235173325461704,2.823517332546171,2.823517332546171,2.823517332546171,0.0,exact,exact,metro_other,Q1_lowest,Constrained Bayesian posterior estimate; not an observed or recovered true suppressed count.
36115,Washington County,36,New York,6.85,7.0,4.0,9.0,1.8844929613500123,1.9257592305766549,1.1004338460438028,2.4759761535985563,0.0,suppressed_1_9,suppressed_1_9,metro_other,Q2,Constrained Bayesian posterior estimate; not an observed or recovered true suppressed count.
36117,Wayne County,36,New York,15.0,15.0,15.0,15.0,2.7629855716893448,2.7629855716893448,2.7629855716893448,2.7629855716893448,0.0,exact,exact,metro_large,Q2,Constrained Bayesian posterior estimate; not an observed or recovered true suppressed count.
36119,Westchester County,36,New York,105.0,105.0,105.0,105.0,1.7739800712768297,1.7739800712768297,1.7739800712768297,1.7739800712768297,0.0,exact,exact,metro_large,Q3,Constrained Bayesian posterior estimate; not an observed or recovered true suppressed count.
36121,Wyoming County,36,New York,7.333333333333333,8.0,5.0,9.0,3.073471332196149,3.3528778169412536,2.0955486355882833,3.77198754405891,0.7083333333333334,suppressed_1_9,suppressed_1_9,nonmetro_adjacent,Q1_lowest,Constrained Bayesian posterior estimate; not an observed or recovered true suppressed count.
36123,Yates County,36,New York,6.6,7.0,4.0,9.0,4.4710600476913065,4.742033383915023,2.7097333622371558,6.0969000650336005,0.8861111111111111,suppressed_1_9,suppressed_1_9,nonmetro_adjacent,Q3,Constrained Bayesian posterior estimate; not an observed or recovered true suppressed count.
37001,Alamance County,37,North Carolina,29.0,29.0,29.0,29.0,2.753277824720637,2.7532778247206373,2.7532778247206373,2.7532778247206373,0.0,exact,exact,metro_other,Q3,Constrained Bayesian posterior estimate; not an observed or recovered true suppressed count.
37003,Alexander County,37,North Carolina,5.894444444444445,6.0,3.0,9.0,2.664035272730925,2.711741842176625,1.3558709210883124,4.067612763264937,0.34444444444444444,suppressed_1_9,suppressed_1_9,metro_other,Q2,Constrained Bayesian posterior estimate; not an observed or recovered true suppressed count.
37005,Alleghany County,37,North Carolina,2.425,2.0,2.0,4.0,3.6040186665874026,2.97238652914425,2.97238652914425,5.9447730582885,1.0,suppressed_1_9,suppressed_1_9,nonmetro_nonadjacent,Q3,Constrained Bayesian posterior estimate; not an observed or recovered true suppressed count.
37007,Anson County,37,North Carolina,5.583333333333333,5.0,3.0,9.0,4.071443502948454,3.6460688086105564,2.187641285166334,6.562923855499002,0.6472222222222223,suppressed_1_9,suppressed_1_9,metro_large,Q4_highest,Constrained Bayesian posterior estimate; not an observed or recovered true suppressed count.
37009,Ashe County,37,North Carolina,14.0,14.0,14.0,14.0,8.614377395873715,8.614377395873714,8.614377395873714,8.614377395873714,1.0,exact,exact,nonmetro_nonadjacent,Q2,Constrained Bayesian posterior estimate; not an observed or recovered true suppressed count.
37011,Avery County,37,North Carolina,5.533333333333333,5.0,3.0,8.0,5.223328770787118,4.719875395289565,2.831925237173739,7.551800632463303,0.9305555555555556,suppressed_1_9,suppressed_1_9,nonmetro_nonadjacent,Q3,Constrained Bayesian posterior estimate; not an observed or recovered true suppressed count.
37013,Beaufort County,37,North Carolina,7.6194444444444445,8.0,5.0,9.0,2.802667673706134,2.942647794485478,1.8391548715534236,3.310478768796163,0.6055555555555555,suppressed_1_9,suppressed_1_9,nonmetro_adjacent,Q4_highest,Constrained Bayesian posterior estimate; not an observed or recovered true suppressed count.
37015,Bertie County,37,North Carolina,5.763888888888889,5.0,4.0,9.0,5.4240708501283486,4.705218086858325,3.7641744694866603,8.469392556344987,1.0,suppressed_1_9,suppressed_1_9,nonmetro_nonadjacent,Q4_highest,Constrained Bayesian posterior estimate; not an observed or recovered true suppressed count.
37017,Bladen County,37,North Carolina,4.072222222222222,4.0,2.0,9.0,2.2147892324380507,2.175509205123324,1.087754602561662,4.894895711527479,0.17777777777777778,suppressed_1_9,suppressed_1_9,nonmetro_adjacent,Q4_highest,Constrained Bayesian posterior estimate; not an observed or recovered true suppressed count.
37019,Brunswick County,37,North Carolina,17.0,17.0,17.0,17.0,1.8554617152761248,1.8554617152761255,1.8554617152761255,1.8554617152761255,0.0,exact,exact,metro_other,Q1_lowest,Constrained Bayesian posterior estimate; not an observed or recovered true suppressed count.
37021,Buncombe County,37,North Carolina,60.0,60.0,60.0,60.0,3.692530380293704,3.692530380293704,3.692530380293704,3.692530380293704,1.0,exact,exact,metro_other,Q3,Constrained Bayesian posterior estimate; not an observed or recovered true suppressed count.
37023,Burke County,37,North Carolina,33.0,33.0,33.0,33.0,6.188142019734548,6.188142019734548,6.188142019734548,6.188142019734548,1.0,exact,exact,metro_other,Q3,Constrained Bayesian posterior estimate; not an observed or recovered true suppressed count.
37025,Cabarrus County,37,North Carolina,39.0,39.0,39.0,39.0,2.805860363121498,2.8058603631214982,2.8058603631214982,2.8058603631214982,0.0,exact,exact,metro_large,Q2,Constrained Bayesian posterior estimate; not an observed or recovered true suppressed count.
37027,Caldwell County,37,North Carolina,31.0,31.0,31.0,31.0,6.371442782388511,6.3714427823885105,6.3714427823885105,6.3714427823885105,1.0,exact,exact,metro_other,Q3,Constrained Bayesian posterior estimate; not an observed or recovered true suppressed count.
37029,Camden County,37,North Carolina,3.6944444444444446,3.0,3.0,6.0,5.589597464928428,4.538921249716317,4.538921249716317,9.077842499432634,1.0,suppressed_1_9,suppressed_1_9,metro_large,Q2,Constrained Bayesian posterior estimate; not an observed or recovered true suppressed count.
37031,Carteret County,37,North Carolina,22.0,22.0,22.0,22.0,5.277981699797998,5.277981699797998,5.277981699797998,5.277981699797998,1.0,exact,exact,nonmetro_adjacent,Q2,Constrained Bayesian posterior estimate; not an observed or recovered true suppressed count.
37033,Caswell County,37,North Carolina,3.2,3.0,2.0,6.0,2.360839573573352,2.2132871002250174,1.475524733483345,4.426574200450035,0.3611111111111111,suppressed_1_9,suppressed_1_9,nonmetro_adjacent,Q3,Constrained Bayesian posterior estimate; not an observed or recovered true suppressed count.
37035,Catawba County,37,North Carolina,34.0,34.0,34.0,34.0,3.4809601716727654,3.480960171672765,3.480960171672765,3.480960171672765,1.0,exact,exact,metro_other,Q3,Constrained Bayesian posterior estimate; not an observed or recovered true suppressed count.
37037,Chatham County,37,North Carolina,7.541666666666667,8.0,5.0,9.0,1.5928533159861924,1.6896565561842485,1.0560353476151554,1.9008636257072797,0.0,suppressed_1_9,suppressed_1_9,metro_other,Q2,Constrained Bayesian posterior estimate; not an observed or recovered true suppressed count.
37039,Cherokee County,37,North Carolina,7.394444444444445,7.0,5.0,9.0,4.184839749878007,3.961606374790601,2.8297188391361434,5.093493910445058,0.925,suppressed_1_9,suppressed_1_9,nonmetro_nonadjacent,Q2,Constrained Bayesian posterior estimate; not an observed or recovered true suppressed count.
37041,Chowan County,37,North Carolina,3.9972222222222222,4.0,3.0,6.0,4.804238145984739,4.807576740943728,3.6056825557077956,7.211365111415591,1.0,suppressed_1_9,suppressed_1_9,nonmetro_adjacent,Q3,Constrained Bayesian posterior estimate; not an observed or recovered true suppressed count.
37043,Clay County,37,North Carolina,3.0083333333333333,3.0,2.0,5.0,4.324492680706293,4.3125134766046145,2.875008984403076,7.18752246100769,0.6111111111111112,suppressed_1_9,suppressed_1_9,nonmetro_nonadjacent,Q2,Constrained Bayesian posterior estimate; not an observed or recovered true suppressed count.
37045,Cleveland County,37,North Carolina,30.0,30.0,30.0,30.0,4.986843045764259,4.9868430457642585,4.9868430457642585,4.9868430457642585,1.0,exact,exact,nonmetro_adjacent,Q4_highest,Constrained Bayesian posterior estimate; not an observed or recovered true suppressed count.
37047,Columbus County,37,North Carolina,10.0,10.0,10.0,10.0,3.2215041847339356,3.2215041847339356,3.2215041847339356,3.2215041847339356,1.0,exact,exact,nonmetro_adjacent,Q4_highest,Constrained Bayesian posterior estimate; not an observed or recovered true suppressed count.
37049,Craven County,37,North Carolina,29.0,29.0,29.0,29.0,4.742607256516179,4.7426072565161785,4.7426072565161785,4.7426072565161785,1.0,exact,exact,nonmetro_adjacent,Q4_highest,Constrained Bayesian posterior estimate; not an observed or recovered true suppressed count.
37051,Cumberland County,37,North Carolina,58.0,58.0,58.0,58.0,2.870718669570383,2.870718669570382,2.870718669570382,2.870718669570382,0.0,exact,exact,metro_other,Q4_highest,Constrained Bayesian posterior estimate; not an observed or recovered true suppressed count.
37053,Currituck County,37,North Carolina,3.9055555555555554,4.0,2.0,7.0,2.1535535778397805,2.205630975881425,1.1028154879407126,3.8598542077924947,0.13333333333333333,suppressed_1_9,suppressed_1_9,metro_large,Q1_lowest,Constrained Bayesian posterior estimate; not an observed or recovered true suppressed count.
37055,Dare County,37,North Carolina,3.8361111111111112,4.0,2.0,8.0,1.6926683071208755,1.7649836077147432,0.8824918038573716,3.5299672154294863,0.10277777777777777,suppressed_1_9,suppressed_1_9,nonmetro_adjacent,Q1_lowest,Constrained Bayesian posterior estimate; not an observed or recovered true suppressed count.
37057,Davidson County,37,North Carolina,30.0,30.0,30.0,30.0,2.905065368812574,2.905065368812574,2.905065368812574,2.905065368812574,0.0,exact,exact,metro_other,Q3,Constrained Bayesian posterior estimate; not an observed or recovered true suppressed count.
37059,Davie County,37,North Carolina,6.225,6.0,4.0,9.0,2.3603059108126656,2.2749936489760634,1.5166624326507088,3.412490473464095,0.2361111111111111,suppressed_1_9,suppressed_1_9,metro_other,Q2,Constrained Bayesian posterior estimate; not an observed or recovered true suppressed count.
37061,Duplin County,37,North Carolina,15.0,15.0,15.0,15.0,4.760408633477098,4.760408633477097,4.760408633477097,4.760408633477097,1.0,exact,exact,nonmetro_adjacent,Q4_highest,Constrained Bayesian posterior estimate; not an observed or recovered true suppressed count.
37063,Durham County,37,North Carolina,45.0,45.0,45.0,45.0,2.2634448624831505,2.26344486248315,2.26344486248315,2.26344486248315,0.0,exact,exact,metro_other,Q3,Constrained Bayesian posterior estimate; not an observed or recovered true suppressed count.
37065,Edgecombe County,37,North Carolina,18.0,18.0,18.0,18.0,6.062300238787271,6.06230023878727,6.06230023878727,6.06230023878727,1.0,exact,exact,metro_other,Q4_highest,Constrained Bayesian posterior estimate; not an observed or recovered true suppressed count.
37067,Forsyth County,37,North Carolina,88.0,88.0,88.0,88.0,3.7737758600135005,3.7737758600135,3.7737758600135,3.7737758600135,1.0,exact,exact,metro_other,Q4_highest,Constrained Bayesian posterior estimate; not an observed or recovered true suppressed count.
37069,Franklin County,37,North Carolina,13.0,13.0,13.0,13.0,2.924252853395957,2.9242528533959575,2.9242528533959575,2.9242528533959575,0.0,exact,exact,metro_large,Q3,Constrained Bayesian posterior estimate; not an observed or recovered true suppressed count.
37071,Gaston County,37,North Carolina,64.0,64.0,64.0,64.0,4.586432758595977,4.586432758595978,4.586432758595978,4.586432758595978,1.0,exact,exact,metro_large,Q3,Constrained Bayesian posterior estimate; not an observed or recovered true suppressed count.
37073,Gates County,37,North Carolina,3.5444444444444443,3.0,3.0,6.0,5.502343239276037,4.657155719763416,4.657155719763416,9.314311439526833,1.0,suppressed_1_9,suppressed_1_9,metro_large,Q2,Constrained Bayesian posterior estimate; not an observed or recovered true suppressed count.
37075,Graham County,37,North Carolina,3.2888888888888888,2.0,1.0,8.0,6.688948095118651,4.067603571355936,2.033801785677968,16.270414285423744,0.5916666666666667,suppressed_1_9,suppressed_1_9,nonmetro_nonadjacent,Q3,Constrained Bayesian posterior estimate; not an observed or recovered true suppressed count.
37077,Granville County,37,North Carolina,12.0,12.0,12.0,12.0,3.2559679178627827,3.2559679178627827,3.2559679178627827,3.2559679178627827,1.0,exact,exact,nonmetro_adjacent,Q3,Constrained Bayesian posterior estimate; not an observed or recovered true suppressed count.
37079,Greene County,37,North Carolina,5.663888888888889,6.0,3.0,9.0,4.574070783913628,4.845509020722627,2.4227545103613135,7.26826353108394,0.8277777777777777,suppressed_1_9,suppressed_1_9,nonmetro_adjacent,Q4_highest,Constrained Bayesian posterior estimate; not an observed or recovered true suppressed count.
37081,Guilford County,37,North Carolina,114.0,114.0,114.0,114.0,3.481035076619414,3.481035076619414,3.481035076619414,3.481035076619414,1.0,exact,exact,metro_other,Q4_highest,Constrained Bayesian posterior estimate; not an observed or recovered true suppressed count.
37083,Halifax County,37,North Carolina,18.0,18.0,18.0,18.0,6.209059017105957,6.209059017105957,6.209059017105957,6.209059017105957,1.0,exact,exact,nonmetro_adjacent,Q4_highest,Constrained Bayesian posterior estimate; not an observed or recovered true suppressed count.
37085,Harnett County,37,North Carolina,16.0,16.0,16.0,16.0,1.9152387165506544,1.9152387165506548,1.9152387165506548,1.9152387165506548,0.0,exact,exact,nonmetro_adjacent,Q3,Constrained Bayesian posterior estimate; not an observed or recovered true suppressed count.
37087,Haywood County,37,North Carolina,12.0,12.0,12.0,12.0,3.188173999909668,3.1881739999096683,3.1881739999096683,3.1881739999096683,1.0,exact,exact,nonmetro_adjacent,Q2,Constrained Bayesian posterior estimate; not an observed or recovered true suppressed count.
37089,Henderson County,37,North Carolina,21.0,21.0,21.0,21.0,2.9544258706411672,2.954425870641167,2.954425870641167,2.954425870641167,1.0,exact,exact,metro_other,Q2,Constrained Bayesian posterior estimate; not an observed or recovered true suppressed count.
37091,Hertford County,37,North Carolina,10.0,10.0,10.0,10.0,7.839448102853557,7.8394481028535585,7.8394481028535585,7.8394481028535585,1.0,exact,exact,nonmetro_adjacent,Q4_highest,Constrained Bayesian posterior estimate; not an observed or recovered true suppressed count.
37093,Hoke County,37,North Carolina,8.308333333333334,9.0,6.0,9.0,2.534628052866698,2.7456352027041455,1.8304234684694305,2.7456352027041455,0.0,suppressed_1_9,suppressed_1_9,metro_other,Q4_highest,Constrained Bayesian posterior estimate; not an observed or recovered true suppressed count.
37095,Hyde County,37,North Carolina,0.0,0.0,0.0,0.0,0.0,0.0,0.0,0.0,0.0,zero,zero,nonmetro_nonadjacent,Q4_highest,Constrained Bayesian posterior estimate; not an observed or recovered true suppressed count.
37097,Iredell County,37,North Carolina,39.0,39.0,39.0,39.0,3.3576923871643163,3.3576923871643167,3.3576923871643167,3.3576923871643167,1.0,exact,exact,metro_large,Q2,Constrained Bayesian posterior estimate; not an observed or recovered true suppressed count.
37099,Jackson County,37,North Carolina,6.319444444444445,6.0,4.0,9.0,2.391998381642238,2.271084177735048,1.5140561184900319,3.4066262666025717,0.28888888888888886,suppressed_1_9,suppressed_1_9,nonmetro_nonadjacent,Q4_highest,Constrained Bayesian posterior estimate; not an observed or recovered true suppressed count.
37101,Johnston County,37,North Carolina,25.0,25.0,25.0,25.0,1.8134128720397844,1.8134128720397849,1.8134128720397849,1.8134128720397849,0.0,exact,exact,metro_large,Q3,Constrained Bayesian posterior estimate; not an observed or recovered true suppressed count.
37103,Jones County,37,North Carolina,2.3833333333333333,2.0,2.0,5.0,4.2544329406164465,3.570153516601214,3.570153516601214,8.925383791503036,1.0,suppressed_1_9,suppressed_1_9,nonmetro_adjacent,Q3,Constrained Bayesian posterior estimate; not an observed or recovered true suppressed count.
37105,Lee County,37,North Carolina,15.0,15.0,15.0,15.0,3.8526539648946168,3.852653964894617,3.852653964894617,3.852653964894617,1.0,exact,exact,nonmetro_adjacent,Q4_highest,Constrained Bayesian posterior estimate; not an observed or recovered true suppressed count.
37107,Lenoir County,37,North Carolina,22.0,22.0,22.0,22.0,6.641810195178649,6.641810195178649,6.641810195178649,6.641810195178649,1.0,exact,exact,nonmetro_adjacent,Q4_highest,Constrained Bayesian posterior estimate; not an observed or recovered true suppressed count.
37109,Lincoln County,37,North Carolina,14.0,14.0,14.0,14.0,2.5442564319711267,2.5442564319711263,2.5442564319711263,2.5442564319711263,0.0,exact,exact,metro_large,Q2,Constrained Bayesian posterior estimate; not an observed or recovered true suppressed count.
37111,McDowell County,37,North Carolina,10.0,10.0,10.0,10.0,3.6877235682413247,3.6877235682413247,3.6877235682413247,3.6877235682413247,1.0,exact,exact,nonmetro_adjacent,Q4_highest,Constrained Bayesian posterior estimate; not an observed or recovered true suppressed count.
37113,Macon County,37,North Carolina,5.5,5.0,3.0,9.0,2.448688838431058,2.226080762210053,1.3356484573260317,4.006945371978095,0.2972222222222222,suppressed_1_9,suppressed_1_9,nonmetro_nonadjacent,Q2,Constrained Bayesian posterior estimate; not an observed or recovered true suppressed count.
37115,Madison County,37,North Carolina,5.627777777777778,6.0,4.0,8.0,4.289857134629522,4.573589047778761,3.0490593651858404,6.098118730371681,1.0,suppressed_1_9,suppressed_1_9,metro_other,Q2,Constrained Bayesian posterior estimate; not an observed or recovered true suppressed count.
37117,Martin County,37,North Carolina,6.355555555555555,6.0,4.0,8.0,4.857130726446738,4.585403133358808,3.056935422239205,6.11387084447841,1.0,suppressed_1_9,suppressed_1_9,nonmetro_adjacent,Q4_highest,Constrained Bayesian posterior estimate; not an observed or recovered true suppressed count.
37119,Mecklenburg County,37,North Carolina,196.0,196.0,196.0,196.0,2.8500986264996655,2.8500986264996646,2.8500986264996646,2.8500986264996646,0.0,exact,exact,metro_large,Q3,Constrained Bayesian posterior estimate; not an observed or recovered true suppressed count.
37121,Mitchell County,37,North Carolina,4.733333333333333,4.0,3.0,8.0,5.263294451672208,4.447854466201866,3.3358908496513995,8.895708932403732,1.0,suppressed_1_9,suppressed_1_9,nonmetro_adjacent,Q3,Constrained Bayesian posterior estimate; not an observed or recovered true suppressed count.
37123,Montgomery County,37,North Carolina,1.3777777777777778,1.0,1.0,3.0,0.8689753379192805,0.6307079065543165,0.6307079065543165,1.8921237196629495,0.0,suppressed_1_9,suppressed_1_9,nonmetro_adjacent,Q4_highest,Constrained Bayesian posterior estimate; not an observed or recovered true suppressed count.
37125,Moore County,37,North Carolina,13.0,13.0,13.0,13.0,2.0705879354804795,2.07058793548048,2.07058793548048,2.07058793548048,0.0,exact,exact,metro_other,Q2,Constrained Bayesian posterior estimate; not an observed or recovered true suppressed count.
37127,Nash County,37,North Carolina,27.0,27.0,27.0,27.0,4.698405848297177,4.698405848297176,4.698405848297176,4.698405848297176,1.0,exact,exact,metro_other,Q4_highest,Constrained Bayesian posterior estimate; not an observed or recovered true suppressed count.
37129,New Hanover County,37,North Carolina,25.0,25.0,25.0,25.0,1.7640293252235026,1.7640293252235026,1.7640293252235026,1.7640293252235026,0.0,exact,exact,metro_other,Q2,Constrained Bayesian posterior estimate; not an observed or recovered true suppressed count.
37131,Northampton County,37,North Carolina,6.780555555555556,7.0,4.0,9.0,6.410418019130935,6.617883411802522,3.781647663887156,8.5087072437461,1.0,suppressed_1_9,suppressed_1_9,nonmetro_nonadjacent,Q4_highest,Constrained Bayesian posterior estimate; not an observed or recovered true suppressed count.
37133,Onslow County,37,North Carolina,24.0,24.0,24.0,24.0,1.9324153823485128,1.9324153823485128,1.9324153823485128,1.9324153823485128,0.0,exact,exact,metro_other,Q4_highest,Constrained Bayesian posterior estimate; not an observed or recovered true suppressed count.
37135,Orange County,37,North Carolina,17.0,17.0,17.0,17.0,1.8880141090183775,1.8880141090183773,1.8880141090183773,1.8880141090183773,0.0,exact,exact,metro_other,Q2,Constrained Bayesian posterior estimate; not an observed or recovered true suppressed count.
37137,Pamlico County,37,North Carolina,1.275,1.0,1.0,5.0,1.6968551617668584,1.3308667935426342,1.3308667935426342,6.654333967713172,0.06111111111111111,suppressed_1_9,suppressed_1_9,nonmetro_nonadjacent,Q3,Constrained Bayesian posterior estimate; not an observed or recovered true suppressed count.
37139,Pasquotank County,37,North Carolina,7.444444444444445,8.0,5.0,9.0,3.040820059246067,3.267746929339057,2.042341830836911,3.6762152955064398,0.5444444444444444,suppressed_1_9,suppressed_1_9,nonmetro_adjacent,Q4_highest,Constrained Bayesian posterior estimate; not an observed or recovered true suppressed count.
37141,Pender County,37,North Carolina,10.0,10.0,10.0,10.0,2.5324084977499552,2.5324084977499552,2.5324084977499552,2.5324084977499552,0.0,exact,exact,metro_other,Q3,Constrained Bayesian posterior estimate; not an observed or recovered true suppressed count.
37143,Perquimans County,37,North Carolina,5.377777777777778,5.0,3.0,8.0,6.696524310181899,6.226107313185651,3.73566438791139,9.96177170109704,1.0,suppressed_1_9,suppressed_1_9,nonmetro_adjacent,Q3,Constrained Bayesian posterior estimate; not an observed or recovered true suppressed count.
37145,Person County,37,North Carolina,13.0,13.0,13.0,13.0,5.466594900087466,5.466594900087466,5.466594900087466,5.466594900087466,1.0,exact,exact,metro_other,Q3,Constrained Bayesian posterior estimate; not an observed or recovered true suppressed count.
37147,Pitt County,37,North Carolina,31.0,31.0,31.0,31.0,2.9100357746656043,2.910035774665604,2.910035774665604,2.910035774665604,0.0,exact,exact,metro_other,Q4_highest,Constrained Bayesian posterior estimate; not an observed or recovered true suppressed count.
37149,Polk County,37,North Carolina,6.988888888888889,7.0,5.0,9.0,5.739134877881429,5.748259098672973,4.105899356194981,7.390618841150966,1.0,suppressed_1_9,suppressed_1_9,nonmetro_adjacent,Q2,Constrained Bayesian posterior estimate; not an observed or recovered true suppressed count.
37151,Randolph County,37,North Carolina,21.0,21.0,21.0,21.0,2.399215799178783,2.399215799178783,2.399215799178783,2.399215799178783,0.0,exact,exact,metro_other,Q3,Constrained Bayesian posterior estimate; not an observed or recovered true suppressed count.
37153,Richmond County,37,North Carolina,8.127777777777778,8.0,6.0,9.0,3.138416839247415,3.089077408418508,2.316808056313881,3.475212084470822,0.7694444444444445,suppressed_1_9,suppressed_1_9,nonmetro_adjacent,Q4_highest,Constrained Bayesian posterior estimate; not an observed or recovered true suppressed count.
37155,Robeson County,37,North Carolina,19.0,19.0,19.0,19.0,2.604152389515409,2.6041523895154084,2.6041523895154084,2.6041523895154084,0.0,exact,exact,nonmetro_adjacent,Q4_highest,Constrained Bayesian posterior estimate; not an observed or recovered true suppressed count.
37157,Rockingham County,37,North Carolina,23.0,23.0,23.0,23.0,4.170043495366719,4.170043495366719,4.170043495366719,4.170043495366719,1.0,exact,exact,metro_other,Q4_highest,Constrained Bayesian posterior estimate; not an observed or recovered true suppressed count.
37159,Rowan County,37,North Carolina,24.0,24.0,24.0,24.0,2.7044599925852713,2.704459992585272,2.704459992585272,2.704459992585272,0.0,exact,exact,metro_large,Q4_highest,Constrained Bayesian posterior estimate; not an observed or recovered true suppressed count.
37161,Rutherford County,37,North Carolina,12.0,12.0,12.0,12.0,3.0399140717622375,3.039914071762238,3.039914071762238,3.039914071762238,1.0,exact,exact,nonmetro_adjacent,Q4_highest,Constrained Bayesian posterior estimate; not an observed or recovered true suppressed count.
37163,Sampson County,37,North Carolina,19.0,19.0,19.0,19.0,5.205080158234437,5.205080158234437,5.205080158234437,5.205080158234437,1.0,exact,exact,nonmetro_adjacent,Q4_highest,Constrained Bayesian posterior estimate; not an observed or recovered true suppressed count.
37165,Scotland County,37,North Carolina,8.213888888888889,8.0,6.0,9.0,3.9849453427753763,3.881177743386231,2.910883307539673,4.366324961309509,0.9666666666666667,suppressed_1_9,suppressed_1_9,nonmetro_adjacent,Q4_highest,Constrained Bayesian posterior estimate; not an observed or recovered true suppressed count.
37167,Stanly County,37,North Carolina,17.0,17.0,17.0,17.0,4.396763981709463,4.396763981709462,4.396763981709462,4.396763981709462,1.0,exact,exact,nonmetro_adjacent,Q3,Constrained Bayesian posterior estimate; not an observed or recovered true suppressed count.
37169,Stokes County,37,North Carolina,11.0,11.0,11.0,11.0,4.037423243078572,4.037423243078572,4.037423243078572,4.037423243078572,1.0,exact,exact,metro_other,Q2,Constrained Bayesian posterior estimate; not an observed or recovered true suppressed count.
37171,Surry County,37,North Carolina,14.0,14.0,14.0,14.0,3.2631750693424704,3.26317506934247,3.26317506934247,3.26317506934247,1.0,exact,exact,nonmetro_adjacent,Q4_highest,Constrained Bayesian posterior estimate; not an observed or recovered true suppressed count.
37173,Swain County,37,North Carolina,5.883333333333334,6.0,4.0,9.0,6.96961799385568,7.1078257161134415,4.73855047740896,10.661738574170162,1.0,suppressed_1_9,suppressed_1_9,nonmetro_nonadjacent,Q4_highest,Constrained Bayesian posterior estimate; not an observed or recovered true suppressed count.
37175,Transylvania County,37,North Carolina,10.0,10.0,10.0,10.0,4.924774075989263,4.924774075989264,4.924774075989264,4.924774075989264,1.0,exact,exact,nonmetro_adjacent,Q2,Constrained Bayesian posterior estimate; not an observed or recovered true suppressed count.
37177,Tyrrell County,37,North Carolina,0.0,0.0,0.0,0.0,0.0,0.0,0.0,0.0,0.0,zero,zero,nonmetro_nonadjacent,Q4_highest,Constrained Bayesian posterior estimate; not an observed or recovered true suppressed count.
37179,Union County,37,North Carolina,40.0,40.0,40.0,40.0,2.6720517416099243,2.6720517416099248,2.6720517416099248,2.6720517416099248,0.0,exact,exact,metro_large,Q1_lowest,Constrained Bayesian posterior estimate; not an observed or recovered true suppressed count.
37181,Vance County,37,North Carolina,4.988888888888889,5.0,2.0,9.0,1.9320752898328089,1.936378352839118,0.7745513411356472,3.4854810351104124,0.1638888888888889,suppressed_1_9,suppressed_1_9,nonmetro_adjacent,Q4_highest,Constrained Bayesian posterior estimate; not an observed or recovered true suppressed count.
37183,Wake County,37,North Carolina,109.0,109.0,109.0,109.0,1.5589298361436021,1.5589298361436024,1.5589298361436024,1.5589298361436024,0.0,exact,exact,metro_large,Q2,Constrained Bayesian posterior estimate; not an observed or recovered true suppressed count.
37185,Warren County,37,North Carolina,3.35,3.0,2.0,7.0,2.9220637620480616,2.6167735182519953,1.7445156788346636,6.105804875921321,0.35555555555555557,suppressed_1_9,suppressed_1_9,nonmetro_adjacent,Q4_highest,Constrained Bayesian posterior estimate; not an observed or recovered true suppressed count.
37187,Washington County,37,North Carolina,5.375,5.0,4.0,8.0,8.125226750513969,7.558350465594389,6.046680372475511,12.093360744951022,1.0,suppressed_1_9,suppressed_1_9,nonmetro_nonadjacent,Q4_highest,Constrained Bayesian posterior estimate; not an observed or recovered true suppressed count.
37189,Watauga County,37,North Carolina,7.980555555555555,8.0,6.0,9.0,2.4060574023490764,2.4119197071929475,1.8089397803947107,2.7134096705920663,0.0,suppressed_1_9,suppressed_1_9,nonmetro_nonadjacent,Q2,Constrained Bayesian posterior estimate; not an observed or recovered true suppressed count.
37191,Wayne County,37,North Carolina,29.0,29.0,29.0,29.0,4.0264188614120515,4.026418861412051,4.026418861412051,4.026418861412051,1.0,exact,exact,metro_other,Q4_highest,Constrained Bayesian posterior estimate; not an observed or recovered true suppressed count.
37193,Wilkes County,37,North Carolina,8.466666666666667,9.0,7.0,9.0,2.1153762871315163,2.248628336714604,1.7489331507780252,2.248628336714604,0.0,suppressed_1_9,suppressed_1_9,nonmetro_adjacent,Q3,Constrained Bayesian posterior estimate; not an observed or recovered true suppressed count.
37195,Wilson County,37,North Carolina,19.0,19.0,19.0,19.0,3.962246051309001,3.962246051309001,3.962246051309001,3.962246051309001,1.0,exact,exact,nonmetro_adjacent,Q4_highest,Constrained Bayesian posterior estimate; not an observed or recovered true suppressed count.
37197,Yadkin County,37,North Carolina,14.0,14.0,14.0,14.0,6.202484538092116,6.202484538092115,6.202484538092115,6.202484538092115,1.0,exact,exact,metro_other,Q3,Constrained Bayesian posterior estimate; not an observed or recovered true suppressed count.
37199,Yancey County,37,North Carolina,4.95,5.0,3.0,9.0,4.432822588589288,4.477598574332614,2.6865591445995682,8.059677433798706,0.7777777777777778,suppressed_1_9,suppressed_1_9,nonmetro_adjacent,Q3,Constrained Bayesian posterior estimate; not an observed or recovered true suppressed count.
38001,Adams County,38,North Dakota,0.0,0.0,0.0,0.0,0.0,0.0,0.0,0.0,0.0,zero,zero,nonmetro_nonadjacent,Q1_lowest,Constrained Bayesian posterior estimate; not an observed or recovered true suppressed count.
38003,Barnes County,38,North Dakota,3.433333333333333,3.0,3.0,5.0,5.372558224447749,4.694468351459197,4.694468351459197,7.824113919098662,1.0,suppressed_1_9,suppressed_1_9,nonmetro_adjacent,Q1_lowest,Constrained Bayesian posterior estimate; not an observed or recovered true suppressed count.
38005,Benson County,38,North Dakota,1.0,1.0,1.0,1.0,2.7267273817963686,2.7267273817963678,2.7267273817963678,2.7267273817963678,0.0,suppressed_1_9,suppressed_1_9,nonmetro_nonadjacent,Q3,Constrained Bayesian posterior estimate; not an observed or recovered true suppressed count.
38007,Billings County,38,North Dakota,0.0,0.0,0.0,0.0,0.0,0.0,0.0,0.0,0.0,zero,zero,nonmetro_nonadjacent,Q1_lowest,Constrained Bayesian posterior estimate; not an observed or recovered true suppressed count.
38009,Bottineau County,38,North Dakota,1.0,1.0,1.0,1.0,2.626395272488509,2.6263952724885096,2.6263952724885096,2.6263952724885096,0.0,suppressed_1_9,suppressed_1_9,nonmetro_adjacent,Q1_lowest,Constrained Bayesian posterior estimate; not an observed or recovered true suppressed count.
38011,Bowman County,38,North Dakota,1.0333333333333334,1.0,1.0,2.0,5.884586180713743,5.694760820045558,5.694760820045558,11.389521640091116,1.0,suppressed_1_9,suppressed_1_9,nonmetro_nonadjacent,Q1_lowest,Constrained Bayesian posterior estimate; not an observed or recovered true suppressed count.
38013,Burke County,38,North Dakota,0.0,0.0,0.0,0.0,0.0,0.0,0.0,0.0,0.0,zero,zero,nonmetro_adjacent,Q1_lowest,Constrained Bayesian posterior estimate; not an observed or recovered true suppressed count.
38015,Burleigh County,38,North Dakota,17.0,17.0,17.0,17.0,2.865957482677815,2.865957482677816,2.865957482677816,2.865957482677816,0.0,exact,exact,metro_other,Q1_lowest,Constrained Bayesian posterior estimate; not an observed or recovered true suppressed count.
38017,Cass County,38,North Dakota,26.0,26.0,26.0,26.0,2.275850599161437,2.2758505991614366,2.2758505991614366,2.2758505991614366,0.0,exact,exact,metro_other,Q1_lowest,Constrained Bayesian posterior estimate; not an observed or recovered true suppressed count.
38019,Cavalier County,38,North Dakota,0.0,0.0,0.0,0.0,0.0,0.0,0.0,0.0,0.0,zero,zero,nonmetro_nonadjacent,Q1_lowest,Constrained Bayesian posterior estimate; not an observed or recovered true suppressed count.
38021,Dickey County,38,North Dakota,0.0,0.0,0.0,0.0,0.0,0.0,0.0,0.0,0.0,zero,zero,nonmetro_nonadjacent,Q1_lowest,Constrained Bayesian posterior estimate; not an observed or recovered true suppressed count.
38023,Divide County,38,North Dakota,1.038888888888889,1.0,1.0,2.0,7.885304659498209,7.590132827324479,7.590132827324479,15.180265654648958,1.0,suppressed_1_9,suppressed_1_9,nonmetro_nonadjacent,Q2,Constrained Bayesian posterior estimate; not an observed or recovered true suppressed count.
38025,Dunn County,38,North Dakota,0.0,0.0,0.0,0.0,0.0,0.0,0.0,0.0,0.0,zero,zero,nonmetro_nonadjacent,Q2,Constrained Bayesian posterior estimate; not an observed or recovered true suppressed count.
38027,Eddy County,38,North Dakota,0.0,0.0,0.0,0.0,0.0,0.0,0.0,0.0,0.0,zero,zero,nonmetro_nonadjacent,Q2,Constrained Bayesian posterior estimate; not an observed or recovered true suppressed count.
38029,Emmons County,38,North Dakota,0.0,0.0,0.0,0.0,0.0,0.0,0.0,0.0,0.0,zero,zero,nonmetro_adjacent,Q1_lowest,Constrained Bayesian posterior estimate; not an observed or recovered true suppressed count.
38031,Foster County,38,North Dakota,1.0444444444444445,1.0,1.0,2.0,5.288594077899865,5.063547521393488,5.063547521393488,10.127095042786976,1.0,suppressed_1_9,suppressed_1_9,nonmetro_nonadjacent,Q1_lowest,Constrained Bayesian posterior estimate; not an observed or recovered true suppressed count.
38033,Golden Valley County,38,North Dakota,0.0,0.0,0.0,0.0,0.0,0.0,0.0,0.0,0.0,zero,zero,nonmetro_nonadjacent,Q1_lowest,Constrained Bayesian posterior estimate; not an observed or recovered true suppressed count.
38035,Grand Forks County,38,North Dakota,7.463888888888889,8.0,5.0,9.0,1.7336553144826223,1.8581791238220886,1.1613619523888055,2.0904515142998497,0.0,suppressed_1_9,suppressed_1_9,metro_other,Q2,Constrained Bayesian posterior estimate; not an observed or recovered true suppressed count.
38037,Grant County,38,North Dakota,0.0,0.0,0.0,0.0,0.0,0.0,0.0,0.0,0.0,zero,zero,nonmetro_adjacent,Q1_lowest,Constrained Bayesian posterior estimate; not an observed or recovered true suppressed count.
38039,Griggs County,38,North Dakota,0.0,0.0,0.0,0.0,0.0,0.0,0.0,0.0,0.0,zero,zero,nonmetro_nonadjacent,Q1_lowest,Constrained Bayesian posterior estimate; not an observed or recovered true suppressed count.
38041,Hettinger County,38,North Dakota,0.0,0.0,0.0,0.0,0.0,0.0,0.0,0.0,0.0,zero,zero,nonmetro_nonadjacent,Q1_lowest,Constrained Bayesian posterior estimate; not an observed or recovered true suppressed count.
38043,Kidder County,38,North Dakota,1.0194444444444444,1.0,1.0,1.0,7.073089880277836,6.938180808991882,6.938180808991882,6.938180808991882,1.0,suppressed_1_9,suppressed_1_9,nonmetro_adjacent,Q1_lowest,Constrained Bayesian posterior estimate; not an observed or recovered true suppressed count.
38045,LaMoure County,38,North Dakota,0.0,0.0,0.0,0.0,0.0,0.0,0.0,0.0,0.0,zero,zero,nonmetro_nonadjacent,Q1_lowest,Constrained Bayesian posterior estimate; not an observed or recovered true suppressed count.
38047,Logan County,38,North Dakota,0.0,0.0,0.0,0.0,0.0,0.0,0.0,0.0,0.0,zero,zero,nonmetro_nonadjacent,Q1_lowest,Constrained Bayesian posterior estimate; not an observed or recovered true suppressed count.
38049,McHenry County,38,North Dakota,0.0,0.0,0.0,0.0,0.0,0.0,0.0,0.0,0.0,zero,zero,metro_other,Q1_lowest,Constrained Bayesian posterior estimate; not an observed or recovered true suppressed count.
38051,McIntosh County,38,North Dakota,1.0,1.0,1.0,1.0,6.72314105149926,6.72314105149926,6.72314105149926,6.72314105149926,1.0,suppressed_1_9,suppressed_1_9,nonmetro_nonadjacent,Q1_lowest,Constrained Bayesian posterior estimate; not an observed or recovered true suppressed count.
38053,McKenzie County,38,North Dakota,1.475,1.0,1.0,3.0,1.6948763027566156,1.1490686798349936,1.1490686798349936,3.447206039504981,0.09444444444444444,suppressed_1_9,suppressed_1_9,nonmetro_nonadjacent,Q2,Constrained Bayesian posterior estimate; not an observed or recovered true suppressed count.
38055,McLean County,38,North Dakota,2.422222222222222,2.0,2.0,4.0,4.164541413307811,3.438612176125716,3.438612176125716,6.877224352251432,1.0,suppressed_1_9,suppressed_1_9,nonmetro_adjacent,Q1_lowest,Constrained Bayesian posterior estimate; not an observed or recovered true suppressed count.
38057,Mercer County,38,North Dakota,0.0,0.0,0.0,0.0,0.0,0.0,0.0,0.0,0.0,zero,zero,nonmetro_adjacent,Q2,Constrained Bayesian posterior estimate; not an observed or recovered true suppressed count.
38059,Morton County,38,North Dakota,11.0,11.0,11.0,11.0,5.5477942474417095,5.54779424744171,5.54779424744171,5.54779424744171,1.0,exact,exact,metro_other,Q1_lowest,Constrained Bayesian posterior estimate; not an observed or recovered true suppressed count.
38061,Mountrail County,38,North Dakota,2.1166666666666667,2.0,2.0,3.0,3.6016107991605697,3.4030968181044754,3.4030968181044754,5.104645227156713,1.0,suppressed_1_9,suppressed_1_9,nonmetro_adjacent,Q3,Constrained Bayesian posterior estimate; not an observed or recovered true suppressed count.
38063,Nelson County,38,North Dakota,0.0,0.0,0.0,0.0,0.0,0.0,0.0,0.0,0.0,zero,zero,nonmetro_adjacent,Q1_lowest,Constrained Bayesian posterior estimate; not an observed or recovered true suppressed count.
38065,Oliver County,38,North Dakota,0.0,0.0,0.0,0.0,0.0,0.0,0.0,0.0,0.0,zero,zero,metro_other,Q1_lowest,Constrained Bayesian posterior estimate; not an observed or recovered true suppressed count.
38067,Pembina County,38,North Dakota,0.0,0.0,0.0,0.0,0.0,0.0,0.0,0.0,0.0,zero,zero,nonmetro_nonadjacent,Q1_lowest,Constrained Bayesian posterior estimate; not an observed or recovered true suppressed count.
38069,Pierce County,38,North Dakota,1.1666666666666667,1.0,1.0,2.0,4.953367582332047,4.245743641998897,4.245743641998897,8.491487283997794,1.0,suppressed_1_9,suppressed_1_9,nonmetro_nonadjacent,Q1_lowest,Constrained Bayesian posterior estimate; not an observed or recovered true suppressed count.
38071,Ramsey County,38,North Dakota,0.0,0.0,0.0,0.0,0.0,0.0,0.0,0.0,0.0,zero,zero,nonmetro_nonadjacent,Q2,Constrained Bayesian posterior estimate; not an observed or recovered true suppressed count.
38073,Ransom County,38,North Dakota,3.147222222222222,3.0,3.0,4.0,9.566315761032929,9.11881820116113,9.11881820116113,12.158424268214839,1.0,suppressed_1_9,suppressed_1_9,nonmetro_adjacent,Q1_lowest,Constrained Bayesian posterior estimate; not an observed or recovered true suppressed count.
38075,Renville County,38,North Dakota,0.0,0.0,0.0,0.0,0.0,0.0,0.0,0.0,0.0,zero,zero,metro_other,Q1_lowest,Constrained Bayesian posterior estimate; not an observed or recovered true suppressed count.
38077,Richland County,38,North Dakota,1.0,1.0,1.0,1.0,1.0132841552756637,1.013284155275664,1.013284155275664,1.013284155275664,0.0,suppressed_1_9,suppressed_1_9,nonmetro_adjacent,Q1_lowest,Constrained Bayesian posterior estimate; not an observed or recovered true suppressed count.
38079,Rolette County,38,North Dakota,2.7944444444444443,2.0,2.0,5.0,3.689425212490355,2.640542895619339,2.640542895619339,6.601357239048348,0.48333333333333334,suppressed_1_9,suppressed_1_9,nonmetro_nonadjacent,Q4_highest,Constrained Bayesian posterior estimate; not an observed or recovered true suppressed count.
38081,Sargent County,38,North Dakota,0.0,0.0,0.0,0.0,0.0,0.0,0.0,0.0,0.0,zero,zero,nonmetro_nonadjacent,Q1_lowest,Constrained Bayesian posterior estimate; not an observed or recovered true suppressed count.
38083,Sheridan County,38,North Dakota,0.0,0.0,0.0,0.0,0.0,0.0,0.0,0.0,0.0,zero,zero,nonmetro_adjacent,Q1_lowest,Constrained Bayesian posterior estimate; not an observed or recovered true suppressed count.
38085,Sioux County,38,North Dakota,2.1694444444444443,2.0,2.0,3.0,9.347830250105327,8.617718028266115,8.617718028266115,12.926577042399174,1.0,suppressed_1_9,suppressed_1_9,nonmetro_nonadjacent,Q4_highest,Constrained Bayesian posterior estimate; not an observed or recovered true suppressed count.
38087,Slope County,38,North Dakota,0.0,0.0,0.0,0.0,0.0,0.0,0.0,0.0,0.0,zero,zero,nonmetro_nonadjacent,Q1_lowest,Constrained Bayesian posterior estimate; not an observed or recovered true suppressed count.
38089,Stark County,38,North Dakota,2.908333333333333,3.0,2.0,5.0,1.4822327436680205,1.5289506811475284,1.0193004540983523,2.5482511352458808,0.016666666666666666,suppressed_1_9,suppressed_1_9,nonmetro_nonadjacent,Q2,Constrained Bayesian posterior estimate; not an observed or recovered true suppressed count.
38091,Steele County,38,North Dakota,0.0,0.0,0.0,0.0,0.0,0.0,0.0,0.0,0.0,zero,zero,nonmetro_adjacent,Q1_lowest,Constrained Bayesian posterior estimate; not an observed or recovered true suppressed count.
38093,Stutsman County,38,North Dakota,3.2916666666666665,3.0,3.0,5.0,2.5877272286555093,2.358434942572109,2.358434942572109,3.930724904286848,0.2361111111111111,suppressed_1_9,suppressed_1_9,nonmetro_nonadjacent,Q2,Constrained Bayesian posterior estimate; not an observed or recovered true suppressed count.
38095,Towner County,38,North Dakota,1.0638888888888889,1.0,1.0,2.0,8.45564209894205,7.947862025115244,7.947862025115244,15.895724050230488,1.0,suppressed_1_9,suppressed_1_9,nonmetro_nonadjacent,Q1_lowest,Constrained Bayesian posterior estimate; not an observed or recovered true suppressed count.
38097,Traill County,38,North Dakota,1.0,1.0,1.0,1.0,2.0897331410778848,2.0897331410778843,2.0897331410778843,2.0897331410778843,0.0,suppressed_1_9,suppressed_1_9,nonmetro_adjacent,Q1_lowest,Constrained Bayesian posterior estimate; not an observed or recovered true suppressed count.
38099,Walsh County,38,North Dakota,1.3027777777777778,1.0,1.0,2.0,2.084311048537338,1.5998976065531807,1.5998976065531807,3.1997952131063614,0.2916666666666667,suppressed_1_9,suppressed_1_9,nonmetro_adjacent,Q2,Constrained Bayesian posterior estimate; not an observed or recovered true suppressed count.
38101,Ward County,38,North Dakota,7.455555555555556,8.0,5.0,9.0,1.814856016464071,1.9473864856246363,1.2171165535153976,2.190809796327716,0.0,suppressed_1_9,suppressed_1_9,metro_other,Q2,Constrained Bayesian posterior estimate; not an observed or recovered true suppressed count.
38103,Wells County,38,North Dakota,0.0,0.0,0.0,0.0,0.0,0.0,0.0,0.0,0.0,zero,zero,nonmetro_nonadjacent,Q1_lowest,Constrained Bayesian posterior estimate; not an observed or recovered true suppressed count.
38105,Williams County,38,North Dakota,7.652777777777778,8.0,6.0,9.0,3.2878688499547932,3.437046202493577,2.5777846518701826,3.866676977805274,0.8777777777777778,suppressed_1_9,suppressed_1_9,nonmetro_nonadjacent,Q3,Constrained Bayesian posterior estimate; not an observed or recovered true suppressed count.
39001,Adams County,39,Ohio,4.3805555555555555,4.0,3.0,7.0,2.6487338816901107,2.4186282749738486,1.8139712062303865,4.232599481204235,0.4388888888888889,suppressed_1_9,suppressed_1_9,nonmetro_adjacent,Q3,Constrained Bayesian posterior estimate; not an observed or recovered true suppressed count.
39003,Allen County,39,Ohio,20.0,20.0,20.0,20.0,3.2850431983180575,3.2850431983180575,3.2850431983180575,3.2850431983180575,1.0,exact,exact,metro_other,Q3,Constrained Bayesian posterior estimate; not an observed or recovered true suppressed count.
39005,Ashland County,39,Ohio,5.341666666666667,5.0,3.0,8.0,1.6906523016609014,1.5825138549087996,0.9495083129452797,2.5320221678540795,0.0,suppressed_1_9,suppressed_1_9,nonmetro_adjacent,Q2,Constrained Bayesian posterior estimate; not an observed or recovered true suppressed count.
39007,Ashtabula County,39,Ohio,23.0,23.0,23.0,23.0,3.952868063575868,3.9528680635758677,3.9528680635758677,3.9528680635758677,1.0,exact,exact,metro_large,Q4_highest,Constrained Bayesian posterior estimate; not an observed or recovered true suppressed count.
39009,Athens County,39,Ohio,6.488888888888889,6.0,4.0,9.0,1.7176960636818168,1.5882806068290771,1.0588537378860516,2.382420910243616,0.0,suppressed_1_9,suppressed_1_9,nonmetro_adjacent,Q3,Constrained Bayesian posterior estimate; not an observed or recovered true suppressed count.
39011,Auglaize County,39,Ohio,5.194444444444445,5.0,3.0,9.0,1.8861659511339792,1.8155608085781616,1.089336485146897,3.268009455440691,0.030555555555555555,suppressed_1_9,suppressed_1_9,nonmetro_adjacent,Q1_lowest,Constrained Bayesian posterior estimate; not an observed or recovered true suppressed count.
39013,Belmont County,39,Ohio,10.0,10.0,10.0,10.0,2.538676740135972,2.5386767401359718,2.5386767401359718,2.5386767401359718,0.0,exact,exact,metro_other,Q2,Constrained Bayesian posterior estimate; not an observed or recovered true suppressed count.
39015,Brown County,39,Ohio,6.641666666666667,7.0,4.0,9.0,2.5325031044611457,2.66913752540447,1.5252214430882682,3.4317482469486036,0.325,suppressed_1_9,suppressed_1_9,metro_large,Q2,Constrained Bayesian posterior estimate; not an observed or recovered true suppressed count.
39017,Butler County,39,Ohio,56.0,56.0,56.0,56.0,2.393140916256734,2.3931409162567343,2.3931409162567343,2.3931409162567343,0.0,exact,exact,metro_large,Q2,Constrained Bayesian posterior estimate; not an observed or recovered true suppressed count.
39019,Carroll County,39,Ohio,4.027777777777778,4.0,3.0,6.0,2.511412203454179,2.494092119292426,1.8705690894693197,3.7411381789386393,0.32222222222222224,suppressed_1_9,suppressed_1_9,metro_other,Q2,Constrained Bayesian posterior estimate; not an observed or recovered true suppressed count.
39021,Champaign County,39,Ohio,6.569444444444445,7.0,4.0,9.0,2.819443550329154,3.0042273770949124,1.7167013583399497,3.862578056264887,0.5638888888888889,suppressed_1_9,suppressed_1_9,nonmetro_adjacent,Q1_lowest,Constrained Bayesian posterior estimate; not an observed or recovered true suppressed count.
39023,Clark County,39,Ohio,45.0,45.0,45.0,45.0,5.57113409719772,5.57113409719772,5.57113409719772,5.57113409719772,1.0,exact,exact,metro_other,Q3,Constrained Bayesian posterior estimate; not an observed or recovered true suppressed count.
39025,Clermont County,39,Ohio,34.0,34.0,34.0,34.0,2.6975156674090113,2.697515667409012,2.697515667409012,2.697515667409012,0.0,exact,exact,metro_large,Q1_lowest,Constrained Bayesian posterior estimate; not an observed or recovered true suppressed count.
39027,Clinton County,39,Ohio,6.636111111111111,7.0,4.0,9.0,2.635322544064711,2.779829556736321,1.588474032420755,3.5740665729466987,0.30833333333333335,suppressed_1_9,suppressed_1_9,nonmetro_adjacent,Q2,Constrained Bayesian posterior estimate; not an observed or recovered true suppressed count.
39029,Columbiana County,39,Ohio,15.0,15.0,15.0,15.0,2.4800480137295464,2.480048013729546,2.480048013729546,2.480048013729546,0.0,exact,exact,nonmetro_adjacent,Q2,Constrained Bayesian posterior estimate; not an observed or recovered true suppressed count.
39031,Coshocton County,39,Ohio,6.022222222222222,6.0,4.0,9.0,2.7360057345064845,2.725909772386534,1.8172731815910228,4.088864658579801,0.3416666666666667,suppressed_1_9,suppressed_1_9,nonmetro_nonadjacent,Q3,Constrained Bayesian posterior estimate; not an observed or recovered true suppressed count.
39033,Crawford County,39,Ohio,7.180555555555555,7.0,5.0,9.0,2.88071456877096,2.808278805919852,2.005913432799894,3.610644179039809,0.4222222222222222,suppressed_1_9,suppressed_1_9,nonmetro_adjacent,Q2,Constrained Bayesian posterior estimate; not an observed or recovered true suppressed count.
39035,Cuyahoga County,39,Ohio,215.0,215.0,215.0,215.0,2.896767948003689,2.896767948003689,2.896767948003689,2.896767948003689,0.0,exact,exact,metro_large,Q3,Constrained Bayesian posterior estimate; not an observed or recovered true suppressed count.
39037,Darke County,39,Ohio,16.0,16.0,16.0,16.0,5.189396765059791,5.189396765059791,5.189396765059791,5.189396765059791,1.0,exact,exact,nonmetro_adjacent,Q1_lowest,Constrained Bayesian posterior estimate; not an observed or recovered true suppressed count.
39039,Defiance County,39,Ohio,6.013888888888889,6.0,4.0,9.0,2.624376028840256,2.618315114223997,1.7455434094826645,3.927472671335995,0.3388888888888889,suppressed_1_9,suppressed_1_9,nonmetro_adjacent,Q2,Constrained Bayesian posterior estimate; not an observed or recovered true suppressed count.
39041,Delaware County,39,Ohio,22.0,22.0,22.0,22.0,1.6425645210543178,1.6425645210543176,1.6425645210543176,1.6425645210543176,0.0,exact,exact,metro_large,Q1_lowest,Constrained Bayesian posterior estimate; not an observed or recovered true suppressed count.
39043,Erie County,39,Ohio,8.366666666666667,9.0,7.0,9.0,1.8792460854031245,2.021499773142803,1.5722776013332915,2.021499773142803,0.0,suppressed_1_9,suppressed_1_9,metro_other,Q2,Constrained Bayesian posterior estimate; not an observed or recovered true suppressed count.
39045,Fairfield County,39,Ohio,33.0,33.0,33.0,33.0,3.3868142086092807,3.386814208609282,3.386814208609282,3.386814208609282,1.0,exact,exact,metro_large,Q1_lowest,Constrained Bayesian posterior estimate; not an observed or recovered true suppressed count.
39047,Fayette County,39,Ohio,10.0,10.0,10.0,10.0,5.798849508257562,5.798849508257562,5.798849508257562,5.798849508257562,1.0,exact,exact,nonmetro_adjacent,Q2,Constrained Bayesian posterior estimate; not an observed or recovered true suppressed count.
39049,Franklin County,39,Ohio,218.0,218.0,218.0,218.0,2.736294053706675,2.7362940537066742,2.7362940537066742,2.7362940537066742,0.0,exact,exact,metro_large,Q3,Constrained Bayesian posterior estimate; not an observed or recovered true suppressed count.
39051,Fulton County,39,Ohio,6.7972222222222225,7.0,4.0,9.0,2.6901473545528463,2.7704010353384443,1.5830863059076825,3.561944188292285,0.4027777777777778,suppressed_1_9,suppressed_1_9,metro_other,Q1_lowest,Constrained Bayesian posterior estimate; not an observed or recovered true suppressed count.
39053,Gallia County,39,Ohio,4.708333333333333,4.0,3.0,8.0,2.6782633097835773,2.2753387410550747,1.706504055791306,4.550677482110149,0.24166666666666667,suppressed_1_9,suppressed_1_9,nonmetro_adjacent,Q3,Constrained Bayesian posterior estimate; not an observed or recovered true suppressed count.
39055,Geauga County,39,Ohio,6.116666666666666,6.0,3.0,9.0,1.0755089325852245,1.054995138230738,0.527497569115369,1.5824927073461068,0.0,suppressed_1_9,suppressed_1_9,metro_large,Q1_lowest,Constrained Bayesian posterior estimate; not an observed or recovered true suppressed count.
39057,Greene County,39,Ohio,27.0,27.0,27.0,27.0,2.6523505228568767,2.6523505228568762,2.6523505228568762,2.6523505228568762,0.0,exact,exact,metro_other,Q1_lowest,Constrained Bayesian posterior estimate; not an observed or recovered true suppressed count.
39059,Guernsey County,39,Ohio,6.847222222222222,7.0,4.0,9.0,2.972568439016884,3.038893495465537,1.7365105688374496,3.907148779884262,0.6166666666666667,suppressed_1_9,suppressed_1_9,nonmetro_adjacent,Q3,Constrained Bayesian posterior estimate; not an observed or recovered true suppressed count.
39061,Hamilton County,39,Ohio,133.0,133.0,133.0,133.0,2.686298323325694,2.686298323325694,2.686298323325694,2.686298323325694,0.0,exact,exact,metro_large,Q3,Constrained Bayesian posterior estimate; not an observed or recovered true suppressed count.
39063,Hancock County,39,Ohio,16.0,16.0,16.0,16.0,3.552184926747287,3.552184926747286,3.552184926747286,3.552184926747286,1.0,exact,exact,nonmetro_adjacent,Q1_lowest,Constrained Bayesian posterior estimate; not an observed or recovered true suppressed count.
39065,Hardin County,39,Ohio,3.7222222222222223,3.0,2.0,7.0,2.0159239942495017,1.624774562529449,1.0831830416862993,3.791140645902048,0.1638888888888889,suppressed_1_9,suppressed_1_9,nonmetro_adjacent,Q3,Constrained Bayesian posterior estimate; not an observed or recovered true suppressed count.
39067,Harrison County,39,Ohio,3.3472222222222223,3.0,2.0,8.0,3.8425235015752746,3.4439214785902883,2.2959476523935254,9.183790609574102,0.5972222222222222,suppressed_1_9,suppressed_1_9,nonmetro_adjacent,Q3,Constrained Bayesian posterior estimate; not an observed or recovered true suppressed count.
39069,Henry County,39,Ohio,6.25,6.0,4.0,9.0,3.8106038435274607,3.6581796897863623,2.438786459857575,5.487269534679544,0.9,suppressed_1_9,suppressed_1_9,nonmetro_adjacent,Q1_lowest,Constrained Bayesian posterior estimate; not an observed or recovered true suppressed count.
39071,Highland County,39,Ohio,5.063888888888889,5.0,2.0,9.0,1.9430982386981606,1.918583011331151,0.7674332045324606,3.4534494203960726,0.09166666666666666,suppressed_1_9,suppressed_1_9,nonmetro_adjacent,Q2,Constrained Bayesian posterior estimate; not an observed or recovered true suppressed count.
39073,Hocking County,39,Ohio,4.35,4.0,3.0,6.0,2.6003837807786807,2.391157499566603,1.793368124674952,3.586736249349904,0.41944444444444445,suppressed_1_9,suppressed_1_9,metro_large,Q2,Constrained Bayesian posterior estimate; not an observed or recovered true suppressed count.
39075,Holmes County,39,Ohio,7.430555555555555,7.0,5.0,9.0,2.7968170444617586,2.634758486745283,1.881970347675202,3.387546625815364,0.49722222222222223,suppressed_1_9,suppressed_1_9,nonmetro_nonadjacent,Q2,Constrained Bayesian posterior estimate; not an observed or recovered true suppressed count.
39077,Huron County,39,Ohio,7.808333333333334,8.0,5.0,9.0,2.236082593302157,2.290970426435508,1.4318565165221924,2.577341729739946,0.0,suppressed_1_9,suppressed_1_9,nonmetro_adjacent,Q2,Constrained Bayesian posterior estimate; not an observed or recovered true suppressed count.
39079,Jackson County,39,Ohio,1.6611111111111112,1.0,1.0,4.0,0.8504039845550709,0.5119488870231196,0.5119488870231196,2.0477955480924783,0.0,suppressed_1_9,suppressed_1_9,nonmetro_nonadjacent,Q3,Constrained Bayesian posterior estimate; not an observed or recovered true suppressed count.
39081,Jefferson County,39,Ohio,12.0,12.0,12.0,12.0,3.0983013562814183,3.098301356281419,3.098301356281419,3.098301356281419,1.0,exact,exact,metro_other,Q2,Constrained Bayesian posterior estimate; not an observed or recovered true suppressed count.
39083,Knox County,39,Ohio,13.0,13.0,13.0,13.0,3.43921712835952,3.4392171283595196,3.4392171283595196,3.4392171283595196,1.0,exact,exact,nonmetro_adjacent,Q2,Constrained Bayesian posterior estimate; not an observed or recovered true suppressed count.
39085,Lake County,39,Ohio,41.0,41.0,41.0,41.0,2.954778200655384,2.9547782006553844,2.9547782006553844,2.9547782006553844,1.0,exact,exact,metro_large,Q1_lowest,Constrained Bayesian posterior estimate; not an observed or recovered true suppressed count.
39087,Lawrence County,39,Ohio,7.225,7.0,4.0,9.0,2.0966398625648943,2.031346579647648,1.1607694740843706,2.6117313166898337,0.0,suppressed_1_9,suppressed_1_9,metro_other,Q2,Constrained Bayesian posterior estimate; not an observed or recovered true suppressed count.
39089,Licking County,39,Ohio,20.0,20.0,20.0,20.0,1.843622127521499,1.843622127521499,1.843622127521499,1.843622127521499,0.0,exact,exact,metro_large,Q1_lowest,Constrained Bayesian posterior estimate; not an observed or recovered true suppressed count.
39091,Logan County,39,Ohio,10.0,10.0,10.0,10.0,3.6335228821103494,3.6335228821103502,3.6335228821103502,3.6335228821103502,1.0,exact,exact,nonmetro_adjacent,Q1_lowest,Constrained Bayesian posterior estimate; not an observed or recovered true suppressed count.
39093,Lorain County,39,Ohio,35.0,35.0,35.0,35.0,1.8481282157430952,1.8481282157430952,1.8481282157430952,1.8481282157430952,0.0,exact,exact,metro_large,Q2,Constrained Bayesian posterior estimate; not an observed or recovered true suppressed count.
39095,Lucas County,39,Ohio,113.0,113.0,113.0,113.0,4.406744893538112,4.406744893538113,4.406744893538113,4.406744893538113,1.0,exact,exact,metro_other,Q3,Constrained Bayesian posterior estimate; not an observed or recovered true suppressed count.
39097,Madison County,39,Ohio,6.988888888888889,7.0,5.0,9.0,2.6141443913719105,2.6183004237906258,1.8702145884218755,3.366386259159376,0.4027777777777778,suppressed_1_9,suppressed_1_9,metro_large,Q1_lowest,Constrained Bayesian posterior estimate; not an observed or recovered true suppressed count.
39099,Mahoning County,39,Ohio,40.0,40.0,40.0,40.0,2.944341637848922,2.944341637848923,2.944341637848923,2.944341637848923,1.0,exact,exact,metro_other,Q3,Constrained Bayesian posterior estimate; not an observed or recovered true suppressed count.
39101,Marion County,39,Ohio,11.0,11.0,11.0,11.0,2.8228796965660945,2.822879696566095,2.822879696566095,2.822879696566095,0.0,exact,exact,nonmetro_adjacent,Q3,Constrained Bayesian posterior estimate; not an observed or recovered true suppressed count.
39103,Medina County,39,Ohio,16.0,16.0,16.0,16.0,1.45994859156022,1.4599485915602197,1.4599485915602197,1.4599485915602197,0.0,exact,exact,metro_large,Q1_lowest,Constrained Bayesian posterior estimate; not an observed or recovered true suppressed count.
39105,Meigs County,39,Ohio,4.461111111111111,4.0,3.0,7.024999999999977,3.35772808507471,3.010665281760637,2.2579989613204776,5.287480901092102,0.6833333333333333,suppressed_1_9,suppressed_1_9,nonmetro_adjacent,Q3,Constrained Bayesian posterior estimate; not an observed or recovered true suppressed count.
39107,Mercer County,39,Ohio,7.125,7.0,5.0,9.0,2.8252508029660177,2.77568499940521,1.9826321424322932,3.5687378563781276,0.41388888888888886,suppressed_1_9,suppressed_1_9,nonmetro_nonadjacent,Q1_lowest,Constrained Bayesian posterior estimate; not an observed or recovered true suppressed count.
39109,Miami County,39,Ohio,19.0,19.0,19.0,19.0,2.8926374764021676,2.892637476402168,2.892637476402168,2.892637476402168,0.0,exact,exact,metro_other,Q1_lowest,Constrained Bayesian posterior estimate; not an observed or recovered true suppressed count.
39111,Monroe County,39,Ohio,2.136111111111111,1.0,1.0,7.0,2.669905272177573,1.2498906345694751,1.2498906345694751,8.749234441986326,0.3,suppressed_1_9,suppressed_1_9,nonmetro_adjacent,Q2,Constrained Bayesian posterior estimate; not an observed or recovered true suppressed count.
39113,Montgomery County,39,Ohio,148.0,148.0,148.0,148.0,4.618839622653285,4.618839622653286,4.618839622653286,4.618839622653286,1.0,exact,exact,metro_other,Q3,Constrained Bayesian posterior estimate; not an observed or recovered true suppressed count.
39115,Morgan County,39,Ohio,4.458333333333333,4.0,3.0,8.0,5.349507845278235,4.799558440623462,3.599668830467597,9.599116881246925,1.0,suppressed_1_9,suppressed_1_9,nonmetro_adjacent,Q3,Constrained Bayesian posterior estimate; not an observed or recovered true suppressed count.
39117,Morrow County,39,Ohio,2.125,1.0,1.0,7.0,0.9988202170612596,0.47003304332294565,0.47003304332294565,3.2902313032606196,0.041666666666666664,suppressed_1_9,suppressed_1_9,metro_large,Q1_lowest,Constrained Bayesian posterior estimate; not an observed or recovered true suppressed count.
39119,Muskingum County,39,Ohio,16.0,16.0,16.0,16.0,3.090933326636311,3.0909333266363115,3.0909333266363115,3.0909333266363115,1.0,exact,exact,nonmetro_adjacent,Q3,Constrained Bayesian posterior estimate; not an observed or recovered true suppressed count.
39121,Noble County,39,Ohio,0.0,0.0,0.0,0.0,0.0,0.0,0.0,0.0,0.0,zero,zero,nonmetro_nonadjacent,Q3,Constrained Bayesian posterior estimate; not an observed or recovered true suppressed count.
39123,Ottawa County,39,Ohio,8.061111111111112,8.0,6.0,9.0,3.353835414745318,3.328410060119406,2.496307545089555,3.744461317634333,0.6972222222222222,suppressed_1_9,suppressed_1_9,metro_other,Q1_lowest,Constrained Bayesian posterior estimate; not an observed or recovered true suppressed count.
39125,Paulding County,39,Ohio,3.725,3.0,3.0,7.0,3.3137916003167005,2.6688254499194906,2.6688254499194906,6.227259383145478,0.41388888888888886,suppressed_1_9,suppressed_1_9,nonmetro_adjacent,Q1_lowest,Constrained Bayesian posterior estimate; not an observed or recovered true suppressed count.
39127,Perry County,39,Ohio,6.408333333333333,6.0,4.0,9.0,2.9872616017626785,2.796915934030076,1.8646106226867174,4.195373901045114,0.4722222222222222,suppressed_1_9,suppressed_1_9,metro_large,Q2,Constrained Bayesian posterior estimate; not an observed or recovered true suppressed count.
39129,Pickaway County,39,Ohio,11.0,11.0,11.0,11.0,3.057976453581308,3.0579764535813077,3.0579764535813077,3.0579764535813077,1.0,exact,exact,metro_large,Q2,Constrained Bayesian posterior estimate; not an observed or recovered true suppressed count.
39131,Pike County,39,Ohio,4.2972222222222225,4.0,3.0,7.0,2.6262305256603264,2.444584328992159,1.8334382467441193,4.278022575736278,0.36944444444444446,suppressed_1_9,suppressed_1_9,nonmetro_nonadjacent,Q3,Constrained Bayesian posterior estimate; not an observed or recovered true suppressed count.
39133,Portage County,39,Ohio,21.0,21.0,21.0,21.0,2.1523450311577577,2.1523450311577568,2.1523450311577568,2.1523450311577568,0.0,exact,exact,metro_other,Q2,Constrained Bayesian posterior estimate; not an observed or recovered true suppressed count.
39135,Preble County,39,Ohio,19.0,19.0,19.0,19.0,7.769753576131318,7.7697535761313175,7.7697535761313175,7.7697535761313175,1.0,exact,exact,nonmetro_adjacent,Q1_lowest,Constrained Bayesian posterior estimate; not an observed or recovered true suppressed count.
39137,Putnam County,39,Ohio,5.083333333333333,5.0,3.0,9.0,2.4848627052252183,2.444127251041198,1.466476350624719,4.399429051874157,0.37222222222222223,suppressed_1_9,suppressed_1_9,nonmetro_adjacent,Q1_lowest,Constrained Bayesian posterior estimate; not an observed or recovered true suppressed count.
39139,Richland County,39,Ohio,11.0,11.0,11.0,11.0,1.4815293692994793,1.481529369299479,1.481529369299479,1.481529369299479,0.0,exact,exact,metro_other,Q3,Constrained Bayesian posterior estimate; not an observed or recovered true suppressed count.
39141,Ross County,39,Ohio,15.0,15.0,15.0,15.0,3.267048548341428,3.267048548341428,3.267048548341428,3.267048548341428,1.0,exact,exact,nonmetro_adjacent,Q3,Constrained Bayesian posterior estimate; not an observed or recovered true suppressed count.
39143,Sandusky County,39,Ohio,21.0,21.0,21.0,21.0,5.968859606737421,5.968859606737421,5.968859606737421,5.968859606737421,1.0,exact,exact,nonmetro_adjacent,Q2,Constrained Bayesian posterior estimate; not an observed or recovered true suppressed count.
39145,Scioto County,39,Ohio,27.0,27.0,27.0,27.0,6.1507900348089155,6.1507900348089155,6.1507900348089155,6.1507900348089155,1.0,exact,exact,nonmetro_adjacent,Q3,Constrained Bayesian posterior estimate; not an observed or recovered true suppressed count.
39147,Seneca County,39,Ohio,6.883333333333334,7.0,5.0,9.0,2.0927647093996047,2.128235297694513,1.520168069781795,2.7363025256072313,0.0,suppressed_1_9,suppressed_1_9,nonmetro_adjacent,Q1_lowest,Constrained Bayesian posterior estimate; not an observed or recovered true suppressed count.
39149,Shelby County,39,Ohio,12.0,12.0,12.0,12.0,4.162446408502491,4.162446408502491,4.162446408502491,4.162446408502491,1.0,exact,exact,nonmetro_adjacent,Q1_lowest,Constrained Bayesian posterior estimate; not an observed or recovered true suppressed count.
39151,Stark County,39,Ohio,53.0,53.0,53.0,53.0,2.3727702674873172,2.372770267487317,2.372770267487317,2.372770267487317,0.0,exact,exact,metro_other,Q2,Constrained Bayesian posterior estimate; not an observed or recovered true suppressed count.
39153,Summit County,39,Ohio,86.0,86.0,86.0,86.0,2.6646035612116763,2.664603561211676,2.664603561211676,2.664603561211676,0.0,exact,exact,metro_other,Q2,Constrained Bayesian posterior estimate; not an observed or recovered true suppressed count.
39155,Trumbull County,39,Ohio,34.0,34.0,34.0,34.0,2.839426268868614,2.8394262688686136,2.8394262688686136,2.8394262688686136,0.0,exact,exact,metro_other,Q3,Constrained Bayesian posterior estimate; not an observed or recovered true suppressed count.
39157,Tuscarawas County,39,Ohio,12.0,12.0,12.0,12.0,2.1734326833562148,2.1734326833562148,2.1734326833562148,2.1734326833562148,0.0,exact,exact,nonmetro_adjacent,Q2,Constrained Bayesian posterior estimate; not an observed or recovered true suppressed count.
39159,Union County,39,Ohio,10.0,10.0,10.0,10.0,2.5494855138233103,2.549485513823311,2.549485513823311,2.549485513823311,0.0,exact,exact,metro_large,Q1_lowest,Constrained Bayesian posterior estimate; not an observed or recovered true suppressed count.
39161,Van Wert County,39,Ohio,3.9444444444444446,4.0,2.0,7.0,2.2996189758080083,2.3320079754672762,1.1660039877336381,4.081013957067733,0.1527777777777778,suppressed_1_9,suppressed_1_9,nonmetro_adjacent,Q1_lowest,Constrained Bayesian posterior estimate; not an observed or recovered true suppressed count.
39163,Vinton County,39,Ohio,2.5444444444444443,2.0,2.0,5.0,3.3331732245758214,2.619961486566148,2.619961486566148,6.549903716415369,0.38055555555555554,suppressed_1_9,suppressed_1_9,nonmetro_adjacent,Q2,Constrained Bayesian posterior estimate; not an observed or recovered true suppressed count.
39165,Warren County,39,Ohio,42.0,42.0,42.0,42.0,2.8425395519074788,2.842539551907479,2.842539551907479,2.842539551907479,0.0,exact,exact,metro_large,Q1_lowest,Constrained Bayesian posterior estimate; not an observed or recovered true suppressed count.
39167,Washington County,39,Ohio,12.0,12.0,12.0,12.0,3.3822252787517337,3.3822252787517333,3.3822252787517333,3.3822252787517333,1.0,exact,exact,nonmetro_adjacent,Q2,Constrained Bayesian posterior estimate; not an observed or recovered true suppressed count.
39169,Wayne County,39,Ohio,13.0,13.0,13.0,13.0,1.8629579473069513,1.8629579473069509,1.8629579473069509,1.8629579473069509,0.0,exact,exact,nonmetro_adjacent,Q2,Constrained Bayesian posterior estimate; not an observed or recovered true suppressed count.
39171,Williams County,39,Ohio,12.0,12.0,12.0,12.0,5.460253901806433,5.460253901806434,5.460253901806434,5.460253901806434,1.0,exact,exact,nonmetro_nonadjacent,Q1_lowest,Constrained Bayesian posterior estimate; not an observed or recovered true suppressed count.
39173,Wood County,39,Ohio,21.0,21.0,21.0,21.0,2.6524495371475565,2.652449537147556,2.652449537147556,2.652449537147556,0.0,exact,exact,metro_other,Q1_lowest,Constrained Bayesian posterior estimate; not an observed or recovered true suppressed count.
39175,Wyandot County,39,Ohio,4.566666666666666,4.0,3.0,7.0,3.523417869643827,3.0862054332646656,2.314654074948499,5.4008595082131645,0.7361111111111112,suppressed_1_9,suppressed_1_9,nonmetro_nonadjacent,Q1_lowest,Constrained Bayesian posterior estimate; not an observed or recovered true suppressed count.
40001,Adair County,40,Oklahoma,4.491666666666666,4.0,3.0,7.0,3.664064433150878,3.2629887345313944,2.4472415508985454,5.710230285429939,0.725,suppressed_1_9,suppressed_1_9,nonmetro_adjacent,Q4_highest,Constrained Bayesian posterior estimate; not an observed or recovered true suppressed count.
40003,Alfalfa County,40,Oklahoma,0.0,0.0,0.0,0.0,0.0,0.0,0.0,0.0,0.0,zero,zero,nonmetro_adjacent,Q2,Constrained Bayesian posterior estimate; not an observed or recovered true suppressed count.
40005,Atoka County,40,Oklahoma,3.7083333333333335,3.0,3.0,6.024999999999977,4.343276997614614,3.5136622902050805,3.5136622902050805,7.056605099495177,1.0,suppressed_1_9,suppressed_1_9,nonmetro_nonadjacent,Q4_highest,Constrained Bayesian posterior estimate; not an observed or recovered true suppressed count.
40007,Beaver County,40,Oklahoma,0.0,0.0,0.0,0.0,0.0,0.0,0.0,0.0,0.0,zero,zero,nonmetro_nonadjacent,Q2,Constrained Bayesian posterior estimate; not an observed or recovered true suppressed count.
40009,Beckham County,40,Oklahoma,10.0,10.0,10.0,10.0,7.594629078315817,7.5946290783158155,7.5946290783158155,7.5946290783158155,1.0,exact,exact,nonmetro_nonadjacent,Q4_highest,Constrained Bayesian posterior estimate; not an observed or recovered true suppressed count.
40011,Blaine County,40,Oklahoma,4.075,4.0,3.0,7.0,7.694631696217828,7.553012707943881,5.664759530957911,13.21777223890179,1.0,suppressed_1_9,suppressed_1_9,nonmetro_adjacent,Q4_highest,Constrained Bayesian posterior estimate; not an observed or recovered true suppressed count.
40013,Bryan County,40,Oklahoma,19.0,19.0,19.0,19.0,6.516847766436173,6.516847766436175,6.516847766436175,6.516847766436175,1.0,exact,exact,nonmetro_adjacent,Q4_highest,Constrained Bayesian posterior estimate; not an observed or recovered true suppressed count.
40015,Caddo County,40,Oklahoma,11.0,11.0,11.0,11.0,6.766607407589674,6.766607407589673,6.766607407589673,6.766607407589673,1.0,exact,exact,nonmetro_adjacent,Q4_highest,Constrained Bayesian posterior estimate; not an observed or recovered true suppressed count.
40017,Canadian County,40,Oklahoma,19.0,19.0,19.0,19.0,1.9192442622172523,1.9192442622172525,1.9192442622172525,1.9192442622172525,0.0,exact,exact,metro_large,Q2,Constrained Bayesian posterior estimate; not an observed or recovered true suppressed count.
40019,Carter County,40,Oklahoma,13.0,13.0,13.0,13.0,4.467415359661302,4.4674153596613015,4.4674153596613015,4.4674153596613015,1.0,exact,exact,nonmetro_nonadjacent,Q4_highest,Constrained Bayesian posterior estimate; not an observed or recovered true suppressed count.
40021,Cherokee County,40,Oklahoma,7.638888888888889,8.0,4.0,9.0,2.631241544146492,2.755627508051599,1.3778137540257995,3.100080946558049,0.34444444444444444,suppressed_1_9,suppressed_1_9,nonmetro_adjacent,Q4_highest,Constrained Bayesian posterior estimate; not an observed or recovered true suppressed count.
40023,Choctaw County,40,Oklahoma,5.113888888888889,5.0,3.0,8.0,5.916593070805004,5.784827554290606,3.4708965325743635,9.255724086864971,1.0,suppressed_1_9,suppressed_1_9,nonmetro_nonadjacent,Q4_highest,Constrained Bayesian posterior estimate; not an observed or recovered true suppressed count.
40025,Cimarron County,40,Oklahoma,0.0,0.0,0.0,0.0,0.0,0.0,0.0,0.0,0.0,zero,zero,nonmetro_nonadjacent,Q2,Constrained Bayesian posterior estimate; not an observed or recovered true suppressed count.
40027,Cleveland County,40,Oklahoma,43.0,43.0,43.0,43.0,2.4247085697659143,2.424708569765914,2.424708569765914,2.424708569765914,0.0,exact,exact,metro_large,Q3,Constrained Bayesian posterior estimate; not an observed or recovered true suppressed count.
40029,Coal County,40,Oklahoma,2.352777777777778,2.0,2.0,3.0,7.272658581737127,6.182189113164972,6.182189113164972,9.273283669747457,1.0,suppressed_1_9,suppressed_1_9,nonmetro_nonadjacent,Q4_highest,Constrained Bayesian posterior estimate; not an observed or recovered true suppressed count.
40031,Comanche County,40,Oklahoma,26.0,26.0,26.0,26.0,3.5620000356200006,3.56200003562,3.56200003562,3.56200003562,1.0,exact,exact,metro_other,Q4_highest,Constrained Bayesian posterior estimate; not an observed or recovered true suppressed count.
40033,Cotton County,40,Oklahoma,3.3222222222222224,3.0,3.0,4.0,9.997960282350423,9.028258448945198,9.028258448945198,12.03767793192693,1.0,suppressed_1_9,suppressed_1_9,metro_other,Q2,Constrained Bayesian posterior estimate; not an observed or recovered true suppressed count.
40035,Craig County,40,Oklahoma,4.944444444444445,5.0,3.0,8.0,5.777975137827429,5.8428962067917825,3.5057377240750696,9.348633930866852,1.0,suppressed_1_9,suppressed_1_9,nonmetro_adjacent,Q4_highest,Constrained Bayesian posterior estimate; not an observed or recovered true suppressed count.
40037,Creek County,40,Oklahoma,13.0,13.0,13.0,13.0,2.9882447050602474,2.9882447050602474,2.9882447050602474,2.9882447050602474,1.0,exact,exact,metro_large,Q3,Constrained Bayesian posterior estimate; not an observed or recovered true suppressed count.
40039,Custer County,40,Oklahoma,6.825,7.0,4.0,9.0,4.009234456506415,4.11203534000658,2.3497344800037596,5.286902580008459,0.95,suppressed_1_9,suppressed_1_9,nonmetro_nonadjacent,Q4_highest,Constrained Bayesian posterior estimate; not an observed or recovered true suppressed count.
40041,Delaware County,40,Oklahoma,17.0,17.0,17.0,17.0,6.745175215845608,6.745175215845607,6.745175215845607,6.745175215845607,1.0,exact,exact,nonmetro_adjacent,Q4_highest,Constrained Bayesian posterior estimate; not an observed or recovered true suppressed count.
40043,Dewey County,40,Oklahoma,2.272222222222222,2.0,2.0,4.0,8.391396049273292,7.3860698722209905,7.3860698722209905,14.772139744441981,1.0,suppressed_1_9,suppressed_1_9,nonmetro_nonadjacent,Q2,Constrained Bayesian posterior estimate; not an observed or recovered true suppressed count.
40045,Ellis County,40,Oklahoma,0.0,0.0,0.0,0.0,0.0,0.0,0.0,0.0,0.0,zero,zero,nonmetro_nonadjacent,Q3,Constrained Bayesian posterior estimate; not an observed or recovered true suppressed count.
40047,Garfield County,40,Oklahoma,30.0,30.0,30.0,30.0,8.112471302132771,8.112471302132768,8.112471302132768,8.112471302132768,1.0,exact,exact,metro_other,Q4_highest,Constrained Bayesian posterior estimate; not an observed or recovered true suppressed count.
40049,Garvin County,40,Oklahoma,10.0,10.0,10.0,10.0,6.291959504948626,6.291959504948626,6.291959504948626,6.291959504948626,1.0,exact,exact,nonmetro_adjacent,Q3,Constrained Bayesian posterior estimate; not an observed or recovered true suppressed count.
40051,Grady County,40,Oklahoma,12.0,12.0,12.0,12.0,3.5332151669149736,3.533215166914973,3.533215166914973,3.533215166914973,1.0,exact,exact,metro_large,Q2,Constrained Bayesian posterior estimate; not an observed or recovered true suppressed count.
40053,Grant County,40,Oklahoma,0.0,0.0,0.0,0.0,0.0,0.0,0.0,0.0,0.0,zero,zero,nonmetro_adjacent,Q1_lowest,Constrained Bayesian posterior estimate; not an observed or recovered true suppressed count.
40055,Greer County,40,Oklahoma,0.0,0.0,0.0,0.0,0.0,0.0,0.0,0.0,0.0,zero,zero,nonmetro_nonadjacent,Q3,Constrained Bayesian posterior estimate; not an observed or recovered true suppressed count.
40057,Harmon County,40,Oklahoma,0.0,0.0,0.0,0.0,0.0,0.0,0.0,0.0,0.0,zero,zero,nonmetro_nonadjacent,Q4_highest,Constrained Bayesian posterior estimate; not an observed or recovered true suppressed count.
40059,Harper County,40,Oklahoma,1.0305555555555554,1.0,1.0,2.0,5.150974936549987,4.9982506122857,4.9982506122857,9.9965012245714,1.0,suppressed_1_9,suppressed_1_9,nonmetro_nonadjacent,Q2,Constrained Bayesian posterior estimate; not an observed or recovered true suppressed count.
40061,Haskell County,40,Oklahoma,5.461111111111111,5.0,4.0,8.024999999999977,7.567534277158057,6.928566479595371,5.542853183676297,11.12034919975054,1.0,suppressed_1_9,suppressed_1_9,nonmetro_adjacent,Q4_highest,Constrained Bayesian posterior estimate; not an observed or recovered true suppressed count.
40063,Hughes County,40,Oklahoma,5.488888888888889,5.0,4.0,8.024999999999977,6.859053395092582,6.248125562331301,4.99850044986504,10.02824152754171,1.0,suppressed_1_9,suppressed_1_9,nonmetro_nonadjacent,Q4_highest,Constrained Bayesian posterior estimate; not an observed or recovered true suppressed count.
40065,Jackson County,40,Oklahoma,5.213888888888889,5.0,3.0,9.0,3.5377660769510304,3.392636621476747,2.0355819728860483,6.106745918658145,0.5972222222222222,suppressed_1_9,suppressed_1_9,nonmetro_nonadjacent,Q3,Constrained Bayesian posterior estimate; not an observed or recovered true suppressed count.
40067,Jefferson County,40,Oklahoma,1.0777777777777777,1.0,1.0,2.0,3.2173431379377817,2.9851637362309322,2.9851637362309322,5.9703274724618645,1.0,suppressed_1_9,suppressed_1_9,nonmetro_adjacent,Q4_highest,Constrained Bayesian posterior estimate; not an observed or recovered true suppressed count.
40069,Johnston County,40,Oklahoma,3.9583333333333335,4.0,3.0,6.0,6.27062706270627,6.336633663366337,4.752475247524752,9.504950495049505,1.0,suppressed_1_9,suppressed_1_9,nonmetro_nonadjacent,Q4_highest,Constrained Bayesian posterior estimate; not an observed or recovered true suppressed count.
40071,Kay County,40,Oklahoma,13.0,13.0,13.0,13.0,4.97531478433924,4.97531478433924,4.97531478433924,4.97531478433924,1.0,exact,exact,nonmetro_adjacent,Q4_highest,Constrained Bayesian posterior estimate; not an observed or recovered true suppressed count.
40073,Kingfisher County,40,Oklahoma,2.8694444444444445,3.0,2.0,6.0,3.0732303488785844,3.213057867172188,2.142038578114792,6.426115734344376,0.5111111111111111,suppressed_1_9,suppressed_1_9,nonmetro_adjacent,Q2,Constrained Bayesian posterior estimate; not an observed or recovered true suppressed count.
40075,Kiowa County,40,Oklahoma,5.355555555555555,5.0,4.0,8.0,10.530202236684863,9.831101673253505,7.864881338602804,15.729762677205608,1.0,suppressed_1_9,suppressed_1_9,nonmetro_adjacent,Q3,Constrained Bayesian posterior estimate; not an observed or recovered true suppressed count.
40077,Latimer County,40,Oklahoma,1.3916666666666666,1.0,1.0,3.0,2.38720117101509,1.7153541348611423,1.7153541348611423,5.146062404583426,0.28888888888888886,suppressed_1_9,suppressed_1_9,nonmetro_nonadjacent,Q4_highest,Constrained Bayesian posterior estimate; not an observed or recovered true suppressed count.
40079,Le Flore County,40,Oklahoma,17.0,17.0,17.0,17.0,5.731219300049559,5.731219300049558,5.731219300049558,5.731219300049558,1.0,exact,exact,nonmetro_adjacent,Q4_highest,Constrained Bayesian posterior estimate; not an observed or recovered true suppressed count.
40081,Lincoln County,40,Oklahoma,7.177777777777778,7.0,5.0,9.0,3.459620180832098,3.3739329936907456,2.4099521383505325,4.337913849030959,0.6472222222222223,suppressed_1_9,suppressed_1_9,metro_large,Q2,Constrained Bayesian posterior estimate; not an observed or recovered true suppressed count.
40083,Logan County,40,Oklahoma,4.522222222222222,5.0,2.0,9.0,1.4754636200336784,1.6313479828382191,0.6525391931352877,2.9364263691087946,0.027777777777777776,suppressed_1_9,suppressed_1_9,metro_large,Q2,Constrained Bayesian posterior estimate; not an observed or recovered true suppressed count.
40085,Love County,40,Oklahoma,5.411111111111111,5.0,4.0,9.0,8.779140617676537,8.112142254526576,6.48971380362126,14.601856058147835,1.0,suppressed_1_9,suppressed_1_9,nonmetro_nonadjacent,Q4_highest,Constrained Bayesian posterior estimate; not an observed or recovered true suppressed count.
40087,McClain County,40,Oklahoma,3.9,4.0,2.0,8.0,1.4653390944955849,1.5029118917903437,0.7514559458951718,3.0058237835806874,0.06111111111111111,suppressed_1_9,suppressed_1_9,metro_large,Q2,Constrained Bayesian posterior estimate; not an observed or recovered true suppressed count.
40089,McCurtain County,40,Oklahoma,14.0,14.0,14.0,14.0,7.411956544757629,7.411956544757629,7.411956544757629,7.411956544757629,1.0,exact,exact,nonmetro_nonadjacent,Q4_highest,Constrained Bayesian posterior estimate; not an observed or recovered true suppressed count.
40091,McIntosh County,40,Oklahoma,7.288888888888889,7.0,5.0,9.0,6.2170666060123585,5.970658478335039,4.2647560559536,7.6765609007164795,1.0,suppressed_1_9,suppressed_1_9,nonmetro_adjacent,Q4_highest,Constrained Bayesian posterior estimate; not an observed or recovered true suppressed count.
40093,Major County,40,Oklahoma,2.488888888888889,2.0,2.0,4.0,5.466721333880006,4.392901071867861,4.392901071867861,8.785802143735722,1.0,suppressed_1_9,suppressed_1_9,nonmetro_adjacent,Q2,Constrained Bayesian posterior estimate; not an observed or recovered true suppressed count.
40095,Marshall County,40,Oklahoma,1.55,1.0,1.0,3.0,1.5874966713779473,1.024191400888998,1.024191400888998,3.072574202666994,0.05,suppressed_1_9,suppressed_1_9,nonmetro_nonadjacent,Q4_highest,Constrained Bayesian posterior estimate; not an observed or recovered true suppressed count.
40097,Mayes County,40,Oklahoma,5.688888888888889,6.0,4.0,9.0,2.3602116261627617,2.4892856994685375,1.6595237996456915,3.7339285492028065,0.08055555555555556,suppressed_1_9,suppressed_1_9,nonmetro_adjacent,Q3,Constrained Bayesian posterior estimate; not an observed or recovered true suppressed count.
40099,Murray County,40,Oklahoma,3.2666666666666666,3.0,2.0,6.0,3.9392550788252985,3.617683235655886,2.411788823770591,7.235366471311772,0.6,suppressed_1_9,suppressed_1_9,nonmetro_nonadjacent,Q3,Constrained Bayesian posterior estimate; not an observed or recovered true suppressed count.
40101,Muskogee County,40,Oklahoma,23.0,23.0,23.0,23.0,5.728004462862608,5.728004462862608,5.728004462862608,5.728004462862608,1.0,exact,exact,nonmetro_adjacent,Q4_highest,Constrained Bayesian posterior estimate; not an observed or recovered true suppressed count.
40103,Noble County,40,Oklahoma,4.163888888888889,4.0,3.0,7.0,6.328002445082733,6.078934970593152,4.559201227944865,10.638136198538016,1.0,suppressed_1_9,suppressed_1_9,nonmetro_adjacent,Q2,Constrained Bayesian posterior estimate; not an observed or recovered true suppressed count.
40105,Nowata County,40,Oklahoma,1.2,1.0,1.0,2.0,2.0712152855688077,1.7260127379740065,1.7260127379740065,3.452025475948013,0.19722222222222222,suppressed_1_9,suppressed_1_9,nonmetro_adjacent,Q3,Constrained Bayesian posterior estimate; not an observed or recovered true suppressed count.
40107,Okfuskee County,40,Oklahoma,6.816666666666666,7.0,5.0,9.0,9.914718872873426,10.181373903684202,7.272409931203002,13.090337876165405,1.0,suppressed_1_9,suppressed_1_9,nonmetro_adjacent,Q4_highest,Constrained Bayesian posterior estimate; not an observed or recovered true suppressed count.
40109,Oklahoma County,40,Oklahoma,175.0,175.0,175.0,175.0,3.62471558928037,3.62471558928037,3.62471558928037,3.62471558928037,1.0,exact,exact,metro_large,Q4_highest,Constrained Bayesian posterior estimate; not an observed or recovered true suppressed count.
40111,Okmulgee County,40,Oklahoma,7.688888888888889,8.0,5.0,9.0,3.4225927722952,3.5610791850470287,2.225674490654393,4.006214083177907,0.7888888888888889,suppressed_1_9,suppressed_1_9,metro_large,Q4_highest,Constrained Bayesian posterior estimate; not an observed or recovered true suppressed count.
40113,Osage County,40,Oklahoma,12.0,12.0,12.0,12.0,4.319016991732681,4.319016991732681,4.319016991732681,4.319016991732681,1.0,exact,exact,metro_large,Q3,Constrained Bayesian posterior estimate; not an observed or recovered true suppressed count.
40115,Ottawa County,40,Oklahoma,6.269444444444445,6.0,4.0,9.0,3.4189199424373253,3.271983640081799,2.1813224267212,4.9079754601226995,0.6194444444444445,suppressed_1_9,suppressed_1_9,nonmetro_adjacent,Q4_highest,Constrained Bayesian posterior estimate; not an observed or recovered true suppressed count.
40117,Pawnee County,40,Oklahoma,3.986111111111111,4.0,3.0,6.0,4.142274873855461,4.156707887353216,3.1175309155149127,6.235061831029825,1.0,suppressed_1_9,suppressed_1_9,metro_large,Q2,Constrained Bayesian posterior estimate; not an observed or recovered true suppressed count.
40119,Payne County,40,Oklahoma,14.0,14.0,14.0,14.0,2.8233035474809074,2.8233035474809074,2.8233035474809074,2.8233035474809074,0.0,exact,exact,nonmetro_adjacent,Q3,Constrained Bayesian posterior estimate; not an observed or recovered true suppressed count.
40121,Pittsburg County,40,Oklahoma,7.191666666666666,7.0,4.0,9.0,2.7506537185140996,2.6773454502338856,1.5299116858479345,3.4423012931578523,0.4861111111111111,suppressed_1_9,suppressed_1_9,nonmetro_nonadjacent,Q4_highest,Constrained Bayesian posterior estimate; not an observed or recovered true suppressed count.
40123,Pontotoc County,40,Oklahoma,15.0,15.0,15.0,15.0,6.530512732322991,6.530512732322991,6.530512732322991,6.530512732322991,1.0,exact,exact,nonmetro_nonadjacent,Q3,Constrained Bayesian posterior estimate; not an observed or recovered true suppressed count.
40125,Pottawatomie County,40,Oklahoma,22.0,22.0,22.0,22.0,4.99569688836207,4.99569688836207,4.99569688836207,4.99569688836207,1.0,exact,exact,nonmetro_adjacent,Q3,Constrained Bayesian posterior estimate; not an observed or recovered true suppressed count.
40127,Pushmataha County,40,Oklahoma,5.288888888888889,5.0,4.0,8.0,8.105576841209025,7.662835249042145,6.130268199233716,12.260536398467432,1.0,suppressed_1_9,suppressed_1_9,nonmetro_nonadjacent,Q4_highest,Constrained Bayesian posterior estimate; not an observed or recovered true suppressed count.
40129,Roger Mills County,40,Oklahoma,0.0,0.0,0.0,0.0,0.0,0.0,0.0,0.0,0.0,zero,zero,nonmetro_nonadjacent,Q2,Constrained Bayesian posterior estimate; not an observed or recovered true suppressed count.
40131,Rogers County,40,Oklahoma,11.0,11.0,11.0,11.0,1.8875565408982025,1.8875565408982022,1.8875565408982022,1.8875565408982022,0.0,exact,exact,metro_large,Q2,Constrained Bayesian posterior estimate; not an observed or recovered true suppressed count.
40133,Seminole County,40,Oklahoma,6.622222222222222,7.0,3.0,9.0,4.652397233540975,4.917802444850358,2.107629619221582,6.322888857664747,0.9111111111111111,suppressed_1_9,suppressed_1_9,nonmetro_nonadjacent,Q4_highest,Constrained Bayesian posterior estimate; not an observed or recovered true suppressed count.
40135,Sequoyah County,40,Oklahoma,7.325,7.0,4.0,9.0,3.0128162942976537,2.879141851205949,1.645223914974828,3.7017538086933635,0.4722222222222222,suppressed_1_9,suppressed_1_9,metro_other,Q4_highest,Constrained Bayesian posterior estimate; not an observed or recovered true suppressed count.
40137,Stephens County,40,Oklahoma,14.0,14.0,14.0,14.0,5.360472640530532,5.360472640530533,5.360472640530533,5.360472640530533,1.0,exact,exact,nonmetro_adjacent,Q3,Constrained Bayesian posterior estimate; not an observed or recovered true suppressed count.
40139,Texas County,40,Oklahoma,1.8083333333333333,1.0,1.0,5.0,1.478749618387195,0.8177417244537486,0.8177417244537486,4.088708622268743,0.10555555555555556,suppressed_1_9,suppressed_1_9,nonmetro_nonadjacent,Q4_highest,Constrained Bayesian posterior estimate; not an observed or recovered true suppressed count.
40141,Tillman County,40,Oklahoma,1.175,1.0,1.0,2.0,2.7885231506751795,2.373211192063982,2.373211192063982,4.746422384127964,0.175,suppressed_1_9,suppressed_1_9,nonmetro_adjacent,Q4_highest,Constrained Bayesian posterior estimate; not an observed or recovered true suppressed count.
40143,Tulsa County,40,Oklahoma,149.0,149.0,149.0,149.0,3.6920127887358425,3.6920127887358425,3.6920127887358425,3.6920127887358425,1.0,exact,exact,metro_large,Q4_highest,Constrained Bayesian posterior estimate; not an observed or recovered true suppressed count.
40145,Wagoner County,40,Oklahoma,18.0,18.0,18.0,18.0,3.4921281611035133,3.4921281611035124,3.4921281611035124,3.4921281611035124,1.0,exact,exact,metro_large,Q2,Constrained Bayesian posterior estimate; not an observed or recovered true suppressed count.
40147,Washington County,40,Oklahoma,8.355555555555556,9.0,6.0,9.0,2.6314306899702253,2.8343867804200564,1.8895911869467041,2.8343867804200564,0.0,suppressed_1_9,suppressed_1_9,nonmetro_adjacent,Q3,Constrained Bayesian posterior estimate; not an observed or recovered true suppressed count.
40149,Washita County,40,Oklahoma,3.9055555555555554,4.0,3.0,7.0,6.011506519448891,6.156877231867996,4.617657923900997,10.774535155768993,1.0,suppressed_1_9,suppressed_1_9,nonmetro_nonadjacent,Q3,Constrained Bayesian posterior estimate; not an observed or recovered true suppressed count.
40151,Woods County,40,Oklahoma,4.094444444444444,4.0,3.0,7.0,7.904943324666854,7.7226040620897365,5.791953046567302,13.51455710865704,1.0,suppressed_1_9,suppressed_1_9,nonmetro_nonadjacent,Q3,Constrained Bayesian posterior estimate; not an observed or recovered true suppressed count.
40153,Woodward County,40,Oklahoma,2.2222222222222223,2.0,1.0,7.0,1.849447570010838,1.664502813009754,0.832251406504877,5.825759845534139,0.15555555555555556,suppressed_1_9,suppressed_1_9,nonmetro_nonadjacent,Q4_highest,Constrained Bayesian posterior estimate; not an observed or recovered true suppressed count.
41001,Baker County,41,Oregon,7.211111111111111,7.0,6.0,9.0,7.22158240559923,7.010164738871364,6.008712633318312,9.013068949977468,1.0,suppressed_1_9,suppressed_1_9,nonmetro_nonadjacent,Q2,Constrained Bayesian posterior estimate; not an observed or recovered true suppressed count.
41003,Benton County,41,Oregon,13.0,13.0,13.0,13.0,2.2547875209651878,2.2547875209651878,2.2547875209651878,2.2547875209651878,0.0,exact,exact,metro_other,Q3,Constrained Bayesian posterior estimate; not an observed or recovered true suppressed count.
41005,Clackamas County,41,Oregon,97.0,97.0,97.0,97.0,3.8271440785598263,3.8271440785598263,3.8271440785598263,3.8271440785598263,1.0,exact,exact,metro_large,Q2,Constrained Bayesian posterior estimate; not an observed or recovered true suppressed count.
41007,Clatsop County,41,Oregon,10.0,10.0,10.0,10.0,4.060138775543349,4.060138775543348,4.060138775543348,4.060138775543348,1.0,exact,exact,nonmetro_adjacent,Q3,Constrained Bayesian posterior estimate; not an observed or recovered true suppressed count.
41009,Columbia County,41,Oregon,21.0,21.0,21.0,21.0,6.565885534728843,6.565885534728844,6.565885534728844,6.565885534728844,1.0,exact,exact,metro_large,Q1_lowest,Constrained Bayesian posterior estimate; not an observed or recovered true suppressed count.
41011,Coos County,41,Oregon,14.0,14.0,14.0,14.0,3.610806628409312,3.610806628409311,3.610806628409311,3.610806628409311,1.0,exact,exact,nonmetro_nonadjacent,Q4_highest,Constrained Bayesian posterior estimate; not an observed or recovered true suppressed count.
41013,Crook County,41,Oregon,1.5666666666666667,1.0,1.0,4.0,1.0048467822454266,0.6413915631353786,0.6413915631353786,2.5655662525415144,0.016666666666666666,suppressed_1_9,suppressed_1_9,metro_other,Q2,Constrained Bayesian posterior estimate; not an observed or recovered true suppressed count.
41015,Curry County,41,Oregon,6.280555555555556,6.0,4.0,9.0,4.499577704383516,4.298579319534894,2.865719546356596,6.44786897930234,0.8694444444444445,suppressed_1_9,suppressed_1_9,nonmetro_nonadjacent,Q3,Constrained Bayesian posterior estimate; not an observed or recovered true suppressed count.
41017,Deschutes County,41,Oregon,53.0,53.0,53.0,53.0,4.305935935797684,4.305935935797683,4.305935935797683,4.305935935797683,1.0,exact,exact,metro_other,Q2,Constrained Bayesian posterior estimate; not an observed or recovered true suppressed count.
41019,Douglas County,41,Oregon,28.0,28.0,28.0,28.0,4.1709555510204686,4.1709555510204686,4.1709555510204686,4.1709555510204686,1.0,exact,exact,nonmetro_adjacent,Q3,Constrained Bayesian posterior estimate; not an observed or recovered true suppressed count.
41021,Gilliam County,41,Oregon,0.0,0.0,0.0,0.0,0.0,0.0,0.0,0.0,0.0,zero,zero,nonmetro_nonadjacent,Q3,Constrained Bayesian posterior estimate; not an observed or recovered true suppressed count.
41023,Grant County,41,Oregon,1.2722222222222221,1.0,1.0,4.0,2.946527600857452,2.3160478958704864,2.3160478958704864,9.264191583481946,0.18055555555555555,suppressed_1_9,suppressed_1_9,nonmetro_nonadjacent,Q3,Constrained Bayesian posterior estimate; not an observed or recovered true suppressed count.
41025,Harney County,41,Oregon,5.025,5.0,4.0,8.0,11.242113741106985,11.186182826972125,8.9489462615777,17.8978925231554,1.0,suppressed_1_9,suppressed_1_9,nonmetro_nonadjacent,Q4_highest,Constrained Bayesian posterior estimate; not an observed or recovered true suppressed count.
41027,Hood River County,41,Oregon,2.941666666666667,3.0,2.0,6.0,2.0675775722305003,2.108577694059434,1.405718462706289,4.217155388118868,0.09722222222222222,suppressed_1_9,suppressed_1_9,nonmetro_adjacent,Q3,Constrained Bayesian posterior estimate; not an observed or recovered true suppressed count.
41029,Jackson County,41,Oregon,42.0,42.0,42.0,42.0,3.15726565759454,3.1572656575945395,3.1572656575945395,3.1572656575945395,1.0,exact,exact,metro_other,Q3,Constrained Bayesian posterior estimate; not an observed or recovered true suppressed count.
41031,Jefferson County,41,Oregon,6.333333333333333,6.0,4.0,9.0,4.196984356293047,3.976090442803939,2.650726961869293,5.964135664205909,0.9138888888888889,suppressed_1_9,suppressed_1_9,metro_other,Q4_highest,Constrained Bayesian posterior estimate; not an observed or recovered true suppressed count.
41033,Josephine County,41,Oregon,40.0,40.0,40.0,40.0,7.57987769867333,7.579877698673331,7.579877698673331,7.579877698673331,1.0,exact,exact,metro_other,Q4_highest,Constrained Bayesian posterior estimate; not an observed or recovered true suppressed count.
41035,Klamath County,41,Oregon,16.0,16.0,16.0,16.0,3.8296385299932494,3.8296385299932503,3.8296385299932503,3.8296385299932503,1.0,exact,exact,nonmetro_nonadjacent,Q4_highest,Constrained Bayesian posterior estimate; not an observed or recovered true suppressed count.
41037,Lake County,41,Oregon,2.922222222222222,3.0,2.0,5.0,5.9678597847939825,6.126700159294204,4.084466772862803,10.211166932157006,1.0,suppressed_1_9,suppressed_1_9,nonmetro_nonadjacent,Q4_highest,Constrained Bayesian posterior estimate; not an observed or recovered true suppressed count.
41039,Lane County,41,Oregon,97.0,97.0,97.0,97.0,4.228104954641588,4.228104954641588,4.228104954641588,4.228104954641588,1.0,exact,exact,metro_other,Q3,Constrained Bayesian posterior estimate; not an observed or recovered true suppressed count.
41041,Lincoln County,41,Oregon,11.0,11.0,11.0,11.0,3.6154121734214617,3.615412173421462,3.615412173421462,3.615412173421462,1.0,exact,exact,nonmetro_nonadjacent,Q3,Constrained Bayesian posterior estimate; not an observed or recovered true suppressed count.
41043,Linn County,41,Oregon,31.0,31.0,31.0,31.0,3.9486472062047255,3.9486472062047255,3.9486472062047255,3.9486472062047255,1.0,exact,exact,metro_other,Q3,Constrained Bayesian posterior estimate; not an observed or recovered true suppressed count.
41045,Malheur County,41,Oregon,12.0,12.0,12.0,12.0,6.3329551151806225,6.332955115180622,6.332955115180622,6.332955115180622,1.0,exact,exact,nonmetro_adjacent,Q4_highest,Constrained Bayesian posterior estimate; not an observed or recovered true suppressed count.
41047,Marion County,41,Oregon,85.0,85.0,85.0,85.0,4.066106277494055,4.066106277494054,4.066106277494054,4.066106277494054,1.0,exact,exact,metro_other,Q4_highest,Constrained Bayesian posterior estimate; not an observed or recovered true suppressed count.
41049,Morrow County,41,Oregon,2.4833333333333334,2.0,2.0,4.0,3.422077683460111,2.7560357182229085,2.7560357182229085,5.512071436445817,0.37777777777777777,suppressed_1_9,suppressed_1_9,nonmetro_adjacent,Q4_highest,Constrained Bayesian posterior estimate; not an observed or recovered true suppressed count.
41051,Multnomah County,41,Oregon,207.0,207.0,207.0,207.0,4.301256694220336,4.301256694220337,4.301256694220337,4.301256694220337,1.0,exact,exact,metro_large,Q3,Constrained Bayesian posterior estimate; not an observed or recovered true suppressed count.
41053,Polk County,41,Oregon,14.0,14.0,14.0,14.0,2.626833858387386,2.6268338583873865,2.6268338583873865,2.6268338583873865,0.0,exact,exact,metro_other,Q3,Constrained Bayesian posterior estimate; not an observed or recovered true suppressed count.
41055,Sherman County,41,Oregon,0.0,0.0,0.0,0.0,0.0,0.0,0.0,0.0,0.0,zero,zero,nonmetro_nonadjacent,Q2,Constrained Bayesian posterior estimate; not an observed or recovered true suppressed count.
41057,Tillamook County,41,Oregon,6.519444444444445,6.0,4.0,9.0,3.963645919251734,3.647837744177139,2.431891829451426,5.471756616265709,0.9583333333333334,suppressed_1_9,suppressed_1_9,nonmetro_nonadjacent,Q3,Constrained Bayesian posterior estimate; not an observed or recovered true suppressed count.
41059,Umatilla County,41,Oregon,25.0,25.0,25.0,25.0,5.247151321547533,5.247151321547532,5.247151321547532,5.247151321547532,1.0,exact,exact,nonmetro_adjacent,Q4_highest,Constrained Bayesian posterior estimate; not an observed or recovered true suppressed count.
41061,Union County,41,Oregon,4.891666666666667,5.0,3.0,9.0,3.1003673961773055,3.1690297064844684,1.9014178238906814,5.704253471672043,0.5083333333333333,suppressed_1_9,suppressed_1_9,nonmetro_nonadjacent,Q3,Constrained Bayesian posterior estimate; not an observed or recovered true suppressed count.
41063,Wallowa County,41,Oregon,2.441666666666667,2.0,2.0,5.0,5.4514873443628264,4.465382125075354,4.465382125075354,11.163455312688384,1.0,suppressed_1_9,suppressed_1_9,nonmetro_nonadjacent,Q2,Constrained Bayesian posterior estimate; not an observed or recovered true suppressed count.
41065,Wasco County,41,Oregon,5.111111111111111,5.0,3.0,9.0,3.210254950073557,3.1404667989850013,1.8842800793910008,5.652840238173002,0.5694444444444444,suppressed_1_9,suppressed_1_9,nonmetro_nonadjacent,Q4_highest,Constrained Bayesian posterior estimate; not an observed or recovered true suppressed count.
41067,Washington County,41,Oregon,100.0,100.0,100.0,100.0,2.7653108347643816,2.7653108347643816,2.7653108347643816,2.7653108347643816,0.0,exact,exact,metro_large,Q2,Constrained Bayesian posterior estimate; not an observed or recovered true suppressed count.
41069,Wheeler County,41,Oregon,0.0,0.0,0.0,0.0,0.0,0.0,0.0,0.0,0.0,zero,zero,nonmetro_nonadjacent,Q1_lowest,Constrained Bayesian posterior estimate; not an observed or recovered true suppressed count.
41071,Yamhill County,41,Oregon,23.0,23.0,23.0,23.0,3.5343345232259558,3.5343345232259558,3.5343345232259558,3.5343345232259558,1.0,exact,exact,metro_large,Q3,Constrained Bayesian posterior estimate; not an observed or recovered true suppressed count.
42001,Adams County,42,Pennsylvania,17.0,17.0,17.0,17.0,2.6959863107330375,2.6959863107330384,2.6959863107330384,2.6959863107330384,0.0,exact,exact,metro_other,Q1_lowest,Constrained Bayesian posterior estimate; not an observed or recovered true suppressed count.
42003,Allegheny County,42,Pennsylvania,239.0,239.0,239.0,239.0,3.2493200559861926,3.2493200559861926,3.2493200559861926,3.2493200559861926,1.0,exact,exact,metro_large,Q2,Constrained Bayesian posterior estimate; not an observed or recovered true suppressed count.
42005,Armstrong County,42,Pennsylvania,12.0,12.0,12.0,12.0,3.1048668788325697,3.10486687883257,3.10486687883257,3.10486687883257,1.0,exact,exact,metro_large,Q1_lowest,Constrained Bayesian posterior estimate; not an observed or recovered true suppressed count.
42007,Beaver County,42,Pennsylvania,27.0,27.0,27.0,27.0,2.72733884457805,2.72733884457805,2.72733884457805,2.72733884457805,0.0,exact,exact,metro_large,Q1_lowest,Constrained Bayesian posterior estimate; not an observed or recovered true suppressed count.
42009,Bedford County,42,Pennsylvania,6.508333333333334,6.0,4.0,9.0,2.2790117318037986,2.1010095350816065,1.4006730233877378,3.1515143026224104,0.11666666666666667,suppressed_1_9,suppressed_1_9,nonmetro_adjacent,Q1_lowest,Constrained Bayesian posterior estimate; not an observed or recovered true suppressed count.
42011,Berks County,42,Pennsylvania,91.0,91.0,91.0,91.0,3.535477153435823,3.5354771534358234,3.5354771534358234,3.5354771534358234,1.0,exact,exact,metro_other,Q3,Constrained Bayesian posterior estimate; not an observed or recovered true suppressed count.
42013,Blair County,42,Pennsylvania,25.0,25.0,25.0,25.0,3.4426868380573876,3.442686838057388,3.442686838057388,3.442686838057388,1.0,exact,exact,metro_other,Q2,Constrained Bayesian posterior estimate; not an observed or recovered true suppressed count.
42015,Bradford County,42,Pennsylvania,11.0,11.0,11.0,11.0,3.058137983185802,3.0581379831858015,3.0581379831858015,3.0581379831858015,1.0,exact,exact,nonmetro_adjacent,Q2,Constrained Bayesian posterior estimate; not an observed or recovered true suppressed count.
42017,Bucks County,42,Pennsylvania,81.0,81.0,81.0,81.0,2.1074409838471158,2.1074409838471153,2.1074409838471153,2.1074409838471153,0.0,exact,exact,metro_large,Q1_lowest,Constrained Bayesian posterior estimate; not an observed or recovered true suppressed count.
42019,Butler County,42,Pennsylvania,42.0,42.0,42.0,42.0,3.601085470048829,3.601085470048829,3.601085470048829,3.601085470048829,1.0,exact,exact,metro_large,Q1_lowest,Constrained Bayesian posterior estimate; not an observed or recovered true suppressed count.
42021,Cambria County,42,Pennsylvania,26.0,26.0,26.0,26.0,3.319510550936612,3.3195105509366125,3.3195105509366125,3.3195105509366125,1.0,exact,exact,metro_other,Q2,Constrained Bayesian posterior estimate; not an observed or recovered true suppressed count.
42023,Cameron County,42,Pennsylvania,1.1166666666666667,1.0,1.0,2.0,4.2326839006393255,3.7904631946023803,3.7904631946023803,7.580926389204761,1.0,suppressed_1_9,suppressed_1_9,nonmetro_nonadjacent,Q2,Constrained Bayesian posterior estimate; not an observed or recovered true suppressed count.
42025,Carbon County,42,Pennsylvania,10.0,10.0,10.0,10.0,2.561895392687326,2.5618953926873256,2.5618953926873256,2.5618953926873256,0.0,exact,exact,metro_other,Q2,Constrained Bayesian posterior estimate; not an observed or recovered true suppressed count.
42027,Centre County,42,Pennsylvania,18.0,18.0,18.0,18.0,1.8800271141688243,1.8800271141688243,1.8800271141688243,1.8800271141688243,0.0,exact,exact,metro_other,Q2,Constrained Bayesian posterior estimate; not an observed or recovered true suppressed count.
42029,Chester County,42,Pennsylvania,59.0,59.0,59.0,59.0,1.8172023769007095,1.8172023769007088,1.8172023769007088,1.8172023769007088,0.0,exact,exact,metro_large,Q1_lowest,Constrained Bayesian posterior estimate; not an observed or recovered true suppressed count.
42031,Clarion County,42,Pennsylvania,10.0,10.0,10.0,10.0,4.443062158439596,4.443062158439597,4.443062158439597,4.443062158439597,1.0,exact,exact,nonmetro_adjacent,Q2,Constrained Bayesian posterior estimate; not an observed or recovered true suppressed count.
42033,Clearfield County,42,Pennsylvania,11.0,11.0,11.0,11.0,2.3350846468184474,2.335084646818447,2.335084646818447,2.335084646818447,0.0,exact,exact,nonmetro_adjacent,Q3,Constrained Bayesian posterior estimate; not an observed or recovered true suppressed count.
42035,Clinton County,42,Pennsylvania,10.0,10.0,10.0,10.0,4.396435370201842,4.396435370201841,4.396435370201841,4.396435370201841,1.0,exact,exact,nonmetro_adjacent,Q3,Constrained Bayesian posterior estimate; not an observed or recovered true suppressed count.
42037,Columbia County,42,Pennsylvania,10.0,10.0,10.0,10.0,2.557185050696194,2.5571850506961935,2.5571850506961935,2.5571850506961935,0.0,exact,exact,nonmetro_adjacent,Q2,Constrained Bayesian posterior estimate; not an observed or recovered true suppressed count.
42039,Crawford County,42,Pennsylvania,12.0,12.0,12.0,12.0,2.407525926044816,2.407525926044816,2.407525926044816,2.407525926044816,0.0,exact,exact,nonmetro_adjacent,Q3,Constrained Bayesian posterior estimate; not an observed or recovered true suppressed count.
42041,Cumberland County,42,Pennsylvania,46.0,46.0,46.0,46.0,2.898589080258781,2.898589080258781,2.898589080258781,2.898589080258781,0.0,exact,exact,metro_other,Q1_lowest,Constrained Bayesian posterior estimate; not an observed or recovered true suppressed count.
42043,Dauphin County,42,Pennsylvania,83.0,83.0,83.0,83.0,4.8350378298020065,4.835037829802008,4.835037829802008,4.835037829802008,1.0,exact,exact,metro_other,Q3,Constrained Bayesian posterior estimate; not an observed or recovered true suppressed count.
42045,Delaware County,42,Pennsylvania,92.0,92.0,92.0,92.0,2.671209270954403,2.671209270954403,2.671209270954403,2.671209270954403,0.0,exact,exact,metro_large,Q3,Constrained Bayesian posterior estimate; not an observed or recovered true suppressed count.
42047,Elk County,42,Pennsylvania,3.9722222222222223,4.0,3.0,7.0,2.193398208837278,2.208736657850126,1.6565524933875948,3.8652891512377208,0.10277777777777777,suppressed_1_9,suppressed_1_9,nonmetro_nonadjacent,Q1_lowest,Constrained Bayesian posterior estimate; not an observed or recovered true suppressed count.
42049,Erie County,42,Pennsylvania,59.0,59.0,59.0,59.0,3.6641979909016102,3.6641979909016102,3.6641979909016102,3.6641979909016102,1.0,exact,exact,metro_other,Q3,Constrained Bayesian posterior estimate; not an observed or recovered true suppressed count.
42051,Fayette County,42,Pennsylvania,32.0,32.0,32.0,32.0,4.221958936171896,4.221958936171897,4.221958936171897,4.221958936171897,1.0,exact,exact,metro_large,Q3,Constrained Bayesian posterior estimate; not an observed or recovered true suppressed count.
42053,Forest County,42,Pennsylvania,0.0,0.0,0.0,0.0,0.0,0.0,0.0,0.0,0.0,zero,zero,nonmetro_nonadjacent,Q3,Constrained Bayesian posterior estimate; not an observed or recovered true suppressed count.
42055,Franklin County,42,Pennsylvania,51.0,51.0,51.0,51.0,5.419800763873098,5.419800763873096,5.419800763873096,5.419800763873096,1.0,exact,exact,metro_other,Q2,Constrained Bayesian posterior estimate; not an observed or recovered true suppressed count.
42057,Fulton County,42,Pennsylvania,3.261111111111111,3.0,2.0,7.0,3.748102004564128,3.4479984369073753,2.298665624604917,8.045329686117208,0.6416666666666667,suppressed_1_9,suppressed_1_9,nonmetro_adjacent,Q1_lowest,Constrained Bayesian posterior estimate; not an observed or recovered true suppressed count.
42059,Greene County,42,Pennsylvania,5.891666666666667,6.0,4.0,9.0,2.80284613762252,2.854383619643868,1.902922413095912,4.281575429465802,0.33055555555555555,suppressed_1_9,suppressed_1_9,nonmetro_adjacent,Q2,Constrained Bayesian posterior estimate; not an observed or recovered true suppressed count.
42061,Huntingdon County,42,Pennsylvania,15.0,15.0,15.0,15.0,5.686621653897042,5.686621653897042,5.686621653897042,5.686621653897042,1.0,exact,exact,nonmetro_adjacent,Q2,Constrained Bayesian posterior estimate; not an observed or recovered true suppressed count.
42063,Indiana County,42,Pennsylvania,15.0,15.0,15.0,15.0,3.002239670794413,3.0022396707944123,3.0022396707944123,3.0022396707944123,1.0,exact,exact,nonmetro_adjacent,Q2,Constrained Bayesian posterior estimate; not an observed or recovered true suppressed count.
42065,Jefferson County,42,Pennsylvania,12.0,12.0,12.0,12.0,4.590314436538903,4.590314436538903,4.590314436538903,4.590314436538903,1.0,exact,exact,nonmetro_nonadjacent,Q2,Constrained Bayesian posterior estimate; not an observed or recovered true suppressed count.
42067,Juniata County,42,Pennsylvania,7.111111111111111,7.0,5.0,9.0,4.984796371068242,4.906908927770301,3.5049349484073575,6.308882907133244,1.0,suppressed_1_9,suppressed_1_9,nonmetro_adjacent,Q2,Constrained Bayesian posterior estimate; not an observed or recovered true suppressed count.
42069,Lackawanna County,42,Pennsylvania,28.0,28.0,28.0,28.0,2.182516020057322,2.1825160200573226,2.1825160200573226,2.1825160200573226,0.0,exact,exact,metro_other,Q3,Constrained Bayesian posterior estimate; not an observed or recovered true suppressed count.
42071,Lancaster County,42,Pennsylvania,96.0,96.0,96.0,96.0,2.8880180043855757,2.8880180043855757,2.8880180043855757,2.8880180043855757,0.0,exact,exact,metro_other,Q3,Constrained Bayesian posterior estimate; not an observed or recovered true suppressed count.
42073,Lawrence County,42,Pennsylvania,10.0,10.0,10.0,10.0,1.9621462740804403,1.9621462740804403,1.9621462740804403,1.9621462740804403,0.0,exact,exact,metro_large,Q3,Constrained Bayesian posterior estimate; not an observed or recovered true suppressed count.
42075,Lebanon County,42,Pennsylvania,25.0,25.0,25.0,25.0,2.90518296261262,2.9051829626126193,2.9051829626126193,2.9051829626126193,0.0,exact,exact,metro_other,Q3,Constrained Bayesian posterior estimate; not an observed or recovered true suppressed count.
42077,Lehigh County,42,Pennsylvania,68.0,68.0,68.0,68.0,3.015006307127165,3.0150063071271647,3.0150063071271647,3.0150063071271647,1.0,exact,exact,metro_other,Q3,Constrained Bayesian posterior estimate; not an observed or recovered true suppressed count.
42079,Luzerne County,42,Pennsylvania,77.0,77.0,77.0,77.0,3.9576724363020332,3.9576724363020332,3.9576724363020332,3.9576724363020332,1.0,exact,exact,metro_other,Q3,Constrained Bayesian posterior estimate; not an observed or recovered true suppressed count.
42081,Lycoming County,42,Pennsylvania,30.0,30.0,30.0,30.0,4.417110708990441,4.41711070899044,4.41711070899044,4.41711070899044,1.0,exact,exact,metro_other,Q3,Constrained Bayesian posterior estimate; not an observed or recovered true suppressed count.
42083,McKean County,42,Pennsylvania,5.955555555555556,6.0,4.0,9.0,2.4839447266687613,2.5024816276140505,1.6683210850760337,3.7537224414210764,0.19166666666666668,suppressed_1_9,suppressed_1_9,nonmetro_nonadjacent,Q2,Constrained Bayesian posterior estimate; not an observed or recovered true suppressed count.
42085,Mercer County,42,Pennsylvania,37.0,37.0,37.0,37.0,5.659188380615597,5.659188380615597,5.659188380615597,5.659188380615597,1.0,exact,exact,nonmetro_adjacent,Q3,Constrained Bayesian posterior estimate; not an observed or recovered true suppressed count.
42087,Mifflin County,42,Pennsylvania,14.0,14.0,14.0,14.0,5.069102732608451,5.069102732608452,5.069102732608452,5.069102732608452,1.0,exact,exact,nonmetro_adjacent,Q3,Constrained Bayesian posterior estimate; not an observed or recovered true suppressed count.
42089,Monroe County,42,Pennsylvania,33.0,33.0,33.0,33.0,3.26903569390731,3.26903569390731,3.26903569390731,3.26903569390731,1.0,exact,exact,nonmetro_adjacent,Q2,Constrained Bayesian posterior estimate; not an observed or recovered true suppressed count.
42091,Montgomery County,42,Pennsylvania,90.0,90.0,90.0,90.0,1.7516621814383364,1.7516621814383366,1.7516621814383366,1.7516621814383366,0.0,exact,exact,metro_large,Q1_lowest,Constrained Bayesian posterior estimate; not an observed or recovered true suppressed count.
42093,Montour County,42,Pennsylvania,6.205555555555556,6.0,4.0,9.0,5.72336228319627,5.53377910998386,3.689186073322573,8.30066866497579,1.0,suppressed_1_9,suppressed_1_9,nonmetro_adjacent,Q2,Constrained Bayesian posterior estimate; not an observed or recovered true suppressed count.
42095,Northampton County,42,Pennsylvania,83.0,83.0,83.0,83.0,4.402223175742583,4.402223175742583,4.402223175742583,4.402223175742583,1.0,exact,exact,metro_other,Q2,Constrained Bayesian posterior estimate; not an observed or recovered true suppressed count.
42097,Northumberland County,42,Pennsylvania,25.0,25.0,25.0,25.0,4.607046569869547,4.6070465698695475,4.6070465698695475,4.6070465698695475,1.0,exact,exact,nonmetro_adjacent,Q2,Constrained Bayesian posterior estimate; not an observed or recovered true suppressed count.
42099,Perry County,42,Pennsylvania,12.0,12.0,12.0,12.0,4.324589254116469,4.324589254116469,4.324589254116469,4.324589254116469,1.0,exact,exact,metro_other,Q1_lowest,Constrained Bayesian posterior estimate; not an observed or recovered true suppressed count.
42101,Philadelphia County,42,Pennsylvania,265.0,265.0,265.0,265.0,2.810025917982448,2.8100259179824483,2.8100259179824483,2.8100259179824483,0.0,exact,exact,metro_large,Q4_highest,Constrained Bayesian posterior estimate; not an observed or recovered true suppressed count.
42103,Pike County,42,Pennsylvania,13.0,13.0,13.0,13.0,3.651541793300263,3.6515417933002636,3.6515417933002636,3.6515417933002636,1.0,exact,exact,nonmetro_adjacent,Q1_lowest,Constrained Bayesian posterior estimate; not an observed or recovered true suppressed count.
42105,Potter County,42,Pennsylvania,2.816666666666667,2.0,2.0,5.0,2.8903711304942705,2.0523345305284764,2.0523345305284764,5.13083632632119,0.4666666666666667,suppressed_1_9,suppressed_1_9,nonmetro_nonadjacent,Q2,Constrained Bayesian posterior estimate; not an observed or recovered true suppressed count.
42107,Schuylkill County,42,Pennsylvania,44.0,44.0,44.0,44.0,5.135717162049386,5.135717162049385,5.135717162049385,5.135717162049385,1.0,exact,exact,nonmetro_adjacent,Q2,Constrained Bayesian posterior estimate; not an observed or recovered true suppressed count.
42109,Snyder County,42,Pennsylvania,7.508333333333334,8.0,5.0,9.0,3.137544956387777,3.3430001755075094,2.0893751096921935,3.7608751974459476,0.5333333333333333,suppressed_1_9,suppressed_1_9,nonmetro_nonadjacent,Q2,Constrained Bayesian posterior estimate; not an observed or recovered true suppressed count.
42111,Somerset County,42,Pennsylvania,14.0,14.0,14.0,14.0,3.2034340813351916,3.203434081335191,3.203434081335191,3.203434081335191,1.0,exact,exact,nonmetro_adjacent,Q2,Constrained Bayesian posterior estimate; not an observed or recovered true suppressed count.
42113,Sullivan County,42,Pennsylvania,3.3194444444444446,3.0,3.0,5.0,9.360303540152959,8.459521191100583,8.459521191100583,14.099201985167639,1.0,suppressed_1_9,suppressed_1_9,nonmetro_adjacent,Q1_lowest,Constrained Bayesian posterior estimate; not an observed or recovered true suppressed count.
42115,Susquehanna County,42,Pennsylvania,4.713888888888889,4.0,3.0,8.0,2.0230761821107133,1.7166939907126855,1.287520493034514,3.433387981425371,0.1111111111111111,suppressed_1_9,suppressed_1_9,nonmetro_adjacent,Q1_lowest,Constrained Bayesian posterior estimate; not an observed or recovered true suppressed count.
42117,Tioga County,42,Pennsylvania,6.625,7.0,4.0,9.0,2.7091128422171784,2.8624588521540004,1.6356907726594285,3.680304238483715,0.30833333333333335,suppressed_1_9,suppressed_1_9,nonmetro_adjacent,Q2,Constrained Bayesian posterior estimate; not an observed or recovered true suppressed count.
42119,Union County,42,Pennsylvania,5.205555555555556,5.0,3.0,8.0,2.011964424518052,1.9325165230162717,1.159509913809763,3.092026436826035,0.03611111111111111,suppressed_1_9,suppressed_1_9,nonmetro_adjacent,Q2,Constrained Bayesian posterior estimate; not an observed or recovered true suppressed count.
42121,Venango County,42,Pennsylvania,13.0,13.0,13.0,13.0,4.338858146039291,4.33885814603929,4.33885814603929,4.33885814603929,1.0,exact,exact,nonmetro_adjacent,Q2,Constrained Bayesian posterior estimate; not an observed or recovered true suppressed count.
42123,Warren County,42,Pennsylvania,6.530555555555556,6.0,4.0,9.0,2.851907976171587,2.6202131980138783,1.7468087986759189,3.9303197970208177,0.49722222222222223,suppressed_1_9,suppressed_1_9,nonmetro_adjacent,Q1_lowest,Constrained Bayesian posterior estimate; not an observed or recovered true suppressed count.
42125,Washington County,42,Pennsylvania,34.0,34.0,34.0,34.0,2.710919504029303,2.7109195040293033,2.7109195040293033,2.7109195040293033,0.0,exact,exact,metro_large,Q1_lowest,Constrained Bayesian posterior estimate; not an observed or recovered true suppressed count.
42127,Wayne County,42,Pennsylvania,8.269444444444444,8.0,6.0,9.0,2.686550570140718,2.599014323817692,1.9492607428632691,2.9238911142949036,0.0,suppressed_1_9,suppressed_1_9,nonmetro_adjacent,Q2,Constrained Bayesian posterior estimate; not an observed or recovered true suppressed count.
42129,Westmoreland County,42,Pennsylvania,75.0,75.0,75.0,75.0,3.565998065802648,3.565998065802649,3.565998065802649,3.565998065802649,1.0,exact,exact,metro_large,Q1_lowest,Constrained Bayesian posterior estimate; not an observed or recovered true suppressed count.
42131,Wyoming County,42,Pennsylvania,2.988888888888889,2.0,2.0,7.024999999999977,1.9028782271116995,1.2733014159111744,1.2733014159111744,4.472471223387986,0.10277777777777777,suppressed_1_9,suppressed_1_9,metro_other,Q1_lowest,Constrained Bayesian posterior estimate; not an observed or recovered true suppressed count.
42133,York County,42,Pennsylvania,64.0,64.0,64.0,64.0,2.322930958136429,2.3229309581364284,2.3229309581364284,2.3229309581364284,0.0,exact,exact,metro_other,Q2,Constrained Bayesian posterior estimate; not an observed or recovered true suppressed count.
44001,Bristol County,44,Rhode Island,7.0,7.0,7.0,7.0,2.3457894754479622,2.3457894754479622,2.3457894754479622,2.3457894754479622,0.0,suppressed_1_9,suppressed_1_9,metro_large,Q1_lowest,Constrained Bayesian posterior estimate; not an observed or recovered true suppressed count.
44003,Kent County,44,Rhode Island,40.0,40.0,40.0,40.0,3.9422227828939067,3.9422227828939067,3.9422227828939067,3.9422227828939067,1.0,exact,exact,metro_large,Q1_lowest,Constrained Bayesian posterior estimate; not an observed or recovered true suppressed count.
44005,Newport County,44,Rhode Island,11.0,11.0,11.0,11.0,2.1957709451596226,2.1957709451596226,2.1957709451596226,2.1957709451596226,0.0,exact,exact,metro_large,Q2,Constrained Bayesian posterior estimate; not an observed or recovered true suppressed count.
44007,Providence County,44,Rhode Island,141.0,141.0,141.0,141.0,3.590057221947523,3.590057221947522,3.590057221947522,3.590057221947522,1.0,exact,exact,metro_large,Q4_highest,Constrained Bayesian posterior estimate; not an observed or recovered true suppressed count.
44009,Washington County,44,Rhode Island,31.0,31.0,31.0,31.0,4.012633322978149,4.01263332297815,4.01263332297815,4.01263332297815,1.0,exact,exact,metro_large,Q1_lowest,Constrained Bayesian posterior estimate; not an observed or recovered true suppressed count.
45001,Abbeville County,45,South Carolina,4.463888888888889,4.0,3.0,7.0,3.04438397354436,2.7280105301206463,2.0460078975904845,4.774018427711131,0.44166666666666665,suppressed_1_9,suppressed_1_9,nonmetro_adjacent,Q3,Constrained Bayesian posterior estimate; not an observed or recovered true suppressed count.
45003,Aiken County,45,South Carolina,37.0,37.0,37.0,37.0,3.540439473795007,3.5404394737950065,3.5404394737950065,3.5404394737950065,1.0,exact,exact,metro_other,Q3,Constrained Bayesian posterior estimate; not an observed or recovered true suppressed count.
45005,Allendale County,45,South Carolina,2.2527777777777778,2.0,2.0,4.0,4.755103380989907,4.221546774738265,4.221546774738265,8.44309354947653,1.0,suppressed_1_9,suppressed_1_9,nonmetro_adjacent,Q4_highest,Constrained Bayesian posterior estimate; not an observed or recovered true suppressed count.
45007,Anderson County,45,South Carolina,53.0,53.0,53.0,53.0,4.227624896403248,4.227624896403248,4.227624896403248,4.227624896403248,1.0,exact,exact,metro_other,Q3,Constrained Bayesian posterior estimate; not an observed or recovered true suppressed count.
45009,Bamberg County,45,South Carolina,6.3,6.0,5.0,9.0,7.883573386057337,7.508165129578417,6.25680427464868,11.262247694367625,1.0,suppressed_1_9,suppressed_1_9,nonmetro_nonadjacent,Q4_highest,Constrained Bayesian posterior estimate; not an observed or recovered true suppressed count.
45011,Barnwell County,45,South Carolina,3.0027777777777778,3.0,2.0,5.0,2.4292942776523807,2.427047011900621,1.6180313412670804,4.045078353167701,0.25555555555555554,suppressed_1_9,suppressed_1_9,nonmetro_adjacent,Q4_highest,Constrained Bayesian posterior estimate; not an observed or recovered true suppressed count.
45013,Beaufort County,45,South Carolina,28.0,28.0,28.0,28.0,2.3796350829600286,2.379635082960028,2.379635082960028,2.379635082960028,0.0,exact,exact,metro_other,Q2,Constrained Bayesian posterior estimate; not an observed or recovered true suppressed count.
45015,Berkeley County,45,South Carolina,46.0,46.0,46.0,46.0,3.139492425974523,3.139492425974522,3.139492425974522,3.139492425974522,1.0,exact,exact,metro_other,Q3,Constrained Bayesian posterior estimate; not an observed or recovered true suppressed count.
45017,Calhoun County,45,South Carolina,10.0,10.0,10.0,10.0,11.64334117318306,11.643341173183057,11.643341173183057,11.643341173183057,1.0,exact,exact,metro_other,Q3,Constrained Bayesian posterior estimate; not an observed or recovered true suppressed count.
45019,Charleston County,45,South Carolina,123.0,123.0,123.0,123.0,4.886657359504627,4.886657359504628,4.886657359504628,4.886657359504628,1.0,exact,exact,metro_other,Q2,Constrained Bayesian posterior estimate; not an observed or recovered true suppressed count.
45021,Cherokee County,45,South Carolina,25.0,25.0,25.0,25.0,7.325513591757921,7.325513591757918,7.325513591757918,7.325513591757918,1.0,exact,exact,nonmetro_adjacent,Q4_highest,Constrained Bayesian posterior estimate; not an observed or recovered true suppressed count.
45023,Chester County,45,South Carolina,5.813888888888889,6.0,4.0,9.0,3.009804513700147,3.106152770947118,2.070768513964745,4.659229156420677,0.5555555555555556,suppressed_1_9,suppressed_1_9,metro_large,Q3,Constrained Bayesian posterior estimate; not an observed or recovered true suppressed count.
45025,Chesterfield County,45,South Carolina,6.969444444444444,7.0,4.975,9.0,2.6129602830036984,2.6244160674249977,1.8652099907770519,3.3742492295464257,0.4027777777777778,suppressed_1_9,suppressed_1_9,nonmetro_adjacent,Q4_highest,Constrained Bayesian posterior estimate; not an observed or recovered true suppressed count.
45027,Clarendon County,45,South Carolina,12.0,12.0,12.0,12.0,6.278416374109903,6.278416374109904,6.278416374109904,6.278416374109904,1.0,exact,exact,nonmetro_adjacent,Q4_highest,Constrained Bayesian posterior estimate; not an observed or recovered true suppressed count.
45029,Colleton County,45,South Carolina,6.405555555555556,6.0,4.0,9.0,2.780768369953617,2.6047093144405085,1.7364728762936725,3.9070639716607625,0.475,suppressed_1_9,suppressed_1_9,nonmetro_adjacent,Q4_highest,Constrained Bayesian posterior estimate; not an observed or recovered true suppressed count.
45031,Darlington County,45,South Carolina,20.0,20.0,20.0,20.0,5.220282887129654,5.220282887129653,5.220282887129653,5.220282887129653,1.0,exact,exact,metro_other,Q4_highest,Constrained Bayesian posterior estimate; not an observed or recovered true suppressed count.
45033,Dillon County,45,South Carolina,10.0,10.0,10.0,10.0,5.815779372593723,5.815779372593721,5.815779372593721,5.815779372593721,1.0,exact,exact,nonmetro_adjacent,Q4_highest,Constrained Bayesian posterior estimate; not an observed or recovered true suppressed count.
45035,Dorchester County,45,South Carolina,60.0,60.0,60.0,60.0,5.98502546628336,5.985025466283359,5.985025466283359,5.985025466283359,1.0,exact,exact,metro_other,Q3,Constrained Bayesian posterior estimate; not an observed or recovered true suppressed count.
45037,Edgefield County,45,South Carolina,11.0,11.0,11.0,11.0,6.685832720465333,6.685832720465333,6.685832720465333,6.685832720465333,1.0,exact,exact,metro_other,Q4_highest,Constrained Bayesian posterior estimate; not an observed or recovered true suppressed count.
45039,Fairfield County,45,South Carolina,11.0,11.0,11.0,11.0,8.706526729037055,8.706526729037058,8.706526729037058,8.706526729037058,1.0,exact,exact,metro_other,Q4_highest,Constrained Bayesian posterior estimate; not an observed or recovered true suppressed count.
45041,Florence County,45,South Carolina,45.0,45.0,45.0,45.0,5.458720548686329,5.458720548686329,5.458720548686329,5.458720548686329,1.0,exact,exact,metro_other,Q4_highest,Constrained Bayesian posterior estimate; not an observed or recovered true suppressed count.
45043,Georgetown County,45,South Carolina,27.0,27.0,27.0,27.0,6.986818202990359,6.986818202990357,6.986818202990357,6.986818202990357,1.0,exact,exact,nonmetro_adjacent,Q3,Constrained Bayesian posterior estimate; not an observed or recovered true suppressed count.
45045,Greenville County,45,South Carolina,141.0,141.0,141.0,141.0,4.316423870375035,4.3164238703750355,4.3164238703750355,4.3164238703750355,1.0,exact,exact,metro_other,Q3,Constrained Bayesian posterior estimate; not an observed or recovered true suppressed count.
45047,Greenwood County,45,South Carolina,18.0,18.0,18.0,18.0,4.286796191419739,4.286796191419739,4.286796191419739,4.286796191419739,1.0,exact,exact,nonmetro_adjacent,Q4_highest,Constrained Bayesian posterior estimate; not an observed or recovered true suppressed count.
45049,Hampton County,45,South Carolina,11.0,11.0,11.0,11.0,10.012561213158325,10.012561213158326,10.012561213158326,10.012561213158326,1.0,exact,exact,nonmetro_adjacent,Q4_highest,Constrained Bayesian posterior estimate; not an observed or recovered true suppressed count.
45051,Horry County,45,South Carolina,70.0,70.0,70.0,70.0,3.0714161290591506,3.07141612905915,3.07141612905915,3.07141612905915,1.0,exact,exact,metro_other,Q3,Constrained Bayesian posterior estimate; not an observed or recovered true suppressed count.
45053,Jasper County,45,South Carolina,15.0,15.0,15.0,15.0,7.764537802946383,7.764537802946383,7.764537802946383,7.764537802946383,1.0,exact,exact,metro_other,Q4_highest,Constrained Bayesian posterior estimate; not an observed or recovered true suppressed count.
45055,Kershaw County,45,South Carolina,23.0,23.0,23.0,23.0,5.616509607894371,5.61650960789437,5.61650960789437,5.61650960789437,1.0,exact,exact,metro_other,Q2,Constrained Bayesian posterior estimate; not an observed or recovered true suppressed count.
45057,Lancaster County,45,South Carolina,18.0,18.0,18.0,18.0,2.8859195982799912,2.885919598279992,2.885919598279992,2.885919598279992,0.0,exact,exact,metro_large,Q2,Constrained Bayesian posterior estimate; not an observed or recovered true suppressed count.
45059,Laurens County,45,South Carolina,32.0,32.0,32.0,32.0,7.794194299521142,7.794194299521144,7.794194299521144,7.794194299521144,1.0,exact,exact,metro_other,Q4_highest,Constrained Bayesian posterior estimate; not an observed or recovered true suppressed count.
45061,Lee County,45,South Carolina,4.919444444444444,5.0,4.0,7.0,5.025636135998084,5.107930573007652,4.0863444584061215,7.151102802210712,1.0,suppressed_1_9,suppressed_1_9,nonmetro_adjacent,Q4_highest,Constrained Bayesian posterior estimate; not an observed or recovered true suppressed count.
45063,Lexington County,45,South Carolina,72.0,72.0,72.0,72.0,3.93242348705468,3.9324234870546806,3.9324234870546806,3.9324234870546806,1.0,exact,exact,metro_other,Q2,Constrained Bayesian posterior estimate; not an observed or recovered true suppressed count.
45065,McCormick County,45,South Carolina,3.4277777777777776,3.0,3.0,5.0,5.875418278359607,5.142181313313108,5.142181313313108,8.570302188855178,1.0,suppressed_1_9,suppressed_1_9,nonmetro_adjacent,Q3,Constrained Bayesian posterior estimate; not an observed or recovered true suppressed count.
45067,Marion County,45,South Carolina,11.0,11.0,11.0,11.0,6.288409318279263,6.288409318279262,6.288409318279262,6.288409318279262,1.0,exact,exact,nonmetro_adjacent,Q4_highest,Constrained Bayesian posterior estimate; not an observed or recovered true suppressed count.
45069,Marlboro County,45,South Carolina,7.894444444444445,8.0,6.0,9.0,5.082631207713295,5.150590386423044,3.8629427898172826,5.794414184725924,1.0,suppressed_1_9,suppressed_1_9,nonmetro_adjacent,Q4_highest,Constrained Bayesian posterior estimate; not an observed or recovered true suppressed count.
45071,Newberry County,45,South Carolina,11.0,11.0,11.0,11.0,4.758691100382427,4.758691100382426,4.758691100382426,4.758691100382426,1.0,exact,exact,nonmetro_adjacent,Q4_highest,Constrained Bayesian posterior estimate; not an observed or recovered true suppressed count.
45073,Oconee County,45,South Carolina,28.0,28.0,28.0,28.0,5.801425493121165,5.801425493121167,5.801425493121167,5.801425493121167,1.0,exact,exact,nonmetro_adjacent,Q3,Constrained Bayesian posterior estimate; not an observed or recovered true suppressed count.
45075,Orangeburg County,45,South Carolina,55.0,55.0,55.0,55.0,10.923036286326546,10.923036286326543,10.923036286326543,10.923036286326543,1.0,exact,exact,nonmetro_adjacent,Q4_highest,Constrained Bayesian posterior estimate; not an observed or recovered true suppressed count.
45077,Pickens County,45,South Carolina,32.0,32.0,32.0,32.0,4.028907410671567,4.028907410671568,4.028907410671568,4.028907410671568,1.0,exact,exact,metro_other,Q3,Constrained Bayesian posterior estimate; not an observed or recovered true suppressed count.
45079,Richland County,45,South Carolina,115.0,115.0,115.0,115.0,4.544606697880868,4.5446066978808695,4.5446066978808695,4.5446066978808695,1.0,exact,exact,metro_other,Q4_highest,Constrained Bayesian posterior estimate; not an observed or recovered true suppressed count.
45081,Saluda County,45,South Carolina,6.55,6.0,5.0,9.0,5.59245914516487,5.122863339082324,4.269052782568604,7.684295008623487,1.0,suppressed_1_9,suppressed_1_9,metro_other,Q4_highest,Constrained Bayesian posterior estimate; not an observed or recovered true suppressed count.
45083,Spartanburg County,45,South Carolina,83.0,83.0,83.0,83.0,4.041606144020443,4.041606144020444,4.041606144020444,4.041606144020444,1.0,exact,exact,metro_other,Q3,Constrained Bayesian posterior estimate; not an observed or recovered true suppressed count.
45085,Sumter County,45,South Carolina,41.0,41.0,41.0,41.0,6.499765374323075,6.499765374323073,6.499765374323073,6.499765374323073,1.0,exact,exact,metro_other,Q4_highest,Constrained Bayesian posterior estimate; not an observed or recovered true suppressed count.
45087,Union County,45,South Carolina,16.0,16.0,16.0,16.0,9.914364675118662,9.914364675118662,9.914364675118662,9.914364675118662,1.0,exact,exact,metro_other,Q4_highest,Constrained Bayesian posterior estimate; not an observed or recovered true suppressed count.
45089,Williamsburg County,45,South Carolina,16.0,16.0,16.0,16.0,8.864707935575735,8.864707935575735,8.864707935575735,8.864707935575735,1.0,exact,exact,nonmetro_adjacent,Q4_highest,Constrained Bayesian posterior estimate; not an observed or recovered true suppressed count.
45091,York County,45,South Carolina,49.0,49.0,49.0,49.0,2.793219658793967,2.7932196587939675,2.7932196587939675,2.7932196587939675,0.0,exact,exact,metro_large,Q2,Constrained Bayesian posterior estimate; not an observed or recovered true suppressed count.
46003,Aurora County,46,South Dakota,0.0,0.0,0.0,0.0,0.0,0.0,0.0,0.0,0.0,zero,zero,nonmetro_nonadjacent,Q1_lowest,Constrained Bayesian posterior estimate; not an observed or recovered true suppressed count.
46005,Beadle County,46,South Dakota,6.358333333333333,6.0,4.0,9.0,5.552499134013897,5.239579785701187,3.493053190467458,7.85936967855178,1.0,suppressed_1_9,suppressed_1_9,nonmetro_nonadjacent,Q3,Constrained Bayesian posterior estimate; not an observed or recovered true suppressed count.
46007,Bennett County,46,South Dakota,1.1472222222222221,1.0,1.0,2.0,5.707573244886678,4.975124378109452,4.975124378109452,9.950248756218905,1.0,suppressed_1_9,suppressed_1_9,nonmetro_nonadjacent,Q4_highest,Constrained Bayesian posterior estimate; not an observed or recovered true suppressed count.
46009,Bon Homme County,46,South Dakota,2.313888888888889,2.0,2.0,4.0,5.514379754745808,4.7663306403565215,4.7663306403565215,9.532661280713043,1.0,suppressed_1_9,suppressed_1_9,nonmetro_nonadjacent,Q1_lowest,Constrained Bayesian posterior estimate; not an observed or recovered true suppressed count.
46011,Brookings County,46,South Dakota,6.966666666666667,7.0,4.0,9.0,3.268556486598918,3.284195512850588,1.8766831502003358,4.222537087950755,0.6,suppressed_1_9,suppressed_1_9,nonmetro_nonadjacent,Q1_lowest,Constrained Bayesian posterior estimate; not an observed or recovered true suppressed count.
46013,Brown County,46,South Dakota,7.352777777777778,7.0,4.0,9.0,3.2125314699437166,3.0583979237847236,1.7476559564484135,3.9322259020089305,0.75,suppressed_1_9,suppressed_1_9,nonmetro_nonadjacent,Q2,Constrained Bayesian posterior estimate; not an observed or recovered true suppressed count.
46015,Brule County,46,South Dakota,1.1416666666666666,1.0,1.0,2.0,3.603063392875929,3.155967935365777,3.155967935365777,6.311935870731554,1.0,suppressed_1_9,suppressed_1_9,nonmetro_nonadjacent,Q2,Constrained Bayesian posterior estimate; not an observed or recovered true suppressed count.
46017,Buffalo County,46,South Dakota,0.0,0.0,0.0,0.0,0.0,0.0,0.0,0.0,0.0,zero,zero,nonmetro_nonadjacent,Q4_highest,Constrained Bayesian posterior estimate; not an observed or recovered true suppressed count.
46019,Butte County,46,South Dakota,3.0083333333333333,3.0,2.0,6.0,4.704122427066556,4.69109161701928,3.127394411346187,9.38218323403856,1.0,suppressed_1_9,suppressed_1_9,nonmetro_nonadjacent,Q3,Constrained Bayesian posterior estimate; not an observed or recovered true suppressed count.
46021,Campbell County,46,South Dakota,0.0,0.0,0.0,0.0,0.0,0.0,0.0,0.0,0.0,zero,zero,nonmetro_nonadjacent,Q1_lowest,Constrained Bayesian posterior estimate; not an observed or recovered true suppressed count.
46023,Charles Mix County,46,South Dakota,2.547222222222222,2.0,2.0,5.0,4.588514802338591,3.6027597139408787,3.6027597139408787,9.006899284852196,1.0,suppressed_1_9,suppressed_1_9,nonmetro_nonadjacent,Q3,Constrained Bayesian posterior estimate; not an observed or recovered true suppressed count.
46025,Clark County,46,South Dakota,1.1333333333333333,1.0,1.0,2.0,4.879378883770324,4.30533430920911,4.30533430920911,8.61066861841822,1.0,suppressed_1_9,suppressed_1_9,nonmetro_nonadjacent,Q2,Constrained Bayesian posterior estimate; not an observed or recovered true suppressed count.
46027,Clay County,46,South Dakota,4.058333333333334,4.0,3.0,6.0,4.538405910551468,4.4731721500301935,3.354879112522646,6.709758225045292,1.0,suppressed_1_9,suppressed_1_9,nonmetro_adjacent,Q3,Constrained Bayesian posterior estimate; not an observed or recovered true suppressed count.
46029,Codington County,46,South Dakota,6.6305555555555555,7.0,4.0,9.0,3.864140260359199,4.0794442631358105,2.3311110075061774,5.2449997668889,0.7527777777777778,suppressed_1_9,suppressed_1_9,nonmetro_nonadjacent,Q1_lowest,Constrained Bayesian posterior estimate; not an observed or recovered true suppressed count.
46031,Corson County,46,South Dakota,1.0722222222222222,1.0,1.0,2.0,4.593138374838169,4.283755997258396,4.283755997258396,8.567511994516792,1.0,suppressed_1_9,suppressed_1_9,nonmetro_nonadjacent,Q3,Constrained Bayesian posterior estimate; not an observed or recovered true suppressed count.
46033,Custer County,46,South Dakota,1.5611111111111111,1.0,1.0,4.0,2.8882187399143606,1.8501045309059962,1.8501045309059962,7.400418123623985,0.37222222222222223,suppressed_1_9,suppressed_1_9,metro_other,Q2,Constrained Bayesian posterior estimate; not an observed or recovered true suppressed count.
46035,Davison County,46,South Dakota,3.4611111111111112,3.0,2.0,7.0,2.90198555435377,2.515364685956719,1.6769097906378125,5.869184267232344,0.36944444444444446,suppressed_1_9,suppressed_1_9,nonmetro_nonadjacent,Q2,Constrained Bayesian posterior estimate; not an observed or recovered true suppressed count.
46037,Day County,46,South Dakota,1.1888888888888889,1.0,1.0,2.0,3.655757476365699,3.074936195073952,3.074936195073952,6.149872390147904,1.0,suppressed_1_9,suppressed_1_9,nonmetro_nonadjacent,Q1_lowest,Constrained Bayesian posterior estimate; not an observed or recovered true suppressed count.
46039,Deuel County,46,South Dakota,0.0,0.0,0.0,0.0,0.0,0.0,0.0,0.0,0.0,zero,zero,nonmetro_nonadjacent,Q1_lowest,Constrained Bayesian posterior estimate; not an observed or recovered true suppressed count.
46041,Dewey County,46,South Dakota,1.1111111111111112,1.0,1.0,2.0,3.4086299693564164,3.0677669724207752,3.0677669724207752,6.1355339448415505,1.0,suppressed_1_9,suppressed_1_9,nonmetro_nonadjacent,Q4_highest,Constrained Bayesian posterior estimate; not an observed or recovered true suppressed count.
46043,Douglas County,46,South Dakota,0.0,0.0,0.0,0.0,0.0,0.0,0.0,0.0,0.0,zero,zero,nonmetro_nonadjacent,Q2,Constrained Bayesian posterior estimate; not an observed or recovered true suppressed count.
46045,Edmunds County,46,South Dakota,0.0,0.0,0.0,0.0,0.0,0.0,0.0,0.0,0.0,zero,zero,nonmetro_nonadjacent,Q1_lowest,Constrained Bayesian posterior estimate; not an observed or recovered true suppressed count.
46047,Fall River County,46,South Dakota,4.0055555555555555,4.0,3.0,6.0,9.370816599732263,9.35781962802667,7.018364721020003,14.036729442040006,1.0,suppressed_1_9,suppressed_1_9,nonmetro_nonadjacent,Q3,Constrained Bayesian posterior estimate; not an observed or recovered true suppressed count.
46049,Faulk County,46,South Dakota,0.0,0.0,0.0,0.0,0.0,0.0,0.0,0.0,0.0,zero,zero,nonmetro_nonadjacent,Q2,Constrained Bayesian posterior estimate; not an observed or recovered true suppressed count.
46051,Grant County,46,South Dakota,1.2861111111111112,1.0,1.0,3.0,2.9094245246264245,2.2621875353466803,2.2621875353466803,6.786562606040041,0.2222222222222222,suppressed_1_9,suppressed_1_9,nonmetro_nonadjacent,Q1_lowest,Constrained Bayesian posterior estimate; not an observed or recovered true suppressed count.
46053,Gregory County,46,South Dakota,0.0,0.0,0.0,0.0,0.0,0.0,0.0,0.0,0.0,zero,zero,nonmetro_nonadjacent,Q1_lowest,Constrained Bayesian posterior estimate; not an observed or recovered true suppressed count.
46055,Haakon County,46,South Dakota,0.0,0.0,0.0,0.0,0.0,0.0,0.0,0.0,0.0,zero,zero,nonmetro_nonadjacent,Q1_lowest,Constrained Bayesian posterior estimate; not an observed or recovered true suppressed count.
46057,Hamlin County,46,South Dakota,1.2,1.0,1.0,2.0,3.1535793125197094,2.6279827604330914,2.6279827604330914,5.255965520866183,0.18333333333333332,suppressed_1_9,suppressed_1_9,nonmetro_nonadjacent,Q1_lowest,Constrained Bayesian posterior estimate; not an observed or recovered true suppressed count.
46059,Hand County,46,South Dakota,0.0,0.0,0.0,0.0,0.0,0.0,0.0,0.0,0.0,zero,zero,nonmetro_nonadjacent,Q1_lowest,Constrained Bayesian posterior estimate; not an observed or recovered true suppressed count.
46061,Hanson County,46,South Dakota,1.1055555555555556,1.0,1.0,2.0,5.300899288241061,4.794783275795933,4.794783275795933,9.589566551591867,1.0,suppressed_1_9,suppressed_1_9,nonmetro_adjacent,Q1_lowest,Constrained Bayesian posterior estimate; not an observed or recovered true suppressed count.
46063,Harding County,46,South Dakota,0.0,0.0,0.0,0.0,0.0,0.0,0.0,0.0,0.0,zero,zero,nonmetro_nonadjacent,Q1_lowest,Constrained Bayesian posterior estimate; not an observed or recovered true suppressed count.
46065,Hughes County,46,South Dakota,4.413888888888889,4.0,3.0,7.0,4.187829834426544,3.7951384276741496,2.846353820755612,6.641492248429762,0.7472222222222222,suppressed_1_9,suppressed_1_9,nonmetro_nonadjacent,Q2,Constrained Bayesian posterior estimate; not an observed or recovered true suppressed count.
46067,Hutchinson County,46,South Dakota,1.1888888888888889,1.0,1.0,2.0,2.6921083485550676,2.264390199719216,2.264390199719216,4.528780399438432,0.17777777777777778,suppressed_1_9,suppressed_1_9,nonmetro_adjacent,Q1_lowest,Constrained Bayesian posterior estimate; not an observed or recovered true suppressed count.
46069,Hyde County,46,South Dakota,1.0472222222222223,1.0,1.0,2.0,14.1459168205082,13.508037282182897,13.508037282182897,27.016074564365795,1.0,suppressed_1_9,suppressed_1_9,nonmetro_nonadjacent,Q1_lowest,Constrained Bayesian posterior estimate; not an observed or recovered true suppressed count.
46071,Jackson County,46,South Dakota,0.0,0.0,0.0,0.0,0.0,0.0,0.0,0.0,0.0,zero,zero,nonmetro_nonadjacent,Q4_highest,Constrained Bayesian posterior estimate; not an observed or recovered true suppressed count.
46073,Jerauld County,46,South Dakota,0.0,0.0,0.0,0.0,0.0,0.0,0.0,0.0,0.0,zero,zero,nonmetro_nonadjacent,Q1_lowest,Constrained Bayesian posterior estimate; not an observed or recovered true suppressed count.
46075,Jones County,46,South Dakota,0.0,0.0,0.0,0.0,0.0,0.0,0.0,0.0,0.0,zero,zero,nonmetro_nonadjacent,Q1_lowest,Constrained Bayesian posterior estimate; not an observed or recovered true suppressed count.
46077,Kingsbury County,46,South Dakota,2.3,2.0,2.0,5.0,7.431580988077159,6.462244337458399,6.462244337458399,16.155610843646,1.0,suppressed_1_9,suppressed_1_9,nonmetro_nonadjacent,Q1_lowest,Constrained Bayesian posterior estimate; not an observed or recovered true suppressed count.
46079,Lake County,46,South Dakota,5.444444444444445,5.0,4.0,8.0,7.873952483107157,7.231180851833104,5.7849446814664836,11.569889362932967,1.0,suppressed_1_9,suppressed_1_9,nonmetro_adjacent,Q1_lowest,Constrained Bayesian posterior estimate; not an observed or recovered true suppressed count.
46081,Lawrence County,46,South Dakota,7.2,7.0,4.0,9.0,4.436065210158589,4.312841176543073,2.4644806723103274,5.5450815126982365,0.9611111111111111,suppressed_1_9,suppressed_1_9,nonmetro_adjacent,Q2,Constrained Bayesian posterior estimate; not an observed or recovered true suppressed count.
46083,Lincoln County,46,South Dakota,7.6,8.0,5.0,9.0,1.8469644167723809,1.944173070286717,1.215108168929198,2.1871947040725566,0.0,suppressed_1_9,suppressed_1_9,metro_other,Q1_lowest,Constrained Bayesian posterior estimate; not an observed or recovered true suppressed count.
46085,Lyman County,46,South Dakota,1.113888888888889,1.0,1.0,2.0,4.959434055605025,4.4523597506678545,4.4523597506678545,8.904719501335709,1.0,suppressed_1_9,suppressed_1_9,nonmetro_nonadjacent,Q4_highest,Constrained Bayesian posterior estimate; not an observed or recovered true suppressed count.
46087,McCook County,46,South Dakota,2.175,2.0,2.0,3.0,6.367282414590591,5.854972335255716,5.854972335255716,8.782458502883573,1.0,suppressed_1_9,suppressed_1_9,metro_other,Q1_lowest,Constrained Bayesian posterior estimate; not an observed or recovered true suppressed count.
46089,McPherson County,46,South Dakota,1.0722222222222222,1.0,1.0,2.0,7.551924371194691,7.04324552753909,7.04324552753909,14.08649105507818,1.0,suppressed_1_9,suppressed_1_9,nonmetro_nonadjacent,Q1_lowest,Constrained Bayesian posterior estimate; not an observed or recovered true suppressed count.
46091,Marshall County,46,South Dakota,2.261111111111111,2.0,2.0,4.0,8.28792284697277,7.330840847445201,7.330840847445201,14.661681694890403,1.0,suppressed_1_9,suppressed_1_9,nonmetro_nonadjacent,Q1_lowest,Constrained Bayesian posterior estimate; not an observed or recovered true suppressed count.
46093,Meade County,46,South Dakota,7.558333333333334,8.0,5.0,9.0,4.206950420138445,4.452781040058332,2.782988150036457,5.009378670065622,0.9222222222222223,suppressed_1_9,suppressed_1_9,metro_other,Q1_lowest,Constrained Bayesian posterior estimate; not an observed or recovered true suppressed count.
46095,Mellette County,46,South Dakota,0.0,0.0,0.0,0.0,0.0,0.0,0.0,0.0,0.0,zero,zero,nonmetro_nonadjacent,Q4_highest,Constrained Bayesian posterior estimate; not an observed or recovered true suppressed count.
46097,Miner County,46,South Dakota,1.0444444444444445,1.0,1.0,2.0,7.66902448376859,7.342683016374182,7.342683016374182,14.685366032748364,1.0,suppressed_1_9,suppressed_1_9,nonmetro_adjacent,Q1_lowest,Constrained Bayesian posterior estimate; not an observed or recovered true suppressed count.
46099,Minnehaha County,46,South Dakota,48.0,48.0,48.0,48.0,3.9701642159173804,3.970164215917381,3.970164215917381,3.970164215917381,1.0,exact,exact,metro_other,Q2,Constrained Bayesian posterior estimate; not an observed or recovered true suppressed count.
46101,Moody County,46,South Dakota,2.2194444444444446,2.0,2.0,3.0,5.728485557620391,5.162089613875697,5.162089613875697,7.743134420813544,1.0,suppressed_1_9,suppressed_1_9,nonmetro_adjacent,Q1_lowest,Constrained Bayesian posterior estimate; not an observed or recovered true suppressed count.
46103,Pennington County,46,South Dakota,31.0,31.0,31.0,31.0,4.506796539943301,4.506796539943302,4.506796539943302,4.506796539943302,1.0,exact,exact,metro_other,Q3,Constrained Bayesian posterior estimate; not an observed or recovered true suppressed count.
46105,Perkins County,46,South Dakota,0.0,0.0,0.0,0.0,0.0,0.0,0.0,0.0,0.0,zero,zero,nonmetro_nonadjacent,Q2,Constrained Bayesian posterior estimate; not an observed or recovered true suppressed count.
46107,Potter County,46,South Dakota,0.0,0.0,0.0,0.0,0.0,0.0,0.0,0.0,0.0,zero,zero,nonmetro_nonadjacent,Q1_lowest,Constrained Bayesian posterior estimate; not an observed or recovered true suppressed count.
46109,Roberts County,46,South Dakota,0.0,0.0,0.0,0.0,0.0,0.0,0.0,0.0,0.0,zero,zero,nonmetro_nonadjacent,Q3,Constrained Bayesian posterior estimate; not an observed or recovered true suppressed count.
46111,Sanborn County,46,South Dakota,1.0666666666666667,1.0,1.0,2.0,7.485380116959062,7.017543859649122,7.017543859649122,14.035087719298245,1.0,suppressed_1_9,suppressed_1_9,nonmetro_nonadjacent,Q1_lowest,Constrained Bayesian posterior estimate; not an observed or recovered true suppressed count.
46113,Shannon County,46,South Dakota,5.558333333333334,5.0,4.0,8.0,6.766407778021247,6.086723638399922,4.869378910719938,9.738757821439876,1.0,suppressed_1_9,suppressed_1_9,nonmetro_nonadjacent,Q1_lowest,Constrained Bayesian posterior estimate; not an observed or recovered true suppressed count.
46115,Spink County,46,South Dakota,2.425,2.0,2.0,4.0,6.471326021402077,5.337176100125424,5.337176100125424,10.674352200250848,1.0,suppressed_1_9,suppressed_1_9,nonmetro_nonadjacent,Q1_lowest,Constrained Bayesian posterior estimate; not an observed or recovered true suppressed count.
46117,Stanley County,46,South Dakota,0.0,0.0,0.0,0.0,0.0,0.0,0.0,0.0,0.0,zero,zero,nonmetro_nonadjacent,Q1_lowest,Constrained Bayesian posterior estimate; not an observed or recovered true suppressed count.
46119,Sully County,46,South Dakota,0.0,0.0,0.0,0.0,0.0,0.0,0.0,0.0,0.0,zero,zero,nonmetro_nonadjacent,Q1_lowest,Constrained Bayesian posterior estimate; not an observed or recovered true suppressed count.
46121,Todd County,46,South Dakota,5.336111111111111,5.0,4.0,9.0,9.301708492881119,8.715812226541392,6.9726497812331125,15.688462007774504,1.0,suppressed_1_9,suppressed_1_9,nonmetro_nonadjacent,Q4_highest,Constrained Bayesian posterior estimate; not an observed or recovered true suppressed count.
46123,Tripp County,46,South Dakota,2.486111111111111,2.0,2.0,4.0,7.468041787657288,6.007810153199159,6.007810153199159,12.015620306398318,1.0,suppressed_1_9,suppressed_1_9,nonmetro_nonadjacent,Q3,Constrained Bayesian posterior estimate; not an observed or recovered true suppressed count.
46125,Turner County,46,South Dakota,1.1611111111111112,1.0,1.0,2.0,2.2145930023099587,1.907304978065993,1.907304978065993,3.814609956131986,0.16111111111111112,suppressed_1_9,suppressed_1_9,metro_other,Q1_lowest,Constrained Bayesian posterior estimate; not an observed or recovered true suppressed count.
46127,Union County,46,South Dakota,1.2666666666666666,1.0,1.0,3.0,1.258561530410821,0.9936012082190693,0.9936012082190693,2.9808036246572076,0.03611111111111111,suppressed_1_9,suppressed_1_9,metro_other,Q1_lowest,Constrained Bayesian posterior estimate; not an observed or recovered true suppressed count.
46129,Walworth County,46,South Dakota,1.1666666666666667,1.0,1.0,2.0,3.666111512637611,3.142381296546523,3.142381296546523,6.284762593093046,1.0,suppressed_1_9,suppressed_1_9,nonmetro_nonadjacent,Q3,Constrained Bayesian posterior estimate; not an observed or recovered true suppressed count.
46135,Yankton County,46,South Dakota,6.102777777777778,6.0,4.0,9.0,4.382542281459353,4.308735242581794,2.8724901617211964,6.463102863872692,0.9,suppressed_1_9,suppressed_1_9,nonmetro_nonadjacent,Q1_lowest,Constrained Bayesian posterior estimate; not an observed or recovered true suppressed count.
46137,Ziebach County,46,South Dakota,2.1416666666666666,2.0,2.0,3.0,14.347602777963868,13.398539559188047,13.398539559188047,20.097809338782074,1.0,suppressed_1_9,suppressed_1_9,nonmetro_nonadjacent,Q4_highest,Constrained Bayesian posterior estimate; not an observed or recovered true suppressed count.
47001,Anderson County,47,Tennessee,34.0,34.0,34.0,34.0,7.1926009291148025,7.1926009291148025,7.1926009291148025,7.1926009291148025,1.0,exact,exact,metro_other,Q3,Constrained Bayesian posterior estimate; not an observed or recovered true suppressed count.
47003,Bedford County,47,Tennessee,7.725,8.0,5.0,9.0,2.4899756320831345,2.5786155413158673,1.6116347133224174,2.900942483980351,0.0,suppressed_1_9,suppressed_1_9,nonmetro_adjacent,Q3,Constrained Bayesian posterior estimate; not an observed or recovered true suppressed count.
47005,Benton County,47,Tennessee,6.85,7.0,5.0,9.0,7.102788233220311,7.25832374197696,5.184516958554972,9.332130525398949,1.0,suppressed_1_9,suppressed_1_9,nonmetro_nonadjacent,Q2,Constrained Bayesian posterior estimate; not an observed or recovered true suppressed count.
47007,Bledsoe County,47,Tennessee,2.975,2.0,2.0,8.0,3.2703088930416624,2.1985269869187647,2.1985269869187647,8.794107947675059,0.4527777777777778,suppressed_1_9,suppressed_1_9,nonmetro_adjacent,Q3,Constrained Bayesian posterior estimate; not an observed or recovered true suppressed count.
47009,Blount County,47,Tennessee,35.0,35.0,35.0,35.0,4.221602785775369,4.22160278577537,4.22160278577537,4.22160278577537,1.0,exact,exact,metro_other,Q1_lowest,Constrained Bayesian posterior estimate; not an observed or recovered true suppressed count.
47011,Bradley County,47,Tennessee,25.0,25.0,25.0,25.0,3.768919978291021,3.768919978291021,3.768919978291021,3.768919978291021,1.0,exact,exact,metro_other,Q3,Constrained Bayesian posterior estimate; not an observed or recovered true suppressed count.
47013,Campbell County,47,Tennessee,25.0,25.0,25.0,25.0,10.44705017091374,10.44705017091374,10.44705017091374,10.44705017091374,1.0,exact,exact,metro_other,Q3,Constrained Bayesian posterior estimate; not an observed or recovered true suppressed count.
47015,Cannon County,47,Tennessee,2.547222222222222,2.0,2.0,4.0,2.859766054296261,2.245399737288231,2.245399737288231,4.490799474576462,0.4638888888888889,suppressed_1_9,suppressed_1_9,metro_large,Q2,Constrained Bayesian posterior estimate; not an observed or recovered true suppressed count.
47017,Carroll County,47,Tennessee,8.036111111111111,8.0,6.0,9.0,4.715944620171658,4.694753026648591,3.5210647699864444,5.281597154979665,1.0,suppressed_1_9,suppressed_1_9,nonmetro_adjacent,Q3,Constrained Bayesian posterior estimate; not an observed or recovered true suppressed count.
47019,Carter County,47,Tennessee,12.0,12.0,12.0,12.0,3.531395578104171,3.5313955781041706,3.5313955781041706,3.5313955781041706,1.0,exact,exact,metro_other,Q3,Constrained Bayesian posterior estimate; not an observed or recovered true suppressed count.
47021,Cheatham County,47,Tennessee,7.966666666666667,8.0,6.0,9.0,3.186934369153675,3.2002688225810965,2.4002016169358225,3.6003024254037337,0.6888888888888889,suppressed_1_9,suppressed_1_9,metro_large,Q1_lowest,Constrained Bayesian posterior estimate; not an observed or recovered true suppressed count.
47023,Chester County,47,Tennessee,5.336111111111111,5.0,4.0,8.0,5.066377189540001,4.747256085982302,3.797804868785842,7.595609737571684,1.0,suppressed_1_9,suppressed_1_9,metro_other,Q2,Constrained Bayesian posterior estimate; not an observed or recovered true suppressed count.
47025,Claiborne County,47,Tennessee,7.397222222222222,8.0,4.0,9.0,3.8050771703371438,4.115141663751775,2.0575708318758874,4.629534371720746,0.8361111111111111,suppressed_1_9,suppressed_1_9,nonmetro_adjacent,Q3,Constrained Bayesian posterior estimate; not an observed or recovered true suppressed count.
47027,Clay County,47,Tennessee,2.375,2.0,2.0,4.0,5.164166123070232,4.348771472059143,4.348771472059143,8.697542944118286,1.0,suppressed_1_9,suppressed_1_9,nonmetro_adjacent,Q3,Constrained Bayesian posterior estimate; not an observed or recovered true suppressed count.
47029,Cocke County,47,Tennessee,7.386111111111111,8.0,5.0,9.0,3.349315323867077,3.627690158983521,2.2673063493647008,4.081151428856462,0.7527777777777778,suppressed_1_9,suppressed_1_9,nonmetro_adjacent,Q3,Constrained Bayesian posterior estimate; not an observed or recovered true suppressed count.
47031,Coffee County,47,Tennessee,6.766666666666667,7.0,4.0,9.0,1.9070165055566513,1.9727756954034328,1.1273003973733902,2.5364258940901276,0.0,suppressed_1_9,suppressed_1_9,nonmetro_adjacent,Q3,Constrained Bayesian posterior estimate; not an observed or recovered true suppressed count.
47033,Crockett County,47,Tennessee,1.2083333333333333,1.0,1.0,3.0,1.4345300281761486,1.1871972646975022,1.1871972646975022,3.5615917940925064,0.04722222222222222,suppressed_1_9,suppressed_1_9,metro_other,Q3,Constrained Bayesian posterior estimate; not an observed or recovered true suppressed count.
47035,Cumberland County,47,Tennessee,12.0,12.0,12.0,12.0,3.1706273086130095,3.170627308613009,3.170627308613009,3.170627308613009,1.0,exact,exact,nonmetro_adjacent,Q2,Constrained Bayesian posterior estimate; not an observed or recovered true suppressed count.
47037,Davidson County,47,Tennessee,116.0,116.0,116.0,116.0,2.7343941525452493,2.7343941525452493,2.7343941525452493,2.7343941525452493,0.0,exact,exact,metro_large,Q3,Constrained Bayesian posterior estimate; not an observed or recovered true suppressed count.
47039,Decatur County,47,Tennessee,3.9722222222222223,4.0,3.0,7.0,5.701072439500858,5.740940078937927,4.3057050592034445,10.04664513814137,1.0,suppressed_1_9,suppressed_1_9,nonmetro_nonadjacent,Q2,Constrained Bayesian posterior estimate; not an observed or recovered true suppressed count.
47041,DeKalb County,47,Tennessee,4.605555555555555,4.0,3.0,9.0,3.661596084874825,3.180155827635554,2.3851168707266655,7.155350612179997,0.7611111111111111,suppressed_1_9,suppressed_1_9,nonmetro_adjacent,Q4_highest,Constrained Bayesian posterior estimate; not an observed or recovered true suppressed count.
47043,Dickson County,47,Tennessee,6.625,7.0,4.0,9.0,1.985036569617105,2.0973971301614696,1.198512645806554,2.6966534530647466,0.0,suppressed_1_9,suppressed_1_9,metro_large,Q1_lowest,Constrained Bayesian posterior estimate; not an observed or recovered true suppressed count.
47045,Dyer County,47,Tennessee,10.0,10.0,10.0,10.0,4.55004595546415,4.55004595546415,4.55004595546415,4.55004595546415,1.0,exact,exact,nonmetro_adjacent,Q3,Constrained Bayesian posterior estimate; not an observed or recovered true suppressed count.
47047,Fayette County,47,Tennessee,11.0,11.0,11.0,11.0,4.265781452382244,4.265781452382245,4.265781452382245,4.265781452382245,1.0,exact,exact,metro_large,Q2,Constrained Bayesian posterior estimate; not an observed or recovered true suppressed count.
47049,Fentress County,47,Tennessee,10.0,10.0,10.0,10.0,8.671748311177016,8.671748311177017,8.671748311177017,8.671748311177017,1.0,exact,exact,nonmetro_adjacent,Q2,Constrained Bayesian posterior estimate; not an observed or recovered true suppressed count.
47051,Franklin County,47,Tennessee,14.0,14.0,14.0,14.0,5.3508433311292976,5.350843331129296,5.350843331129296,5.350843331129296,1.0,exact,exact,nonmetro_nonadjacent,Q2,Constrained Bayesian posterior estimate; not an observed or recovered true suppressed count.
47053,Gibson County,47,Tennessee,21.0,21.0,21.0,21.0,6.950489347547636,6.950489347547636,6.950489347547636,6.950489347547636,1.0,exact,exact,metro_other,Q4_highest,Constrained Bayesian posterior estimate; not an observed or recovered true suppressed count.
47055,Giles County,47,Tennessee,4.419444444444444,4.0,3.0,6.0,2.4311782489159786,2.200437887139541,1.6503284153546556,3.300656830709311,0.1361111111111111,suppressed_1_9,suppressed_1_9,nonmetro_adjacent,Q2,Constrained Bayesian posterior estimate; not an observed or recovered true suppressed count.
47057,Grainger County,47,Tennessee,4.777777777777778,5.0,3.0,7.0,3.3023298320957273,3.455926568472273,2.073555941083364,4.838297195861182,0.525,suppressed_1_9,suppressed_1_9,metro_other,Q3,Constrained Bayesian posterior estimate; not an observed or recovered true suppressed count.
47059,Greene County,47,Tennessee,21.0,21.0,21.0,21.0,4.922171099355197,4.922171099355196,4.922171099355196,4.922171099355196,1.0,exact,exact,nonmetro_adjacent,Q3,Constrained Bayesian posterior estimate; not an observed or recovered true suppressed count.
47061,Grundy County,47,Tennessee,5.141666666666667,5.0,3.0,8.0,6.2383725632937,6.066488716330988,3.639893229798593,9.70638194612958,1.0,suppressed_1_9,suppressed_1_9,nonmetro_adjacent,Q3,Constrained Bayesian posterior estimate; not an observed or recovered true suppressed count.
47063,Hamblen County,47,Tennessee,17.0,17.0,17.0,17.0,4.318984987716298,4.3189849877162985,4.3189849877162985,4.3189849877162985,1.0,exact,exact,metro_other,Q4_highest,Constrained Bayesian posterior estimate; not an observed or recovered true suppressed count.
47065,Hamilton County,47,Tennessee,70.0,70.0,70.0,70.0,3.111936811678476,3.111936811678477,3.111936811678477,3.111936811678477,1.0,exact,exact,metro_other,Q3,Constrained Bayesian posterior estimate; not an observed or recovered true suppressed count.
47067,Hancock County,47,Tennessee,0.0,0.0,0.0,0.0,0.0,0.0,0.0,0.0,0.0,zero,zero,nonmetro_adjacent,Q4_highest,Constrained Bayesian posterior estimate; not an observed or recovered true suppressed count.
47069,Hardeman County,47,Tennessee,13.0,13.0,13.0,13.0,8.561531065186182,8.56153106518618,8.56153106518618,8.56153106518618,1.0,exact,exact,nonmetro_adjacent,Q4_highest,Constrained Bayesian posterior estimate; not an observed or recovered true suppressed count.
47071,Hardin County,47,Tennessee,5.919444444444444,6.0,2.0,9.0,3.6984969974660697,3.748828491096532,1.2496094970321774,5.623242736644798,0.7,suppressed_1_9,suppressed_1_9,nonmetro_adjacent,Q3,Constrained Bayesian posterior estimate; not an observed or recovered true suppressed count.
47073,Hawkins County,47,Tennessee,14.0,14.0,14.0,14.0,4.036175665896911,4.03617566589691,4.03617566589691,4.03617566589691,1.0,exact,exact,metro_other,Q3,Constrained Bayesian posterior estimate; not an observed or recovered true suppressed count.
47075,Haywood County,47,Tennessee,4.638888888888889,5.0,3.0,7.0,4.4615425716651975,4.808848280836739,2.8853089685020437,6.732387593171436,0.825,suppressed_1_9,suppressed_1_9,nonmetro_adjacent,Q4_highest,Constrained Bayesian posterior estimate; not an observed or recovered true suppressed count.
47077,Henderson County,47,Tennessee,7.447222222222222,7.0,5.0,9.0,4.424232582946523,4.158547597547645,2.970391141105461,5.346704053989829,1.0,suppressed_1_9,suppressed_1_9,nonmetro_adjacent,Q3,Constrained Bayesian posterior estimate; not an observed or recovered true suppressed count.
47079,Henry County,47,Tennessee,12.0,12.0,12.0,12.0,6.171061834039578,6.171061834039578,6.171061834039578,6.171061834039578,1.0,exact,exact,nonmetro_nonadjacent,Q3,Constrained Bayesian posterior estimate; not an observed or recovered true suppressed count.
47081,Hickman County,47,Tennessee,1.1527777777777777,1.0,1.0,3.0,0.753390438513174,0.6535435129270907,0.6535435129270907,1.960630538781272,0.0,suppressed_1_9,suppressed_1_9,metro_large,Q2,Constrained Bayesian posterior estimate; not an observed or recovered true suppressed count.
47083,Houston County,47,Tennessee,0.0,0.0,0.0,0.0,0.0,0.0,0.0,0.0,0.0,zero,zero,nonmetro_adjacent,Q2,Constrained Bayesian posterior estimate; not an observed or recovered true suppressed count.
47085,Humphreys County,47,Tennessee,4.580555555555556,4.0,3.0,9.0,4.0091688159118055,3.5010328046773798,2.625774603508035,7.877323810524105,0.6611111111111111,suppressed_1_9,suppressed_1_9,nonmetro_adjacent,Q2,Constrained Bayesian posterior estimate; not an observed or recovered true suppressed count.
47087,Jackson County,47,Tennessee,6.541666666666667,6.0,5.0,9.0,9.069524548950014,8.318544809228039,6.932120674356699,12.477817213842057,1.0,suppressed_1_9,suppressed_1_9,nonmetro_adjacent,Q3,Constrained Bayesian posterior estimate; not an observed or recovered true suppressed count.
47089,Jefferson County,47,Tennessee,11.0,11.0,11.0,11.0,3.242848046036649,3.24284804603665,3.24284804603665,3.24284804603665,1.0,exact,exact,metro_other,Q2,Constrained Bayesian posterior estimate; not an observed or recovered true suppressed count.
47091,Johnson County,47,Tennessee,3.925,4.0,3.0,7.0,3.6083990659532597,3.6773493665765717,2.7580120249324285,6.435361391509,0.5277777777777778,suppressed_1_9,suppressed_1_9,nonmetro_adjacent,Q3,Constrained Bayesian posterior estimate; not an observed or recovered true suppressed count.
47093,Knox County,47,Tennessee,114.0,114.0,114.0,114.0,3.884699395827014,3.884699395827015,3.884699395827015,3.884699395827015,1.0,exact,exact,metro_other,Q2,Constrained Bayesian posterior estimate; not an observed or recovered true suppressed count.
47095,Lake County,47,Tennessee,0.0,0.0,0.0,0.0,0.0,0.0,0.0,0.0,0.0,zero,zero,nonmetro_nonadjacent,Q4_highest,Constrained Bayesian posterior estimate; not an observed or recovered true suppressed count.
47097,Lauderdale County,47,Tennessee,8.208333333333334,8.0,6.0,9.0,5.4640261829478005,5.325345315360293,3.9940089865202193,5.99101347978033,1.0,suppressed_1_9,suppressed_1_9,nonmetro_adjacent,Q4_highest,Constrained Bayesian posterior estimate; not an observed or recovered true suppressed count.
47099,Lawrence County,47,Tennessee,7.627777777777778,8.0,6.0,9.0,2.8105504748663503,2.9477004252057863,2.2107753189043398,3.31616297835651,0.5583333333333333,suppressed_1_9,suppressed_1_9,nonmetro_adjacent,Q3,Constrained Bayesian posterior estimate; not an observed or recovered true suppressed count.
47101,Lewis County,47,Tennessee,2.7916666666666665,3.0,2.0,5.0,3.628887242349005,3.8996997231213197,2.599799815414213,6.499499538535533,0.5333333333333333,suppressed_1_9,suppressed_1_9,nonmetro_adjacent,Q3,Constrained Bayesian posterior estimate; not an observed or recovered true suppressed count.
47103,Lincoln County,47,Tennessee,13.0,13.0,13.0,13.0,6.095759695774701,6.095759695774701,6.095759695774701,6.095759695774701,1.0,exact,exact,nonmetro_adjacent,Q2,Constrained Bayesian posterior estimate; not an observed or recovered true suppressed count.
47105,Loudon County,47,Tennessee,18.0,18.0,18.0,18.0,5.19377093738909,5.1937709373890915,5.1937709373890915,5.1937709373890915,1.0,exact,exact,metro_other,Q1_lowest,Constrained Bayesian posterior estimate; not an observed or recovered true suppressed count.
47107,McMinn County,47,Tennessee,19.0,19.0,19.0,19.0,5.771357058673439,5.771357058673439,5.771357058673439,5.771357058673439,1.0,exact,exact,nonmetro_adjacent,Q3,Constrained Bayesian posterior estimate; not an observed or recovered true suppressed count.
47109,McNairy County,47,Tennessee,6.902777777777778,7.0,4.0,9.0,4.438971201884052,4.501491923037349,2.572281098878485,5.787632472476592,0.9388888888888889,suppressed_1_9,suppressed_1_9,nonmetro_adjacent,Q2,Constrained Bayesian posterior estimate; not an observed or recovered true suppressed count.
47111,Macon County,47,Tennessee,5.883333333333334,6.0,4.0,9.0,3.787415480551139,3.862520036822691,2.575013357881794,5.793780055234037,0.7805555555555556,suppressed_1_9,suppressed_1_9,metro_large,Q3,Constrained Bayesian posterior estimate; not an observed or recovered true suppressed count.
47113,Madison County,47,Tennessee,33.0,33.0,33.0,33.0,5.555873568520758,5.555873568520757,5.555873568520757,5.555873568520757,1.0,exact,exact,metro_other,Q4_highest,Constrained Bayesian posterior estimate; not an observed or recovered true suppressed count.
47115,Marion County,47,Tennessee,2.6305555555555555,3.0,2.0,4.0,1.503088712391038,1.7141877606993885,1.1427918404662591,2.2855836809325183,0.0,suppressed_1_9,suppressed_1_9,metro_other,Q2,Constrained Bayesian posterior estimate; not an observed or recovered true suppressed count.
47117,Marshall County,47,Tennessee,11.0,11.0,11.0,11.0,5.114827886041636,5.114827886041635,5.114827886041635,5.114827886041635,1.0,exact,exact,nonmetro_adjacent,Q2,Constrained Bayesian posterior estimate; not an observed or recovered true suppressed count.
47119,Maury County,47,Tennessee,22.0,22.0,22.0,22.0,3.475145600702611,3.475145600702611,3.475145600702611,3.475145600702611,1.0,exact,exact,metro_large,Q1_lowest,Constrained Bayesian posterior estimate; not an observed or recovered true suppressed count.
47121,Meigs County,47,Tennessee,4.166666666666667,4.0,3.0,8.0,5.280745556780689,5.069515734509461,3.8021368008820953,10.139031469018922,1.0,suppressed_1_9,suppressed_1_9,nonmetro_adjacent,Q2,Constrained Bayesian posterior estimate; not an observed or recovered true suppressed count.
47123,Monroe County,47,Tennessee,18.0,18.0,18.0,18.0,6.295731494047034,6.295731494047036,6.295731494047036,6.295731494047036,1.0,exact,exact,nonmetro_adjacent,Q4_highest,Constrained Bayesian posterior estimate; not an observed or recovered true suppressed count.
47125,Montgomery County,47,Tennessee,29.0,29.0,29.0,29.0,2.1133298645574183,2.113329864557418,2.113329864557418,2.113329864557418,0.0,exact,exact,metro_other,Q3,Constrained Bayesian posterior estimate; not an observed or recovered true suppressed count.
47127,Moore County,47,Tennessee,0.0,0.0,0.0,0.0,0.0,0.0,0.0,0.0,0.0,zero,zero,nonmetro_nonadjacent,Q1_lowest,Constrained Bayesian posterior estimate; not an observed or recovered true suppressed count.
47129,Morgan County,47,Tennessee,7.002777777777778,7.0,5.0,9.0,5.435293488600329,5.433137481663161,3.8808124869022578,6.985462476424064,1.0,suppressed_1_9,suppressed_1_9,metro_other,Q3,Constrained Bayesian posterior estimate; not an observed or recovered true suppressed count.
47131,Obion County,47,Tennessee,13.0,13.0,13.0,13.0,7.153390707195213,7.153390707195211,7.153390707195211,7.153390707195211,1.0,exact,exact,nonmetro_nonadjacent,Q3,Constrained Bayesian posterior estimate; not an observed or recovered true suppressed count.
47133,Overton County,47,Tennessee,0.0,0.0,0.0,0.0,0.0,0.0,0.0,0.0,0.0,zero,zero,nonmetro_nonadjacent,Q2,Constrained Bayesian posterior estimate; not an observed or recovered true suppressed count.
47135,Perry County,47,Tennessee,0.0,0.0,0.0,0.0,0.0,0.0,0.0,0.0,0.0,zero,zero,nonmetro_nonadjacent,Q2,Constrained Bayesian posterior estimate; not an observed or recovered true suppressed count.
47137,Pickett County,47,Tennessee,2.7305555555555556,2.0,2.0,6.0,8.943550999166602,6.550718941403819,6.550718941403819,19.652156824211456,1.0,suppressed_1_9,suppressed_1_9,nonmetro_nonadjacent,Q2,Constrained Bayesian posterior estimate; not an observed or recovered true suppressed count.
47139,Polk County,47,Tennessee,7.330555555555556,7.0,6.0,9.0,6.936755921870943,6.623957909478883,5.677678208124758,8.516517312187135,1.0,suppressed_1_9,suppressed_1_9,metro_other,Q3,Constrained Bayesian posterior estimate; not an observed or recovered true suppressed count.
47141,Putnam County,47,Tennessee,14.0,14.0,14.0,14.0,2.8369829092043877,2.8369829092043886,2.8369829092043886,2.8369829092043886,0.0,exact,exact,nonmetro_adjacent,Q3,Constrained Bayesian posterior estimate; not an observed or recovered true suppressed count.
47143,Rhea County,47,Tennessee,13.0,13.0,13.0,13.0,6.4305818687270895,6.43058186872709,6.43058186872709,6.43058186872709,1.0,exact,exact,nonmetro_adjacent,Q3,Constrained Bayesian posterior estimate; not an observed or recovered true suppressed count.
47145,Roane County,47,Tennessee,21.0,21.0,21.0,21.0,6.380360642289637,6.380360642289638,6.380360642289638,6.380360642289638,1.0,exact,exact,metro_other,Q2,Constrained Bayesian posterior estimate; not an observed or recovered true suppressed count.
47147,Robertson County,47,Tennessee,12.0,12.0,12.0,12.0,2.6732547544949665,2.6732547544949665,2.6732547544949665,2.6732547544949665,0.0,exact,exact,metro_large,Q2,Constrained Bayesian posterior estimate; not an observed or recovered true suppressed count.
47149,Rutherford County,47,Tennessee,46.0,46.0,46.0,46.0,2.1612032076014214,2.1612032076014214,2.1612032076014214,2.1612032076014214,0.0,exact,exact,metro_large,Q2,Constrained Bayesian posterior estimate; not an observed or recovered true suppressed count.
47151,Scott County,47,Tennessee,10.0,10.0,10.0,10.0,7.530233889064592,7.5302338890645935,7.5302338890645935,7.5302338890645935,1.0,exact,exact,nonmetro_adjacent,Q3,Constrained Bayesian posterior estimate; not an observed or recovered true suppressed count.
47153,Sequatchie County,47,Tennessee,5.15,5.0,3.0,8.0,5.239703727820283,5.08709099788377,3.0522545987302623,8.139345596614032,1.0,suppressed_1_9,suppressed_1_9,metro_other,Q3,Constrained Bayesian posterior estimate; not an observed or recovered true suppressed count.
47155,Sevier County,47,Tennessee,20.0,20.0,20.0,20.0,3.3590919702585995,3.3590919702585995,3.3590919702585995,3.3590919702585995,1.0,exact,exact,nonmetro_adjacent,Q3,Constrained Bayesian posterior estimate; not an observed or recovered true suppressed count.
47157,Shelby County,47,Tennessee,202.0,202.0,202.0,202.0,3.6497801097824953,3.649780109782495,3.649780109782495,3.649780109782495,1.0,exact,exact,metro_large,Q4_highest,Constrained Bayesian posterior estimate; not an observed or recovered true suppressed count.
47159,Smith County,47,Tennessee,6.944444444444445,7.0,5.0,9.0,5.672453476805565,5.717833104620009,4.084166503300007,7.351499705940012,1.0,suppressed_1_9,suppressed_1_9,metro_large,Q2,Constrained Bayesian posterior estimate; not an observed or recovered true suppressed count.
47161,Stewart County,47,Tennessee,1.2916666666666667,1.0,1.0,2.0,1.5367653765769194,1.1897538399305183,1.1897538399305183,2.3795076798610366,0.022222222222222223,suppressed_1_9,suppressed_1_9,metro_other,Q2,Constrained Bayesian posterior estimate; not an observed or recovered true suppressed count.
47163,Sullivan County,47,Tennessee,34.0,34.0,34.0,34.0,3.5342080151679904,3.534208015167989,3.534208015167989,3.534208015167989,1.0,exact,exact,metro_other,Q2,Constrained Bayesian posterior estimate; not an observed or recovered true suppressed count.
47165,Sumner County,47,Tennessee,34.0,34.0,34.0,34.0,2.8076573072584554,2.807657307258455,2.807657307258455,2.807657307258455,0.0,exact,exact,metro_large,Q2,Constrained Bayesian posterior estimate; not an observed or recovered true suppressed count.
47167,Tipton County,47,Tennessee,15.0,15.0,15.0,15.0,4.049905637198655,4.049905637198654,4.049905637198654,4.049905637198654,1.0,exact,exact,metro_large,Q2,Constrained Bayesian posterior estimate; not an observed or recovered true suppressed count.
47169,Trousdale County,47,Tennessee,3.613888888888889,3.0,3.0,6.0,5.067501772262341,4.206688634929538,4.206688634929538,8.413377269859076,1.0,suppressed_1_9,suppressed_1_9,metro_large,Q1_lowest,Constrained Bayesian posterior estimate; not an observed or recovered true suppressed count.
47171,Unicoi County,47,Tennessee,3.986111111111111,3.0,2.0,8.0,3.7379837497994255,2.813256062566815,1.87550404171121,7.50201616684484,0.44166666666666665,suppressed_1_9,suppressed_1_9,metro_other,Q3,Constrained Bayesian posterior estimate; not an observed or recovered true suppressed count.
47173,Union County,47,Tennessee,5.858333333333333,6.0,4.0,9.0,4.784031271096013,4.899719082772588,3.2664793885150583,7.349578624158882,1.0,suppressed_1_9,suppressed_1_9,metro_other,Q2,Constrained Bayesian posterior estimate; not an observed or recovered true suppressed count.
47175,Van Buren County,47,Tennessee,1.0972222222222223,1.0,1.0,2.0,2.906471940404817,2.648936452014516,2.648936452014516,5.297872904029032,0.08055555555555556,suppressed_1_9,suppressed_1_9,nonmetro_nonadjacent,Q3,Constrained Bayesian posterior estimate; not an observed or recovered true suppressed count.
47177,Warren County,47,Tennessee,14.0,14.0,14.0,14.0,5.540429304122079,5.540429304122079,5.540429304122079,5.540429304122079,1.0,exact,exact,nonmetro_adjacent,Q4_highest,Constrained Bayesian posterior estimate; not an observed or recovered true suppressed count.
47179,Washington County,47,Tennessee,21.0,21.0,21.0,21.0,2.5983281614229936,2.598328161422993,2.598328161422993,2.598328161422993,0.0,exact,exact,metro_other,Q3,Constrained Bayesian posterior estimate; not an observed or recovered true suppressed count.
47181,Wayne County,47,Tennessee,2.636111111111111,2.0,2.0,5.0,2.691172500470742,2.0417747105784345,2.0417747105784345,5.104436776446087,0.45,suppressed_1_9,suppressed_1_9,nonmetro_adjacent,Q3,Constrained Bayesian posterior estimate; not an observed or recovered true suppressed count.
47183,Weakley County,47,Tennessee,11.0,11.0,11.0,11.0,5.527443758259758,5.52744375825976,5.52744375825976,5.52744375825976,1.0,exact,exact,nonmetro_adjacent,Q3,Constrained Bayesian posterior estimate; not an observed or recovered true suppressed count.
47185,White County,47,Tennessee,5.830555555555556,6.0,3.0,9.0,3.4589155319314426,3.5594366598246387,1.7797183299123194,5.339154989736957,0.7638888888888888,suppressed_1_9,suppressed_1_9,nonmetro_nonadjacent,Q3,Constrained Bayesian posterior estimate; not an observed or recovered true suppressed count.
47187,Williamson County,47,Tennessee,30.0,30.0,30.0,30.0,1.9557912935994775,1.9557912935994775,1.9557912935994775,1.9557912935994775,0.0,exact,exact,metro_large,Q1_lowest,Constrained Bayesian posterior estimate; not an observed or recovered true suppressed count.
47189,Wilson County,47,Tennessee,17.0,17.0,17.0,17.0,1.8145314079376147,1.8145314079376145,1.8145314079376145,1.8145314079376145,0.0,exact,exact,metro_large,Q1_lowest,Constrained Bayesian posterior estimate; not an observed or recovered true suppressed count.
48001,Anderson County,48,Texas,11.0,11.0,11.0,11.0,3.1495702268263206,3.149570226826321,3.149570226826321,3.149570226826321,1.0,exact,exact,nonmetro_nonadjacent,Q4_highest,Constrained Bayesian posterior estimate; not an observed or recovered true suppressed count.
48003,Andrews County,48,Texas,6.141666666666667,6.0,4.0,9.0,5.4863251299000995,5.359774889454643,3.573183259636428,8.039662334181964,1.0,suppressed_1_9,suppressed_1_9,nonmetro_adjacent,Q3,Constrained Bayesian posterior estimate; not an observed or recovered true suppressed count.
48005,Angelina County,48,Texas,34.0,34.0,34.0,34.0,6.506790984649713,6.506790984649714,6.506790984649714,6.506790984649714,1.0,exact,exact,nonmetro_nonadjacent,Q4_highest,Constrained Bayesian posterior estimate; not an observed or recovered true suppressed count.
48007,Aransas County,48,Texas,7.694444444444445,8.0,6.0,9.0,5.207851560061757,5.414661549811502,4.060996162358626,6.09149424353794,1.0,suppressed_1_9,suppressed_1_9,metro_other,Q4_highest,Constrained Bayesian posterior estimate; not an observed or recovered true suppressed count.
48009,Archer County,48,Texas,1.0722222222222222,1.0,1.0,2.0,2.0237099111455032,1.8873978445916615,1.8873978445916615,3.774795689183323,0.07222222222222222,suppressed_1_9,suppressed_1_9,metro_other,Q2,Constrained Bayesian posterior estimate; not an observed or recovered true suppressed count.
48011,Armstrong County,48,Texas,0.0,0.0,0.0,0.0,0.0,0.0,0.0,0.0,0.0,zero,zero,metro_other,Q1_lowest,Constrained Bayesian posterior estimate; not an observed or recovered true suppressed count.
48013,Atascosa County,48,Texas,19.0,19.0,19.0,19.0,6.16388805081639,6.163888050816391,6.163888050816391,6.163888050816391,1.0,exact,exact,metro_large,Q4_highest,Constrained Bayesian posterior estimate; not an observed or recovered true suppressed count.
48015,Austin County,48,Texas,5.736111111111111,6.0,3.0,8.0,3.0888462882388694,3.2309481755912635,1.6154740877956317,4.307930900788351,0.6166666666666667,suppressed_1_9,suppressed_1_9,metro_large,Q3,Constrained Bayesian posterior estimate; not an observed or recovered true suppressed count.
48017,Bailey County,48,Texas,0.0,0.0,0.0,0.0,0.0,0.0,0.0,0.0,0.0,zero,zero,nonmetro_adjacent,Q4_highest,Constrained Bayesian posterior estimate; not an observed or recovered true suppressed count.
48019,Bandera County,48,Texas,4.969444444444444,4.0,3.0,9.0,3.6507819897476086,2.938583602703497,2.2039377020276225,6.611813106082868,0.7638888888888888,suppressed_1_9,suppressed_1_9,metro_large,Q3,Constrained Bayesian posterior estimate; not an observed or recovered true suppressed count.
48021,Bastrop County,48,Texas,22.0,22.0,22.0,22.0,3.58143449474913,3.5814344947491286,3.5814344947491286,3.5814344947491286,1.0,exact,exact,metro_large,Q4_highest,Constrained Bayesian posterior estimate; not an observed or recovered true suppressed count.
48023,Baylor County,48,Texas,4.7,4.0,4.0,8.0,22.417246971286847,19.078508060669655,19.078508060669655,38.15701612133931,1.0,suppressed_1_9,suppressed_1_9,nonmetro_nonadjacent,Q2,Constrained Bayesian posterior estimate; not an observed or recovered true suppressed count.
48025,Bee County,48,Texas,4.033333333333333,4.0,3.0,6.0,2.140017261626838,2.1223311685555415,1.591748376416656,3.183496752833312,0.08333333333333333,suppressed_1_9,suppressed_1_9,nonmetro_adjacent,Q4_highest,Constrained Bayesian posterior estimate; not an observed or recovered true suppressed count.
48027,Bell County,48,Texas,89.0,89.0,89.0,89.0,3.8803204534307048,3.8803204534307048,3.8803204534307048,3.8803204534307048,1.0,exact,exact,metro_other,Q4_highest,Constrained Bayesian posterior estimate; not an observed or recovered true suppressed count.
48029,Bexar County,48,Texas,446.0,446.0,446.0,446.0,3.6161500504436717,3.6161500504436717,3.6161500504436717,3.6161500504436717,1.0,exact,exact,metro_large,Q4_highest,Constrained Bayesian posterior estimate; not an observed or recovered true suppressed count.
48031,Blanco County,48,Texas,2.686111111111111,3.0,2.0,4.0,3.5857844227888287,4.004805766920304,2.669870511280203,5.339741022560406,0.5194444444444445,suppressed_1_9,suppressed_1_9,nonmetro_adjacent,Q1_lowest,Constrained Bayesian posterior estimate; not an observed or recovered true suppressed count.
48033,Borden County,48,Texas,0.0,0.0,0.0,0.0,0.0,0.0,0.0,0.0,0.0,zero,zero,nonmetro_nonadjacent,Q1_lowest,Constrained Bayesian posterior estimate; not an observed or recovered true suppressed count.
48035,Bosque County,48,Texas,4.961111111111111,5.0,4.0,8.0,4.409994143053691,4.444562966123541,3.5556503728988327,7.111300745797665,1.0,suppressed_1_9,suppressed_1_9,metro_other,Q3,Constrained Bayesian posterior estimate; not an observed or recovered true suppressed count.
48037,Bowie County,48,Texas,24.0,24.0,24.0,24.0,4.324160707432691,4.324160707432692,4.324160707432692,4.324160707432692,1.0,exact,exact,metro_other,Q4_highest,Constrained Bayesian posterior estimate; not an observed or recovered true suppressed count.
48039,Brazoria County,48,Texas,42.0,42.0,42.0,42.0,1.7988584957945262,1.798858495794526,1.798858495794526,1.798858495794526,0.0,exact,exact,metro_large,Q3,Constrained Bayesian posterior estimate; not an observed or recovered true suppressed count.
48041,Brazos County,48,Texas,33.0,33.0,33.0,33.0,2.2994288358131167,2.2994288358131163,2.2994288358131163,2.2994288358131163,0.0,exact,exact,metro_other,Q4_highest,Constrained Bayesian posterior estimate; not an observed or recovered true suppressed count.
48043,Brewster County,48,Texas,3.1444444444444444,3.0,2.0,6.0,5.589725965165934,5.332954101041704,3.5553027340278027,10.665908202083408,1.0,suppressed_1_9,suppressed_1_9,nonmetro_nonadjacent,Q3,Constrained Bayesian posterior estimate; not an observed or recovered true suppressed count.
48045,Briscoe County,48,Texas,0.0,0.0,0.0,0.0,0.0,0.0,0.0,0.0,0.0,zero,zero,nonmetro_adjacent,Q3,Constrained Bayesian posterior estimate; not an observed or recovered true suppressed count.
48047,Brooks County,48,Texas,2.263888888888889,2.0,2.0,3.0,5.449245129110336,4.814057046576002,4.814057046576002,7.221085569864003,1.0,suppressed_1_9,suppressed_1_9,nonmetro_nonadjacent,Q4_highest,Constrained Bayesian posterior estimate; not an observed or recovered true suppressed count.
48049,Brown County,48,Texas,12.0,12.0,12.0,12.0,5.23099188324426,5.230991883244261,5.230991883244261,5.230991883244261,1.0,exact,exact,nonmetro_nonadjacent,Q4_highest,Constrained Bayesian posterior estimate; not an observed or recovered true suppressed count.
48051,Burleson County,48,Texas,3.436111111111111,3.0,3.0,5.0,3.0322462350630612,2.647393640960474,2.647393640960474,4.412322734934124,0.3472222222222222,suppressed_1_9,suppressed_1_9,metro_other,Q3,Constrained Bayesian posterior estimate; not an observed or recovered true suppressed count.
48053,Burnet County,48,Texas,7.811111111111111,8.0,5.0,9.0,2.511797049656763,2.572537518851876,1.607835949282423,2.8941047087083613,0.0,suppressed_1_9,suppressed_1_9,nonmetro_adjacent,Q3,Constrained Bayesian posterior estimate; not an observed or recovered true suppressed count.
48055,Caldwell County,48,Texas,18.0,18.0,18.0,18.0,6.325310730889654,6.325310730889655,6.325310730889655,6.325310730889655,1.0,exact,exact,metro_large,Q4_highest,Constrained Bayesian posterior estimate; not an observed or recovered true suppressed count.
48057,Calhoun County,48,Texas,2.591666666666667,2.0,2.0,4.0,2.1354844734485803,1.647962294622699,1.647962294622699,3.295924589245398,0.14166666666666666,suppressed_1_9,suppressed_1_9,nonmetro_adjacent,Q3,Constrained Bayesian posterior estimate; not an observed or recovered true suppressed count.
48059,Callahan County,48,Texas,6.111111111111111,6.0,5.0,8.0,7.158634028501775,7.0284770461653805,5.857064205137816,9.371302728220506,1.0,suppressed_1_9,suppressed_1_9,metro_other,Q2,Constrained Bayesian posterior estimate; not an observed or recovered true suppressed count.
48061,Cameron County,48,Texas,70.0,70.0,70.0,70.0,2.7406227634560665,2.7406227634560665,2.7406227634560665,2.7406227634560665,0.0,exact,exact,metro_other,Q4_highest,Constrained Bayesian posterior estimate; not an observed or recovered true suppressed count.
48063,Camp County,48,Texas,4.008333333333334,3.0,3.0,9.0,5.162051942476928,3.86349001931745,3.86349001931745,11.59047005795235,1.0,suppressed_1_9,suppressed_1_9,nonmetro_adjacent,Q4_highest,Constrained Bayesian posterior estimate; not an observed or recovered true suppressed count.
48065,Carson County,48,Texas,1.9805555555555556,1.0,1.0,8.0,5.657113840490019,2.8563267637817766,2.8563267637817766,22.850614110254213,0.3388888888888889,suppressed_1_9,suppressed_1_9,metro_other,Q1_lowest,Constrained Bayesian posterior estimate; not an observed or recovered true suppressed count.
48067,Cass County,48,Texas,12.0,12.0,12.0,12.0,6.885274119975903,6.885274119975901,6.885274119975901,6.885274119975901,1.0,exact,exact,nonmetro_adjacent,Q4_highest,Constrained Bayesian posterior estimate; not an observed or recovered true suppressed count.
48069,Castro County,48,Texas,1.2916666666666667,1.0,1.0,2.0,2.9219922331561285,2.2621875353466803,2.2621875353466803,4.5243750706933605,0.2916666666666667,suppressed_1_9,suppressed_1_9,nonmetro_nonadjacent,Q4_highest,Constrained Bayesian posterior estimate; not an observed or recovered true suppressed count.
48071,Chambers County,48,Texas,6.655555555555556,7.0,5.0,9.0,2.221221004073475,2.336175680411167,1.6686969145794048,3.003654446242929,0.06388888888888888,suppressed_1_9,suppressed_1_9,metro_large,Q2,Constrained Bayesian posterior estimate; not an observed or recovered true suppressed count.
48073,Cherokee County,48,Texas,15.0,15.0,15.0,15.0,4.781592780432447,4.781592780432447,4.781592780432447,4.781592780432447,1.0,exact,exact,nonmetro_adjacent,Q4_highest,Constrained Bayesian posterior estimate; not an observed or recovered true suppressed count.
48075,Childress County,48,Texas,2.113888888888889,2.0,2.0,3.0,5.098499526998599,4.823810327777911,4.823810327777911,7.235715491666867,1.0,suppressed_1_9,suppressed_1_9,nonmetro_nonadjacent,Q3,Constrained Bayesian posterior estimate; not an observed or recovered true suppressed count.
48077,Clay County,48,Texas,2.183333333333333,2.0,2.0,3.0,3.4525654406106026,3.1626553654448273,3.1626553654448273,4.743983048167241,1.0,suppressed_1_9,suppressed_1_9,metro_other,Q1_lowest,Constrained Bayesian posterior estimate; not an observed or recovered true suppressed count.
48079,Cochran County,48,Texas,0.0,0.0,0.0,0.0,0.0,0.0,0.0,0.0,0.0,zero,zero,metro_other,Q4_highest,Constrained Bayesian posterior estimate; not an observed or recovered true suppressed count.
48081,Coke County,48,Texas,0.0,0.0,0.0,0.0,0.0,0.0,0.0,0.0,0.0,zero,zero,nonmetro_adjacent,Q3,Constrained Bayesian posterior estimate; not an observed or recovered true suppressed count.
48083,Coleman County,48,Texas,4.377777777777778,4.0,4.0,6.0,9.179270690635278,8.387150884844418,8.387150884844418,12.580726327266628,1.0,suppressed_1_9,suppressed_1_9,nonmetro_adjacent,Q3,Constrained Bayesian posterior estimate; not an observed or recovered true suppressed count.
48085,Collin County,48,Texas,103.0,103.0,103.0,103.0,1.5091632583508745,1.5091632583508743,1.5091632583508743,1.5091632583508743,0.0,exact,exact,metro_large,Q2,Constrained Bayesian posterior estimate; not an observed or recovered true suppressed count.
48087,Collingsworth County,48,Texas,0.0,0.0,0.0,0.0,0.0,0.0,0.0,0.0,0.0,zero,zero,nonmetro_nonadjacent,Q4_highest,Constrained Bayesian posterior estimate; not an observed or recovered true suppressed count.
48089,Colorado County,48,Texas,7.038888888888889,7.0,5.0,9.0,5.538986684573288,5.508384548194431,3.9345603915674503,7.082208704821411,1.0,suppressed_1_9,suppressed_1_9,nonmetro_adjacent,Q4_highest,Constrained Bayesian posterior estimate; not an observed or recovered true suppressed count.
48091,Comal County,48,Texas,23.0,23.0,23.0,23.0,2.137139299668743,2.1371392996687435,2.1371392996687435,2.1371392996687435,0.0,exact,exact,metro_large,Q2,Constrained Bayesian posterior estimate; not an observed or recovered true suppressed count.
48093,Comanche County,48,Texas,1.2277777777777779,1.0,1.0,3.0,1.4713264440636304,1.1983654295540882,1.1983654295540882,3.595096288662265,0.03611111111111111,suppressed_1_9,suppressed_1_9,nonmetro_nonadjacent,Q3,Constrained Bayesian posterior estimate; not an observed or recovered true suppressed count.
48095,Concho County,48,Texas,1.7361111111111112,1.0,1.0,9.0,9.206719579525434,5.30307047780665,5.30307047780665,47.72763430025985,1.0,suppressed_1_9,suppressed_1_9,nonmetro_adjacent,Q4_highest,Constrained Bayesian posterior estimate; not an observed or recovered true suppressed count.
48097,Cooke County,48,Texas,7.033333333333333,7.0,5.0,9.0,2.747567556305602,2.73454590911932,1.9532470779423714,3.5158447402962683,0.3388888888888889,suppressed_1_9,suppressed_1_9,nonmetro_adjacent,Q3,Constrained Bayesian posterior estimate; not an observed or recovered true suppressed count.
48099,Coryell County,48,Texas,16.0,16.0,16.0,16.0,3.2439555983577484,3.2439555983577475,3.2439555983577475,3.2439555983577475,1.0,exact,exact,metro_other,Q4_highest,Constrained Bayesian posterior estimate; not an observed or recovered true suppressed count.
48101,Cottle County,48,Texas,0.0,0.0,0.0,0.0,0.0,0.0,0.0,0.0,0.0,zero,zero,nonmetro_nonadjacent,Q3,Constrained Bayesian posterior estimate; not an observed or recovered true suppressed count.
48103,Crane County,48,Texas,1.1472222222222221,1.0,1.0,2.0,4.103670847840258,3.5770496494491346,3.5770496494491346,7.154099298898269,1.0,suppressed_1_9,suppressed_1_9,nonmetro_adjacent,Q3,Constrained Bayesian posterior estimate; not an observed or recovered true suppressed count.
48105,Crockett County,48,Texas,1.0277777777777777,1.0,1.0,2.0,5.512350645094007,5.363368195226602,5.363368195226602,10.726736390453205,1.0,suppressed_1_9,suppressed_1_9,nonmetro_adjacent,Q2,Constrained Bayesian posterior estimate; not an observed or recovered true suppressed count.
48107,Crosby County,48,Texas,0.0,0.0,0.0,0.0,0.0,0.0,0.0,0.0,0.0,zero,zero,metro_other,Q4_highest,Constrained Bayesian posterior estimate; not an observed or recovered true suppressed count.
48109,Culberson County,48,Texas,2.0,1.0,1.0,6.024999999999977,15.246226558926669,7.623113279463333,7.623113279463333,45.929257508766405,1.0,suppressed_1_9,suppressed_1_9,nonmetro_nonadjacent,Q4_highest,Constrained Bayesian posterior estimate; not an observed or recovered true suppressed count.
48111,Dallam County,48,Texas,2.075,2.0,2.0,3.0,4.744375342966891,4.572891896835559,4.572891896835559,6.859337845253338,1.0,suppressed_1_9,suppressed_1_9,nonmetro_nonadjacent,Q3,Constrained Bayesian posterior estimate; not an observed or recovered true suppressed count.
48113,Dallas County,48,Texas,378.0,378.0,378.0,378.0,2.404476142253388,2.4044761422533885,2.4044761422533885,2.4044761422533885,0.0,exact,exact,metro_large,Q4_highest,Constrained Bayesian posterior estimate; not an observed or recovered true suppressed count.
48115,Dawson County,48,Texas,6.9527777777777775,7.0,6.0,9.0,9.394756952420417,9.458564730363344,8.107341197454295,12.161011796181443,1.0,suppressed_1_9,suppressed_1_9,nonmetro_adjacent,Q4_highest,Constrained Bayesian posterior estimate; not an observed or recovered true suppressed count.
48117,Deaf Smith County,48,Texas,3.9138888888888888,4.0,3.0,8.024999999999977,3.54612071004964,3.624140399199065,2.7181052993992987,7.270931675893103,0.5083333333333333,suppressed_1_9,suppressed_1_9,nonmetro_adjacent,Q3,Constrained Bayesian posterior estimate; not an observed or recovered true suppressed count.
48119,Delta County,48,Texas,3.2444444444444445,3.0,2.0,8.0,9.93856469427001,9.189768724153776,6.126512482769184,24.506049931076735,1.0,suppressed_1_9,suppressed_1_9,nonmetro_adjacent,Q2,Constrained Bayesian posterior estimate; not an observed or recovered true suppressed count.
48121,Denton County,48,Texas,111.0,111.0,111.0,111.0,1.920986203165577,1.9209862031655776,1.9209862031655776,1.9209862031655776,0.0,exact,exact,metro_large,Q2,Constrained Bayesian posterior estimate; not an observed or recovered true suppressed count.
48123,DeWitt County,48,Texas,5.472222222222222,5.0,4.0,7.0,4.552408154587765,4.15956075038476,3.327648600307808,5.823385050538663,1.0,suppressed_1_9,suppressed_1_9,nonmetro_adjacent,Q4_highest,Constrained Bayesian posterior estimate; not an observed or recovered true suppressed count.
48125,Dickens County,48,Texas,1.0444444444444445,1.0,1.0,2.0,9.281475557135385,8.88651915044877,8.88651915044877,17.77303830089754,1.0,suppressed_1_9,suppressed_1_9,nonmetro_adjacent,Q4_highest,Constrained Bayesian posterior estimate; not an observed or recovered true suppressed count.
48127,Dimmit County,48,Texas,1.3111111111111111,1.0,1.0,2.0,2.4577035467994666,1.8745196543385758,1.8745196543385758,3.7490393086771516,0.3111111111111111,suppressed_1_9,suppressed_1_9,nonmetro_nonadjacent,Q4_highest,Constrained Bayesian posterior estimate; not an observed or recovered true suppressed count.
48129,Donley County,48,Texas,1.113888888888889,1.0,1.0,2.0,5.683106575963718,5.1020408163265305,5.1020408163265305,10.204081632653061,1.0,suppressed_1_9,suppressed_1_9,nonmetro_adjacent,Q2,Constrained Bayesian posterior estimate; not an observed or recovered true suppressed count.
48131,Duval County,48,Texas,5.097222222222222,5.0,4.0,9.0,8.349531880196274,8.190276503734765,6.552221202987813,14.74249770672258,1.0,suppressed_1_9,suppressed_1_9,nonmetro_nonadjacent,Q4_highest,Constrained Bayesian posterior estimate; not an observed or recovered true suppressed count.
48133,Eastland County,48,Texas,3.0,3.0,2.0,5.0,2.755251049291441,2.7552510492914415,1.8368340328609607,4.592085082152402,0.26944444444444443,suppressed_1_9,suppressed_1_9,nonmetro_adjacent,Q4_highest,Constrained Bayesian posterior estimate; not an observed or recovered true suppressed count.
48135,Ector County,48,Texas,27.0,27.0,27.0,27.0,2.7261712439418417,2.7261712439418417,2.7261712439418417,2.7261712439418417,0.0,exact,exact,metro_other,Q4_highest,Constrained Bayesian posterior estimate; not an observed or recovered true suppressed count.
48137,Edwards County,48,Texas,1.325,1.0,1.0,4.0,13.96059424718154,10.536297545042672,10.536297545042672,42.14519018017069,1.0,suppressed_1_9,suppressed_1_9,nonmetro_nonadjacent,Q3,Constrained Bayesian posterior estimate; not an observed or recovered true suppressed count.
48139,Ellis County,48,Texas,25.0,25.0,25.0,25.0,2.005355100259734,2.0053551002597336,2.0053551002597336,2.0053551002597336,0.0,exact,exact,metro_large,Q3,Constrained Bayesian posterior estimate; not an observed or recovered true suppressed count.
48141,El Paso County,48,Texas,160.0,160.0,160.0,160.0,3.099034689432176,3.0990346894321754,3.0990346894321754,3.0990346894321754,1.0,exact,exact,metro_other,Q4_highest,Constrained Bayesian posterior estimate; not an observed or recovered true suppressed count.
48143,Erath County,48,Texas,1.3944444444444444,1.0,1.0,3.0,0.5324623860933554,0.38184553584384046,0.38184553584384046,1.1455366075315214,0.0,suppressed_1_9,suppressed_1_9,nonmetro_nonadjacent,Q4_highest,Constrained Bayesian posterior estimate; not an observed or recovered true suppressed count.
48145,Falls County,48,Texas,4.652777777777778,4.0,3.0,8.0,4.4750296019868605,3.8471896279767632,2.885392220982572,7.6943792559535265,0.5944444444444444,suppressed_1_9,suppressed_1_9,metro_other,Q4_highest,Constrained Bayesian posterior estimate; not an observed or recovered true suppressed count.
48147,Fannin County,48,Texas,12.0,12.0,12.0,12.0,5.421474460337395,5.4214744603373966,5.4214744603373966,5.4214744603373966,1.0,exact,exact,nonmetro_adjacent,Q3,Constrained Bayesian posterior estimate; not an observed or recovered true suppressed count.
48149,Fayette County,48,Texas,5.677777777777778,6.0,4.0,8.0,3.748821615514693,3.961572744379519,2.6410484962530125,5.282096992506025,0.9083333333333333,suppressed_1_9,suppressed_1_9,nonmetro_adjacent,Q3,Constrained Bayesian posterior estimate; not an observed or recovered true suppressed count.
48151,Fisher County,48,Texas,3.0833333333333335,2.0,2.0,8.0,13.877012166764178,9.001305189252442,9.001305189252442,36.005220757009766,1.0,suppressed_1_9,suppressed_1_9,nonmetro_adjacent,Q2,Constrained Bayesian posterior estimate; not an observed or recovered true suppressed count.
48153,Floyd County,48,Texas,0.0,0.0,0.0,0.0,0.0,0.0,0.0,0.0,0.0,zero,zero,nonmetro_adjacent,Q4_highest,Constrained Bayesian posterior estimate; not an observed or recovered true suppressed count.
48155,Foard County,48,Texas,0.0,0.0,0.0,0.0,0.0,0.0,0.0,0.0,0.0,zero,zero,nonmetro_nonadjacent,Q3,Constrained Bayesian posterior estimate; not an observed or recovered true suppressed count.
48157,Fort Bend County,48,Texas,70.0,70.0,70.0,70.0,1.3271956223779589,1.327195622377959,1.327195622377959,1.327195622377959,0.0,exact,exact,metro_large,Q2,Constrained Bayesian posterior estimate; not an observed or recovered true suppressed count.
48159,Franklin County,48,Texas,3.283333333333333,3.0,2.0,8.0,5.108258783871386,4.667444574095683,3.1116297160637885,12.446518864255154,1.0,suppressed_1_9,suppressed_1_9,nonmetro_nonadjacent,Q2,Constrained Bayesian posterior estimate; not an observed or recovered true suppressed count.
48161,Freestone County,48,Texas,2.466666666666667,2.0,2.0,5.0,2.048709451471887,1.6611157714636922,1.6611157714636922,4.152789428659231,0.07222222222222222,suppressed_1_9,suppressed_1_9,nonmetro_nonadjacent,Q4_highest,Constrained Bayesian posterior estimate; not an observed or recovered true suppressed count.
48163,Frio County,48,Texas,1.8694444444444445,1.0,1.0,6.0,1.6335157628203072,0.873797436278322,0.873797436278322,5.2427846176699315,0.1527777777777778,suppressed_1_9,suppressed_1_9,nonmetro_adjacent,Q4_highest,Constrained Bayesian posterior estimate; not an observed or recovered true suppressed count.
48165,Gaines County,48,Texas,2.2916666666666665,2.0,2.0,3.0,1.723329748807456,1.5039968716865069,1.5039968716865069,2.2559953075297603,0.013888888888888888,suppressed_1_9,suppressed_1_9,nonmetro_adjacent,Q3,Constrained Bayesian posterior estimate; not an observed or recovered true suppressed count.
48167,Galveston County,48,Texas,66.0,66.0,66.0,66.0,3.100690702344029,3.1006907023440284,3.1006907023440284,3.1006907023440284,1.0,exact,exact,metro_large,Q3,Constrained Bayesian posterior estimate; not an observed or recovered true suppressed count.
48169,Garza County,48,Texas,0.0,0.0,0.0,0.0,0.0,0.0,0.0,0.0,0.0,zero,zero,metro_other,Q3,Constrained Bayesian posterior estimate; not an observed or recovered true suppressed count.
48171,Gillespie County,48,Texas,22.0,22.0,22.0,22.0,13.364598393818266,13.364598393818266,13.364598393818266,13.364598393818266,1.0,exact,exact,nonmetro_nonadjacent,Q3,Constrained Bayesian posterior estimate; not an observed or recovered true suppressed count.
48173,Glasscock County,48,Texas,1.0,1.0,1.0,1.0,13.413816230717638,13.41381623071764,13.41381623071764,13.41381623071764,1.0,suppressed_1_9,suppressed_1_9,nonmetro_adjacent,Q2,Constrained Bayesian posterior estimate; not an observed or recovered true suppressed count.
48175,Goliad County,48,Texas,0.0,0.0,0.0,0.0,0.0,0.0,0.0,0.0,0.0,zero,zero,metro_other,Q3,Constrained Bayesian posterior estimate; not an observed or recovered true suppressed count.
48177,Gonzales County,48,Texas,5.591666666666667,5.0,4.0,9.0,4.612520759780469,4.124459695779853,3.2995677566238824,7.4240274524037355,1.0,suppressed_1_9,suppressed_1_9,nonmetro_adjacent,Q4_highest,Constrained Bayesian posterior estimate; not an observed or recovered true suppressed count.
48179,Gray County,48,Texas,3.863888888888889,3.0,2.0,9.0,3.033046469499022,2.354917460143022,1.5699449734286812,7.064752380429066,0.3527777777777778,suppressed_1_9,suppressed_1_9,nonmetro_adjacent,Q4_highest,Constrained Bayesian posterior estimate; not an observed or recovered true suppressed count.
48181,Grayson County,48,Texas,38.0,38.0,38.0,38.0,4.447378153542219,4.44737815354222,4.44737815354222,4.44737815354222,1.0,exact,exact,metro_other,Q3,Constrained Bayesian posterior estimate; not an observed or recovered true suppressed count.
48183,Gregg County,48,Texas,33.0,33.0,33.0,33.0,4.395662945893386,4.395662945893386,4.395662945893386,4.395662945893386,1.0,exact,exact,metro_other,Q4_highest,Constrained Bayesian posterior estimate; not an observed or recovered true suppressed count.
48185,Grimes County,48,Texas,5.288888888888889,5.0,3.0,9.0,2.853198729487389,2.6973517400616074,1.6184110440369646,4.855233132110893,0.33055555555555555,suppressed_1_9,suppressed_1_9,nonmetro_adjacent,Q4_highest,Constrained Bayesian posterior estimate; not an observed or recovered true suppressed count.
48187,Guadalupe County,48,Texas,38.0,38.0,38.0,38.0,3.5156831851349515,3.5156831851349515,3.5156831851349515,3.5156831851349515,1.0,exact,exact,metro_large,Q3,Constrained Bayesian posterior estimate; not an observed or recovered true suppressed count.
48189,Hale County,48,Texas,5.166666666666667,5.0,3.0,9.0,2.6643151936441467,2.5783695422362714,1.5470217253417626,4.641065176025289,0.3111111111111111,suppressed_1_9,suppressed_1_9,nonmetro_adjacent,Q4_highest,Constrained Bayesian posterior estimate; not an observed or recovered true suppressed count.
48191,Hall County,48,Texas,4.6194444444444445,4.0,4.0,6.0,26.850990725671036,23.250406882120437,23.250406882120437,34.87561032318065,1.0,suppressed_1_9,suppressed_1_9,nonmetro_nonadjacent,Q4_highest,Constrained Bayesian posterior estimate; not an observed or recovered true suppressed count.
48193,Hamilton County,48,Texas,2.8722222222222222,2.0,2.0,8.0,5.653090501933204,3.9363879703983624,3.9363879703983624,15.74555188159345,1.0,suppressed_1_9,suppressed_1_9,nonmetro_adjacent,Q3,Constrained Bayesian posterior estimate; not an observed or recovered true suppressed count.
48195,Hansford County,48,Texas,1.0,1.0,1.0,1.0,3.219056816352809,3.2190568163528086,3.2190568163528086,3.2190568163528086,1.0,suppressed_1_9,suppressed_1_9,nonmetro_nonadjacent,Q2,Constrained Bayesian posterior estimate; not an observed or recovered true suppressed count.
48197,Hardeman County,48,Texas,2.047222222222222,2.0,2.0,3.0,9.339943529459472,9.124503855102878,9.124503855102878,13.68675578265432,1.0,suppressed_1_9,suppressed_1_9,nonmetro_nonadjacent,Q2,Constrained Bayesian posterior estimate; not an observed or recovered true suppressed count.
48199,Hardin County,48,Texas,18.0,18.0,18.0,18.0,5.1780382139220205,5.178038213922019,5.178038213922019,5.178038213922019,1.0,exact,exact,metro_other,Q3,Constrained Bayesian posterior estimate; not an observed or recovered true suppressed count.
48201,Harris County,48,Texas,609.0,609.0,609.0,609.0,2.1142200985747306,2.114220098574731,2.114220098574731,2.114220098574731,0.0,exact,exact,metro_large,Q4_highest,Constrained Bayesian posterior estimate; not an observed or recovered true suppressed count.
48203,Harrison County,48,Texas,25.0,25.0,25.0,25.0,6.0341435981356915,6.034143598135691,6.034143598135691,6.034143598135691,1.0,exact,exact,metro_other,Q4_highest,Constrained Bayesian posterior estimate; not an observed or recovered true suppressed count.
48205,Hartley County,48,Texas,1.0,1.0,1.0,1.0,3.1481189988981586,3.1481189988981586,3.1481189988981586,3.1481189988981586,1.0,suppressed_1_9,suppressed_1_9,nonmetro_nonadjacent,Q2,Constrained Bayesian posterior estimate; not an observed or recovered true suppressed count.
48207,Haskell County,48,Texas,4.502777777777778,3.0,3.0,9.0,13.625787622640496,9.078254554257702,9.078254554257702,27.234763662773105,1.0,suppressed_1_9,suppressed_1_9,nonmetro_adjacent,Q4_highest,Constrained Bayesian posterior estimate; not an observed or recovered true suppressed count.
48209,Hays County,48,Texas,35.0,35.0,35.0,35.0,2.23115676553666,2.23115676553666,2.23115676553666,2.23115676553666,0.0,exact,exact,metro_large,Q3,Constrained Bayesian posterior estimate; not an observed or recovered true suppressed count.
48211,Hemphill County,48,Texas,0.0,0.0,0.0,0.0,0.0,0.0,0.0,0.0,0.0,zero,zero,nonmetro_nonadjacent,Q3,Constrained Bayesian posterior estimate; not an observed or recovered true suppressed count.
48213,Henderson County,48,Texas,21.0,21.0,21.0,21.0,4.131158376808856,4.131158376808857,4.131158376808857,4.131158376808857,1.0,exact,exact,nonmetro_adjacent,Q4_highest,Constrained Bayesian posterior estimate; not an observed or recovered true suppressed count.
48215,Hidalgo County,48,Texas,104.0,104.0,104.0,104.0,1.9527139061957544,1.9527139061957548,1.9527139061957548,1.9527139061957548,0.0,exact,exact,metro_other,Q4_highest,Constrained Bayesian posterior estimate; not an observed or recovered true suppressed count.
48217,Hill County,48,Texas,11.0,11.0,11.0,11.0,4.903555969633615,4.903555969633615,4.903555969633615,4.903555969633615,1.0,exact,exact,nonmetro_adjacent,Q4_highest,Constrained Bayesian posterior estimate; not an observed or recovered true suppressed count.
48219,Hockley County,48,Texas,6.377777777777778,6.0,5.0,9.0,4.8525673378257626,4.5651330355852116,3.8042775296543434,6.847699553377818,1.0,suppressed_1_9,suppressed_1_9,metro_other,Q4_highest,Constrained Bayesian posterior estimate; not an observed or recovered true suppressed count.
48221,Hood County,48,Texas,13.0,13.0,13.0,13.0,3.3107101473266023,3.3107101473266014,3.3107101473266014,3.3107101473266014,1.0,exact,exact,nonmetro_adjacent,Q3,Constrained Bayesian posterior estimate; not an observed or recovered true suppressed count.
48223,Hopkins County,48,Texas,13.0,13.0,13.0,13.0,5.746491325008288,5.7464913250082885,5.7464913250082885,5.7464913250082885,1.0,exact,exact,nonmetro_adjacent,Q4_highest,Constrained Bayesian posterior estimate; not an observed or recovered true suppressed count.
48225,Houston County,48,Texas,7.513888888888889,8.0,5.0,9.0,5.5966459021793185,5.958720960545819,3.724200600341137,6.703561080614046,1.0,suppressed_1_9,suppressed_1_9,nonmetro_nonadjacent,Q4_highest,Constrained Bayesian posterior estimate; not an observed or recovered true suppressed count.
48227,Howard County,48,Texas,7.275,7.0,5.0,9.0,3.594527424638447,3.4586518175215297,2.47046558394395,4.4468380510991095,0.9388888888888889,suppressed_1_9,suppressed_1_9,nonmetro_adjacent,Q4_highest,Constrained Bayesian posterior estimate; not an observed or recovered true suppressed count.
48229,Hudspeth County,48,Texas,1.0888888888888888,1.0,1.0,2.0,4.619808607929101,4.2426813746287655,4.2426813746287655,8.485362749257531,1.0,suppressed_1_9,suppressed_1_9,metro_other,Q4_highest,Constrained Bayesian posterior estimate; not an observed or recovered true suppressed count.
48231,Hunt County,48,Texas,24.0,24.0,24.0,24.0,3.737427061774997,3.7374270617749974,3.7374270617749974,3.7374270617749974,1.0,exact,exact,metro_large,Q4_highest,Constrained Bayesian posterior estimate; not an observed or recovered true suppressed count.
48233,Hutchinson County,48,Texas,4.227777777777778,4.0,3.0,7.024999999999977,3.4631490901611075,3.276566813293032,2.457425109969774,5.754470465845868,0.7027777777777777,suppressed_1_9,suppressed_1_9,nonmetro_adjacent,Q2,Constrained Bayesian posterior estimate; not an observed or recovered true suppressed count.
48235,Irion County,48,Texas,0.0,0.0,0.0,0.0,0.0,0.0,0.0,0.0,0.0,zero,zero,metro_other,Q2,Constrained Bayesian posterior estimate; not an observed or recovered true suppressed count.
48237,Jack County,48,Texas,0.0,0.0,0.0,0.0,0.0,0.0,0.0,0.0,0.0,zero,zero,nonmetro_adjacent,Q4_highest,Constrained Bayesian posterior estimate; not an observed or recovered true suppressed count.
48239,Jackson County,48,Texas,5.95,6.0,5.0,8.0,6.583169215109203,6.638489964816003,5.532074970680003,8.851319953088005,1.0,suppressed_1_9,suppressed_1_9,nonmetro_adjacent,Q4_highest,Constrained Bayesian posterior estimate; not an observed or recovered true suppressed count.
48241,Jasper County,48,Texas,6.4527777777777775,7.0,5.0,9.0,3.1950138528538647,3.4659642312491337,2.4756887366065237,4.456239725891743,0.6361111111111111,suppressed_1_9,suppressed_1_9,nonmetro_adjacent,Q4_highest,Constrained Bayesian posterior estimate; not an observed or recovered true suppressed count.
48243,Jeff Davis County,48,Texas,1.1583333333333334,1.0,1.0,2.0,9.668892598775738,8.347245409015025,8.347245409015025,16.69449081803005,1.0,suppressed_1_9,suppressed_1_9,nonmetro_nonadjacent,Q2,Constrained Bayesian posterior estimate; not an observed or recovered true suppressed count.
48245,Jefferson County,48,Texas,43.0,43.0,43.0,43.0,2.844536175223429,2.8445361752234284,2.8445361752234284,2.8445361752234284,0.0,exact,exact,metro_other,Q4_highest,Constrained Bayesian posterior estimate; not an observed or recovered true suppressed count.
48247,Jim Hogg County,48,Texas,1.0194444444444444,1.0,1.0,1.0,3.4851610011433616,3.41868654063109,3.41868654063109,3.41868654063109,1.0,suppressed_1_9,suppressed_1_9,nonmetro_adjacent,Q3,Constrained Bayesian posterior estimate; not an observed or recovered true suppressed count.
48249,Jim Wells County,48,Texas,8.072222222222223,8.0,6.0,9.0,3.418188148555915,3.3876055980182502,2.540704198513688,3.811056297770532,0.9638888888888889,suppressed_1_9,suppressed_1_9,nonmetro_adjacent,Q4_highest,Constrained Bayesian posterior estimate; not an observed or recovered true suppressed count.
48251,Johnson County,48,Texas,32.0,32.0,32.0,32.0,2.778667819813812,2.778667819813812,2.778667819813812,2.778667819813812,0.0,exact,exact,metro_large,Q3,Constrained Bayesian posterior estimate; not an observed or recovered true suppressed count.
48253,Jones County,48,Texas,4.866666666666666,5.0,4.0,7.0,4.022138289930053,4.132333859517178,3.3058670876137426,5.785267403324049,1.0,suppressed_1_9,suppressed_1_9,metro_other,Q3,Constrained Bayesian posterior estimate; not an observed or recovered true suppressed count.
48255,Karnes County,48,Texas,5.741666666666666,6.0,4.0,9.0,6.315909124242825,6.600079200950411,4.400052800633607,9.900118801425617,1.0,suppressed_1_9,suppressed_1_9,nonmetro_adjacent,Q4_highest,Constrained Bayesian posterior estimate; not an observed or recovered true suppressed count.
48257,Kaufman County,48,Texas,22.0,22.0,22.0,22.0,2.2154974043433815,2.215497404343382,2.215497404343382,2.215497404343382,0.0,exact,exact,metro_large,Q3,Constrained Bayesian posterior estimate; not an observed or recovered true suppressed count.
48259,Kendall County,48,Texas,15.0,15.0,15.0,15.0,5.100652883569097,5.100652883569097,5.100652883569097,5.100652883569097,1.0,exact,exact,metro_large,Q2,Constrained Bayesian posterior estimate; not an observed or recovered true suppressed count.
48261,Kenedy County,48,Texas,0.0,0.0,0.0,0.0,0.0,0.0,0.0,0.0,0.0,zero,zero,nonmetro_nonadjacent,Q3,Constrained Bayesian posterior estimate; not an observed or recovered true suppressed count.
48263,Kent County,48,Texas,1.0138888888888888,1.0,1.0,1.0,22.661799036407885,22.351363433169425,22.351363433169425,22.351363433169425,1.0,suppressed_1_9,suppressed_1_9,nonmetro_nonadjacent,Q1_lowest,Constrained Bayesian posterior estimate; not an observed or recovered true suppressed count.
48265,Kerr County,48,Texas,25.0,25.0,25.0,25.0,7.807961622307034,7.807961622307034,7.807961622307034,7.807961622307034,1.0,exact,exact,nonmetro_adjacent,Q3,Constrained Bayesian posterior estimate; not an observed or recovered true suppressed count.
48267,Kimble County,48,Texas,1.1916666666666667,1.0,1.0,2.0,4.520224051385148,3.793195008155369,3.793195008155369,7.586390016310738,1.0,suppressed_1_9,suppressed_1_9,nonmetro_nonadjacent,Q2,Constrained Bayesian posterior estimate; not an observed or recovered true suppressed count.
48269,King County,48,Texas,0.0,0.0,0.0,0.0,0.0,0.0,0.0,0.0,0.0,zero,zero,nonmetro_nonadjacent,Q2,Constrained Bayesian posterior estimate; not an observed or recovered true suppressed count.
48271,Kinney County,48,Texas,0.0,0.0,0.0,0.0,0.0,0.0,0.0,0.0,0.0,zero,zero,nonmetro_nonadjacent,Q3,Constrained Bayesian posterior estimate; not an observed or recovered true suppressed count.
48273,Kleberg County,48,Texas,6.855555555555555,7.0,4.0,9.0,3.755933705639501,3.8350700722088904,2.191468612690795,4.9308043785542885,0.8583333333333333,suppressed_1_9,suppressed_1_9,nonmetro_adjacent,Q4_highest,Constrained Bayesian posterior estimate; not an observed or recovered true suppressed count.
48275,Knox County,48,Texas,4.386111111111111,3.0,3.0,9.0,21.366480471118045,14.614185502727983,14.614185502727983,43.84255650818395,1.0,suppressed_1_9,suppressed_1_9,nonmetro_nonadjacent,Q3,Constrained Bayesian posterior estimate; not an observed or recovered true suppressed count.
48277,Lamar County,48,Texas,13.0,13.0,13.0,13.0,4.294369091113298,4.294369091113299,4.294369091113299,4.294369091113299,1.0,exact,exact,nonmetro_nonadjacent,Q4_highest,Constrained Bayesian posterior estimate; not an observed or recovered true suppressed count.
48279,Lamb County,48,Texas,5.311111111111111,5.0,4.0,8.0,6.931484164168867,6.525455803087846,5.220364642470276,10.440729284940552,1.0,suppressed_1_9,suppressed_1_9,nonmetro_adjacent,Q4_highest,Constrained Bayesian posterior estimate; not an observed or recovered true suppressed count.
48281,Lampasas County,48,Texas,11.0,11.0,11.0,11.0,8.144829884121283,8.144829884121284,8.144829884121284,8.144829884121284,1.0,exact,exact,metro_other,Q3,Constrained Bayesian posterior estimate; not an observed or recovered true suppressed count.
48283,La Salle County,48,Texas,1.0666666666666667,1.0,1.0,2.0,2.5696619288524856,2.409058058299205,2.409058058299205,4.81811611659841,0.06666666666666667,suppressed_1_9,suppressed_1_9,nonmetro_adjacent,Q4_highest,Constrained Bayesian posterior estimate; not an observed or recovered true suppressed count.
48285,Lavaca County,48,Texas,4.375,4.0,3.0,8.0,3.566217527042119,3.2605417390099367,2.4454063042574523,6.521083478019873,0.5527777777777778,suppressed_1_9,suppressed_1_9,nonmetro_adjacent,Q3,Constrained Bayesian posterior estimate; not an observed or recovered true suppressed count.
48287,Lee County,48,Texas,3.2555555555555555,3.0,2.0,8.0,3.0429449891627542,2.8040790002523672,1.8693860001682445,7.477544000672978,0.25833333333333336,suppressed_1_9,suppressed_1_9,nonmetro_adjacent,Q4_highest,Constrained Bayesian posterior estimate; not an observed or recovered true suppressed count.
48289,Leon County,48,Texas,2.55,2.0,2.0,4.0,2.5423475339228925,1.993998065821876,1.993998065821876,3.987996131643752,0.4638888888888889,suppressed_1_9,suppressed_1_9,nonmetro_adjacent,Q3,Constrained Bayesian posterior estimate; not an observed or recovered true suppressed count.
48291,Liberty County,48,Texas,14.0,14.0,14.0,14.0,2.3229073508403113,2.3229073508403117,2.3229073508403117,2.3229073508403117,0.0,exact,exact,metro_large,Q4_highest,Constrained Bayesian posterior estimate; not an observed or recovered true suppressed count.
48293,Limestone County,48,Texas,5.655555555555556,5.0,4.0,9.0,4.15947543212782,3.6773358437279358,2.9418686749823486,6.619204518710284,1.0,suppressed_1_9,suppressed_1_9,nonmetro_adjacent,Q4_highest,Constrained Bayesian posterior estimate; not an observed or recovered true suppressed count.
48295,Lipscomb County,48,Texas,0.0,0.0,0.0,0.0,0.0,0.0,0.0,0.0,0.0,zero,zero,nonmetro_nonadjacent,Q4_highest,Constrained Bayesian posterior estimate; not an observed or recovered true suppressed count.
48297,Live Oak County,48,Texas,1.2277777777777779,1.0,1.0,3.0,1.7320210726618108,1.4106958962856377,1.4106958962856377,4.232087688856913,0.027777777777777776,suppressed_1_9,suppressed_1_9,nonmetro_adjacent,Q4_highest,Constrained Bayesian posterior estimate; not an observed or recovered true suppressed count.
48299,Llano County,48,Texas,7.338888888888889,7.0,5.0,9.0,5.464182511141389,5.211862198363475,3.722758713116768,6.700965683610182,1.0,suppressed_1_9,suppressed_1_9,nonmetro_nonadjacent,Q3,Constrained Bayesian posterior estimate; not an observed or recovered true suppressed count.
48301,Loving County,48,Texas,0.0,0.0,0.0,0.0,0.0,0.0,0.0,0.0,0.0,zero,zero,nonmetro_nonadjacent,Q2,Constrained Bayesian posterior estimate; not an observed or recovered true suppressed count.
48303,Lubbock County,48,Texas,97.0,97.0,97.0,97.0,5.090027900699326,5.090027900699328,5.090027900699328,5.090027900699328,1.0,exact,exact,metro_other,Q4_highest,Constrained Bayesian posterior estimate; not an observed or recovered true suppressed count.
48305,Lynn County,48,Texas,0.0,0.0,0.0,0.0,0.0,0.0,0.0,0.0,0.0,zero,zero,metro_other,Q3,Constrained Bayesian posterior estimate; not an observed or recovered true suppressed count.
48307,McCulloch County,48,Texas,3.3805555555555555,3.0,3.0,5.0,7.391292729202955,6.559240877189146,6.559240877189146,10.932068128648577,1.0,suppressed_1_9,suppressed_1_9,nonmetro_nonadjacent,Q4_highest,Constrained Bayesian posterior estimate; not an observed or recovered true suppressed count.
48309,McLennan County,48,Texas,67.0,67.0,67.0,67.0,4.22647603367303,4.226476033673029,4.226476033673029,4.226476033673029,1.0,exact,exact,metro_other,Q4_highest,Constrained Bayesian posterior estimate; not an observed or recovered true suppressed count.
48311,McMullen County,48,Texas,0.0,0.0,0.0,0.0,0.0,0.0,0.0,0.0,0.0,zero,zero,nonmetro_adjacent,Q4_highest,Constrained Bayesian posterior estimate; not an observed or recovered true suppressed count.
48313,Madison County,48,Texas,4.708333333333333,4.0,3.0,8.024999999999977,5.624644104377466,4.778458708143688,3.583844031107766,9.586782783213247,1.0,suppressed_1_9,suppressed_1_9,nonmetro_adjacent,Q4_highest,Constrained Bayesian posterior estimate; not an observed or recovered true suppressed count.
48315,Marion County,48,Texas,1.2777777777777777,1.0,1.0,3.0,2.1919541938754894,1.7154424125982093,1.7154424125982093,5.146327237794627,0.20833333333333334,suppressed_1_9,suppressed_1_9,nonmetro_adjacent,Q3,Constrained Bayesian posterior estimate; not an observed or recovered true suppressed count.
48317,Martin County,48,Texas,0.0,0.0,0.0,0.0,0.0,0.0,0.0,0.0,0.0,zero,zero,metro_other,Q3,Constrained Bayesian posterior estimate; not an observed or recovered true suppressed count.
48319,Mason County,48,Texas,4.319444444444445,4.0,4.0,5.0,17.658494928434834,16.352561219901066,16.352561219901066,20.440701524876335,1.0,suppressed_1_9,suppressed_1_9,nonmetro_nonadjacent,Q2,Constrained Bayesian posterior estimate; not an observed or recovered true suppressed count.
48321,Matagorda County,48,Texas,6.413888888888889,7.0,4.0,9.0,2.9342499274379943,3.2023862352289933,1.8299349915594247,4.1173537310087065,0.525,suppressed_1_9,suppressed_1_9,nonmetro_adjacent,Q4_highest,Constrained Bayesian posterior estimate; not an observed or recovered true suppressed count.
48323,Maverick County,48,Texas,5.269444444444445,5.0,2.0,9.0,1.507321274763135,1.4302468606081409,0.5720987442432564,2.574444349094654,0.0,suppressed_1_9,suppressed_1_9,metro_other,Q4_highest,Constrained Bayesian posterior estimate; not an observed or recovered true suppressed count.
48325,Medina County,48,Texas,16.0,16.0,16.0,16.0,4.999031437658955,4.999031437658953,4.999031437658953,4.999031437658953,1.0,exact,exact,metro_large,Q3,Constrained Bayesian posterior estimate; not an observed or recovered true suppressed count.
48327,Menard County,48,Texas,0.0,0.0,0.0,0.0,0.0,0.0,0.0,0.0,0.0,zero,zero,nonmetro_nonadjacent,Q4_highest,Constrained Bayesian posterior estimate; not an observed or recovered true suppressed count.
48329,Midland County,48,Texas,40.0,40.0,40.0,40.0,3.7901830468902493,3.7901830468902498,3.7901830468902498,3.7901830468902498,1.0,exact,exact,metro_other,Q3,Constrained Bayesian posterior estimate; not an observed or recovered true suppressed count.
48331,Milam County,48,Texas,4.480555555555555,4.0,3.0,9.0,2.940479445811685,2.6251025430680888,1.9688269073010662,5.9064807219032,0.38333333333333336,suppressed_1_9,suppressed_1_9,nonmetro_adjacent,Q4_highest,Constrained Bayesian posterior estimate; not an observed or recovered true suppressed count.
48333,Mills County,48,Texas,0.0,0.0,0.0,0.0,0.0,0.0,0.0,0.0,0.0,zero,zero,nonmetro_nonadjacent,Q2,Constrained Bayesian posterior estimate; not an observed or recovered true suppressed count.
48335,Mitchell County,48,Texas,4.3805555555555555,4.0,3.0,9.0,8.296035368360805,7.575327159441698,5.681495369581274,17.044486108743822,1.0,suppressed_1_9,suppressed_1_9,nonmetro_nonadjacent,Q3,Constrained Bayesian posterior estimate; not an observed or recovered true suppressed count.
48337,Montague County,48,Texas,6.761111111111111,7.0,5.0,9.0,5.420162827570235,5.611672278338945,4.008337341670675,7.215007215007215,1.0,suppressed_1_9,suppressed_1_9,nonmetro_adjacent,Q3,Constrained Bayesian posterior estimate; not an observed or recovered true suppressed count.
48339,Montgomery County,48,Texas,57.0,57.0,57.0,57.0,1.4171754202111588,1.417175420211159,1.417175420211159,1.417175420211159,0.0,exact,exact,metro_large,Q3,Constrained Bayesian posterior estimate; not an observed or recovered true suppressed count.
48341,Moore County,48,Texas,4.052777777777778,4.0,3.0,7.0,3.196953362607697,3.1553206594620176,2.3664904945965133,5.521811154058532,0.5305555555555556,suppressed_1_9,suppressed_1_9,nonmetro_nonadjacent,Q4_highest,Constrained Bayesian posterior estimate; not an observed or recovered true suppressed count.
48343,Morris County,48,Texas,5.352777777777778,5.0,4.0,8.0,7.318136522172396,6.835830690145466,5.4686645521163735,10.937329104232747,1.0,suppressed_1_9,suppressed_1_9,nonmetro_adjacent,Q4_highest,Constrained Bayesian posterior estimate; not an observed or recovered true suppressed count.
48345,Motley County,48,Texas,0.0,0.0,0.0,0.0,0.0,0.0,0.0,0.0,0.0,zero,zero,nonmetro_adjacent,Q1_lowest,Constrained Bayesian posterior estimate; not an observed or recovered true suppressed count.
48347,Nacogdoches County,48,Texas,13.0,13.0,13.0,13.0,3.328298215520111,3.3282982155201104,3.3282982155201104,3.3282982155201104,1.0,exact,exact,nonmetro_nonadjacent,Q4_highest,Constrained Bayesian posterior estimate; not an observed or recovered true suppressed count.
48349,Navarro County,48,Texas,19.0,19.0,19.0,19.0,5.91528072677007,5.91528072677007,5.91528072677007,5.91528072677007,1.0,exact,exact,nonmetro_adjacent,Q4_highest,Constrained Bayesian posterior estimate; not an observed or recovered true suppressed count.
48351,Newton County,48,Texas,2.3722222222222222,2.0,2.0,4.0,3.1524966740052656,2.657842629137929,2.657842629137929,5.315685258275858,0.3194444444444444,suppressed_1_9,suppressed_1_9,nonmetro_adjacent,Q4_highest,Constrained Bayesian posterior estimate; not an observed or recovered true suppressed count.
48353,Nolan County,48,Texas,5.391666666666667,5.0,4.0,8.0,6.189705381503974,5.74006681437772,4.592053451502176,9.184106903004352,1.0,suppressed_1_9,suppressed_1_9,nonmetro_adjacent,Q4_highest,Constrained Bayesian posterior estimate; not an observed or recovered true suppressed count.
48355,Nueces County,48,Texas,76.0,76.0,76.0,76.0,3.5587038638627195,3.55870386386272,3.55870386386272,3.55870386386272,1.0,exact,exact,metro_other,Q4_highest,Constrained Bayesian posterior estimate; not an observed or recovered true suppressed count.
48357,Ochiltree County,48,Texas,5.019444444444445,4.0,4.0,9.0,8.618107660052617,6.867778102089521,6.867778102089521,15.452500729701423,1.0,suppressed_1_9,suppressed_1_9,nonmetro_nonadjacent,Q4_highest,Constrained Bayesian posterior estimate; not an observed or recovered true suppressed count.
48359,Oldham County,48,Texas,1.2083333333333333,1.0,1.0,2.0,10.672437143025375,8.832361773538244,8.832361773538244,17.664723547076488,1.0,suppressed_1_9,suppressed_1_9,metro_other,Q2,Constrained Bayesian posterior estimate; not an observed or recovered true suppressed count.
48361,Orange County,48,Texas,11.0,11.0,11.0,11.0,2.166262625864782,2.166262625864782,2.166262625864782,2.166262625864782,0.0,exact,exact,metro_other,Q3,Constrained Bayesian posterior estimate; not an observed or recovered true suppressed count.
48363,Palo Pinto County,48,Texas,4.094444444444444,4.0,3.0,6.0,2.3209557424916922,2.2674194499240414,1.700564587443031,3.401129174886062,0.10555555555555556,suppressed_1_9,suppressed_1_9,nonmetro_adjacent,Q4_highest,Constrained Bayesian posterior estimate; not an observed or recovered true suppressed count.
48365,Panola County,48,Texas,7.105555555555555,7.0,4.0,9.0,5.164183901474317,5.087468112476652,2.9071246357009444,6.541030430327124,0.8944444444444445,suppressed_1_9,suppressed_1_9,nonmetro_adjacent,Q3,Constrained Bayesian posterior estimate; not an observed or recovered true suppressed count.
48367,Parker County,48,Texas,34.0,34.0,34.0,34.0,3.5164835164835178,3.516483516483517,3.516483516483517,3.516483516483517,1.0,exact,exact,metro_large,Q2,Constrained Bayesian posterior estimate; not an observed or recovered true suppressed count.
48369,Parmer County,48,Texas,1.0333333333333334,1.0,1.0,2.0,1.7863522686673816,1.7287280019361755,1.7287280019361755,3.457456003872351,0.03333333333333333,suppressed_1_9,suppressed_1_9,nonmetro_nonadjacent,Q3,Constrained Bayesian posterior estimate; not an observed or recovered true suppressed count.
48371,Pecos County,48,Texas,1.0527777777777778,1.0,1.0,2.0,1.1603542172599473,1.1021834253656495,1.1021834253656495,2.204366850731299,0.0,suppressed_1_9,suppressed_1_9,nonmetro_nonadjacent,Q4_highest,Constrained Bayesian posterior estimate; not an observed or recovered true suppressed count.
48373,Polk County,48,Texas,18.0,18.0,18.0,18.0,5.66133871789549,5.661338717895491,5.661338717895491,5.661338717895491,1.0,exact,exact,nonmetro_adjacent,Q4_highest,Constrained Bayesian posterior estimate; not an observed or recovered true suppressed count.
48375,Potter County,48,Texas,28.0,28.0,28.0,28.0,4.029316153096745,4.029316153096745,4.029316153096745,4.029316153096745,1.0,exact,exact,metro_other,Q4_highest,Constrained Bayesian posterior estimate; not an observed or recovered true suppressed count.
48377,Presidio County,48,Texas,1.1805555555555556,1.0,1.0,3.0,3.2104741530391476,2.7194604590449254,2.7194604590449254,8.158381377134775,0.10833333333333334,suppressed_1_9,suppressed_1_9,nonmetro_nonadjacent,Q4_highest,Constrained Bayesian posterior estimate; not an observed or recovered true suppressed count.
48379,Rains County,48,Texas,3.7111111111111112,2.0,2.0,9.0,4.839106938468003,2.6079019428869477,2.6079019428869477,11.735558742991262,0.49166666666666664,suppressed_1_9,suppressed_1_9,nonmetro_adjacent,Q2,Constrained Bayesian posterior estimate; not an observed or recovered true suppressed count.
48381,Randall County,48,Texas,42.0,42.0,42.0,42.0,4.847600668507214,4.847600668507216,4.847600668507216,4.847600668507216,1.0,exact,exact,metro_other,Q2,Constrained Bayesian posterior estimate; not an observed or recovered true suppressed count.
48383,Reagan County,48,Texas,0.0,0.0,0.0,0.0,0.0,0.0,0.0,0.0,0.0,zero,zero,nonmetro_adjacent,Q3,Constrained Bayesian posterior estimate; not an observed or recovered true suppressed count.
48385,Real County,48,Texas,0.0,0.0,0.0,0.0,0.0,0.0,0.0,0.0,0.0,zero,zero,nonmetro_nonadjacent,Q4_highest,Constrained Bayesian posterior estimate; not an observed or recovered true suppressed count.
48387,Red River County,48,Texas,3.1527777777777777,2.0,2.0,6.0,4.472723088393618,2.8373221353686393,2.8373221353686393,8.511966406105918,0.48333333333333334,suppressed_1_9,suppressed_1_9,nonmetro_adjacent,Q3,Constrained Bayesian posterior estimate; not an observed or recovered true suppressed count.
48389,Reeves County,48,Texas,3.9055555555555554,4.0,3.0,6.0,4.703052100183707,4.816781667328974,3.6125862504967308,7.2251725009934615,1.0,suppressed_1_9,suppressed_1_9,nonmetro_nonadjacent,Q4_highest,Constrained Bayesian posterior estimate; not an observed or recovered true suppressed count.
48391,Refugio County,48,Texas,1.0361111111111112,1.0,1.0,2.0,2.5508668844135878,2.4619626766458222,2.4619626766458222,4.9239253532916445,0.03611111111111111,suppressed_1_9,suppressed_1_9,nonmetro_adjacent,Q4_highest,Constrained Bayesian posterior estimate; not an observed or recovered true suppressed count.
48393,Roberts County,48,Texas,1.0,1.0,1.0,1.0,20.226537216828483,20.22653721682848,20.22653721682848,20.22653721682848,1.0,suppressed_1_9,suppressed_1_9,nonmetro_nonadjacent,Q1_lowest,Constrained Bayesian posterior estimate; not an observed or recovered true suppressed count.
48395,Robertson County,48,Texas,1.1777777777777778,1.0,1.0,2.0,1.1405281290819609,0.9683729397865707,0.9683729397865707,1.9367458795731414,0.0,suppressed_1_9,suppressed_1_9,metro_other,Q4_highest,Constrained Bayesian posterior estimate; not an observed or recovered true suppressed count.
48397,Rockwall County,48,Texas,13.0,13.0,13.0,13.0,1.7987029967775543,1.7987029967775545,1.7987029967775545,1.7987029967775545,0.0,exact,exact,metro_large,Q1_lowest,Constrained Bayesian posterior estimate; not an observed or recovered true suppressed count.
48399,Runnels County,48,Texas,5.969444444444444,6.0,5.0,7.0,9.93483414513272,9.985687181706222,8.321405984755184,11.649968378657258,1.0,suppressed_1_9,suppressed_1_9,nonmetro_adjacent,Q3,Constrained Bayesian posterior estimate; not an observed or recovered true suppressed count.
48401,Rusk County,48,Texas,6.302777777777778,7.0,4.0,9.0,1.9617953964123611,2.1788119872010356,1.2450354212577348,2.801329697829903,0.0,suppressed_1_9,suppressed_1_9,metro_other,Q4_highest,Constrained Bayesian posterior estimate; not an observed or recovered true suppressed count.
48403,Sabine County,48,Texas,2.702777777777778,2.0,2.0,8.0,4.409099148087729,3.2626427406199023,3.2626427406199023,13.05057096247961,1.0,suppressed_1_9,suppressed_1_9,nonmetro_nonadjacent,Q3,Constrained Bayesian posterior estimate; not an observed or recovered true suppressed count.
48405,San Augustine County,48,Texas,3.4916666666666667,3.0,3.0,5.0,7.294974650398349,6.267758649506936,6.267758649506936,10.446264415844894,1.0,suppressed_1_9,suppressed_1_9,nonmetro_nonadjacent,Q4_highest,Constrained Bayesian posterior estimate; not an observed or recovered true suppressed count.
48407,San Jacinto County,48,Texas,5.580555555555556,5.0,4.0,8.0,3.2323314232169245,2.896065983967379,2.316852787173903,4.633705574347806,0.49722222222222223,suppressed_1_9,suppressed_1_9,metro_large,Q4_highest,Constrained Bayesian posterior estimate; not an observed or recovered true suppressed count.
48409,San Patricio County,48,Texas,15.0,15.0,15.0,15.0,3.6094220352808977,3.6094220352808972,3.6094220352808972,3.6094220352808972,1.0,exact,exact,metro_other,Q4_highest,Constrained Bayesian posterior estimate; not an observed or recovered true suppressed count.
48411,San Saba County,48,Texas,0.0,0.0,0.0,0.0,0.0,0.0,0.0,0.0,0.0,zero,zero,nonmetro_nonadjacent,Q3,Constrained Bayesian posterior estimate; not an observed or recovered true suppressed count.
48413,Schleicher County,48,Texas,4.177777777777778,4.0,3.0,7.0,27.79071228482524,26.608128783343314,19.956096587507485,46.56422537085079,1.0,suppressed_1_9,suppressed_1_9,nonmetro_adjacent,Q3,Constrained Bayesian posterior estimate; not an observed or recovered true suppressed count.
48415,Scurry County,48,Texas,4.533333333333333,4.0,3.0,8.024999999999977,4.565382317200077,4.028278515176539,3.0212088863824045,8.081733771072908,1.0,suppressed_1_9,suppressed_1_9,nonmetro_nonadjacent,Q3,Constrained Bayesian posterior estimate; not an observed or recovered true suppressed count.
48417,Shackelford County,48,Texas,1.0166666666666666,1.0,1.0,1.0,5.251106175645197,5.165022467847735,5.165022467847735,5.165022467847735,1.0,suppressed_1_9,suppressed_1_9,nonmetro_adjacent,Q2,Constrained Bayesian posterior estimate; not an observed or recovered true suppressed count.
48419,Shelby County,48,Texas,5.663888888888889,6.0,4.0,8.0,3.865951039123652,4.095367456845065,2.730244971230044,5.460489942460088,0.9,suppressed_1_9,suppressed_1_9,nonmetro_nonadjacent,Q4_highest,Constrained Bayesian posterior estimate; not an observed or recovered true suppressed count.
48421,Sherman County,48,Texas,0.0,0.0,0.0,0.0,0.0,0.0,0.0,0.0,0.0,zero,zero,nonmetro_nonadjacent,Q3,Constrained Bayesian posterior estimate; not an observed or recovered true suppressed count.
48423,Smith County,48,Texas,72.0,72.0,72.0,72.0,4.993186381084144,4.993186381084145,4.993186381084145,4.993186381084145,1.0,exact,exact,metro_other,Q4_highest,Constrained Bayesian posterior estimate; not an observed or recovered true suppressed count.
48425,Somervell County,48,Texas,1.775,1.0,1.0,5.0,3.0880843438473184,1.739765827519616,1.739765827519616,8.69882913759808,0.3972222222222222,suppressed_1_9,suppressed_1_9,nonmetro_adjacent,Q3,Constrained Bayesian posterior estimate; not an observed or recovered true suppressed count.
48427,Starr County,48,Texas,13.0,13.0,13.0,13.0,3.306230718952587,3.306230718952586,3.306230718952586,3.306230718952586,1.0,exact,exact,nonmetro_adjacent,Q4_highest,Constrained Bayesian posterior estimate; not an observed or recovered true suppressed count.
48429,Stephens County,48,Texas,5.0777777777777775,5.0,4.0,8.0,9.054363826924943,8.915675540735721,7.132540432588577,14.265080865177154,1.0,suppressed_1_9,suppressed_1_9,nonmetro_nonadjacent,Q4_highest,Constrained Bayesian posterior estimate; not an observed or recovered true suppressed count.
48431,Sterling County,48,Texas,0.0,0.0,0.0,0.0,0.0,0.0,0.0,0.0,0.0,zero,zero,nonmetro_adjacent,Q1_lowest,Constrained Bayesian posterior estimate; not an observed or recovered true suppressed count.
48433,Stonewall County,48,Texas,0.0,0.0,0.0,0.0,0.0,0.0,0.0,0.0,0.0,zero,zero,nonmetro_nonadjacent,Q2,Constrained Bayesian posterior estimate; not an observed or recovered true suppressed count.
48435,Sutton County,48,Texas,3.0944444444444446,2.0,2.0,7.0,15.06545493887266,9.737098344693282,9.737098344693282,34.079844206426486,1.0,suppressed_1_9,suppressed_1_9,nonmetro_nonadjacent,Q4_highest,Constrained Bayesian posterior estimate; not an observed or recovered true suppressed count.
48437,Swisher County,48,Texas,2.8666666666666667,2.0,2.0,7.0,6.751770377000015,4.710537472325592,4.710537472325592,16.48688115313957,1.0,suppressed_1_9,suppressed_1_9,nonmetro_adjacent,Q4_highest,Constrained Bayesian posterior estimate; not an observed or recovered true suppressed count.
48439,Tarrant County,48,Texas,332.0,332.0,332.0,332.0,2.5695423018254044,2.5695423018254044,2.5695423018254044,2.5695423018254044,0.0,exact,exact,metro_large,Q4_highest,Constrained Bayesian posterior estimate; not an observed or recovered true suppressed count.
48441,Taylor County,48,Texas,73.0,73.0,73.0,73.0,8.474851748141335,8.474851748141337,8.474851748141337,8.474851748141337,1.0,exact,exact,metro_other,Q4_highest,Constrained Bayesian posterior estimate; not an observed or recovered true suppressed count.
48443,Terrell County,48,Texas,0.0,0.0,0.0,0.0,0.0,0.0,0.0,0.0,0.0,zero,zero,nonmetro_nonadjacent,Q1_lowest,Constrained Bayesian posterior estimate; not an observed or recovered true suppressed count.
48445,Terry County,48,Texas,1.2277777777777779,1.0,1.0,3.0,1.7295080684290434,1.408649105507818,1.408649105507818,4.225947316523454,0.027777777777777776,suppressed_1_9,suppressed_1_9,nonmetro_adjacent,Q4_highest,Constrained Bayesian posterior estimate; not an observed or recovered true suppressed count.
48447,Throckmorton County,48,Texas,0.0,0.0,0.0,0.0,0.0,0.0,0.0,0.0,0.0,zero,zero,nonmetro_nonadjacent,Q1_lowest,Constrained Bayesian posterior estimate; not an observed or recovered true suppressed count.
48449,Titus County,48,Texas,3.8305555555555557,3.0,2.0,7.0,2.005831019136704,1.5709191447916178,1.0472794298610784,3.665478004513774,0.14444444444444443,suppressed_1_9,suppressed_1_9,nonmetro_nonadjacent,Q4_highest,Constrained Bayesian posterior estimate; not an observed or recovered true suppressed count.
48451,Tom Green County,48,Texas,43.0,43.0,43.0,43.0,5.999946977212759,5.99994697721276,5.99994697721276,5.99994697721276,1.0,exact,exact,metro_other,Q4_highest,Constrained Bayesian posterior estimate; not an observed or recovered true suppressed count.
48453,Travis County,48,Texas,131.0,131.0,131.0,131.0,1.6572261702578506,1.6572261702578506,1.6572261702578506,1.6572261702578506,0.0,exact,exact,metro_large,Q3,Constrained Bayesian posterior estimate; not an observed or recovered true suppressed count.
48455,Trinity County,48,Texas,3.7888888888888888,3.0,3.0,8.0,4.401897075642922,3.4853730510955687,3.4853730510955687,9.29432813625485,1.0,suppressed_1_9,suppressed_1_9,nonmetro_adjacent,Q4_highest,Constrained Bayesian posterior estimate; not an observed or recovered true suppressed count.
48457,Tyler County,48,Texas,5.225,5.0,4.0,6.024999999999977,4.203134049810155,4.022137846708282,3.217710277366626,4.846676105283462,1.0,suppressed_1_9,suppressed_1_9,nonmetro_adjacent,Q4_highest,Constrained Bayesian posterior estimate; not an observed or recovered true suppressed count.
48459,Upshur County,48,Texas,11.0,11.0,11.0,11.0,4.305081561727042,4.305081561727042,4.305081561727042,4.305081561727042,1.0,exact,exact,metro_other,Q3,Constrained Bayesian posterior estimate; not an observed or recovered true suppressed count.
48461,Upton County,48,Texas,0.0,0.0,0.0,0.0,0.0,0.0,0.0,0.0,0.0,zero,zero,nonmetro_adjacent,Q4_highest,Constrained Bayesian posterior estimate; not an observed or recovered true suppressed count.
48463,Uvalde County,48,Texas,3.9194444444444443,4.0,3.0,6.0,2.5575493927859347,2.6101141924959217,1.9575856443719413,3.9151712887438825,0.3,suppressed_1_9,suppressed_1_9,nonmetro_adjacent,Q4_highest,Constrained Bayesian posterior estimate; not an observed or recovered true suppressed count.
48465,Val Verde County,48,Texas,6.691666666666666,6.0,4.975,9.0,2.3159203807915314,2.076541312789418,1.7217988385212255,3.114811969184127,0.17222222222222222,suppressed_1_9,suppressed_1_9,nonmetro_nonadjacent,Q4_highest,Constrained Bayesian posterior estimate; not an observed or recovered true suppressed count.
48467,Van Zandt County,48,Texas,19.0,19.0,19.0,19.0,5.1692100086788315,5.1692100086788315,5.1692100086788315,5.1692100086788315,1.0,exact,exact,nonmetro_adjacent,Q3,Constrained Bayesian posterior estimate; not an observed or recovered true suppressed count.
48469,Victoria County,48,Texas,11.0,11.0,11.0,11.0,2.0012298467057934,2.001229846705794,2.001229846705794,2.001229846705794,0.0,exact,exact,metro_other,Q4_highest,Constrained Bayesian posterior estimate; not an observed or recovered true suppressed count.
48471,Walker County,48,Texas,11.0,11.0,11.0,11.0,2.3556016206539145,2.355601620653915,2.355601620653915,2.355601620653915,0.0,exact,exact,nonmetro_adjacent,Q4_highest,Constrained Bayesian posterior estimate; not an observed or recovered true suppressed count.
48473,Waller County,48,Texas,7.522222222222222,8.0,5.0,9.0,2.0720377435294735,2.2036442767226303,1.3772776729516436,2.4790998113129588,0.0,suppressed_1_9,suppressed_1_9,metro_large,Q4_highest,Constrained Bayesian posterior estimate; not an observed or recovered true suppressed count.
48475,Ward County,48,Texas,5.641666666666667,5.0,4.0,8.0,8.265330539969039,7.325256017697819,5.860204814158255,11.72040962831651,1.0,suppressed_1_9,suppressed_1_9,nonmetro_adjacent,Q3,Constrained Bayesian posterior estimate; not an observed or recovered true suppressed count.
48477,Washington County,48,Texas,12.0,12.0,12.0,12.0,5.491488193300384,5.491488193300384,5.491488193300384,5.491488193300384,1.0,exact,exact,nonmetro_adjacent,Q3,Constrained Bayesian posterior estimate; not an observed or recovered true suppressed count.
48479,Webb County,48,Texas,42.0,42.0,42.0,42.0,2.573483681968887,2.5734836819688867,2.5734836819688867,2.5734836819688867,0.0,exact,exact,metro_other,Q4_highest,Constrained Bayesian posterior estimate; not an observed or recovered true suppressed count.
48481,Wharton County,48,Texas,6.247222222222222,6.0,3.0,9.0,2.493303888179367,2.3946360153256707,1.1973180076628354,3.5919540229885056,0.3416666666666667,suppressed_1_9,suppressed_1_9,nonmetro_adjacent,Q4_highest,Constrained Bayesian posterior estimate; not an observed or recovered true suppressed count.
48483,Wheeler County,48,Texas,0.0,0.0,0.0,0.0,0.0,0.0,0.0,0.0,0.0,zero,zero,nonmetro_nonadjacent,Q4_highest,Constrained Bayesian posterior estimate; not an observed or recovered true suppressed count.
48485,Wichita County,48,Texas,52.0,52.0,52.0,52.0,6.618757048339838,6.6187570483398375,6.6187570483398375,6.6187570483398375,1.0,exact,exact,metro_other,Q4_highest,Constrained Bayesian posterior estimate; not an observed or recovered true suppressed count.
48487,Wilbarger County,48,Texas,4.041666666666667,3.0,3.0,8.0,5.351783192090396,3.9724576271186436,3.9724576271186436,10.59322033898305,1.0,suppressed_1_9,suppressed_1_9,nonmetro_adjacent,Q4_highest,Constrained Bayesian posterior estimate; not an observed or recovered true suppressed count.
48489,Willacy County,48,Texas,2.188888888888889,2.0,2.0,4.0,1.778977006947944,1.6254612246224867,1.6254612246224867,3.2509224492449733,0.030555555555555555,suppressed_1_9,suppressed_1_9,nonmetro_adjacent,Q4_highest,Constrained Bayesian posterior estimate; not an observed or recovered true suppressed count.
48491,Williamson County,48,Texas,72.0,72.0,72.0,72.0,1.8239294990450967,1.823929499045097,1.823929499045097,1.823929499045097,0.0,exact,exact,metro_large,Q2,Constrained Bayesian posterior estimate; not an observed or recovered true suppressed count.
48493,Wilson County,48,Texas,10.0,10.0,10.0,10.0,3.15773186435647,3.15773186435647,3.15773186435647,3.15773186435647,1.0,exact,exact,metro_large,Q2,Constrained Bayesian posterior estimate; not an observed or recovered true suppressed count.
48495,Winkler County,48,Texas,0.0,0.0,0.0,0.0,0.0,0.0,0.0,0.0,0.0,zero,zero,nonmetro_adjacent,Q2,Constrained Bayesian posterior estimate; not an observed or recovered true suppressed count.
48497,Wise County,48,Texas,7.936111111111111,8.0,6.0,9.0,1.775221756700297,1.7895130064042195,1.3421347548031648,2.013202132204747,0.0,suppressed_1_9,suppressed_1_9,metro_large,Q3,Constrained Bayesian posterior estimate; not an observed or recovered true suppressed count.
48499,Wood County,48,Texas,10.0,10.0,10.0,10.0,3.5558716330340467,3.5558716330340476,3.5558716330340476,3.5558716330340476,1.0,exact,exact,nonmetro_adjacent,Q4_highest,Constrained Bayesian posterior estimate; not an observed or recovered true suppressed count.
48501,Yoakum County,48,Texas,1.1416666666666666,1.0,1.0,2.0,2.4023960832175972,2.1042885400446107,2.1042885400446107,4.2085770800892215,0.14166666666666666,suppressed_1_9,suppressed_1_9,nonmetro_nonadjacent,Q3,Constrained Bayesian posterior estimate; not an observed or recovered true suppressed count.
48503,Young County,48,Texas,5.163888888888889,5.0,4.0,8.0,4.771967221026022,4.620516943435632,3.6964135547485055,7.392827109497011,1.0,suppressed_1_9,suppressed_1_9,nonmetro_nonadjacent,Q3,Constrained Bayesian posterior estimate; not an observed or recovered true suppressed count.
48505,Zapata County,48,Texas,2.852777777777778,3.0,2.0,5.0,3.4098439905068876,3.585814517767711,2.3905430118451405,5.9763575296128515,0.55,suppressed_1_9,suppressed_1_9,nonmetro_adjacent,Q4_highest,Constrained Bayesian posterior estimate; not an observed or recovered true suppressed count.
48507,Zavala County,48,Texas,1.1194444444444445,1.0,1.0,2.0,1.8317915375776348,1.6363398350569445,1.6363398350569445,3.272679670113889,0.11944444444444445,suppressed_1_9,suppressed_1_9,nonmetro_nonadjacent,Q4_highest,Constrained Bayesian posterior estimate; not an observed or recovered true suppressed count.
49001,Beaver County,49,Utah,0.0,0.0,0.0,0.0,0.0,0.0,0.0,0.0,0.0,zero,zero,nonmetro_nonadjacent,Q1_lowest,Constrained Bayesian posterior estimate; not an observed or recovered true suppressed count.
49003,Box Elder County,49,Utah,11.0,11.0,11.0,11.0,3.046728506022828,3.0467285060228284,3.0467285060228284,3.0467285060228284,1.0,exact,exact,nonmetro_adjacent,Q1_lowest,Constrained Bayesian posterior estimate; not an observed or recovered true suppressed count.
49005,Cache County,49,Utah,24.0,24.0,24.0,24.0,2.913459332356515,2.913459332356515,2.913459332356515,2.913459332356515,0.0,exact,exact,metro_other,Q2,Constrained Bayesian posterior estimate; not an observed or recovered true suppressed count.
49007,Carbon County,49,Utah,11.0,11.0,11.0,11.0,8.914967419846336,8.914967419846338,8.914967419846338,8.914967419846338,1.0,exact,exact,nonmetro_nonadjacent,Q3,Constrained Bayesian posterior estimate; not an observed or recovered true suppressed count.
49009,Daggett County,49,Utah,0.0,0.0,0.0,0.0,0.0,0.0,0.0,0.0,0.0,zero,zero,nonmetro_nonadjacent,Q1_lowest,Constrained Bayesian posterior estimate; not an observed or recovered true suppressed count.
49011,Davis County,49,Utah,42.0,42.0,42.0,42.0,1.9059521524326075,1.9059521524326077,1.9059521524326077,1.9059521524326077,0.0,exact,exact,metro_other,Q1_lowest,Constrained Bayesian posterior estimate; not an observed or recovered true suppressed count.
49013,Duchesne County,49,Utah,3.3805555555555555,3.0,2.0,7.0,2.7923936756528045,2.478048619313911,1.6520324128759407,5.782113445065792,0.34444444444444444,suppressed_1_9,suppressed_1_9,nonmetro_nonadjacent,Q3,Constrained Bayesian posterior estimate; not an observed or recovered true suppressed count.
49015,Emery County,49,Utah,2.591666666666667,2.0,2.0,5.0,4.281623437413955,3.3041467041136623,3.3041467041136623,8.260366760284157,1.0,suppressed_1_9,suppressed_1_9,nonmetro_nonadjacent,Q1_lowest,Constrained Bayesian posterior estimate; not an observed or recovered true suppressed count.
49017,Garfield County,49,Utah,2.297222222222222,2.0,2.0,4.0,7.383005695716609,6.427767957576732,6.427767957576732,12.855535915153464,1.0,suppressed_1_9,suppressed_1_9,nonmetro_nonadjacent,Q2,Constrained Bayesian posterior estimate; not an observed or recovered true suppressed count.
49019,Grand County,49,Utah,3.5,3.0,3.0,5.0,5.985361515835555,5.130309870716191,5.130309870716191,8.550516451193651,1.0,suppressed_1_9,suppressed_1_9,nonmetro_nonadjacent,Q2,Constrained Bayesian posterior estimate; not an observed or recovered true suppressed count.
49021,Iron County,49,Utah,10.0,10.0,10.0,10.0,2.7416188711110148,2.741618871111014,2.741618871111014,2.741618871111014,0.0,exact,exact,nonmetro_adjacent,Q2,Constrained Bayesian posterior estimate; not an observed or recovered true suppressed count.
49023,Juab County,49,Utah,3.7555555555555555,4.0,3.0,6.0,4.995351958015397,5.320493209720541,3.9903699072904057,7.9807398145808115,1.0,suppressed_1_9,suppressed_1_9,metro_other,Q1_lowest,Constrained Bayesian posterior estimate; not an observed or recovered true suppressed count.
49025,Kane County,49,Utah,1.2277777777777779,1.0,1.0,2.0,2.5072551568906407,2.042108272580612,2.042108272580612,4.084216545161224,0.20555555555555555,suppressed_1_9,suppressed_1_9,nonmetro_adjacent,Q2,Constrained Bayesian posterior estimate; not an observed or recovered true suppressed count.
49027,Millard County,49,Utah,1.086111111111111,1.0,1.0,2.0,1.3573334888538968,1.249718813267015,1.249718813267015,2.49943762653403,0.0,suppressed_1_9,suppressed_1_9,nonmetro_nonadjacent,Q2,Constrained Bayesian posterior estimate; not an observed or recovered true suppressed count.
49029,Morgan County,49,Utah,0.0,0.0,0.0,0.0,0.0,0.0,0.0,0.0,0.0,zero,zero,metro_other,Q1_lowest,Constrained Bayesian posterior estimate; not an observed or recovered true suppressed count.
49031,Piute County,49,Utah,0.0,0.0,0.0,0.0,0.0,0.0,0.0,0.0,0.0,zero,zero,nonmetro_nonadjacent,Q3,Constrained Bayesian posterior estimate; not an observed or recovered true suppressed count.
49033,Rich County,49,Utah,0.0,0.0,0.0,0.0,0.0,0.0,0.0,0.0,0.0,zero,zero,nonmetro_adjacent,Q1_lowest,Constrained Bayesian posterior estimate; not an observed or recovered true suppressed count.
49035,Salt Lake County,49,Utah,218.0,218.0,218.0,218.0,3.0701116323572313,3.0701116323572304,3.0701116323572304,3.0701116323572304,1.0,exact,exact,metro_large,Q2,Constrained Bayesian posterior estimate; not an observed or recovered true suppressed count.
49037,San Juan County,49,Utah,5.6722222222222225,6.0,4.0,8.0,6.417049112737686,6.787867817587365,4.5252452117249105,9.050490423449821,1.0,suppressed_1_9,suppressed_1_9,nonmetro_nonadjacent,Q4_highest,Constrained Bayesian posterior estimate; not an observed or recovered true suppressed count.
49039,Sanpete County,49,Utah,7.761111111111111,8.0,5.0,9.0,4.260343913746486,4.391478336288433,2.74467396018027,4.9404131283244865,0.9583333333333334,suppressed_1_9,suppressed_1_9,nonmetro_adjacent,Q3,Constrained Bayesian posterior estimate; not an observed or recovered true suppressed count.
49041,Sevier County,49,Utah,6.0472222222222225,6.0,4.0,9.0,4.572949146788936,4.5372393923124035,3.0248262615416026,6.805859088468606,1.0,suppressed_1_9,suppressed_1_9,nonmetro_nonadjacent,Q2,Constrained Bayesian posterior estimate; not an observed or recovered true suppressed count.
49043,Summit County,49,Utah,4.605555555555555,4.0,2.0,8.0,1.7945517495472492,1.5585974181833768,0.7792987090916884,3.1171948363667537,0.06388888888888888,suppressed_1_9,suppressed_1_9,nonmetro_adjacent,Q1_lowest,Constrained Bayesian posterior estimate; not an observed or recovered true suppressed count.
49045,Tooele County,49,Utah,11.0,11.0,11.0,11.0,2.3410033114555935,2.341003311455593,2.341003311455593,2.341003311455593,0.0,exact,exact,metro_large,Q1_lowest,Constrained Bayesian posterior estimate; not an observed or recovered true suppressed count.
49047,Uintah County,49,Utah,7.836111111111111,8.0,6.0,9.0,3.544099858939549,3.618223181051365,2.713667385788524,4.070501078682786,0.8555555555555555,suppressed_1_9,suppressed_1_9,nonmetro_nonadjacent,Q3,Constrained Bayesian posterior estimate; not an observed or recovered true suppressed count.
49049,Utah County,49,Utah,84.0,84.0,84.0,84.0,2.0284357717546118,2.0284357717546113,2.0284357717546113,2.0284357717546113,0.0,exact,exact,metro_other,Q2,Constrained Bayesian posterior estimate; not an observed or recovered true suppressed count.
49051,Wasatch County,49,Utah,1.238888888888889,1.0,1.0,3.0,0.5704302271744776,0.46043695466998186,0.46043695466998186,1.3813108640099454,0.0,suppressed_1_9,suppressed_1_9,nonmetro_adjacent,Q1_lowest,Constrained Bayesian posterior estimate; not an observed or recovered true suppressed count.
49053,Washington County,49,Utah,56.0,56.0,56.0,56.0,4.820231198946436,4.820231198946435,4.820231198946435,4.820231198946435,1.0,exact,exact,metro_other,Q2,Constrained Bayesian posterior estimate; not an observed or recovered true suppressed count.
49055,Wayne County,49,Utah,0.0,0.0,0.0,0.0,0.0,0.0,0.0,0.0,0.0,zero,zero,nonmetro_nonadjacent,Q1_lowest,Constrained Bayesian posterior estimate; not an observed or recovered true suppressed count.
49057,Weber County,49,Utah,41.0,41.0,41.0,41.0,2.5504776858085205,2.55047768580852,2.55047768580852,2.55047768580852,0.0,exact,exact,metro_other,Q2,Constrained Bayesian posterior estimate; not an observed or recovered true suppressed count.
50001,Addison County,50,Vermont,10.0,10.0,10.0,10.0,4.459646885159634,4.459646885159633,4.459646885159633,4.459646885159633,1.0,exact,exact,nonmetro_adjacent,Q1_lowest,Constrained Bayesian posterior estimate; not an observed or recovered true suppressed count.
50003,Bennington County,50,Vermont,8.422222222222222,9.0,6.975,9.0,3.832917173592717,4.0958613596439335,3.1742925537240483,4.0958613596439335,0.975,suppressed_1_9,suppressed_1_9,nonmetro_adjacent,Q2,Constrained Bayesian posterior estimate; not an observed or recovered true suppressed count.
50005,Caledonia County,50,Vermont,6.675,7.0,4.0,9.0,3.6711123332875015,3.8498556304138596,2.199917503093634,4.949814381960676,0.8027777777777778,suppressed_1_9,suppressed_1_9,nonmetro_nonadjacent,Q2,Constrained Bayesian posterior estimate; not an observed or recovered true suppressed count.
50007,Chittenden County,50,Vermont,34.0,34.0,34.0,34.0,3.3777809568657373,3.377780956865737,3.377780956865737,3.377780956865737,1.0,exact,exact,metro_other,Q1_lowest,Constrained Bayesian posterior estimate; not an observed or recovered true suppressed count.
50009,Essex County,50,Vermont,1.2638888888888888,1.0,1.0,3.0,3.486397685338434,2.7584684982897496,2.7584684982897496,8.275405494869249,0.19722222222222222,suppressed_1_9,suppressed_1_9,nonmetro_nonadjacent,Q2,Constrained Bayesian posterior estimate; not an observed or recovered true suppressed count.
50011,Franklin County,50,Vermont,14.0,14.0,14.0,14.0,4.6326475911887055,4.632647591188705,4.632647591188705,4.632647591188705,1.0,exact,exact,metro_other,Q1_lowest,Constrained Bayesian posterior estimate; not an observed or recovered true suppressed count.
50013,Grand Isle County,50,Vermont,2.2944444444444443,2.0,2.0,4.0,5.178280810770823,4.513755670405561,4.513755670405561,9.027511340811122,1.0,suppressed_1_9,suppressed_1_9,metro_other,Q1_lowest,Constrained Bayesian posterior estimate; not an observed or recovered true suppressed count.
50015,Lamoille County,50,Vermont,2.9194444444444443,3.0,2.0,5.0,1.8807581441659276,1.9326534687908676,1.2884356458605783,3.221089114651446,0.07777777777777778,suppressed_1_9,suppressed_1_9,nonmetro_adjacent,Q1_lowest,Constrained Bayesian posterior estimate; not an observed or recovered true suppressed count.
50017,Orange County,50,Vermont,4.6,5.0,3.0,7.0,2.597270607366085,2.823120225397919,1.6938721352387514,3.9523683155570866,0.2222222222222222,suppressed_1_9,suppressed_1_9,nonmetro_nonadjacent,Q1_lowest,Constrained Bayesian posterior estimate; not an observed or recovered true suppressed count.
50019,Orleans County,50,Vermont,6.825,7.0,4.0,9.0,4.151762902401635,4.258218361437574,2.4332676351071854,5.474852178991167,0.9305555555555556,suppressed_1_9,suppressed_1_9,nonmetro_nonadjacent,Q2,Constrained Bayesian posterior estimate; not an observed or recovered true suppressed count.
50021,Rutland County,50,Vermont,25.0,25.0,25.0,25.0,6.9953355102817465,6.995335510281745,6.995335510281745,6.995335510281745,1.0,exact,exact,nonmetro_nonadjacent,Q2,Constrained Bayesian posterior estimate; not an observed or recovered true suppressed count.
50023,Washington County,50,Vermont,16.0,16.0,16.0,16.0,4.485059146717497,4.485059146717497,4.485059146717497,4.485059146717497,1.0,exact,exact,nonmetro_adjacent,Q1_lowest,Constrained Bayesian posterior estimate; not an observed or recovered true suppressed count.
50025,Windham County,50,Vermont,10.0,10.0,10.0,10.0,3.7346598845243166,3.7346598845243166,3.7346598845243166,3.7346598845243166,1.0,exact,exact,nonmetro_nonadjacent,Q2,Constrained Bayesian posterior estimate; not an observed or recovered true suppressed count.
50027,Windsor County,50,Vermont,16.0,16.0,16.0,16.0,4.675819583501371,4.6758195835013705,4.6758195835013705,4.6758195835013705,1.0,exact,exact,nonmetro_nonadjacent,Q1_lowest,Constrained Bayesian posterior estimate; not an observed or recovered true suppressed count.
51001,Accomack County,51,Virginia,7.691666666666666,8.0,5.0,9.0,3.8917363637436906,4.047743130220956,2.5298394563880975,4.553711021498576,0.9472222222222222,suppressed_1_9,suppressed_1_9,nonmetro_nonadjacent,Q4_highest,Constrained Bayesian posterior estimate; not an observed or recovered true suppressed count.
51003,Albemarle County,51,Virginia,18.0,18.0,18.0,18.0,2.643016562903795,2.6430165629037945,2.6430165629037945,2.6430165629037945,0.0,exact,exact,metro_other,Q1_lowest,Constrained Bayesian posterior estimate; not an observed or recovered true suppressed count.
51005,Alleghany County,51,Virginia,2.547222222222222,2.0,2.0,5.0,2.8746766380641033,2.2571070658736696,2.2571070658736696,5.6427676646841745,0.4027777777777778,suppressed_1_9,suppressed_1_9,nonmetro_adjacent,Q2,Constrained Bayesian posterior estimate; not an observed or recovered true suppressed count.
51007,Amelia County,51,Virginia,5.85,6.0,5.0,9.0,7.305377257174256,7.492694622742826,6.243912185619022,11.239041934114239,1.0,suppressed_1_9,suppressed_1_9,metro_large,Q2,Constrained Bayesian posterior estimate; not an observed or recovered true suppressed count.
51009,Amherst County,51,Virginia,5.691666666666666,5.0,3.0,8.0,3.008598512880149,2.64298551643937,1.5857913098636218,4.228776826302992,0.4861111111111111,suppressed_1_9,suppressed_1_9,metro_other,Q2,Constrained Bayesian posterior estimate; not an observed or recovered true suppressed count.
51011,Appomattox County,51,Virginia,4.238888888888889,4.0,3.0,8.0,4.287075618844702,4.045471095109026,3.034103321331769,8.090942190218051,1.0,suppressed_1_9,suppressed_1_9,metro_other,Q1_lowest,Constrained Bayesian posterior estimate; not an observed or recovered true suppressed count.
51013,Arlington County,51,Virginia,18.0,18.0,18.0,18.0,1.2694875149429257,1.2694875149429259,1.2694875149429259,1.2694875149429259,0.0,exact,exact,metro_large,Q1_lowest,Constrained Bayesian posterior estimate; not an observed or recovered true suppressed count.
51015,Augusta County,51,Virginia,12.0,12.0,12.0,12.0,2.5828781010680197,2.58287810106802,2.58287810106802,2.58287810106802,0.0,exact,exact,metro_other,Q1_lowest,Constrained Bayesian posterior estimate; not an observed or recovered true suppressed count.
51017,Bath County,51,Virginia,0.0,0.0,0.0,0.0,0.0,0.0,0.0,0.0,0.0,zero,zero,nonmetro_nonadjacent,Q1_lowest,Constrained Bayesian posterior estimate; not an observed or recovered true suppressed count.
51019,Bedford County,51,Virginia,12.0,12.0,12.0,12.0,2.4819335917301975,2.4819335917301975,2.4819335917301975,2.4819335917301975,0.0,exact,exact,metro_other,Q1_lowest,Constrained Bayesian posterior estimate; not an observed or recovered true suppressed count.
51021,Bland County,51,Virginia,1.1833333333333333,1.0,1.0,2.0,3.1805760874434448,2.6878107781212206,2.6878107781212206,5.375621556242441,0.18333333333333332,suppressed_1_9,suppressed_1_9,nonmetro_adjacent,Q1_lowest,Constrained Bayesian posterior estimate; not an observed or recovered true suppressed count.
51023,Botetourt County,51,Virginia,7.847222222222222,8.0,5.0,9.0,3.859789491863154,3.934935835952525,2.459334897470328,4.426802815446591,0.9444444444444444,suppressed_1_9,suppressed_1_9,metro_other,Q1_lowest,Constrained Bayesian posterior estimate; not an observed or recovered true suppressed count.
51025,Brunswick County,51,Virginia,2.636111111111111,3.0,2.0,4.0,2.7566310192737604,3.137156481365291,2.091437654243527,4.182875308487054,0.5027777777777778,suppressed_1_9,suppressed_1_9,nonmetro_adjacent,Q4_highest,Constrained Bayesian posterior estimate; not an observed or recovered true suppressed count.
51027,Buchanan County,51,Virginia,3.8333333333333335,2.0,2.0,9.0,3.2347712594792863,1.6877067440761493,1.6877067440761493,7.5946803483426715,0.25833333333333336,suppressed_1_9,suppressed_1_9,nonmetro_nonadjacent,Q3,Constrained Bayesian posterior estimate; not an observed or recovered true suppressed count.
51029,Buckingham County,51,Virginia,4.638888888888889,4.0,3.0,9.0,4.532909465583546,3.9086165451738353,2.931462408880377,8.794387226641131,1.0,suppressed_1_9,suppressed_1_9,nonmetro_adjacent,Q3,Constrained Bayesian posterior estimate; not an observed or recovered true suppressed count.
51031,Campbell County,51,Virginia,6.516666666666667,6.0,4.0,9.0,1.9662034271277742,1.8103151758721192,1.2068767839147463,2.715472763808179,0.0,suppressed_1_9,suppressed_1_9,metro_other,Q2,Constrained Bayesian posterior estimate; not an observed or recovered true suppressed count.
51033,Caroline County,51,Virginia,4.7027777777777775,4.0,2.0,9.0,2.4623033429731134,2.0943395238519096,1.0471697619259548,4.712263928666795,0.42777777777777776,suppressed_1_9,suppressed_1_9,nonmetro_adjacent,Q2,Constrained Bayesian posterior estimate; not an observed or recovered true suppressed count.
51035,Carroll County,51,Virginia,5.102777777777778,5.0,3.0,8.0,2.8904207961763997,2.832203284222928,1.699321970533757,4.531525254756685,0.3861111111111111,suppressed_1_9,suppressed_1_9,nonmetro_adjacent,Q2,Constrained Bayesian posterior estimate; not an observed or recovered true suppressed count.
51036,Charles City County,51,Virginia,2.7444444444444445,2.0,2.0,5.0,6.834286536455523,4.980451726971636,4.980451726971636,12.451129317429091,1.0,suppressed_1_9,suppressed_1_9,metro_large,Q2,Constrained Bayesian posterior estimate; not an observed or recovered true suppressed count.
51037,Charlotte County,51,Virginia,1.1222222222222222,1.0,1.0,2.0,1.6213101148882818,1.4447317855440136,1.4447317855440136,2.889463571088027,0.0,suppressed_1_9,suppressed_1_9,nonmetro_adjacent,Q3,Constrained Bayesian posterior estimate; not an observed or recovered true suppressed count.
51041,Chesterfield County,51,Virginia,48.0,48.0,48.0,48.0,2.14879318402802,2.1487931840280203,2.1487931840280203,2.1487931840280203,0.0,exact,exact,metro_large,Q2,Constrained Bayesian posterior estimate; not an observed or recovered true suppressed count.
51043,Clarke County,51,Virginia,2.825,3.0,2.0,5.0,3.1232034670322384,3.316676248175828,2.2111174987838855,5.527793746959714,0.5472222222222223,suppressed_1_9,suppressed_1_9,metro_large,Q1_lowest,Constrained Bayesian posterior estimate; not an observed or recovered true suppressed count.
51045,Craig County,51,Virginia,0.0,0.0,0.0,0.0,0.0,0.0,0.0,0.0,0.0,zero,zero,metro_other,Q1_lowest,Constrained Bayesian posterior estimate; not an observed or recovered true suppressed count.
51047,Culpeper County,51,Virginia,7.580555555555556,8.0,5.0,9.0,2.3306929631007494,2.4596539881752135,1.5372837426095083,2.767110736697115,0.0,suppressed_1_9,suppressed_1_9,metro_large,Q2,Constrained Bayesian posterior estimate; not an observed or recovered true suppressed count.
51049,Cumberland County,51,Virginia,3.5055555555555555,3.0,3.0,5.0,5.91834743982232,5.06482982171799,5.06482982171799,8.441383036196651,1.0,suppressed_1_9,suppressed_1_9,nonmetro_adjacent,Q2,Constrained Bayesian posterior estimate; not an observed or recovered true suppressed count.
51051,Dickenson County,51,Virginia,6.430555555555555,7.0,5.0,8.0,7.751486343320864,8.437903060547981,6.02707361467713,9.643317783483408,1.0,suppressed_1_9,suppressed_1_9,nonmetro_nonadjacent,Q2,Constrained Bayesian posterior estimate; not an observed or recovered true suppressed count.
51053,Dinwiddie County,51,Virginia,5.372222222222222,5.0,4.0,8.0,3.155972261386304,2.9373061377949052,2.3498449102359245,4.699689820471849,0.7972222222222223,suppressed_1_9,suppressed_1_9,metro_large,Q2,Constrained Bayesian posterior estimate; not an observed or recovered true suppressed count.
51057,Essex County,51,Virginia,4.252777777777778,4.0,3.0,7.0,6.605743674709193,6.213109661385524,4.659832246039143,10.872941907424666,1.0,suppressed_1_9,suppressed_1_9,nonmetro_adjacent,Q4_highest,Constrained Bayesian posterior estimate; not an observed or recovered true suppressed count.
51059,Fairfax County,51,Virginia,90.0,90.0,90.0,90.0,1.3082853858853163,1.3082853858853158,1.3082853858853158,1.3082853858853158,0.0,exact,exact,metro_large,Q1_lowest,Constrained Bayesian posterior estimate; not an observed or recovered true suppressed count.
51061,Fauquier County,51,Virginia,11.0,11.0,11.0,11.0,2.488169883191734,2.488169883191734,2.488169883191734,2.488169883191734,0.0,exact,exact,metro_large,Q1_lowest,Constrained Bayesian posterior estimate; not an observed or recovered true suppressed count.
51063,Floyd County,51,Virginia,3.661111111111111,4.0,3.0,5.0,3.892811235870099,4.253147329023477,3.189860496767608,5.316434161279346,1.0,suppressed_1_9,suppressed_1_9,metro_other,Q1_lowest,Constrained Bayesian posterior estimate; not an observed or recovered true suppressed count.
51065,Fluvanna County,51,Virginia,4.436111111111111,4.0,3.0,7.0,2.6439731980254804,2.3840459644061935,1.7880344733046452,4.172080437710839,0.3611111111111111,suppressed_1_9,suppressed_1_9,metro_other,Q1_lowest,Constrained Bayesian posterior estimate; not an observed or recovered true suppressed count.
51067,Franklin County,51,Virginia,7.055555555555555,7.0,4.0,9.0,2.116198986690608,2.099536002543438,1.1997348585962502,2.6994034318415627,0.0,suppressed_1_9,suppressed_1_9,metro_other,Q2,Constrained Bayesian posterior estimate; not an observed or recovered true suppressed count.
51069,Frederick County,51,Virginia,18.0,18.0,18.0,18.0,3.195438334253502,3.1954383342535015,3.1954383342535015,3.1954383342535015,1.0,exact,exact,metro_other,Q2,Constrained Bayesian posterior estimate; not an observed or recovered true suppressed count.
51071,Giles County,51,Virginia,5.438888888888889,5.0,4.0,8.0,5.472379853592878,5.030788425161991,4.024630740129593,8.049261480259187,1.0,suppressed_1_9,suppressed_1_9,metro_other,Q1_lowest,Constrained Bayesian posterior estimate; not an observed or recovered true suppressed count.
51073,Gloucester County,51,Virginia,7.138888888888889,7.0,5.0,9.0,3.0562928713455295,2.9968319205411422,2.140594228957959,3.8530696121243255,0.6666666666666666,suppressed_1_9,suppressed_1_9,metro_large,Q1_lowest,Constrained Bayesian posterior estimate; not an observed or recovered true suppressed count.
51075,Goochland County,51,Virginia,4.05,4.0,3.0,6.0,2.609519268561414,2.5773029812952237,1.9329772359714177,3.8659544719428354,0.2611111111111111,suppressed_1_9,suppressed_1_9,metro_large,Q1_lowest,Constrained Bayesian posterior estimate; not an observed or recovered true suppressed count.
51077,Grayson County,51,Virginia,2.6972222222222224,2.0,1.0,7.0,2.9223925697190767,2.166964624302508,1.083482312151254,7.584376185058778,0.375,suppressed_1_9,suppressed_1_9,nonmetro_nonadjacent,Q3,Constrained Bayesian posterior estimate; not an observed or recovered true suppressed count.
51079,Greene County,51,Virginia,2.863888888888889,3.0,2.0,5.0,2.2898288069792025,2.3986567522187574,1.5991045014791716,3.997761253697929,0.2361111111111111,suppressed_1_9,suppressed_1_9,metro_other,Q1_lowest,Constrained Bayesian posterior estimate; not an observed or recovered true suppressed count.
51081,Greensville County,51,Virginia,4.016666666666667,4.0,3.0,7.024999999999977,5.945156547566186,5.920487848198691,4.440365886149019,10.397856783398918,1.0,suppressed_1_9,suppressed_1_9,nonmetro_adjacent,Q4_highest,Constrained Bayesian posterior estimate; not an observed or recovered true suppressed count.
51083,Halifax County,51,Virginia,7.580555555555556,8.0,5.0,9.0,3.75635786624558,3.964203244700356,2.4776270279377224,4.4597286502879,0.9666666666666667,suppressed_1_9,suppressed_1_9,nonmetro_adjacent,Q4_highest,Constrained Bayesian posterior estimate; not an observed or recovered true suppressed count.
51085,Hanover County,51,Virginia,17.0,17.0,17.0,17.0,2.5372149737472887,2.5372149737472878,2.5372149737472878,2.5372149737472878,0.0,exact,exact,metro_large,Q1_lowest,Constrained Bayesian posterior estimate; not an observed or recovered true suppressed count.
51087,Henrico County,51,Virginia,64.0,64.0,64.0,64.0,3.191135026895285,3.1911350268952847,3.1911350268952847,3.1911350268952847,1.0,exact,exact,metro_large,Q2,Constrained Bayesian posterior estimate; not an observed or recovered true suppressed count.
51089,Henry County,51,Virginia,10.0,10.0,10.0,10.0,3.332144868330295,3.3321448683302957,3.3321448683302957,3.3321448683302957,1.0,exact,exact,nonmetro_adjacent,Q4_highest,Constrained Bayesian posterior estimate; not an observed or recovered true suppressed count.
51091,Highland County,51,Virginia,0.0,0.0,0.0,0.0,0.0,0.0,0.0,0.0,0.0,zero,zero,nonmetro_adjacent,Q1_lowest,Constrained Bayesian posterior estimate; not an observed or recovered true suppressed count.
51093,Isle of Wight County,51,Virginia,12.0,12.0,12.0,12.0,5.086556231879143,5.086556231879143,5.086556231879143,5.086556231879143,1.0,exact,exact,metro_large,Q1_lowest,Constrained Bayesian posterior estimate; not an observed or recovered true suppressed count.
51095,James City County,51,Virginia,10.0,10.0,10.0,10.0,2.080442385268803,2.0804423852688037,2.0804423852688037,2.0804423852688037,0.0,exact,exact,metro_large,Q1_lowest,Constrained Bayesian posterior estimate; not an observed or recovered true suppressed count.
51097,King and Queen County,51,Virginia,4.041666666666667,4.0,3.0,7.0,9.902647784257036,9.800558631842014,7.350418973881511,17.150977605723526,1.0,suppressed_1_9,suppressed_1_9,metro_large,Q1_lowest,Constrained Bayesian posterior estimate; not an observed or recovered true suppressed count.
51099,King George County,51,Virginia,1.6805555555555556,2.0,1.0,3.0,1.006646194311667,1.1979921651312402,0.5989960825656201,1.79698824769686,0.0,suppressed_1_9,suppressed_1_9,nonmetro_adjacent,Q1_lowest,Constrained Bayesian posterior estimate; not an observed or recovered true suppressed count.
51101,King William County,51,Virginia,6.15,6.0,5.0,8.0,5.605483347612885,5.468764241573545,4.557303534644621,7.291685655431395,1.0,suppressed_1_9,suppressed_1_9,metro_large,Q1_lowest,Constrained Bayesian posterior estimate; not an observed or recovered true suppressed count.
51103,Lancaster County,51,Virginia,3.9972222222222222,4.0,2.0,7.0,6.166649525180843,6.17093489663684,3.08546744831842,10.799136069114471,1.0,suppressed_1_9,suppressed_1_9,nonmetro_nonadjacent,Q3,Constrained Bayesian posterior estimate; not an observed or recovered true suppressed count.
51105,Lee County,51,Virginia,7.741666666666666,8.0,5.0,9.0,5.770860199824574,5.963429270001714,3.7271432937510713,6.708857928751929,1.0,suppressed_1_9,suppressed_1_9,nonmetro_adjacent,Q4_highest,Constrained Bayesian posterior estimate; not an observed or recovered true suppressed count.
51107,Loudoun County,51,Virginia,35.0,35.0,35.0,35.0,1.358840187193824,1.358840187193824,1.358840187193824,1.358840187193824,0.0,exact,exact,metro_large,Q1_lowest,Constrained Bayesian posterior estimate; not an observed or recovered true suppressed count.
51109,Louisa County,51,Virginia,4.386111111111111,4.0,2.0,7.0,1.8441978661964955,1.6818523922247963,0.8409261961123982,2.9432416863933937,0.12222222222222222,suppressed_1_9,suppressed_1_9,nonmetro_adjacent,Q2,Constrained Bayesian posterior estimate; not an observed or recovered true suppressed count.
51111,Lunenburg County,51,Virginia,0.0,0.0,0.0,0.0,0.0,0.0,0.0,0.0,0.0,zero,zero,nonmetro_nonadjacent,Q4_highest,Constrained Bayesian posterior estimate; not an observed or recovered true suppressed count.
51113,Madison County,51,Virginia,4.027777777777778,4.0,3.0,7.0,4.858891100522079,4.825381506725376,3.6190361300440315,8.444417636769407,1.0,suppressed_1_9,suppressed_1_9,nonmetro_adjacent,Q1_lowest,Constrained Bayesian posterior estimate; not an observed or recovered true suppressed count.
51115,Mathews County,51,Virginia,3.388888888888889,3.0,3.0,6.0,6.548324487727796,5.79687741536559,5.79687741536559,11.59375483073118,1.0,suppressed_1_9,suppressed_1_9,metro_large,Q1_lowest,Constrained Bayesian posterior estimate; not an observed or recovered true suppressed count.
51117,Mecklenburg County,51,Virginia,6.330555555555556,6.0,4.0,9.0,3.45000684248834,3.269861684850731,2.1799077899004873,4.904792527276096,0.6944444444444444,suppressed_1_9,suppressed_1_9,nonmetro_nonadjacent,Q3,Constrained Bayesian posterior estimate; not an observed or recovered true suppressed count.
51119,Middlesex County,51,Virginia,5.425,5.0,4.0,9.0,8.378637177982332,7.722246246988324,6.177796997590659,13.900043244578983,1.0,suppressed_1_9,suppressed_1_9,nonmetro_adjacent,Q2,Constrained Bayesian posterior estimate; not an observed or recovered true suppressed count.
51121,Montgomery County,51,Virginia,7.972222222222222,8.0,5.0,9.0,1.34670920578505,1.3514015723557293,0.8446259827223308,1.5203267689001956,0.0,suppressed_1_9,suppressed_1_9,metro_other,Q2,Constrained Bayesian posterior estimate; not an observed or recovered true suppressed count.
51125,Nelson County,51,Virginia,3.8361111111111112,4.0,3.0,6.0,4.329794251688652,4.514774599878101,3.3860809499085756,6.772161899817151,1.0,suppressed_1_9,suppressed_1_9,metro_other,Q2,Constrained Bayesian posterior estimate; not an observed or recovered true suppressed count.
51127,New Kent County,51,Virginia,4.175,4.0,3.0,7.0,2.8025024500919624,2.6850322875132573,2.013774215634943,4.6988065031482,0.2611111111111111,suppressed_1_9,suppressed_1_9,metro_large,Q1_lowest,Constrained Bayesian posterior estimate; not an observed or recovered true suppressed count.
51131,Northampton County,51,Virginia,6.269444444444445,6.0,4.0,9.0,8.781595456759689,8.404185284271566,5.602790189514378,12.606277926407351,1.0,suppressed_1_9,suppressed_1_9,nonmetro_adjacent,Q4_highest,Constrained Bayesian posterior estimate; not an observed or recovered true suppressed count.
51133,Northumberland County,51,Virginia,4.780555555555556,4.0,3.0,9.0,6.523416830036374,5.458291827572562,4.093718870679421,12.281156612038263,1.0,suppressed_1_9,suppressed_1_9,nonmetro_nonadjacent,Q1_lowest,Constrained Bayesian posterior estimate; not an observed or recovered true suppressed count.
51135,Nottoway County,51,Virginia,6.8805555555555555,7.0,5.0,9.0,7.418948659797025,7.547739452034116,5.391242465738654,9.704236438329577,1.0,suppressed_1_9,suppressed_1_9,nonmetro_adjacent,Q4_highest,Constrained Bayesian posterior estimate; not an observed or recovered true suppressed count.
51137,Orange County,51,Virginia,11.0,11.0,11.0,11.0,4.835483658263181,4.835483658263182,4.835483658263182,4.835483658263182,1.0,exact,exact,nonmetro_adjacent,Q2,Constrained Bayesian posterior estimate; not an observed or recovered true suppressed count.
51139,Page County,51,Virginia,7.127777777777778,7.0,5.0,9.0,4.990776981898612,4.901308649409392,3.5009347495781373,6.301682549240646,1.0,suppressed_1_9,suppressed_1_9,nonmetro_adjacent,Q2,Constrained Bayesian posterior estimate; not an observed or recovered true suppressed count.
51141,Patrick County,51,Virginia,5.786111111111111,5.0,4.0,9.0,5.502040747326638,4.754523929518937,3.80361914361515,8.558143073134087,1.0,suppressed_1_9,suppressed_1_9,nonmetro_adjacent,Q2,Constrained Bayesian posterior estimate; not an observed or recovered true suppressed count.
51143,Pittsylvania County,51,Virginia,22.0,22.0,22.0,22.0,6.126273638366066,6.126273638366067,6.126273638366067,6.126273638366067,1.0,exact,exact,nonmetro_adjacent,Q3,Constrained Bayesian posterior estimate; not an observed or recovered true suppressed count.
51145,Powhatan County,51,Virginia,6.638888888888889,7.0,4.0,9.0,3.551689415311675,3.7448775425043603,2.139930024288206,4.814842554648463,0.7444444444444445,suppressed_1_9,suppressed_1_9,metro_large,Q1_lowest,Constrained Bayesian posterior estimate; not an observed or recovered true suppressed count.
51147,Prince Edward County,51,Virginia,6.25,6.0,4.0,9.0,4.664457579556989,4.477879276374709,2.985252850916473,6.716818914562064,1.0,suppressed_1_9,suppressed_1_9,nonmetro_adjacent,Q3,Constrained Bayesian posterior estimate; not an observed or recovered true suppressed count.
51149,Prince George County,51,Virginia,1.5916666666666666,1.0,1.0,4.0,0.6379093140103589,0.4007807208442045,0.4007807208442045,1.603122883376818,0.0,suppressed_1_9,suppressed_1_9,metro_large,Q2,Constrained Bayesian posterior estimate; not an observed or recovered true suppressed count.
51153,Prince William County,51,Virginia,52.0,52.0,52.0,52.0,1.7906792390715194,1.7906792390715192,1.7906792390715192,1.7906792390715192,0.0,exact,exact,metro_large,Q2,Constrained Bayesian posterior estimate; not an observed or recovered true suppressed count.
51155,Pulaski County,51,Virginia,7.0055555555555555,7.0,4.0,9.0,3.4567852500261793,3.454043945307681,1.973739397318675,4.440913643967019,0.7777777777777778,suppressed_1_9,suppressed_1_9,metro_other,Q1_lowest,Constrained Bayesian posterior estimate; not an observed or recovered true suppressed count.
51157,Rappahannock County,51,Virginia,2.4555555555555557,2.0,2.0,4.0,5.526547433281318,4.501260352898812,4.501260352898812,9.002520705797624,1.0,suppressed_1_9,suppressed_1_9,metro_large,Q1_lowest,Constrained Bayesian posterior estimate; not an observed or recovered true suppressed count.
51159,Richmond County,51,Virginia,1.5138888888888888,1.0,1.0,5.0,2.7731981844456657,1.8318373328448434,1.8318373328448434,9.159186664224217,0.25833333333333336,suppressed_1_9,suppressed_1_9,nonmetro_nonadjacent,Q3,Constrained Bayesian posterior estimate; not an observed or recovered true suppressed count.
51161,Roanoke County,51,Virginia,21.0,21.0,21.0,21.0,3.642304850509404,3.6423048505094027,3.6423048505094027,3.6423048505094027,1.0,exact,exact,metro_other,Q1_lowest,Constrained Bayesian posterior estimate; not an observed or recovered true suppressed count.
51163,Rockbridge County,51,Virginia,4.836111111111111,5.0,3.0,8.0,3.5746257011686833,3.695764653706852,2.2174587922241114,5.913223445930963,0.9361111111111111,suppressed_1_9,suppressed_1_9,nonmetro_adjacent,Q1_lowest,Constrained Bayesian posterior estimate; not an observed or recovered true suppressed count.
51165,Rockingham County,51,Virginia,8.511111111111111,9.0,7.0,9.0,1.6743378004928149,1.770513862139922,1.3770663372199392,1.770513862139922,0.0,suppressed_1_9,suppressed_1_9,metro_other,Q2,Constrained Bayesian posterior estimate; not an observed or recovered true suppressed count.
51167,Russell County,51,Virginia,5.4527777777777775,5.0,3.0,9.0,3.5150184220629273,3.2231447578773653,1.9338868547264194,5.801660564179259,0.6027777777777777,suppressed_1_9,suppressed_1_9,nonmetro_adjacent,Q2,Constrained Bayesian posterior estimate; not an observed or recovered true suppressed count.
51169,Scott County,51,Virginia,5.638888888888889,5.0,4.0,8.0,4.374249589941036,3.878644956597963,3.10291596527837,6.20583193055674,1.0,suppressed_1_9,suppressed_1_9,metro_other,Q2,Constrained Bayesian posterior estimate; not an observed or recovered true suppressed count.
51171,Shenandoah County,51,Virginia,6.277777777777778,6.0,4.0,9.0,2.3432413040863644,2.2395580605427194,1.4930387070284796,3.359337090814079,0.2111111111111111,suppressed_1_9,suppressed_1_9,nonmetro_adjacent,Q2,Constrained Bayesian posterior estimate; not an observed or recovered true suppressed count.
51173,Smyth County,51,Virginia,7.591666666666667,8.0,5.0,9.0,4.27764598934298,4.507727936080418,2.8173299600502615,5.07119392809047,0.9388888888888889,suppressed_1_9,suppressed_1_9,nonmetro_nonadjacent,Q3,Constrained Bayesian posterior estimate; not an observed or recovered true suppressed count.
51175,Southampton County,51,Virginia,4.647222222222222,4.0,3.0,7.0,4.338292419060896,3.734095088731435,2.800571316548576,6.53466640528001,0.7638888888888888,suppressed_1_9,suppressed_1_9,nonmetro_adjacent,Q2,Constrained Bayesian posterior estimate; not an observed or recovered true suppressed count.
51177,Spotsylvania County,51,Virginia,20.0,20.0,20.0,20.0,2.3077713044792683,2.3077713044792687,2.3077713044792687,2.3077713044792687,0.0,exact,exact,metro_large,Q2,Constrained Bayesian posterior estimate; not an observed or recovered true suppressed count.
51179,Stafford County,51,Virginia,15.0,15.0,15.0,15.0,1.5492122771974548,1.5492122771974544,1.5492122771974544,1.5492122771974544,0.0,exact,exact,metro_large,Q1_lowest,Constrained Bayesian posterior estimate; not an observed or recovered true suppressed count.
51181,Surry County,51,Virginia,0.0,0.0,0.0,0.0,0.0,0.0,0.0,0.0,0.0,zero,zero,metro_large,Q2,Constrained Bayesian posterior estimate; not an observed or recovered true suppressed count.
51183,Sussex County,51,Virginia,2.2777777777777777,2.0,2.0,4.0,3.5022798987926533,3.075172594061842,3.075172594061842,6.150345188123684,1.0,suppressed_1_9,suppressed_1_9,metro_large,Q3,Constrained Bayesian posterior estimate; not an observed or recovered true suppressed count.
51185,Tazewell County,51,Virginia,20.0,20.0,20.0,20.0,8.372930316287441,8.372930316287443,8.372930316287443,8.372930316287443,1.0,exact,exact,nonmetro_nonadjacent,Q3,Constrained Bayesian posterior estimate; not an observed or recovered true suppressed count.
51187,Warren County,51,Virginia,5.641666666666667,5.0,4.0,9.0,2.281230961661841,2.0217704239248224,1.6174163391398582,3.6391867630646804,0.1638888888888889,suppressed_1_9,suppressed_1_9,metro_large,Q2,Constrained Bayesian posterior estimate; not an observed or recovered true suppressed count.
51191,Washington County,51,Virginia,14.0,14.0,14.0,14.0,4.332004851845434,4.332004851845435,4.332004851845435,4.332004851845435,1.0,exact,exact,metro_other,Q2,Constrained Bayesian posterior estimate; not an observed or recovered true suppressed count.
51193,Westmoreland County,51,Virginia,1.4861111111111112,1.0,1.0,3.0249999999999773,1.3286049895946637,0.8940145724375308,0.8940145724375308,2.70439408162351,0.025,suppressed_1_9,suppressed_1_9,nonmetro_adjacent,Q4_highest,Constrained Bayesian posterior estimate; not an observed or recovered true suppressed count.
51195,Wise County,51,Virginia,13.0,13.0,13.0,13.0,6.0239847268818005,6.0239847268818005,6.0239847268818005,6.0239847268818005,1.0,exact,exact,nonmetro_nonadjacent,Q4_highest,Constrained Bayesian posterior estimate; not an observed or recovered true suppressed count.
51197,Wythe County,51,Virginia,10.0,10.0,10.0,10.0,5.889385560404484,5.889385560404483,5.889385560404483,5.889385560404483,1.0,exact,exact,nonmetro_adjacent,Q2,Constrained Bayesian posterior estimate; not an observed or recovered true suppressed count.
51199,York County,51,Virginia,7.966666666666667,8.0,6.0,9.0,1.8874018689227046,1.8952989478721716,1.4214742109041287,2.132211316356193,0.0,suppressed_1_9,suppressed_1_9,metro_large,Q1_lowest,Constrained Bayesian posterior estimate; not an observed or recovered true suppressed count.
51510,Alexandria City,51,Virginia,10.0,10.0,10.0,10.0,1.0607637286693676,1.0607637286693674,1.0607637286693674,1.0607637286693674,0.0,exact,exact,metro_large,Q2,Constrained Bayesian posterior estimate; not an observed or recovered true suppressed count.
51520,Bristol City,51,Virginia,5.991666666666666,6.0,4.0,8.0,5.918104626163454,5.926335647896645,3.9508904319310965,7.901780863862193,1.0,suppressed_1_9,suppressed_1_9,metro_other,Q4_highest,Constrained Bayesian posterior estimate; not an observed or recovered true suppressed count.
51530,Buena Vista City,51,Virginia,2.713888888888889,2.0,2.0,6.0,6.919831940867662,5.099569086412198,5.099569086412198,15.298707259236595,1.0,suppressed_1_9,suppressed_1_9,nonmetro_adjacent,Q2,Constrained Bayesian posterior estimate; not an observed or recovered true suppressed count.
51540,Charlottesville City,51,Virginia,7.45,8.0,5.0,9.0,2.7089825497889173,2.908974550108905,1.8181090938180655,3.2725963688725175,0.31666666666666665,suppressed_1_9,suppressed_1_9,metro_other,Q3,Constrained Bayesian posterior estimate; not an observed or recovered true suppressed count.
51550,Chesapeake City,51,Virginia,42.0,42.0,42.0,42.0,2.7916511021039736,2.791651102103974,2.791651102103974,2.791651102103974,0.0,exact,exact,metro_large,Q2,Constrained Bayesian posterior estimate; not an observed or recovered true suppressed count.
51570,Colonial Heights City,51,Virginia,1.325,1.0,1.0,2.0249999999999773,1.2244822519383785,0.9241375486327384,0.9241375486327384,1.8713785359812745,0.0,suppressed_1_9,suppressed_1_9,metro_large,Q3,Constrained Bayesian posterior estimate; not an observed or recovered true suppressed count.
51580,Covington City,51,Virginia,0.0,0.0,0.0,0.0,0.0,0.0,0.0,0.0,0.0,zero,zero,nonmetro_adjacent,Q2,Constrained Bayesian posterior estimate; not an observed or recovered true suppressed count.
51590,Danville City,51,Virginia,33.0,33.0,33.0,33.0,13.296425679024285,13.296425679024283,13.296425679024283,13.296425679024283,1.0,exact,exact,nonmetro_adjacent,Q4_highest,Constrained Bayesian posterior estimate; not an observed or recovered true suppressed count.
51595,Emporia City,51,Virginia,4.738888888888889,5.0,4.0,6.0,14.529338020875917,15.329899435859701,12.26391954868776,18.39587932303164,1.0,suppressed_1_9,suppressed_1_9,nonmetro_adjacent,Q4_highest,Constrained Bayesian posterior estimate; not an observed or recovered true suppressed count.
51600,Fairfax City,51,Virginia,1.2666666666666666,1.0,1.0,3.0,0.8556072672579361,0.6754794215194234,0.6754794215194234,2.02643826455827,0.0,suppressed_1_9,suppressed_1_9,metro_large,Q2,Constrained Bayesian posterior estimate; not an observed or recovered true suppressed count.
51610,Falls Church City,51,Virginia,0.0,0.0,0.0,0.0,0.0,0.0,0.0,0.0,0.0,zero,zero,metro_large,Q1_lowest,Constrained Bayesian posterior estimate; not an observed or recovered true suppressed count.
51620,Franklin City,51,Virginia,2.3833333333333333,1.0,1.0,8.0,4.866329086355221,2.0418163998693237,2.0418163998693237,16.33453119895459,0.4305555555555556,suppressed_1_9,suppressed_1_9,nonmetro_adjacent,Q4_highest,Constrained Bayesian posterior estimate; not an observed or recovered true suppressed count.
51630,Fredericksburg City,51,Virginia,1.4388888888888889,1.0,1.0,3.0,0.8242380730523157,0.5728295488394473,0.5728295488394473,1.718488646518342,0.0,suppressed_1_9,suppressed_1_9,metro_large,Q4_highest,Constrained Bayesian posterior estimate; not an observed or recovered true suppressed count.
51640,Galax City,51,Virginia,5.483333333333333,5.0,4.0,8.0,13.88572345041235,12.66175390615108,10.129403124920863,20.258806249841726,1.0,suppressed_1_9,suppressed_1_9,nonmetro_adjacent,Q4_highest,Constrained Bayesian posterior estimate; not an observed or recovered true suppressed count.
51650,Hampton City,51,Virginia,21.0,21.0,21.0,21.0,2.559567847440006,2.5595678474400057,2.5595678474400057,2.5595678474400057,0.0,exact,exact,metro_large,Q3,Constrained Bayesian posterior estimate; not an observed or recovered true suppressed count.
51660,Harrisonburg City,51,Virginia,13.0,13.0,13.0,13.0,4.1793386357352755,4.179338635735275,4.179338635735275,4.179338635735275,1.0,exact,exact,metro_other,Q4_highest,Constrained Bayesian posterior estimate; not an observed or recovered true suppressed count.
51670,Hopewell City,51,Virginia,4.8805555555555555,4.0,3.0,8.0,3.5695362731522122,2.925516353636417,2.1941372652273126,5.851032707272834,0.46944444444444444,suppressed_1_9,suppressed_1_9,metro_large,Q4_highest,Constrained Bayesian posterior estimate; not an observed or recovered true suppressed count.
51678,Lexington City,51,Virginia,1.475,1.0,1.0,5.024999999999977,3.2801103006582455,2.223803593666607,2.223803593666607,11.174613058174653,0.20833333333333334,suppressed_1_9,suppressed_1_9,nonmetro_adjacent,Q1_lowest,Constrained Bayesian posterior estimate; not an observed or recovered true suppressed count.
51680,Lynchburg City,51,Virginia,17.0,17.0,17.0,17.0,3.527988361788981,3.5279883617889807,3.5279883617889807,3.5279883617889807,1.0,exact,exact,metro_other,Q3,Constrained Bayesian posterior estimate; not an observed or recovered true suppressed count.
51683,Manassas City,51,Virginia,7.111111111111111,7.0,5.0,9.0,2.803888994034726,2.7600782285029335,1.9714844489306669,3.5486720080752003,0.37777777777777777,suppressed_1_9,suppressed_1_9,metro_large,Q2,Constrained Bayesian posterior estimate; not an observed or recovered true suppressed count.
51685,Manassas Park City,51,Virginia,0.0,0.0,0.0,0.0,0.0,0.0,0.0,0.0,0.0,zero,zero,metro_large,Q3,Constrained Bayesian posterior estimate; not an observed or recovered true suppressed count.
51690,Martinsville City,51,Virginia,4.402777777777778,4.0,3.0,8.0,5.520862940484749,5.015799769273211,3.761849826954908,10.031599538546422,1.0,suppressed_1_9,suppressed_1_9,nonmetro_adjacent,Q4_highest,Constrained Bayesian posterior estimate; not an observed or recovered true suppressed count.
51700,Newport News City,51,Virginia,31.0,31.0,31.0,31.0,2.8353122593414395,2.835312259341439,2.835312259341439,2.835312259341439,0.0,exact,exact,metro_large,Q4_highest,Constrained Bayesian posterior estimate; not an observed or recovered true suppressed count.
51710,Norfolk City,51,Virginia,48.0,48.0,48.0,48.0,3.3906350659478526,3.390635065947852,3.390635065947852,3.390635065947852,1.0,exact,exact,metro_large,Q4_highest,Constrained Bayesian posterior estimate; not an observed or recovered true suppressed count.
51720,Norton City,51,Virginia,1.4277777777777778,1.0,1.0,7.0,6.428246264363503,4.502273648192337,4.502273648192337,31.51591553734636,1.0,suppressed_1_9,suppressed_1_9,nonmetro_nonadjacent,Q4_highest,Constrained Bayesian posterior estimate; not an observed or recovered true suppressed count.
51730,Petersburg City,51,Virginia,20.0,20.0,20.0,20.0,10.205018828259739,10.205018828259739,10.205018828259739,10.205018828259739,1.0,exact,exact,metro_large,Q4_highest,Constrained Bayesian posterior estimate; not an observed or recovered true suppressed count.
51735,Poquoson City,51,Virginia,1.3916666666666666,1.0,1.0,3.0,1.8512852575614471,1.3302648557327763,1.3302648557327763,3.990794567198329,0.058333333333333334,suppressed_1_9,suppressed_1_9,metro_large,Q1_lowest,Constrained Bayesian posterior estimate; not an observed or recovered true suppressed count.
51740,Portsmouth City,51,Virginia,26.0,26.0,26.0,26.0,4.50110450179698,4.50110450179698,4.50110450179698,4.50110450179698,1.0,exact,exact,metro_large,Q4_highest,Constrained Bayesian posterior estimate; not an observed or recovered true suppressed count.
51750,Radford City,51,Virginia,0.0,0.0,0.0,0.0,0.0,0.0,0.0,0.0,0.0,zero,zero,metro_other,Q2,Constrained Bayesian posterior estimate; not an observed or recovered true suppressed count.
51760,Richmond City,51,Virginia,52.0,52.0,52.0,52.0,3.7638529694266576,3.7638529694266567,3.7638529694266567,3.7638529694266567,1.0,exact,exact,metro_large,Q4_highest,Constrained Bayesian posterior estimate; not an observed or recovered true suppressed count.
51770,Roanoke City,51,Virginia,39.0,39.0,39.0,39.0,6.610214306537671,6.610214306537671,6.610214306537671,6.610214306537671,1.0,exact,exact,metro_other,Q4_highest,Constrained Bayesian posterior estimate; not an observed or recovered true suppressed count.
51775,Salem City,51,Virginia,5.633333333333334,6.0,4.0,8.0,3.6808346129134133,3.9204155640497893,2.613610376033193,5.227220752066386,0.8138888888888889,suppressed_1_9,suppressed_1_9,metro_other,Q2,Constrained Bayesian posterior estimate; not an observed or recovered true suppressed count.
51790,Staunton City,51,Virginia,3.075,3.0,2.0,6.0,1.9972331014594416,1.9485200989848208,1.299013399323214,3.8970401979696416,0.08333333333333333,suppressed_1_9,suppressed_1_9,metro_other,Q3,Constrained Bayesian posterior estimate; not an observed or recovered true suppressed count.
51800,Suffolk City,51,Virginia,19.0,19.0,19.0,19.0,3.2505525939409705,3.25055259394097,3.25055259394097,3.25055259394097,1.0,exact,exact,metro_large,Q2,Constrained Bayesian posterior estimate; not an observed or recovered true suppressed count.
51810,Virginia Beach City,51,Virginia,42.0,42.0,42.0,42.0,1.5424436420473069,1.5424436420473073,1.5424436420473073,1.5424436420473073,0.0,exact,exact,metro_large,Q2,Constrained Bayesian posterior estimate; not an observed or recovered true suppressed count.
51820,Waynesboro City,51,Virginia,7.375,7.0,5.0,9.0,5.367188466548771,5.094280578419172,3.6387718417279795,6.549789315110364,1.0,suppressed_1_9,suppressed_1_9,metro_other,Q4_highest,Constrained Bayesian posterior estimate; not an observed or recovered true suppressed count.
51830,Williamsburg City,51,Virginia,2.6333333333333333,2.0,2.0,6.0,2.8137209857283803,2.1370032803000356,2.1370032803000356,6.411009840900106,0.38333333333333336,suppressed_1_9,suppressed_1_9,metro_large,Q2,Constrained Bayesian posterior estimate; not an observed or recovered true suppressed count.
51840,Winchester City,51,Virginia,5.769444444444445,6.0,4.0,8.0,3.44924249519896,3.58707934021654,2.3913862268110266,4.782772453622053,0.8805555555555555,suppressed_1_9,suppressed_1_9,metro_other,Q4_highest,Constrained Bayesian posterior estimate; not an observed or recovered true suppressed count.
53001,Adams County,53,Washington,4.575,4.0,3.0,8.0,3.7059238078265877,3.240151963127071,2.430113972345303,6.480303926254142,0.7,suppressed_1_9,suppressed_1_9,nonmetro_adjacent,Q4_highest,Constrained Bayesian posterior estimate; not an observed or recovered true suppressed count.
53003,Asotin County,53,Washington,4.2027777777777775,4.0,3.0,7.0,3.1044532592039955,2.954668006116163,2.216001004587122,5.170669010703285,0.5972222222222222,suppressed_1_9,suppressed_1_9,metro_other,Q2,Constrained Bayesian posterior estimate; not an observed or recovered true suppressed count.
53005,Benton County,53,Washington,37.0,37.0,37.0,37.0,2.920189638693618,2.9201896386936177,2.9201896386936177,2.9201896386936177,0.0,exact,exact,metro_other,Q3,Constrained Bayesian posterior estimate; not an observed or recovered true suppressed count.
53007,Chelan County,53,Washington,14.0,14.0,14.0,14.0,2.943829627963017,2.943829627963017,2.943829627963017,2.943829627963017,1.0,exact,exact,metro_other,Q4_highest,Constrained Bayesian posterior estimate; not an observed or recovered true suppressed count.
53009,Clallam County,53,Washington,21.0,21.0,21.0,21.0,4.49692281995606,4.496922819956059,4.496922819956059,4.496922819956059,1.0,exact,exact,nonmetro_nonadjacent,Q3,Constrained Bayesian posterior estimate; not an observed or recovered true suppressed count.
53011,Clark County,53,Washington,113.0,113.0,113.0,113.0,3.69075039161148,3.690750391611479,3.690750391611479,3.690750391611479,1.0,exact,exact,metro_large,Q2,Constrained Bayesian posterior estimate; not an observed or recovered true suppressed count.
53013,Columbia County,53,Washington,1.1583333333333334,1.0,1.0,2.0,4.790658560458801,4.135820339964432,4.135820339964432,8.271640679928865,1.0,suppressed_1_9,suppressed_1_9,nonmetro_adjacent,Q2,Constrained Bayesian posterior estimate; not an observed or recovered true suppressed count.
53015,Cowlitz County,53,Washington,34.0,34.0,34.0,34.0,5.0573413259159,5.0573413259159,5.0573413259159,5.0573413259159,1.0,exact,exact,metro_other,Q3,Constrained Bayesian posterior estimate; not an observed or recovered true suppressed count.
53017,Douglas County,53,Washington,15.0,15.0,15.0,15.0,5.650355972426262,5.650355972426263,5.650355972426263,5.650355972426263,1.0,exact,exact,metro_other,Q4_highest,Constrained Bayesian posterior estimate; not an observed or recovered true suppressed count.
53019,Ferry County,53,Washington,2.327777777777778,2.0,2.0,3.0,5.155996583998444,4.4299731986621484,4.4299731986621484,6.644959797993223,1.0,suppressed_1_9,suppressed_1_9,nonmetro_adjacent,Q3,Constrained Bayesian posterior estimate; not an observed or recovered true suppressed count.
53021,Franklin County,53,Washington,16.0,16.0,16.0,16.0,2.714095485271791,2.714095485271791,2.714095485271791,2.714095485271791,0.0,exact,exact,metro_other,Q4_highest,Constrained Bayesian posterior estimate; not an observed or recovered true suppressed count.
53023,Garfield County,53,Washington,1.0555555555555556,1.0,1.0,2.0,7.544532596351625,7.1474519333857485,7.1474519333857485,14.294903866771497,1.0,suppressed_1_9,suppressed_1_9,nonmetro_adjacent,Q1_lowest,Constrained Bayesian posterior estimate; not an observed or recovered true suppressed count.
53025,Grant County,53,Washington,26.0,26.0,26.0,26.0,4.289629161558984,4.289629161558984,4.289629161558984,4.289629161558984,1.0,exact,exact,nonmetro_nonadjacent,Q4_highest,Constrained Bayesian posterior estimate; not an observed or recovered true suppressed count.
53027,Grays Harbor County,53,Washington,15.0,15.0,15.0,15.0,3.260352161504805,3.260352161504805,3.260352161504805,3.260352161504805,1.0,exact,exact,nonmetro_adjacent,Q4_highest,Constrained Bayesian posterior estimate; not an observed or recovered true suppressed count.
53029,Island County,53,Washington,17.0,17.0,17.0,17.0,3.2821257363062957,3.282125736306296,3.282125736306296,3.282125736306296,1.0,exact,exact,nonmetro_adjacent,Q2,Constrained Bayesian posterior estimate; not an observed or recovered true suppressed count.
53031,Jefferson County,53,Washington,6.325,6.0,4.0,9.0,3.1660935161408195,3.0034088690663903,2.0022725793775935,4.505113303599585,0.6527777777777778,suppressed_1_9,suppressed_1_9,nonmetro_adjacent,Q2,Constrained Bayesian posterior estimate; not an observed or recovered true suppressed count.
53033,King County,53,Washington,323.0,323.0,323.0,323.0,2.364952083727797,2.364952083727797,2.364952083727797,2.364952083727797,0.0,exact,exact,metro_large,Q2,Constrained Bayesian posterior estimate; not an observed or recovered true suppressed count.
53035,Kitsap County,53,Washington,48.0,48.0,48.0,48.0,2.8997326808934796,2.89973268089348,2.89973268089348,2.89973268089348,0.0,exact,exact,metro_other,Q2,Constrained Bayesian posterior estimate; not an observed or recovered true suppressed count.
53037,Kittitas County,53,Washington,6.6722222222222225,7.0,4.0,9.0,2.3701798613257297,2.4866166738304907,1.4209238136174234,3.1970785806392024,0.125,suppressed_1_9,suppressed_1_9,nonmetro_adjacent,Q2,Constrained Bayesian posterior estimate; not an observed or recovered true suppressed count.
53039,Klickitat County,53,Washington,2.6972222222222224,2.0,2.0,5.0,1.9373256207422733,1.4365339309314484,1.4365339309314484,3.5913348273286214,0.03611111111111111,suppressed_1_9,suppressed_1_9,nonmetro_nonadjacent,Q3,Constrained Bayesian posterior estimate; not an observed or recovered true suppressed count.
53041,Lewis County,53,Washington,24.0,24.0,24.0,24.0,4.745080438999025,4.745080438999025,4.745080438999025,4.745080438999025,1.0,exact,exact,nonmetro_adjacent,Q3,Constrained Bayesian posterior estimate; not an observed or recovered true suppressed count.
53043,Lincoln County,53,Washington,2.5527777777777776,2.0,2.0,5.0,3.7287513916884962,2.9213286202564928,2.9213286202564928,7.303321550641232,0.36666666666666664,suppressed_1_9,suppressed_1_9,nonmetro_adjacent,Q1_lowest,Constrained Bayesian posterior estimate; not an observed or recovered true suppressed count.
53045,Mason County,53,Washington,21.0,21.0,21.0,21.0,5.137061698557219,5.137061698557219,5.137061698557219,5.137061698557219,1.0,exact,exact,nonmetro_adjacent,Q3,Constrained Bayesian posterior estimate; not an observed or recovered true suppressed count.
53047,Okanogan County,53,Washington,17.0,17.0,17.0,17.0,6.556668903647823,6.5566689036478225,6.5566689036478225,6.5566689036478225,1.0,exact,exact,nonmetro_adjacent,Q4_highest,Constrained Bayesian posterior estimate; not an observed or recovered true suppressed count.
53049,Pacific County,53,Washington,6.719444444444444,7.0,5.0,9.0,4.733303121592864,4.930931734772226,3.522094096265876,6.3397693732785765,1.0,suppressed_1_9,suppressed_1_9,nonmetro_nonadjacent,Q3,Constrained Bayesian posterior estimate; not an observed or recovered true suppressed count.
53051,Pend Oreille County,53,Washington,4.4527777777777775,4.0,4.0,6.0,5.261713631481789,4.726679743813958,4.726679743813958,7.090019615720937,1.0,suppressed_1_9,suppressed_1_9,nonmetro_adjacent,Q2,Constrained Bayesian posterior estimate; not an observed or recovered true suppressed count.
53053,Pierce County,53,Washington,180.0,180.0,180.0,180.0,3.248028086059752,3.2480280860597524,3.2480280860597524,3.2480280860597524,1.0,exact,exact,metro_large,Q3,Constrained Bayesian posterior estimate; not an observed or recovered true suppressed count.
53055,San Juan County,53,Washington,2.4,2.0,2.0,5.0,2.191240516037142,1.8260337633642847,1.8260337633642847,4.565084408410711,0.10277777777777777,suppressed_1_9,suppressed_1_9,nonmetro_nonadjacent,Q1_lowest,Constrained Bayesian posterior estimate; not an observed or recovered true suppressed count.
53057,Skagit County,53,Washington,14.0,14.0,14.0,14.0,1.7811206302113685,1.781120630211368,1.781120630211368,1.781120630211368,0.0,exact,exact,metro_other,Q3,Constrained Bayesian posterior estimate; not an observed or recovered true suppressed count.
53059,Skamania County,53,Washington,2.3555555555555556,2.0,2.0,4.0,3.1780296216345865,2.698327037236913,2.698327037236913,5.396654074473826,0.30277777777777776,suppressed_1_9,suppressed_1_9,metro_large,Q1_lowest,Constrained Bayesian posterior estimate; not an observed or recovered true suppressed count.
53061,Snohomish County,53,Washington,124.0,124.0,124.0,124.0,2.4627758383418055,2.4627758383418055,2.4627758383418055,2.4627758383418055,0.0,exact,exact,metro_large,Q2,Constrained Bayesian posterior estimate; not an observed or recovered true suppressed count.
53063,Spokane County,53,Washington,142.0,142.0,142.0,142.0,4.363652007971347,4.363652007971347,4.363652007971347,4.363652007971347,1.0,exact,exact,metro_other,Q3,Constrained Bayesian posterior estimate; not an observed or recovered true suppressed count.
53065,Stevens County,53,Washington,11.0,11.0,11.0,11.0,3.8516754788332928,3.8516754788332923,3.8516754788332923,3.8516754788332923,1.0,exact,exact,metro_other,Q2,Constrained Bayesian posterior estimate; not an observed or recovered true suppressed count.
53067,Thurston County,53,Washington,62.0,62.0,62.0,62.0,3.4767784843488907,3.4767784843488894,3.4767784843488894,3.4767784843488894,1.0,exact,exact,metro_other,Q2,Constrained Bayesian posterior estimate; not an observed or recovered true suppressed count.
53069,Wahkiakum County,53,Washington,1.1305555555555555,1.0,1.0,2.0,4.063676918714481,3.594407102548435,3.594407102548435,7.18881420509687,1.0,suppressed_1_9,suppressed_1_9,nonmetro_adjacent,Q1_lowest,Constrained Bayesian posterior estimate; not an observed or recovered true suppressed count.
53071,Walla Walla County,53,Washington,12.0,12.0,12.0,12.0,3.2409658078107264,3.2409658078107273,3.2409658078107273,3.2409658078107273,1.0,exact,exact,metro_other,Q4_highest,Constrained Bayesian posterior estimate; not an observed or recovered true suppressed count.
53073,Whatcom County,53,Washington,38.0,38.0,38.0,38.0,2.7404294108653704,2.74042941086537,2.74042941086537,2.74042941086537,0.0,exact,exact,metro_other,Q3,Constrained Bayesian posterior estimate; not an observed or recovered true suppressed count.
53075,Whitman County,53,Washington,7.375,7.0,5.0,9.0,2.5299563989887037,2.401314548192668,1.7152246772804771,3.087404419104858,0.21666666666666667,suppressed_1_9,suppressed_1_9,nonmetro_adjacent,Q3,Constrained Bayesian posterior estimate; not an observed or recovered true suppressed count.
53077,Yakima County,53,Washington,46.0,46.0,46.0,46.0,3.004662452300983,3.0046624523009835,3.0046624523009835,3.0046624523009835,1.0,exact,exact,metro_other,Q4_highest,Constrained Bayesian posterior estimate; not an observed or recovered true suppressed count.
54001,Barbour County,54,West Virginia,1.5777777777777777,1.0,1.0,3.0,1.6693588016355012,1.0580443108957402,1.0580443108957402,3.174132932687221,0.125,suppressed_1_9,suppressed_1_9,nonmetro_nonadjacent,Q2,Constrained Bayesian posterior estimate; not an observed or recovered true suppressed count.
54003,Berkeley County,54,West Virginia,28.0,28.0,28.0,28.0,3.657348265763823,3.657348265763824,3.657348265763824,3.657348265763824,1.0,exact,exact,metro_other,Q2,Constrained Bayesian posterior estimate; not an observed or recovered true suppressed count.
54005,Boone County,54,West Virginia,5.636111111111111,5.0,4.0,8.0,4.477937385679075,3.9725417911396432,3.178033432911714,6.356066865823428,1.0,suppressed_1_9,suppressed_1_9,metro_other,Q2,Constrained Bayesian posterior estimate; not an observed or recovered true suppressed count.
54007,Braxton County,54,West Virginia,2.6944444444444446,2.0,2.0,5.0,3.531196850026793,2.621094569092053,2.621094569092053,6.552736422730132,0.4027777777777778,suppressed_1_9,suppressed_1_9,nonmetro_adjacent,Q3,Constrained Bayesian posterior estimate; not an observed or recovered true suppressed count.
54009,Brooke County,54,West Virginia,6.788888888888889,7.0,5.0,9.0,5.216444007321804,5.378657487091222,3.8418982050651582,6.915416769117286,1.0,suppressed_1_9,suppressed_1_9,metro_other,Q2,Constrained Bayesian posterior estimate; not an observed or recovered true suppressed count.
54011,Cabell County,54,West Virginia,18.0,18.0,18.0,18.0,3.2534843914086333,3.253484391408632,3.253484391408632,3.253484391408632,1.0,exact,exact,metro_other,Q3,Constrained Bayesian posterior estimate; not an observed or recovered true suppressed count.
54013,Calhoun County,54,West Virginia,2.225,2.0,2.0,3.0,5.8353002884867555,5.245213742460005,5.245213742460005,7.867820613690008,1.0,suppressed_1_9,suppressed_1_9,nonmetro_adjacent,Q2,Constrained Bayesian posterior estimate; not an observed or recovered true suppressed count.
54015,Clay County,54,West Virginia,0.0,0.0,0.0,0.0,0.0,0.0,0.0,0.0,0.0,zero,zero,metro_other,Q3,Constrained Bayesian posterior estimate; not an observed or recovered true suppressed count.
54017,Doddridge County,54,West Virginia,0.0,0.0,0.0,0.0,0.0,0.0,0.0,0.0,0.0,zero,zero,nonmetro_nonadjacent,Q2,Constrained Bayesian posterior estimate; not an observed or recovered true suppressed count.
54019,Fayette County,54,West Virginia,11.0,11.0,11.0,11.0,4.5538471728888785,4.553847172888878,4.553847172888878,4.553847172888878,1.0,exact,exact,metro_other,Q3,Constrained Bayesian posterior estimate; not an observed or recovered true suppressed count.
54021,Gilmer County,54,West Virginia,2.263888888888889,2.0,2.0,3.0,5.063948662123403,4.473672437704111,4.473672437704111,6.710508656556168,1.0,suppressed_1_9,suppressed_1_9,nonmetro_nonadjacent,Q2,Constrained Bayesian posterior estimate; not an observed or recovered true suppressed count.
54023,Grant County,54,West Virginia,0.0,0.0,0.0,0.0,0.0,0.0,0.0,0.0,0.0,zero,zero,nonmetro_nonadjacent,Q2,Constrained Bayesian posterior estimate; not an observed or recovered true suppressed count.
54025,Greenbrier County,54,West Virginia,7.1,7.0,5.0,9.0,3.585423989011433,3.534925059588737,2.524946471134812,4.544903648042662,0.8861111111111111,suppressed_1_9,suppressed_1_9,nonmetro_adjacent,Q2,Constrained Bayesian posterior estimate; not an observed or recovered true suppressed count.
54027,Hampshire County,54,West Virginia,5.536111111111111,5.0,4.0,9.0,3.93813433997817,3.5567695995788786,2.8454156796631027,6.402185279241982,0.6888888888888889,suppressed_1_9,suppressed_1_9,metro_other,Q2,Constrained Bayesian posterior estimate; not an observed or recovered true suppressed count.
54029,Hancock County,54,West Virginia,4.6722222222222225,4.0,3.0,8.0,2.7417857273263118,2.3473076381390547,1.7604807286042907,4.6946152762781095,0.49722222222222223,suppressed_1_9,suppressed_1_9,metro_other,Q2,Constrained Bayesian posterior estimate; not an observed or recovered true suppressed count.
54031,Hardy County,54,West Virginia,3.0527777777777776,3.0,2.0,6.0,3.619308069970216,3.5567358649388834,2.371157243292589,7.113471729877767,0.6527777777777778,suppressed_1_9,suppressed_1_9,nonmetro_adjacent,Q2,Constrained Bayesian posterior estimate; not an observed or recovered true suppressed count.
54033,Harrison County,54,West Virginia,12.0,12.0,12.0,12.0,3.0510284508403034,3.051028450840304,3.051028450840304,3.051028450840304,1.0,exact,exact,nonmetro_nonadjacent,Q2,Constrained Bayesian posterior estimate; not an observed or recovered true suppressed count.
54035,Jackson County,54,West Virginia,7.658333333333333,8.0,5.0,9.0,4.564128236607587,4.767750932691277,2.9798443329320476,5.3637197992776855,1.0,suppressed_1_9,suppressed_1_9,nonmetro_adjacent,Q2,Constrained Bayesian posterior estimate; not an observed or recovered true suppressed count.
54037,Jefferson County,54,West Virginia,10.0,10.0,10.0,10.0,2.832604409798545,2.832604409798545,2.832604409798545,2.832604409798545,0.0,exact,exact,metro_large,Q1_lowest,Constrained Bayesian posterior estimate; not an observed or recovered true suppressed count.
54039,Kanawha County,54,West Virginia,40.0,40.0,40.0,40.0,3.785889045056812,3.785889045056812,3.785889045056812,3.785889045056812,1.0,exact,exact,metro_other,Q3,Constrained Bayesian posterior estimate; not an observed or recovered true suppressed count.
54041,Lewis County,54,West Virginia,6.816666666666666,7.0,5.0,9.0,6.931169588264801,7.117582462276814,5.083987473054866,9.151177451498759,1.0,suppressed_1_9,suppressed_1_9,nonmetro_nonadjacent,Q3,Constrained Bayesian posterior estimate; not an observed or recovered true suppressed count.
54043,Lincoln County,54,West Virginia,7.338888888888889,7.0,5.0,9.0,6.1384016735857285,5.854947849143087,4.182105606530777,7.527790091755397,1.0,suppressed_1_9,suppressed_1_9,nonmetro_adjacent,Q2,Constrained Bayesian posterior estimate; not an observed or recovered true suppressed count.
54045,Logan County,54,West Virginia,11.0,11.0,11.0,11.0,5.841152512492101,5.841152512492101,5.841152512492101,5.841152512492101,1.0,exact,exact,nonmetro_adjacent,Q3,Constrained Bayesian posterior estimate; not an observed or recovered true suppressed count.
54047,McDowell County,54,West Virginia,4.4222222222222225,4.0,3.0,7.0,4.198086389867212,3.797264071236674,2.8479480534275052,6.645212124664179,0.7638888888888888,suppressed_1_9,suppressed_1_9,nonmetro_nonadjacent,Q4_highest,Constrained Bayesian posterior estimate; not an observed or recovered true suppressed count.
54049,Marion County,54,West Virginia,15.0,15.0,15.0,15.0,4.47169861943758,4.471698619437579,4.471698619437579,4.471698619437579,1.0,exact,exact,nonmetro_adjacent,Q2,Constrained Bayesian posterior estimate; not an observed or recovered true suppressed count.
54051,Marshall County,54,West Virginia,3.2305555555555556,3.0,2.0,6.0,1.8021619745372957,1.6735468035256054,1.1156978690170702,3.3470936070512107,0.08333333333333333,suppressed_1_9,suppressed_1_9,metro_other,Q1_lowest,Constrained Bayesian posterior estimate; not an observed or recovered true suppressed count.
54053,Mason County,54,West Virginia,6.158333333333333,6.0,4.0,9.0,4.037113032609384,3.933317163029441,2.622211442019627,5.899975744544162,0.8888888888888888,suppressed_1_9,suppressed_1_9,nonmetro_adjacent,Q2,Constrained Bayesian posterior estimate; not an observed or recovered true suppressed count.
54055,Mercer County,54,West Virginia,26.0,26.0,26.0,26.0,7.420218382734863,7.420218382734864,7.420218382734864,7.420218382734864,1.0,exact,exact,nonmetro_adjacent,Q3,Constrained Bayesian posterior estimate; not an observed or recovered true suppressed count.
54057,Mineral County,54,West Virginia,6.036111111111111,6.0,4.0,9.0,3.750371930580322,3.7279352830434864,2.4852901886956573,5.59190292456523,0.8194444444444444,suppressed_1_9,suppressed_1_9,nonmetro_nonadjacent,Q1_lowest,Constrained Bayesian posterior estimate; not an observed or recovered true suppressed count.
54059,Mingo County,54,West Virginia,6.6305555555555555,7.0,4.0,9.0,4.886618975558307,5.158893933140735,2.947939390366134,6.632863628323801,1.0,suppressed_1_9,suppressed_1_9,nonmetro_adjacent,Q3,Constrained Bayesian posterior estimate; not an observed or recovered true suppressed count.
54061,Monongalia County,54,West Virginia,12.0,12.0,12.0,12.0,1.8688619565115825,1.8688619565115823,1.8688619565115823,1.8688619565115823,0.0,exact,exact,metro_other,Q2,Constrained Bayesian posterior estimate; not an observed or recovered true suppressed count.
54063,Monroe County,54,West Virginia,3.691666666666667,4.0,3.0,5.0,4.858990558421959,5.264820469621986,3.948615352216489,6.581025587027482,1.0,suppressed_1_9,suppressed_1_9,nonmetro_adjacent,Q2,Constrained Bayesian posterior estimate; not an observed or recovered true suppressed count.
54065,Morgan County,54,West Virginia,4.358333333333333,4.0,3.0,7.0,4.117967566478011,3.779396619329724,2.834547464497293,6.613944083827017,0.7111111111111111,suppressed_1_9,suppressed_1_9,metro_other,Q1_lowest,Constrained Bayesian posterior estimate; not an observed or recovered true suppressed count.
54067,Nicholas County,54,West Virginia,6.075,6.0,4.0,9.0,4.17075732714528,4.119266495945955,2.7461776639639703,6.178899743918933,0.825,suppressed_1_9,suppressed_1_9,nonmetro_adjacent,Q2,Constrained Bayesian posterior estimate; not an observed or recovered true suppressed count.
54069,Ohio County,54,West Virginia,4.538888888888889,4.0,3.0,7.0,1.8294594473554573,1.6122531237404272,1.2091898428053205,2.8214429665457477,0.005555555555555556,suppressed_1_9,suppressed_1_9,metro_other,Q2,Constrained Bayesian posterior estimate; not an observed or recovered true suppressed count.
54071,Pendleton County,54,West Virginia,1.2694444444444444,1.0,1.0,3.0,3.3382713452137813,2.6297104688773767,2.6297104688773767,7.8891314066321305,0.24166666666666667,suppressed_1_9,suppressed_1_9,nonmetro_adjacent,Q2,Constrained Bayesian posterior estimate; not an observed or recovered true suppressed count.
54073,Pleasants County,54,West Virginia,4.769444444444445,5.0,4.0,7.0,10.629235908369424,11.14305453410889,8.914443627287111,15.600276347752445,1.0,suppressed_1_9,suppressed_1_9,nonmetro_adjacent,Q2,Constrained Bayesian posterior estimate; not an observed or recovered true suppressed count.
54075,Pocahontas County,54,West Virginia,1.05,1.0,1.0,2.0,2.2098284752183526,2.1045985478270017,2.1045985478270017,4.2091970956540035,0.05,suppressed_1_9,suppressed_1_9,nonmetro_nonadjacent,Q3,Constrained Bayesian posterior estimate; not an observed or recovered true suppressed count.
54077,Preston County,54,West Virginia,6.072222222222222,6.0,4.0,9.0,2.9839516365050036,2.948460903408421,1.9656406022722803,4.422691355112631,0.6527777777777778,suppressed_1_9,suppressed_1_9,metro_other,Q2,Constrained Bayesian posterior estimate; not an observed or recovered true suppressed count.
54079,Putnam County,54,West Virginia,7.911111111111111,8.0,6.0,9.0,2.3187363668397247,2.344789584444666,1.7585921883334996,2.637888282500249,0.0,suppressed_1_9,suppressed_1_9,metro_other,Q1_lowest,Constrained Bayesian posterior estimate; not an observed or recovered true suppressed count.
54081,Raleigh County,54,West Virginia,7.622222222222222,8.0,4.0,9.0,1.7415494865348522,1.8278653502989701,0.9139326751494851,2.0563485190863413,0.0,suppressed_1_9,suppressed_1_9,metro_other,Q4_highest,Constrained Bayesian posterior estimate; not an observed or recovered true suppressed count.
54083,Randolph County,54,West Virginia,6.580555555555556,7.0,4.0,9.0,3.939791864570944,4.190914098235027,2.394808056134301,5.388318126302177,0.9222222222222223,suppressed_1_9,suppressed_1_9,nonmetro_nonadjacent,Q3,Constrained Bayesian posterior estimate; not an observed or recovered true suppressed count.
54085,Ritchie County,54,West Virginia,0.0,0.0,0.0,0.0,0.0,0.0,0.0,0.0,0.0,zero,zero,nonmetro_adjacent,Q2,Constrained Bayesian posterior estimate; not an observed or recovered true suppressed count.
54087,Roane County,54,West Virginia,5.263888888888889,5.0,4.0,8.0,6.404926554588903,6.083835249741437,4.86706819979315,9.7341363995863,1.0,suppressed_1_9,suppressed_1_9,nonmetro_adjacent,Q3,Constrained Bayesian posterior estimate; not an observed or recovered true suppressed count.
54089,Summers County,54,West Virginia,2.5166666666666666,2.0,2.0,5.0,3.5045210642603832,2.785049852392358,2.785049852392358,6.962624630980895,0.2916666666666667,suppressed_1_9,suppressed_1_9,nonmetro_adjacent,Q3,Constrained Bayesian posterior estimate; not an observed or recovered true suppressed count.
54091,Taylor County,54,West Virginia,3.25,3.0,2.0,7.024999999999977,3.2810386253962482,3.0286510388273062,2.0191006925515373,7.092091182587253,0.6638888888888889,suppressed_1_9,suppressed_1_9,nonmetro_adjacent,Q2,Constrained Bayesian posterior estimate; not an observed or recovered true suppressed count.
54093,Tucker County,54,West Virginia,1.1583333333333334,1.0,1.0,2.0,2.890630198975178,2.495508085446197,2.495508085446197,4.991016170892394,0.1527777777777778,suppressed_1_9,suppressed_1_9,nonmetro_nonadjacent,Q2,Constrained Bayesian posterior estimate; not an observed or recovered true suppressed count.
54095,Tyler County,54,West Virginia,0.0,0.0,0.0,0.0,0.0,0.0,0.0,0.0,0.0,zero,zero,nonmetro_nonadjacent,Q1_lowest,Constrained Bayesian posterior estimate; not an observed or recovered true suppressed count.
54097,Upshur County,54,West Virginia,3.0833333333333335,3.0,2.0,5.024999999999977,2.154851093965485,2.096611875209661,1.3977412501397741,3.511824890976167,0.10555555555555556,suppressed_1_9,suppressed_1_9,nonmetro_nonadjacent,Q3,Constrained Bayesian posterior estimate; not an observed or recovered true suppressed count.
54099,Wayne County,54,West Virginia,12.0,12.0,12.0,12.0,5.21224704313569,5.212247043135688,5.212247043135688,5.212247043135688,1.0,exact,exact,metro_other,Q2,Constrained Bayesian posterior estimate; not an observed or recovered true suppressed count.
54101,Webster County,54,West Virginia,0.0,0.0,0.0,0.0,0.0,0.0,0.0,0.0,0.0,zero,zero,nonmetro_nonadjacent,Q2,Constrained Bayesian posterior estimate; not an observed or recovered true suppressed count.
54103,Wetzel County,54,West Virginia,5.469444444444444,5.0,4.0,9.0,6.373158289960899,5.826147751106968,4.6609182008855745,10.487065951992543,1.0,suppressed_1_9,suppressed_1_9,nonmetro_nonadjacent,Q2,Constrained Bayesian posterior estimate; not an observed or recovered true suppressed count.
54105,Wirt County,54,West Virginia,2.511111111111111,2.0,2.0,5.0,7.945548383467635,6.328312871788381,6.328312871788381,15.820782179470953,1.0,suppressed_1_9,suppressed_1_9,metro_other,Q2,Constrained Bayesian posterior estimate; not an observed or recovered true suppressed count.
54107,Wood County,54,West Virginia,19.0,19.0,19.0,19.0,3.805868649457463,3.805868649457463,3.805868649457463,3.805868649457463,1.0,exact,exact,metro_other,Q2,Constrained Bayesian posterior estimate; not an observed or recovered true suppressed count.
54109,Wyoming County,54,West Virginia,4.969444444444444,5.0,3.0,8.0,4.062127619379776,4.087104368297148,2.4522626209782894,6.539366989275438,0.8,suppressed_1_9,suppressed_1_9,nonmetro_adjacent,Q3,Constrained Bayesian posterior estimate; not an observed or recovered true suppressed count.
55001,Adams County,55,Wisconsin,6.536111111111111,7.0,4.0,9.0,5.203081604132393,5.5723610889985675,3.1842063365706097,7.164464257283872,1.0,suppressed_1_9,suppressed_1_9,nonmetro_adjacent,Q3,Constrained Bayesian posterior estimate; not an observed or recovered true suppressed count.
55003,Ashland County,55,Wisconsin,1.586111111111111,1.0,1.0,4.0,1.6626251190917116,1.0482400050315521,1.0482400050315521,4.1929600201262085,0.16666666666666666,suppressed_1_9,suppressed_1_9,nonmetro_nonadjacent,Q2,Constrained Bayesian posterior estimate; not an observed or recovered true suppressed count.
55005,Barron County,55,Wisconsin,7.866666666666666,8.0,5.0,9.0,2.834436481599583,2.882477777897881,1.8015486111861756,3.242787500135116,0.38333333333333336,suppressed_1_9,suppressed_1_9,nonmetro_adjacent,Q2,Constrained Bayesian posterior estimate; not an observed or recovered true suppressed count.
55007,Bayfield County,55,Wisconsin,1.288888888888889,1.0,1.0,3.0,1.3313179933365238,1.032919132761096,1.032919132761096,3.098757398283288,0.075,suppressed_1_9,suppressed_1_9,nonmetro_adjacent,Q1_lowest,Constrained Bayesian posterior estimate; not an observed or recovered true suppressed count.
55009,Brown County,55,Wisconsin,33.0,33.0,33.0,33.0,2.044476660440306,2.044476660440306,2.044476660440306,2.044476660440306,0.0,exact,exact,metro_other,Q2,Constrained Bayesian posterior estimate; not an observed or recovered true suppressed count.
55011,Buffalo County,55,Wisconsin,0.0,0.0,0.0,0.0,0.0,0.0,0.0,0.0,0.0,zero,zero,nonmetro_adjacent,Q1_lowest,Constrained Bayesian posterior estimate; not an observed or recovered true suppressed count.
55013,Burnett County,55,Wisconsin,2.725,2.0,2.0,5.0,2.751691406644451,2.0195900232252852,2.0195900232252852,5.048975058063213,0.4444444444444444,suppressed_1_9,suppressed_1_9,nonmetro_adjacent,Q1_lowest,Constrained Bayesian posterior estimate; not an observed or recovered true suppressed count.
55015,Calumet County,55,Wisconsin,4.686111111111111,4.0,2.0,9.0,1.5002468693129352,1.2805900959161982,0.6402950479580991,2.881327715811446,0.0,suppressed_1_9,suppressed_1_9,metro_other,Q1_lowest,Constrained Bayesian posterior estimate; not an observed or recovered true suppressed count.
55017,Chippewa County,55,Wisconsin,14.0,14.0,14.0,14.0,3.5232534729212803,3.5232534729212803,3.5232534729212803,3.5232534729212803,1.0,exact,exact,metro_other,Q1_lowest,Constrained Bayesian posterior estimate; not an observed or recovered true suppressed count.
55019,Clark County,55,Wisconsin,11.0,11.0,11.0,11.0,5.275627559878372,5.275627559878372,5.275627559878372,5.275627559878372,1.0,exact,exact,nonmetro_adjacent,Q3,Constrained Bayesian posterior estimate; not an observed or recovered true suppressed count.
55021,Columbia County,55,Wisconsin,11.0,11.0,11.0,11.0,3.1601476650818046,3.160147665081805,3.160147665081805,3.160147665081805,1.0,exact,exact,metro_other,Q1_lowest,Constrained Bayesian posterior estimate; not an observed or recovered true suppressed count.
55023,Crawford County,55,Wisconsin,2.5833333333333335,2.0,2.0,4.0,2.6857685456649967,2.079304680514836,2.079304680514836,4.158609361029672,0.4722222222222222,suppressed_1_9,suppressed_1_9,nonmetro_adjacent,Q2,Constrained Bayesian posterior estimate; not an observed or recovered true suppressed count.
55025,Dane County,55,Wisconsin,88.0,88.0,88.0,88.0,2.591986813856173,2.591986813856172,2.591986813856172,2.591986813856172,0.0,exact,exact,metro_other,Q1_lowest,Constrained Bayesian posterior estimate; not an observed or recovered true suppressed count.
55027,Dodge County,55,Wisconsin,22.0,22.0,22.0,22.0,4.153796192101745,4.153796192101746,4.153796192101746,4.153796192101746,1.0,exact,exact,nonmetro_adjacent,Q1_lowest,Constrained Bayesian posterior estimate; not an observed or recovered true suppressed count.
55029,Door County,55,Wisconsin,3.5861111111111112,3.0,2.0,7.0,2.020048393537347,1.6898933114022736,1.126595540934849,3.9430843932719712,0.07222222222222222,suppressed_1_9,suppressed_1_9,nonmetro_adjacent,Q1_lowest,Constrained Bayesian posterior estimate; not an observed or recovered true suppressed count.
55031,Douglas County,55,Wisconsin,5.891666666666667,5.0,3.0,9.0,2.2339004343941036,1.8958136642665664,1.1374881985599399,3.4124645956798196,0.3277777777777778,suppressed_1_9,suppressed_1_9,metro_other,Q2,Constrained Bayesian posterior estimate; not an observed or recovered true suppressed count.
55033,Dunn County,55,Wisconsin,5.213888888888889,5.0,3.0,9.0,1.9032473029049009,1.8251705621890366,1.0951023373134219,3.285307011940266,0.03333333333333333,suppressed_1_9,suppressed_1_9,nonmetro_adjacent,Q1_lowest,Constrained Bayesian posterior estimate; not an observed or recovered true suppressed count.
55035,Eau Claire County,55,Wisconsin,26.0,26.0,26.0,26.0,4.062957082671801,4.062957082671801,4.062957082671801,4.062957082671801,1.0,exact,exact,metro_other,Q1_lowest,Constrained Bayesian posterior estimate; not an observed or recovered true suppressed count.
55037,Florence County,55,Wisconsin,1.1722222222222223,1.0,1.0,2.0,4.305050579243536,3.672554996511073,3.672554996511073,7.345109993022146,1.0,suppressed_1_9,suppressed_1_9,nonmetro_nonadjacent,Q1_lowest,Constrained Bayesian posterior estimate; not an observed or recovered true suppressed count.
55039,Fond du Lac County,55,Wisconsin,14.0,14.0,14.0,14.0,2.2482014388489207,2.248201438848921,2.248201438848921,2.248201438848921,0.0,exact,exact,metro_other,Q1_lowest,Constrained Bayesian posterior estimate; not an observed or recovered true suppressed count.
55041,Forest County,55,Wisconsin,2.3944444444444444,2.0,2.0,4.0,4.31945095869763,3.607894072230039,3.607894072230039,7.215788144460078,1.0,suppressed_1_9,suppressed_1_9,nonmetro_nonadjacent,Q2,Constrained Bayesian posterior estimate; not an observed or recovered true suppressed count.
55043,Grant County,55,Wisconsin,12.0,12.0,12.0,12.0,3.8761567905421765,3.8761567905421774,3.8761567905421774,3.8761567905421774,1.0,exact,exact,nonmetro_adjacent,Q1_lowest,Constrained Bayesian posterior estimate; not an observed or recovered true suppressed count.
55045,Green County,55,Wisconsin,6.991666666666666,7.0,5.0,9.0,3.1564944025835846,3.160256612836963,2.2573261520264016,4.063187073647523,0.6222222222222222,suppressed_1_9,suppressed_1_9,metro_other,Q1_lowest,Constrained Bayesian posterior estimate; not an observed or recovered true suppressed count.
55047,Green Lake County,55,Wisconsin,4.375,4.0,3.0,7.0,3.8048772003061293,3.4787448688513187,2.6090586516384886,6.087803520489808,0.6944444444444444,suppressed_1_9,suppressed_1_9,nonmetro_adjacent,Q2,Constrained Bayesian posterior estimate; not an observed or recovered true suppressed count.
55049,Iowa County,55,Wisconsin,4.627777777777778,4.0,3.0,8.0,3.239425007894397,2.799983200100799,2.0999874000755994,5.599966400201598,0.41388888888888886,suppressed_1_9,suppressed_1_9,metro_other,Q1_lowest,Constrained Bayesian posterior estimate; not an observed or recovered true suppressed count.
55051,Iron County,55,Wisconsin,1.4833333333333334,1.0,1.0,6.0,4.091954022988505,2.758620689655172,2.758620689655172,16.551724137931036,0.19166666666666668,suppressed_1_9,suppressed_1_9,nonmetro_nonadjacent,Q1_lowest,Constrained Bayesian posterior estimate; not an observed or recovered true suppressed count.
55053,Jackson County,55,Wisconsin,4.752777777777778,4.0,3.0,9.0,3.7988184808633694,3.197135366711427,2.39785152503357,7.19355457510071,0.775,suppressed_1_9,suppressed_1_9,nonmetro_adjacent,Q3,Constrained Bayesian posterior estimate; not an observed or recovered true suppressed count.
55055,Jefferson County,55,Wisconsin,38.0,38.0,38.0,38.0,7.414315873269829,7.41431587326983,7.41431587326983,7.41431587326983,1.0,exact,exact,nonmetro_adjacent,Q1_lowest,Constrained Bayesian posterior estimate; not an observed or recovered true suppressed count.
55057,Juneau County,55,Wisconsin,1.613888888888889,1.0,1.0,4.0,1.005870405111276,0.6232587708090521,0.6232587708090521,2.4930350832362085,0.008333333333333333,suppressed_1_9,suppressed_1_9,nonmetro_adjacent,Q2,Constrained Bayesian posterior estimate; not an observed or recovered true suppressed count.
55059,Kenosha County,55,Wisconsin,24.0,24.0,24.0,24.0,2.3714876045307274,2.371487604530727,2.371487604530727,2.371487604530727,0.0,exact,exact,metro_other,Q3,Constrained Bayesian posterior estimate; not an observed or recovered true suppressed count.
55061,Kewaunee County,55,Wisconsin,2.8472222222222223,2.0,2.0,6.0,2.306806632440408,1.620391000348384,1.620391000348384,4.861173001045152,0.21388888888888888,suppressed_1_9,suppressed_1_9,metro_other,Q1_lowest,Constrained Bayesian posterior estimate; not an observed or recovered true suppressed count.
55063,La Crosse County,55,Wisconsin,20.0,20.0,20.0,20.0,2.7824499750275113,2.7824499750275113,2.7824499750275113,2.7824499750275113,0.0,exact,exact,metro_other,Q1_lowest,Constrained Bayesian posterior estimate; not an observed or recovered true suppressed count.
55065,Lafayette County,55,Wisconsin,1.488888888888889,1.0,1.0,5.024999999999977,1.4708997845241583,0.9879177657251811,0.9879177657251811,4.964286772769013,0.10277777777777777,suppressed_1_9,suppressed_1_9,nonmetro_adjacent,Q1_lowest,Constrained Bayesian posterior estimate; not an observed or recovered true suppressed count.
55067,Langlade County,55,Wisconsin,1.7444444444444445,1.0,1.0,5.0,1.49984905977615,0.8597860852219967,0.8597860852219967,4.298930426109984,0.11388888888888889,suppressed_1_9,suppressed_1_9,nonmetro_adjacent,Q1_lowest,Constrained Bayesian posterior estimate; not an observed or recovered true suppressed count.
55069,Lincoln County,55,Wisconsin,5.322222222222222,5.0,3.0,9.0,3.150325095134556,2.959595600857099,1.7757573605142594,5.327272081542778,0.6555555555555556,suppressed_1_9,suppressed_1_9,nonmetro_adjacent,Q1_lowest,Constrained Bayesian posterior estimate; not an observed or recovered true suppressed count.
55071,Manitowoc County,55,Wisconsin,17.0,17.0,17.0,17.0,3.517782389981356,3.517782389981356,3.517782389981356,3.517782389981356,1.0,exact,exact,nonmetro_adjacent,Q1_lowest,Constrained Bayesian posterior estimate; not an observed or recovered true suppressed count.
55073,Marathon County,55,Wisconsin,25.0,25.0,25.0,25.0,3.031795040953487,3.0317950409534875,3.0317950409534875,3.0317950409534875,1.0,exact,exact,metro_other,Q1_lowest,Constrained Bayesian posterior estimate; not an observed or recovered true suppressed count.
55075,Marinette County,55,Wisconsin,5.091666666666667,5.0,3.0,9.0,2.045470371144071,2.0086452089794475,1.2051871253876685,3.6155613761630057,0.11944444444444445,suppressed_1_9,suppressed_1_9,nonmetro_adjacent,Q1_lowest,Constrained Bayesian posterior estimate; not an observed or recovered true suppressed count.
55077,Marquette County,55,Wisconsin,5.222222222222222,5.0,4.0,8.0,5.537235552822281,5.301608508021333,4.241286806417067,8.482573612834134,1.0,suppressed_1_9,suppressed_1_9,nonmetro_adjacent,Q1_lowest,Constrained Bayesian posterior estimate; not an observed or recovered true suppressed count.
55078,Menominee County,55,Wisconsin,0.0,0.0,0.0,0.0,0.0,0.0,0.0,0.0,0.0,zero,zero,nonmetro_nonadjacent,Q3,Constrained Bayesian posterior estimate; not an observed or recovered true suppressed count.
55079,Milwaukee County,55,Wisconsin,240.0,240.0,240.0,240.0,4.3023035070764815,4.302303507076482,4.302303507076482,4.302303507076482,1.0,exact,exact,metro_large,Q4_highest,Constrained Bayesian posterior estimate; not an observed or recovered true suppressed count.
55081,Monroe County,55,Wisconsin,11.0,11.0,11.0,11.0,3.96170828861405,3.96170828861405,3.96170828861405,3.96170828861405,1.0,exact,exact,nonmetro_adjacent,Q2,Constrained Bayesian posterior estimate; not an observed or recovered true suppressed count.
55083,Oconto County,55,Wisconsin,7.741666666666666,8.0,6.0,9.0,3.2927289173195415,3.4026046938931755,2.5519535204198815,3.8279302806298223,0.8861111111111111,suppressed_1_9,suppressed_1_9,metro_other,Q1_lowest,Constrained Bayesian posterior estimate; not an observed or recovered true suppressed count.
55085,Oneida County,55,Wisconsin,4.761111111111111,5.0,2.0,9.0,2.123429479841543,2.2299726159362763,0.8919890463745106,4.0139507086852975,0.2111111111111111,suppressed_1_9,suppressed_1_9,nonmetro_nonadjacent,Q1_lowest,Constrained Bayesian posterior estimate; not an observed or recovered true suppressed count.
55087,Outagamie County,55,Wisconsin,20.0,20.0,20.0,20.0,1.7407243328021227,1.7407243328021222,1.7407243328021222,1.7407243328021222,0.0,exact,exact,metro_other,Q1_lowest,Constrained Bayesian posterior estimate; not an observed or recovered true suppressed count.
55089,Ozaukee County,55,Wisconsin,13.0,13.0,13.0,13.0,2.3542791740464257,2.354279174046426,2.354279174046426,2.354279174046426,0.0,exact,exact,metro_large,Q1_lowest,Constrained Bayesian posterior estimate; not an observed or recovered true suppressed count.
55091,Pepin County,55,Wisconsin,1.136111111111111,1.0,1.0,2.0499999999999545,2.5629649682167277,2.2559104854719365,2.2559104854719365,4.624616495217367,0.08611111111111111,suppressed_1_9,suppressed_1_9,nonmetro_adjacent,Q1_lowest,Constrained Bayesian posterior estimate; not an observed or recovered true suppressed count.
55093,Pierce County,55,Wisconsin,12.0,12.0,12.0,12.0,4.669642266488701,4.669642266488701,4.669642266488701,4.669642266488701,1.0,exact,exact,metro_large,Q1_lowest,Constrained Bayesian posterior estimate; not an observed or recovered true suppressed count.
55095,Polk County,55,Wisconsin,7.777777777777778,8.0,5.0,9.0,2.877354806621204,2.959564943953239,1.8497280899707742,3.329510561947394,0.6361111111111111,suppressed_1_9,suppressed_1_9,nonmetro_adjacent,Q1_lowest,Constrained Bayesian posterior estimate; not an observed or recovered true suppressed count.
55097,Portage County,55,Wisconsin,18.0,18.0,18.0,18.0,4.224816572547142,4.224816572547142,4.224816572547142,4.224816572547142,1.0,exact,exact,nonmetro_adjacent,Q1_lowest,Constrained Bayesian posterior estimate; not an observed or recovered true suppressed count.
55099,Price County,55,Wisconsin,1.1222222222222222,1.0,1.0,2.0,1.3518469441566752,1.2046160888524828,1.2046160888524828,2.4092321777049657,0.0,suppressed_1_9,suppressed_1_9,nonmetro_nonadjacent,Q1_lowest,Constrained Bayesian posterior estimate; not an observed or recovered true suppressed count.
55101,Racine County,55,Wisconsin,47.0,47.0,47.0,47.0,3.9826492074104394,3.9826492074104394,3.9826492074104394,3.9826492074104394,1.0,exact,exact,metro_other,Q2,Constrained Bayesian posterior estimate; not an observed or recovered true suppressed count.
55103,Richland County,55,Wisconsin,3.1555555555555554,3.0,2.0,6.0,3.0597249695104867,2.9088934569289844,1.9392623046193227,5.817786913857969,0.35,suppressed_1_9,suppressed_1_9,nonmetro_adjacent,Q2,Constrained Bayesian posterior estimate; not an observed or recovered true suppressed count.
55105,Rock County,55,Wisconsin,27.0,27.0,27.0,27.0,2.7421802160838014,2.742180216083801,2.742180216083801,2.742180216083801,0.0,exact,exact,metro_other,Q2,Constrained Bayesian posterior estimate; not an observed or recovered true suppressed count.
55107,Rusk County,55,Wisconsin,3.6805555555555554,3.0,3.0,6.0,4.33925436872855,3.536901674133459,3.536901674133459,7.073803348266918,1.0,suppressed_1_9,suppressed_1_9,nonmetro_adjacent,Q1_lowest,Constrained Bayesian posterior estimate; not an observed or recovered true suppressed count.
55109,St. Croix County,55,Wisconsin,7.844444444444444,8.0,5.0,9.0,1.3803278259035139,1.4076997657939514,0.8798123536212198,1.5836622365181956,0.0,suppressed_1_9,suppressed_1_9,metro_large,Q1_lowest,Constrained Bayesian posterior estimate; not an observed or recovered true suppressed count.
55111,Sauk County,55,Wisconsin,10.0,10.0,10.0,10.0,2.5460128166285187,2.5460128166285187,2.5460128166285187,2.5460128166285187,0.0,exact,exact,nonmetro_adjacent,Q1_lowest,Constrained Bayesian posterior estimate; not an observed or recovered true suppressed count.
55113,Sawyer County,55,Wisconsin,4.141666666666667,4.0,3.0,6.0,3.85274901782032,3.720964846184616,2.7907236346384616,5.581447269276923,0.6722222222222223,suppressed_1_9,suppressed_1_9,nonmetro_nonadjacent,Q2,Constrained Bayesian posterior estimate; not an observed or recovered true suppressed count.
55115,Shawano County,55,Wisconsin,11.0,11.0,11.0,11.0,4.474491331689975,4.474491331689975,4.474491331689975,4.474491331689975,1.0,exact,exact,nonmetro_adjacent,Q1_lowest,Constrained Bayesian posterior estimate; not an observed or recovered true suppressed count.
55117,Sheboygan County,55,Wisconsin,21.0,21.0,21.0,21.0,2.9903837801583766,2.9903837801583766,2.9903837801583766,2.9903837801583766,1.0,exact,exact,metro_other,Q1_lowest,Constrained Bayesian posterior estimate; not an observed or recovered true suppressed count.
55119,Taylor County,55,Wisconsin,2.2944444444444443,2.0,2.0,4.0,1.8996261462150985,1.6558484567492384,1.6558484567492384,3.311696913498477,0.05277777777777778,suppressed_1_9,suppressed_1_9,nonmetro_adjacent,Q1_lowest,Constrained Bayesian posterior estimate; not an observed or recovered true suppressed count.
55121,Trempealeau County,55,Wisconsin,6.3805555555555555,6.0,4.0,9.0,3.493266223689486,3.284917302206917,2.1899448681379448,4.927375953310376,0.6472222222222223,suppressed_1_9,suppressed_1_9,nonmetro_adjacent,Q1_lowest,Constrained Bayesian posterior estimate; not an observed or recovered true suppressed count.
55123,Vernon County,55,Wisconsin,7.069444444444445,7.0,5.0,9.0,3.7971223631260473,3.759822536376283,2.6855875259830593,4.834057546769507,0.8777777777777778,suppressed_1_9,suppressed_1_9,metro_other,Q2,Constrained Bayesian posterior estimate; not an observed or recovered true suppressed count.
55125,Vilas County,55,Wisconsin,7.366666666666666,8.0,5.0,9.0,5.274450418972747,5.727909957255473,3.5799437232846696,6.443898701912406,1.0,suppressed_1_9,suppressed_1_9,nonmetro_nonadjacent,Q1_lowest,Constrained Bayesian posterior estimate; not an observed or recovered true suppressed count.
55127,Walworth County,55,Wisconsin,13.0,13.0,13.0,13.0,2.057447088000177,2.057447088000177,2.057447088000177,2.057447088000177,0.0,exact,exact,nonmetro_adjacent,Q1_lowest,Constrained Bayesian posterior estimate; not an observed or recovered true suppressed count.
55129,Washburn County,55,Wisconsin,6.791666666666667,7.0,5.0,9.0,6.859784325014056,7.070207157069702,5.050147969335502,9.090266344803902,1.0,suppressed_1_9,suppressed_1_9,nonmetro_adjacent,Q1_lowest,Constrained Bayesian posterior estimate; not an observed or recovered true suppressed count.
55131,Washington County,55,Wisconsin,13.0,13.0,13.0,13.0,1.577216261827605,1.5772162618276053,1.5772162618276053,1.5772162618276053,0.0,exact,exact,metro_large,Q1_lowest,Constrained Bayesian posterior estimate; not an observed or recovered true suppressed count.
55133,Waukesha County,55,Wisconsin,39.0,39.0,39.0,39.0,1.5858944851535879,1.5858944851535879,1.5858944851535879,1.5858944851535879,0.0,exact,exact,metro_large,Q1_lowest,Constrained Bayesian posterior estimate; not an observed or recovered true suppressed count.
55135,Waupaca County,55,Wisconsin,14.0,14.0,14.0,14.0,4.556238629743776,4.556238629743777,4.556238629743777,4.556238629743777,1.0,exact,exact,nonmetro_adjacent,Q1_lowest,Constrained Bayesian posterior estimate; not an observed or recovered true suppressed count.
55137,Waushara County,55,Wisconsin,4.644444444444445,5.0,3.0,7.0,3.125278041332923,3.3645337765545826,2.0187202659327497,4.710347287176416,0.525,suppressed_1_9,suppressed_1_9,nonmetro_adjacent,Q2,Constrained Bayesian posterior estimate; not an observed or recovered true suppressed count.
55139,Winnebago County,55,Wisconsin,30.0,30.0,30.0,30.0,2.910019293427916,2.9100192934279154,2.9100192934279154,2.9100192934279154,0.0,exact,exact,metro_other,Q1_lowest,Constrained Bayesian posterior estimate; not an observed or recovered true suppressed count.
55141,Wood County,55,Wisconsin,17.0,17.0,17.0,17.0,3.8504747408857005,3.8504747408856996,3.8504747408856996,3.8504747408856996,1.0,exact,exact,nonmetro_adjacent,Q1_lowest,Constrained Bayesian posterior estimate; not an observed or recovered true suppressed count.
56001,Albany County,56,Wyoming,6.855555555555555,7.0,4.0,9.0,2.9675931136448677,3.030119386703836,1.7314967924021922,3.895867782904932,0.5861111111111111,suppressed_1_9,suppressed_1_9,nonmetro_adjacent,Q2,Constrained Bayesian posterior estimate; not an observed or recovered true suppressed count.
56003,Big Horn County,56,Wyoming,5.905555555555556,6.0,4.0,8.024999999999977,8.323076296693007,8.456182879048397,5.637455252698931,11.310144600727199,1.0,suppressed_1_9,suppressed_1_9,nonmetro_nonadjacent,Q3,Constrained Bayesian posterior estimate; not an observed or recovered true suppressed count.
56005,Campbell County,56,Wyoming,11.0,11.0,11.0,11.0,3.9018161180476745,3.901816118047673,3.901816118047673,3.901816118047673,1.0,exact,exact,nonmetro_nonadjacent,Q1_lowest,Constrained Bayesian posterior estimate; not an observed or recovered true suppressed count.
56007,Carbon County,56,Wyoming,1.0694444444444444,1.0,1.0,2.0,1.225218757239929,1.1456590976788945,1.1456590976788945,2.291318195357789,0.002777777777777778,suppressed_1_9,suppressed_1_9,nonmetro_nonadjacent,Q3,Constrained Bayesian posterior estimate; not an observed or recovered true suppressed count.
56009,Converse County,56,Wyoming,1.2805555555555554,1.0,1.0,3.0,1.5492028158525455,1.209789617585502,1.209789617585502,3.6293688527565053,0.030555555555555555,suppressed_1_9,suppressed_1_9,nonmetro_adjacent,Q2,Constrained Bayesian posterior estimate; not an observed or recovered true suppressed count.
56011,Crook County,56,Wyoming,2.238888888888889,2.0,2.0,3.0,4.941595976093956,4.414328911647207,4.414328911647207,6.62149336747081,1.0,suppressed_1_9,suppressed_1_9,nonmetro_nonadjacent,Q1_lowest,Constrained Bayesian posterior estimate; not an observed or recovered true suppressed count.
56013,Fremont County,56,Wyoming,13.0,13.0,13.0,13.0,5.487037928094479,5.487037928094478,5.487037928094478,5.487037928094478,1.0,exact,exact,nonmetro_nonadjacent,Q4_highest,Constrained Bayesian posterior estimate; not an observed or recovered true suppressed count.
56015,Goshen County,56,Wyoming,4.372222222222222,4.0,3.0,8.0,5.691367345580982,5.2068417901122075,3.9051313425841556,10.413683580224415,1.0,suppressed_1_9,suppressed_1_9,nonmetro_nonadjacent,Q2,Constrained Bayesian posterior estimate; not an observed or recovered true suppressed count.
56017,Hot Springs County,56,Wyoming,0.0,0.0,0.0,0.0,0.0,0.0,0.0,0.0,0.0,zero,zero,nonmetro_nonadjacent,Q1_lowest,Constrained Bayesian posterior estimate; not an observed or recovered true suppressed count.
56019,Johnson County,56,Wyoming,0.0,0.0,0.0,0.0,0.0,0.0,0.0,0.0,0.0,zero,zero,nonmetro_nonadjacent,Q1_lowest,Constrained Bayesian posterior estimate; not an observed or recovered true suppressed count.
56021,Laramie County,56,Wyoming,17.0,17.0,17.0,17.0,2.8124834559796708,2.8124834559796708,2.8124834559796708,2.8124834559796708,0.0,exact,exact,metro_other,Q2,Constrained Bayesian posterior estimate; not an observed or recovered true suppressed count.
56023,Lincoln County,56,Wyoming,2.65,2.0,2.0,5.0,2.158402293607871,1.6289828631002803,1.6289828631002803,4.0724571577507005,0.17777777777777778,suppressed_1_9,suppressed_1_9,nonmetro_nonadjacent,Q1_lowest,Constrained Bayesian posterior estimate; not an observed or recovered true suppressed count.
56025,Natrona County,56,Wyoming,22.0,22.0,22.0,22.0,4.581615227622975,4.581615227622975,4.581615227622975,4.581615227622975,1.0,exact,exact,metro_other,Q2,Constrained Bayesian posterior estimate; not an observed or recovered true suppressed count.
56027,Niobrara County,56,Wyoming,0.0,0.0,0.0,0.0,0.0,0.0,0.0,0.0,0.0,zero,zero,nonmetro_nonadjacent,Q2,Constrained Bayesian posterior estimate; not an observed or recovered true suppressed count.
56029,Park County,56,Wyoming,2.6555555555555554,2.0,2.0,5.0,1.4674171983751578,1.105167764466646,1.105167764466646,2.762919411166615,0.005555555555555556,suppressed_1_9,suppressed_1_9,nonmetro_nonadjacent,Q1_lowest,Constrained Bayesian posterior estimate; not an observed or recovered true suppressed count.
56031,Platte County,56,Wyoming,2.5444444444444443,2.0,2.0,5.0,4.952882729146524,3.8930955949623343,3.8930955949623343,9.732738987405835,1.0,suppressed_1_9,suppressed_1_9,nonmetro_adjacent,Q2,Constrained Bayesian posterior estimate; not an observed or recovered true suppressed count.
56033,Sheridan County,56,Wyoming,6.2444444444444445,6.0,3.0,9.0,3.2764272717679823,3.148168552944325,1.5740842764721625,4.722252829416487,0.6833333333333333,suppressed_1_9,suppressed_1_9,nonmetro_nonadjacent,Q1_lowest,Constrained Bayesian posterior estimate; not an observed or recovered true suppressed count.
56035,Sublette County,56,Wyoming,0.0,0.0,0.0,0.0,0.0,0.0,0.0,0.0,0.0,zero,zero,nonmetro_nonadjacent,Q1_lowest,Constrained Bayesian posterior estimate; not an observed or recovered true suppressed count.
56037,Sweetwater County,56,Wyoming,7.733333333333333,8.0,5.0,9.0,3.0871959877097663,3.1936510217687237,1.9960318886054524,3.592857399489814,0.6166666666666667,suppressed_1_9,suppressed_1_9,nonmetro_nonadjacent,Q2,Constrained Bayesian posterior estimate; not an observed or recovered true suppressed count.
56039,Teton County,56,Wyoming,1.6583333333333334,1.0,1.0,4.0,1.1817635475235226,0.7126212346875512,0.7126212346875512,2.850484938750205,0.008333333333333333,suppressed_1_9,suppressed_1_9,nonmetro_nonadjacent,Q1_lowest,Constrained Bayesian posterior estimate; not an observed or recovered true suppressed count.
56041,Uinta County,56,Wyoming,7.1,7.0,5.0,9.0,5.765139581337188,5.6839404323042695,4.059957451645906,7.307923412962633,1.0,suppressed_1_9,suppressed_1_9,nonmetro_nonadjacent,Q2,Constrained Bayesian posterior estimate; not an observed or recovered true suppressed count.
56043,Washakie County,56,Wyoming,1.3611111111111112,1.0,1.0,3.0,2.935896790645394,2.156985397208861,2.156985397208861,6.470956191626583,0.3055555555555556,suppressed_1_9,suppressed_1_9,nonmetro_nonadjacent,Q1_lowest,Constrained Bayesian posterior estimate; not an observed or recovered true suppressed count.
56045,Weston County,56,Wyoming,2.3305555555555557,2.0,2.0,4.0,5.691361341071958,4.884124154436006,4.884124154436006,9.768248308872012,1.0,suppressed_1_9,suppressed_1_9,nonmetro_nonadjacent,Q2,Constrained Bayesian posterior estimate; not an observed or recovered true suppressed count.
