county_fips,county_name,state_fips,state_name,posterior_mean_county_period_deaths,posterior_median_county_period_deaths,deaths_credible_interval_lower_95,deaths_credible_interval_upper_95,posterior_mean_rate_per_100k,posterior_median_rate_per_100k,rate_credible_interval_lower_95,rate_credible_interval_upper_95,posterior_probability_rate_exceeds_national_rate,original_q001_status,original_data_visibility_class,rurality,svi_quartile,posterior_quantity_note
01001,Autauga County,01,Alabama,5.64825,6.0,3.0,9.0,1.6015498732540534,1.7012878749213156,0.8506439374606578,2.551931812381973,0.0,suppressed_1_9,suppressed_1_9,metro_other,Q2,Constrained Bayesian posterior estimate; not an observed or recovered true suppressed count.
01003,Baldwin County,01,Alabama,26.0,26.0,26.0,26.0,1.7889518462327088,1.788951846232708,1.788951846232708,1.788951846232708,0.0,exact,exact,metro_other,Q2,Constrained Bayesian posterior estimate; not an observed or recovered true suppressed count.
01005,Barbour County,01,Alabama,7.816833333333333,8.0,6.0,9.0,5.285644091023838,5.409499080385157,4.057124310288867,6.085686465433301,1.0,suppressed_1_9,suppressed_1_9,nonmetro_adjacent,Q4_highest,Constrained Bayesian posterior estimate; not an observed or recovered true suppressed count.
01007,Bibb County,01,Alabama,2.6708055555555554,2.0,2.0,5.0,2.0060430196905137,1.502200724060749,1.502200724060749,3.7555018101518725,0.15191666666666667,suppressed_1_9,suppressed_1_9,metro_large,Q4_highest,Constrained Bayesian posterior estimate; not an observed or recovered true suppressed count.
01009,Blount County,01,Alabama,6.535694444444444,6.0,4.0,9.0,1.8450061525036752,1.6937812820230522,1.1291875213487015,2.5406719230345787,0.0,suppressed_1_9,suppressed_1_9,metro_large,Q3,Constrained Bayesian posterior estimate; not an observed or recovered true suppressed count.
01011,Bullock County,01,Alabama,4.676416666666666,4.0,4.0,7.0,7.742796275753209,6.622845505571468,6.622845505571468,11.58997963475007,1.0,suppressed_1_9,suppressed_1_9,nonmetro_adjacent,Q4_highest,Constrained Bayesian posterior estimate; not an observed or recovered true suppressed count.
01013,Butler County,01,Alabama,5.436833333333333,5.0,4.0,8.0,4.806083000365381,4.419928573954245,3.5359428591633963,7.071885718326793,1.0,suppressed_1_9,suppressed_1_9,nonmetro_adjacent,Q3,Constrained Bayesian posterior estimate; not an observed or recovered true suppressed count.
01015,Calhoun County,01,Alabama,11.0,11.0,11.0,11.0,1.5903077968454082,1.5903077968454078,1.5903077968454078,1.5903077968454078,0.0,exact,exact,metro_other,Q4_highest,Constrained Bayesian posterior estimate; not an observed or recovered true suppressed count.
01017,Chambers County,01,Alabama,13.0,13.0,13.0,13.0,6.415317804974337,6.415317804974339,6.415317804974339,6.415317804974339,1.0,exact,exact,nonmetro_adjacent,Q4_highest,Constrained Bayesian posterior estimate; not an observed or recovered true suppressed count.
01019,Cherokee County,01,Alabama,1.5534722222222221,1.0,1.0,4.0,1.0048852607005678,0.6468640033119437,0.6468640033119437,2.587456013247775,0.006388888888888889,suppressed_1_9,suppressed_1_9,nonmetro_adjacent,Q2,Constrained Bayesian posterior estimate; not an observed or recovered true suppressed count.
01021,Chilton County,01,Alabama,10.0,10.0,10.0,10.0,3.6539557725193306,3.6539557725193297,3.6539557725193297,3.6539557725193297,1.0,exact,exact,metro_large,Q3,Constrained Bayesian posterior estimate; not an observed or recovered true suppressed count.
01023,Choctaw County,01,Alabama,2.421666666666667,2.0,2.0,4.0,3.2600550148306695,2.6924060686832787,2.6924060686832787,5.384812137366557,0.3307777777777778,suppressed_1_9,suppressed_1_9,nonmetro_nonadjacent,Q3,Constrained Bayesian posterior estimate; not an observed or recovered true suppressed count.
01025,Clarke County,01,Alabama,11.0,11.0,11.0,11.0,8.04876085668084,8.048760856680838,8.048760856680838,8.048760856680838,1.0,exact,exact,nonmetro_nonadjacent,Q4_highest,Constrained Bayesian posterior estimate; not an observed or recovered true suppressed count.
01027,Clay County,01,Alabama,2.508388888888889,2.0,2.0,4.0,3.0190634758246246,2.4071733766624543,2.4071733766624543,4.814346753324909,0.38830555555555557,suppressed_1_9,suppressed_1_9,nonmetro_nonadjacent,Q3,Constrained Bayesian posterior estimate; not an observed or recovered true suppressed count.
01029,Cleburne County,01,Alabama,1.3278055555555555,1.0,1.0,3.0,1.445309192941717,1.088494611951671,1.088494611951671,3.2654838358550125,0.051305555555555556,suppressed_1_9,suppressed_1_9,nonmetro_adjacent,Q3,Constrained Bayesian posterior estimate; not an observed or recovered true suppressed count.
01031,Coffee County,01,Alabama,4.338666666666667,4.0,2.0,8.0,1.3286296414251533,1.224919767755212,0.612459883877606,2.449839535510424,0.0,suppressed_1_9,suppressed_1_9,nonmetro_adjacent,Q3,Constrained Bayesian posterior estimate; not an observed or recovered true suppressed count.
01033,Colbert County,01,Alabama,7.06725,7.0,4.0,9.0,2.0585922139205666,2.0390032187122236,1.165144696406985,2.6215755669157166,0.0,suppressed_1_9,suppressed_1_9,metro_other,Q2,Constrained Bayesian posterior estimate; not an observed or recovered true suppressed count.
01035,Conecuh County,01,Alabama,4.836944444444445,5.0,4.0,7.0,7.037090920847376,7.274314395868189,5.819451516694551,10.184040154215465,1.0,suppressed_1_9,suppressed_1_9,nonmetro_nonadjacent,Q3,Constrained Bayesian posterior estimate; not an observed or recovered true suppressed count.
01037,Coosa County,01,Alabama,0.0,0.0,0.0,0.0,0.0,0.0,0.0,0.0,0.0,zero,zero,nonmetro_adjacent,Q2,Constrained Bayesian posterior estimate; not an observed or recovered true suppressed count.
01039,Covington County,01,Alabama,3.8273333333333333,4.0,2.0,7.0,1.7025125479118937,1.7793198549854319,0.8896599274927159,3.1138097462245056,0.05372222222222222,suppressed_1_9,suppressed_1_9,nonmetro_adjacent,Q3,Constrained Bayesian posterior estimate; not an observed or recovered true suppressed count.
01041,Crenshaw County,01,Alabama,4.952861111111111,5.0,4.0,7.0,6.208460077104781,6.267549137585239,5.014039310068191,8.774568792619334,1.0,suppressed_1_9,suppressed_1_9,nonmetro_adjacent,Q3,Constrained Bayesian posterior estimate; not an observed or recovered true suppressed count.
01043,Cullman County,01,Alabama,14.0,14.0,14.0,14.0,2.6263262947788633,2.6263262947788633,2.6263262947788633,2.6263262947788633,0.0,exact,exact,nonmetro_adjacent,Q2,Constrained Bayesian posterior estimate; not an observed or recovered true suppressed count.
01045,Dale County,01,Alabama,7.191388888888889,7.0,4.0,9.0,2.4217099859874014,2.3572595174353017,1.347005438534458,3.0307622367025306,0.20947222222222223,suppressed_1_9,suppressed_1_9,nonmetro_adjacent,Q4_highest,Constrained Bayesian posterior estimate; not an observed or recovered true suppressed count.
01047,Dallas County,01,Alabama,5.473805555555556,5.0,3.0,9.0,2.495011420554973,2.279046446966589,1.3674278681799534,4.10228360453986,0.25569444444444445,suppressed_1_9,suppressed_1_9,nonmetro_adjacent,Q4_highest,Constrained Bayesian posterior estimate; not an observed or recovered true suppressed count.
01049,DeKalb County,01,Alabama,15.0,15.0,15.0,15.0,3.4668213639399728,3.466821363939973,3.466821363939973,3.466821363939973,1.0,exact,exact,nonmetro_adjacent,Q4_highest,Constrained Bayesian posterior estimate; not an observed or recovered true suppressed count.
01051,Elmore County,01,Alabama,8.46188888888889,9.0,7.0,9.0,1.6157369130444281,1.7184853651876872,1.3365997284793123,1.7184853651876872,0.0,suppressed_1_9,suppressed_1_9,metro_other,Q2,Constrained Bayesian posterior estimate; not an observed or recovered true suppressed count.
01053,Escambia County,01,Alabama,6.507916666666667,6.0,4.0,9.0,2.9653281207045556,2.733896212186798,1.8225974747911986,4.100844318280197,0.488,suppressed_1_9,suppressed_1_9,nonmetro_adjacent,Q4_highest,Constrained Bayesian posterior estimate; not an observed or recovered true suppressed count.
01055,Etowah County,01,Alabama,17.0,17.0,17.0,17.0,2.7537633415784244,2.753763341578425,2.753763341578425,2.753763341578425,0.0,exact,exact,metro_other,Q3,Constrained Bayesian posterior estimate; not an observed or recovered true suppressed count.
01057,Fayette County,01,Alabama,2.589583333333333,2.0,2.0,5.0,2.6796462435800583,2.0695578389677047,2.0695578389677047,5.173894597419261,0.43069444444444444,suppressed_1_9,suppressed_1_9,nonmetro_adjacent,Q3,Constrained Bayesian posterior estimate; not an observed or recovered true suppressed count.
01059,Franklin County,01,Alabama,5.140583333333334,5.0,3.0,8.0,2.6986106007314468,2.624809701296656,1.5748858207779937,4.1996955220746495,0.3703611111111111,suppressed_1_9,suppressed_1_9,nonmetro_adjacent,Q4_highest,Constrained Bayesian posterior estimate; not an observed or recovered true suppressed count.
01061,Geneva County,01,Alabama,6.783611111111111,7.0,5.0,9.0,4.228841247973114,4.363736106175933,3.116954361554238,5.6105178507976285,1.0,suppressed_1_9,suppressed_1_9,metro_other,Q3,Constrained Bayesian posterior estimate; not an observed or recovered true suppressed count.
01063,Greene County,01,Alabama,2.2800833333333332,2.0,2.0,4.0,4.997990647376881,4.384042086804033,4.384042086804033,8.768084173608067,1.0,suppressed_1_9,suppressed_1_9,metro_other,Q4_highest,Constrained Bayesian posterior estimate; not an observed or recovered true suppressed count.
01065,Hale County,01,Alabama,0.0,0.0,0.0,0.0,0.0,0.0,0.0,0.0,0.0,zero,zero,metro_other,Q4_highest,Constrained Bayesian posterior estimate; not an observed or recovered true suppressed count.
01067,Henry County,01,Alabama,2.681111111111111,2.0,2.0,5.0,2.539363822537091,1.894262279555227,1.894262279555227,4.735655698888068,0.155,suppressed_1_9,suppressed_1_9,metro_other,Q3,Constrained Bayesian posterior estimate; not an observed or recovered true suppressed count.
01069,Houston County,01,Alabama,36.0,36.0,36.0,36.0,5.574248211982465,5.574248211982465,5.574248211982465,5.574248211982465,1.0,exact,exact,metro_other,Q3,Constrained Bayesian posterior estimate; not an observed or recovered true suppressed count.
01071,Jackson County,01,Alabama,8.339305555555555,9.0,6.0,9.0,2.6380273110934676,2.84702912510795,1.8980194167386333,2.84702912510795,0.0,suppressed_1_9,suppressed_1_9,nonmetro_adjacent,Q3,Constrained Bayesian posterior estimate; not an observed or recovered true suppressed count.
01073,Jefferson County,01,Alabama,158.0,158.0,158.0,158.0,3.9750597705585444,3.9750597705585435,3.9750597705585435,3.9750597705585435,1.0,exact,exact,metro_large,Q3,Constrained Bayesian posterior estimate; not an observed or recovered true suppressed count.
01075,Lamar County,01,Alabama,1.2533333333333334,1.0,1.0,3.0,1.5253487815465252,1.2170336022977595,1.2170336022977595,3.651100806893279,0.03372222222222222,suppressed_1_9,suppressed_1_9,nonmetro_adjacent,Q2,Constrained Bayesian posterior estimate; not an observed or recovered true suppressed count.
01077,Lauderdale County,01,Alabama,8.174416666666668,8.0,6.0,9.0,1.433268342176105,1.4026868466547673,1.0520151349910754,1.5780227024866131,0.0,suppressed_1_9,suppressed_1_9,metro_other,Q2,Constrained Bayesian posterior estimate; not an observed or recovered true suppressed count.
01079,Lawrence County,01,Alabama,11.0,11.0,11.0,11.0,5.523363828996656,5.523363828996656,5.523363828996656,5.523363828996656,1.0,exact,exact,metro_other,Q2,Constrained Bayesian posterior estimate; not an observed or recovered true suppressed count.
01081,Lee County,01,Alabama,31.0,31.0,31.0,31.0,2.923353444747676,2.923353444747677,2.923353444747677,2.923353444747677,0.0,exact,exact,metro_other,Q3,Constrained Bayesian posterior estimate; not an observed or recovered true suppressed count.
01083,Limestone County,01,Alabama,16.0,16.0,16.0,16.0,2.4496444953426133,2.4496444953426133,2.4496444953426133,2.4496444953426133,0.0,exact,exact,metro_other,Q2,Constrained Bayesian posterior estimate; not an observed or recovered true suppressed count.
01085,Lowndes County,01,Alabama,1.20525,1.0,1.0,2.0,2.066934197664249,1.7149422921918678,1.7149422921918678,3.4298845843837356,0.18116666666666667,suppressed_1_9,suppressed_1_9,metro_other,Q4_highest,Constrained Bayesian posterior estimate; not an observed or recovered true suppressed count.
01087,Macon County,01,Alabama,2.644083333333333,2.0,2.0,5.0,2.4058336290486464,1.8197865390389707,1.8197865390389707,4.549466347597427,0.14166666666666666,suppressed_1_9,suppressed_1_9,metro_other,Q4_highest,Constrained Bayesian posterior estimate; not an observed or recovered true suppressed count.
01089,Madison County,01,Alabama,38.0,38.0,38.0,38.0,1.5918944088060247,1.5918944088060247,1.5918944088060247,1.5918944088060247,0.0,exact,exact,metro_other,Q2,Constrained Bayesian posterior estimate; not an observed or recovered true suppressed count.
01091,Marengo County,01,Alabama,5.426083333333334,5.0,4.0,8.0,4.8217707990841205,4.443141123048351,3.5545128984386802,7.1090257968773605,1.0,suppressed_1_9,suppressed_1_9,nonmetro_adjacent,Q3,Constrained Bayesian posterior estimate; not an observed or recovered true suppressed count.
01093,Marion County,01,Alabama,7.016166666666667,7.0,5.0,9.0,3.9778471982054002,3.9686814339412972,2.8347724528152125,5.102590415067382,0.8821666666666667,suppressed_1_9,suppressed_1_9,nonmetro_nonadjacent,Q3,Constrained Bayesian posterior estimate; not an observed or recovered true suppressed count.
01095,Marshall County,01,Alabama,17.0,17.0,17.0,17.0,2.8603782093022856,2.8603782093022865,2.8603782093022865,2.8603782093022865,0.0,exact,exact,nonmetro_adjacent,Q3,Constrained Bayesian posterior estimate; not an observed or recovered true suppressed count.
01097,Mobile County,01,Alabama,101.0,101.0,101.0,101.0,4.081815753303139,4.081815753303139,4.081815753303139,4.081815753303139,1.0,exact,exact,metro_other,Q4_highest,Constrained Bayesian posterior estimate; not an observed or recovered true suppressed count.
01099,Monroe County,01,Alabama,1.4276666666666666,1.0,1.0,3.0,1.2044770662842037,0.843668269636379,0.843668269636379,2.5310048089091373,0.017055555555555556,suppressed_1_9,suppressed_1_9,nonmetro_adjacent,Q3,Constrained Bayesian posterior estimate; not an observed or recovered true suppressed count.
01101,Montgomery County,01,Alabama,32.0,32.0,32.0,32.0,2.360240567519845,2.3602405675198446,2.3602405675198446,2.3602405675198446,0.0,exact,exact,metro_other,Q4_highest,Constrained Bayesian posterior estimate; not an observed or recovered true suppressed count.
01103,Morgan County,01,Alabama,14.0,14.0,14.0,14.0,1.8953290968215333,1.895329096821533,1.895329096821533,1.895329096821533,0.0,exact,exact,metro_other,Q3,Constrained Bayesian posterior estimate; not an observed or recovered true suppressed count.
01105,Perry County,01,Alabama,3.5794166666666665,3.0,3.0,5.0,7.237431843149943,6.065875406919142,6.065875406919142,10.109792344865237,1.0,suppressed_1_9,suppressed_1_9,nonmetro_adjacent,Q4_highest,Constrained Bayesian posterior estimate; not an observed or recovered true suppressed count.
01107,Pickens County,01,Alabama,6.574944444444444,6.0,5.0,9.0,5.746475125588369,5.243975982589999,4.369979985491667,7.865963973884999,1.0,suppressed_1_9,suppressed_1_9,metro_other,Q4_highest,Constrained Bayesian posterior estimate; not an observed or recovered true suppressed count.
01109,Pike County,01,Alabama,10.0,10.0,10.0,10.0,5.041694816129391,5.0416948161293895,5.0416948161293895,5.0416948161293895,1.0,exact,exact,nonmetro_adjacent,Q4_highest,Constrained Bayesian posterior estimate; not an observed or recovered true suppressed count.
01111,Randolph County,01,Alabama,2.605861111111111,2.0,2.0,5.0,1.9165957731964656,1.4709884306759926,1.4709884306759926,3.677471076689982,0.12830555555555556,suppressed_1_9,suppressed_1_9,nonmetro_adjacent,Q3,Constrained Bayesian posterior estimate; not an observed or recovered true suppressed count.
01113,Russell County,01,Alabama,6.362416666666666,6.0,3.0,9.0,1.8123651687100255,1.709129027847409,0.8545645139237045,2.5636935417711135,0.0,suppressed_1_9,suppressed_1_9,metro_other,Q4_highest,Constrained Bayesian posterior estimate; not an observed or recovered true suppressed count.
01115,St. Clair County,01,Alabama,20.0,20.0,20.0,20.0,3.57519529504299,3.5751952950429913,3.5751952950429913,3.5751952950429913,1.0,exact,exact,metro_large,Q2,Constrained Bayesian posterior estimate; not an observed or recovered true suppressed count.
01117,Shelby County,01,Alabama,34.0,34.0,34.0,34.0,2.4906308328376494,2.490630832837649,2.490630832837649,2.490630832837649,0.0,exact,exact,metro_large,Q1_lowest,Constrained Bayesian posterior estimate; not an observed or recovered true suppressed count.
01119,Sumter County,01,Alabama,2.4225555555555554,2.0,2.0,4.0,3.3645203054810984,2.777662041859367,2.777662041859367,5.555324083718734,0.3356388888888889,suppressed_1_9,suppressed_1_9,nonmetro_adjacent,Q4_highest,Constrained Bayesian posterior estimate; not an observed or recovered true suppressed count.
01121,Talladega County,01,Alabama,14.0,14.0,14.0,14.0,2.8883964860593614,2.888396486059361,2.888396486059361,2.888396486059361,0.0,exact,exact,nonmetro_adjacent,Q4_highest,Constrained Bayesian posterior estimate; not an observed or recovered true suppressed count.
01123,Tallapoosa County,01,Alabama,6.891583333333333,7.0,4.0,9.0,2.8258554894017176,2.8703111417277634,1.6401777952730074,3.690400039364267,0.368,suppressed_1_9,suppressed_1_9,nonmetro_adjacent,Q4_highest,Constrained Bayesian posterior estimate; not an observed or recovered true suppressed count.
01125,Tuscaloosa County,01,Alabama,21.0,21.0,21.0,21.0,1.5413013721251974,1.5413013721251978,1.5413013721251978,1.5413013721251978,0.0,exact,exact,metro_other,Q3,Constrained Bayesian posterior estimate; not an observed or recovered true suppressed count.
01127,Walker County,01,Alabama,11.0,11.0,11.0,11.0,2.851151735703418,2.851151735703418,2.851151735703418,2.851151735703418,0.0,exact,exact,metro_large,Q3,Constrained Bayesian posterior estimate; not an observed or recovered true suppressed count.
01129,Washington County,01,Alabama,3.56925,3.0,3.0,5.0,3.85402382006457,3.2393560160240145,3.2393560160240145,5.398926693373357,1.0,suppressed_1_9,suppressed_1_9,nonmetro_adjacent,Q2,Constrained Bayesian posterior estimate; not an observed or recovered true suppressed count.
01131,Wilcox County,01,Alabama,2.4118055555555555,2.0,2.0,4.0,3.9607271041918697,3.2844497725518536,3.2844497725518536,6.568899545103707,1.0,suppressed_1_9,suppressed_1_9,nonmetro_nonadjacent,Q4_highest,Constrained Bayesian posterior estimate; not an observed or recovered true suppressed count.
01133,Winston County,01,Alabama,4.366666666666666,4.0,3.0,7.0,3.074597720573048,2.8164253928913423,2.112319044668507,4.928744437559849,0.3918611111111111,suppressed_1_9,suppressed_1_9,nonmetro_adjacent,Q3,Constrained Bayesian posterior estimate; not an observed or recovered true suppressed count.
02013,Aleutians East Borough,02,Alaska,0.0,0.0,0.0,0.0,0.0,0.0,0.0,0.0,0.0,zero,zero,nonmetro_nonadjacent,Q4_highest,Constrained Bayesian posterior estimate; not an observed or recovered true suppressed count.
02016,Aleutians West Census Area,02,Alaska,0.0,0.0,0.0,0.0,0.0,0.0,0.0,0.0,0.0,zero,zero,nonmetro_nonadjacent,Q3,Constrained Bayesian posterior estimate; not an observed or recovered true suppressed count.
02020,Anchorage Municipality,02,Alaska,47.0,47.0,47.0,47.0,2.7230023012266265,2.7230023012266256,2.7230023012266256,2.7230023012266256,0.0,exact,exact,metro_other,Q3,Constrained Bayesian posterior estimate; not an observed or recovered true suppressed count.
02050,Bethel Census Area,02,Alaska,4.7051944444444445,5.0,3.0,7.0,4.273642068379483,4.541408563279987,2.724845137967992,6.357971988591982,0.8239166666666666,suppressed_1_9,suppressed_1_9,nonmetro_nonadjacent,Q4_highest,Constrained Bayesian posterior estimate; not an observed or recovered true suppressed count.
02060,Bristol Bay Borough,02,Alaska,0.0,0.0,0.0,0.0,0.0,0.0,0.0,0.0,0.0,zero,zero,nonmetro_nonadjacent,Q1_lowest,Constrained Bayesian posterior estimate; not an observed or recovered true suppressed count.
02068,Denali Borough,02,Alaska,0.0,0.0,0.0,0.0,0.0,0.0,0.0,0.0,0.0,zero,zero,nonmetro_nonadjacent,Q1_lowest,Constrained Bayesian posterior estimate; not an observed or recovered true suppressed count.
02070,Dillingham Census Area,02,Alaska,1.0979444444444444,1.0,1.0,2.0,3.853383092143488,3.5096339451795173,3.5096339451795173,7.019267890359035,1.0,suppressed_1_9,suppressed_1_9,nonmetro_nonadjacent,Q4_highest,Constrained Bayesian posterior estimate; not an observed or recovered true suppressed count.
02090,Fairbanks North Star Borough,02,Alaska,22.0,22.0,22.0,22.0,3.837834066010745,3.837834066010746,3.837834066010746,3.837834066010746,1.0,exact,exact,metro_other,Q2,Constrained Bayesian posterior estimate; not an observed or recovered true suppressed count.
02100,Haines Borough,02,Alaska,1.0480277777777778,1.0,1.0,2.0,7.794925829511176,7.437709185570845,7.437709185570845,14.87541837114169,1.0,suppressed_1_9,suppressed_1_9,nonmetro_nonadjacent,Q2,Constrained Bayesian posterior estimate; not an observed or recovered true suppressed count.
02105,Hoonah-Angoon Census Area,02,Alaska,1.0813055555555555,1.0,1.0,2.0,8.020364601361488,7.417297136923305,7.417297136923305,14.83459427384661,1.0,suppressed_1_9,suppressed_1_9,nonmetro_nonadjacent,Q3,Constrained Bayesian posterior estimate; not an observed or recovered true suppressed count.
02110,Juneau City and Borough,02,Alaska,5.123861111111111,5.0,3.0,8.0,2.688166871858008,2.623184756148745,1.573910853689247,4.197095609837993,0.3657222222222222,suppressed_1_9,suppressed_1_9,nonmetro_nonadjacent,Q2,Constrained Bayesian posterior estimate; not an observed or recovered true suppressed count.
02122,Kenai Peninsula Borough,02,Alaska,8.623694444444444,9.0,7.0,9.0,2.3884314407937834,2.4926535959297738,1.938730574612046,2.4926535959297738,0.0,suppressed_1_9,suppressed_1_9,nonmetro_nonadjacent,Q2,Constrained Bayesian posterior estimate; not an observed or recovered true suppressed count.
02130,Ketchikan Gateway Borough,02,Alaska,1.4919722222222223,1.0,1.0,3.0,1.8071806756731292,1.2112696528501175,1.2112696528501175,3.633808958550352,0.09616666666666666,suppressed_1_9,suppressed_1_9,nonmetro_nonadjacent,Q3,Constrained Bayesian posterior estimate; not an observed or recovered true suppressed count.
02150,Kodiak Island Borough,02,Alaska,1.3738333333333332,1.0,1.0,3.0,1.790804178180997,1.3035090463527816,1.3035090463527816,3.9105271390583454,0.059805555555555556,suppressed_1_9,suppressed_1_9,nonmetro_nonadjacent,Q3,Constrained Bayesian posterior estimate; not an observed or recovered true suppressed count.
02164,Lake and Peninsula Borough,02,Alaska,0.0,0.0,0.0,0.0,0.0,0.0,0.0,0.0,0.0,zero,zero,nonmetro_nonadjacent,Q4_highest,Constrained Bayesian posterior estimate; not an observed or recovered true suppressed count.
02170,Matanuska-Susitna Borough,02,Alaska,19.0,19.0,19.0,19.0,2.813176920696542,2.8131769206965425,2.8131769206965425,2.8131769206965425,0.0,exact,exact,metro_other,Q2,Constrained Bayesian posterior estimate; not an observed or recovered true suppressed count.
02180,Nome Census Area,02,Alaska,3.7604166666666665,4.0,3.0,6.0,6.35076786237024,6.755387421468622,5.066540566101466,10.133081132202932,1.0,suppressed_1_9,suppressed_1_9,nonmetro_nonadjacent,Q4_highest,Constrained Bayesian posterior estimate; not an observed or recovered true suppressed count.
02185,North Slope Borough,02,Alaska,0.0,0.0,0.0,0.0,0.0,0.0,0.0,0.0,0.0,zero,zero,nonmetro_nonadjacent,Q4_highest,Constrained Bayesian posterior estimate; not an observed or recovered true suppressed count.
02188,Northwest Arctic Borough,02,Alaska,2.376638888888889,2.0,2.0,4.0,5.3117557805441935,4.469972956663612,4.469972956663612,8.939945913327223,1.0,suppressed_1_9,suppressed_1_9,nonmetro_nonadjacent,Q4_highest,Constrained Bayesian posterior estimate; not an observed or recovered true suppressed count.
02195,Petersburg Borough,02,Alaska,0.0,0.0,0.0,0.0,0.0,0.0,0.0,0.0,0.0,zero,zero,nonmetro_nonadjacent,Q3,Constrained Bayesian posterior estimate; not an observed or recovered true suppressed count.
02198,Prince of Wales-Hyder Census Area,02,Alaska,1.1642222222222223,1.0,1.0,2.0,3.3101766291041534,2.8432515424639617,2.8432515424639617,5.6865030849279234,0.14833333333333334,suppressed_1_9,suppressed_1_9,nonmetro_nonadjacent,Q4_highest,Constrained Bayesian posterior estimate; not an observed or recovered true suppressed count.
02220,Sitka City and Borough,02,Alaska,2.3707777777777777,2.0,2.0,4.0,4.711028093509613,3.9742468802161985,3.9742468802161985,7.948493760432397,1.0,suppressed_1_9,suppressed_1_9,nonmetro_nonadjacent,Q2,Constrained Bayesian posterior estimate; not an observed or recovered true suppressed count.
02230,Skagway Municipality,02,Alaska,0.0,0.0,0.0,0.0,0.0,0.0,0.0,0.0,0.0,zero,zero,nonmetro_nonadjacent,Q2,Constrained Bayesian posterior estimate; not an observed or recovered true suppressed count.
02240,Southeast Fairbanks Census Area,02,Alaska,1.1218611111111112,1.0,1.0,2.0,2.656487203976016,2.367928772702517,2.367928772702517,4.735857545405034,0.11447222222222223,suppressed_1_9,suppressed_1_9,nonmetro_nonadjacent,Q3,Constrained Bayesian posterior estimate; not an observed or recovered true suppressed count.
02261,Valdez-Cordova Census Area,02,Alaska,2.4892777777777777,2.0,2.0,4.0,4.424596121183395,3.5549235691432632,3.5549235691432632,7.1098471382865265,1.0,suppressed_1_9,suppressed_1_9,nonmetro_nonadjacent,Q4_highest,Constrained Bayesian posterior estimate; not an observed or recovered true suppressed count.
02270,Wade Hampton Census Area,02,Alaska,4.823444444444444,5.0,4.0,7.0,9.798371715612255,10.157027647429256,8.125622117943404,14.21983870640096,1.0,suppressed_1_9,suppressed_1_9,nonmetro_nonadjacent,Q4_highest,Constrained Bayesian posterior estimate; not an observed or recovered true suppressed count.
02275,Wrangell City and Borough,02,Alaska,1.0607222222222221,1.0,1.0,2.0,7.996398207480002,7.538635506973238,7.538635506973238,15.077271013946476,1.0,suppressed_1_9,suppressed_1_9,nonmetro_nonadjacent,Q3,Constrained Bayesian posterior estimate; not an observed or recovered true suppressed count.
02282,Yakutat City and Borough,02,Alaska,0.0,0.0,0.0,0.0,0.0,0.0,0.0,0.0,0.0,zero,zero,nonmetro_nonadjacent,Q2,Constrained Bayesian posterior estimate; not an observed or recovered true suppressed count.
02290,Yukon-Koyukuk Census Area,02,Alaska,2.2868055555555555,2.0,2.0,4.0,7.37941061523623,6.453902997837942,6.453902997837942,12.907805995675885,1.0,suppressed_1_9,suppressed_1_9,nonmetro_adjacent,Q4_highest,Constrained Bayesian posterior estimate; not an observed or recovered true suppressed count.
04001,Apache County,04,Arizona,17.0,17.0,17.0,17.0,4.201130351189784,4.201130351189785,4.201130351189785,4.201130351189785,1.0,exact,exact,nonmetro_adjacent,Q4_highest,Constrained Bayesian posterior estimate; not an observed or recovered true suppressed count.
04003,Cochise County,04,Arizona,33.0,33.0,33.0,33.0,4.3679797961079965,4.367979796107997,4.367979796107997,4.367979796107997,1.0,exact,exact,metro_other,Q4_highest,Constrained Bayesian posterior estimate; not an observed or recovered true suppressed count.
04005,Coconino County,04,Arizona,34.0,34.0,34.0,34.0,3.9319904429502874,3.9319904429502883,3.9319904429502883,3.9319904429502883,1.0,exact,exact,metro_other,Q4_highest,Constrained Bayesian posterior estimate; not an observed or recovered true suppressed count.
04007,Gila County,04,Arizona,10.0,10.0,10.0,10.0,3.087296392802896,3.087296392802895,3.087296392802895,3.087296392802895,1.0,exact,exact,nonmetro_adjacent,Q4_highest,Constrained Bayesian posterior estimate; not an observed or recovered true suppressed count.
04009,Graham County,04,Arizona,7.0353055555555555,7.0,5.0,9.0,2.9855653254721344,2.9705827434604744,2.121844816757482,3.8193206701634668,0.6629166666666667,suppressed_1_9,suppressed_1_9,nonmetro_nonadjacent,Q4_highest,Constrained Bayesian posterior estimate; not an observed or recovered true suppressed count.
04011,Greenlee County,04,Arizona,2.163666666666667,2.0,2.0,3.0,3.8414648580829955,3.5508841701583695,3.5508841701583695,5.326326255237554,1.0,suppressed_1_9,suppressed_1_9,nonmetro_nonadjacent,Q2,Constrained Bayesian posterior estimate; not an observed or recovered true suppressed count.
04012,La Paz County,04,Arizona,4.105388888888889,4.0,3.0,6.0,3.7593759284356705,3.6628694919600018,2.7471521189700012,5.4943042379400024,0.6864166666666667,suppressed_1_9,suppressed_1_9,nonmetro_adjacent,Q4_highest,Constrained Bayesian posterior estimate; not an observed or recovered true suppressed count.
04013,Maricopa County,04,Arizona,765.0,765.0,765.0,765.0,2.794870327881035,2.7948703278810343,2.7948703278810343,2.7948703278810343,0.0,exact,exact,metro_large,Q3,Constrained Bayesian posterior estimate; not an observed or recovered true suppressed count.
04015,Mohave County,04,Arizona,49.0,49.0,49.0,49.0,3.7175962174596524,3.717596217459653,3.717596217459653,3.717596217459653,1.0,exact,exact,metro_other,Q4_highest,Constrained Bayesian posterior estimate; not an observed or recovered true suppressed count.
04017,Navajo County,04,Arizona,27.0,27.0,27.0,27.0,4.100078357053048,4.100078357053047,4.100078357053047,4.100078357053047,1.0,exact,exact,nonmetro_adjacent,Q4_highest,Constrained Bayesian posterior estimate; not an observed or recovered true suppressed count.
04019,Pima County,04,Arizona,209.0,209.0,209.0,209.0,3.2854444436060533,3.2854444436060533,3.2854444436060533,3.2854444436060533,1.0,exact,exact,metro_large,Q4_highest,Constrained Bayesian posterior estimate; not an observed or recovered true suppressed count.
04021,Pinal County,04,Arizona,76.0,76.0,76.0,76.0,2.661596558695734,2.6615965586957335,2.6615965586957335,2.6615965586957335,0.0,exact,exact,metro_large,Q4_highest,Constrained Bayesian posterior estimate; not an observed or recovered true suppressed count.
04023,Santa Cruz County,04,Arizona,6.6956388888888885,7.0,4.0,9.0,2.311918239066098,2.417010227406134,1.3811487013749335,3.1075845780936007,0.07583333333333334,suppressed_1_9,suppressed_1_9,nonmetro_adjacent,Q4_highest,Constrained Bayesian posterior estimate; not an observed or recovered true suppressed count.
04025,Yavapai County,04,Arizona,62.0,62.0,62.0,62.0,4.232477712932883,4.232477712932882,4.232477712932882,4.232477712932882,1.0,exact,exact,metro_other,Q3,Constrained Bayesian posterior estimate; not an observed or recovered true suppressed count.
04027,Yuma County,04,Arizona,37.0,37.0,37.0,37.0,2.8906837170130024,2.8906837170130015,2.8906837170130015,2.8906837170130015,0.0,exact,exact,metro_other,Q4_highest,Constrained Bayesian posterior estimate; not an observed or recovered true suppressed count.
05001,Arkansas County,05,Arkansas,2.8649444444444443,3.0,2.0,5.0,2.8518260446391044,2.9862631893290863,1.9908421262193907,4.977105315548477,0.5570555555555555,suppressed_1_9,suppressed_1_9,nonmetro_adjacent,Q3,Constrained Bayesian posterior estimate; not an observed or recovered true suppressed count.
05003,Ashley County,05,Arkansas,1.6890277777777778,1.0,1.0,4.0,1.5044337559256953,0.8907098957869422,0.8907098957869422,3.5628395831477686,0.04766666666666667,suppressed_1_9,suppressed_1_9,nonmetro_nonadjacent,Q4_highest,Constrained Bayesian posterior estimate; not an observed or recovered true suppressed count.
05005,Baxter County,05,Arkansas,7.557972222222222,8.0,5.0,9.0,2.9681592170056046,3.141751919414063,1.9635949496337894,3.534470909340821,0.574,suppressed_1_9,suppressed_1_9,nonmetro_nonadjacent,Q2,Constrained Bayesian posterior estimate; not an observed or recovered true suppressed count.
05007,Benton County,05,Arkansas,35.0,35.0,35.0,35.0,1.94763748790378,1.94763748790378,1.94763748790378,1.94763748790378,0.0,exact,exact,metro_other,Q2,Constrained Bayesian posterior estimate; not an observed or recovered true suppressed count.
05009,Boone County,05,Arkansas,4.058944444444444,4.0,2.0,8.0,1.777611357092562,1.7517966864765675,0.8758983432382837,3.503593372953135,0.07505555555555556,suppressed_1_9,suppressed_1_9,nonmetro_nonadjacent,Q2,Constrained Bayesian posterior estimate; not an observed or recovered true suppressed count.
05011,Bradley County,05,Arkansas,1.3352777777777778,1.0,1.0,3.0,2.154229765387484,1.6133195663397006,1.6133195663397006,4.8399586990191015,0.26905555555555555,suppressed_1_9,suppressed_1_9,nonmetro_nonadjacent,Q4_highest,Constrained Bayesian posterior estimate; not an observed or recovered true suppressed count.
05013,Calhoun County,05,Arkansas,1.083388888888889,1.0,1.0,2.0,3.726956169420651,3.4400908183976058,3.4400908183976058,6.8801816367952116,1.0,suppressed_1_9,suppressed_1_9,nonmetro_nonadjacent,Q2,Constrained Bayesian posterior estimate; not an observed or recovered true suppressed count.
05015,Carroll County,05,Arkansas,6.693027777777778,7.0,4.0,9.0,3.9000249265960307,4.078897532266993,2.330798589866853,5.24429682720042,0.7765833333333333,suppressed_1_9,suppressed_1_9,nonmetro_adjacent,Q3,Constrained Bayesian posterior estimate; not an observed or recovered true suppressed count.
05017,Chicot County,05,Arkansas,2.5730833333333334,2.0,2.0,5.0,4.380163647918653,3.404603023287484,3.404603023287484,8.511507558218712,1.0,suppressed_1_9,suppressed_1_9,nonmetro_nonadjacent,Q4_highest,Constrained Bayesian posterior estimate; not an observed or recovered true suppressed count.
05019,Clark County,05,Arkansas,7.353055555555556,7.0,5.0,9.0,5.69174811558005,5.418459918877914,3.8703285134842242,6.966591324271604,1.0,suppressed_1_9,suppressed_1_9,nonmetro_nonadjacent,Q4_highest,Constrained Bayesian posterior estimate; not an observed or recovered true suppressed count.
05021,Clay County,05,Arkansas,4.040333333333334,4.0,3.0,7.0,4.706051358507855,4.6590723786894035,3.4943042840170517,8.153376662706457,1.0,suppressed_1_9,suppressed_1_9,nonmetro_nonadjacent,Q2,Constrained Bayesian posterior estimate; not an observed or recovered true suppressed count.
05023,Cleburne County,05,Arkansas,13.0,13.0,13.0,13.0,8.5953822961572,8.595382296157203,8.595382296157203,8.595382296157203,1.0,exact,exact,nonmetro_adjacent,Q2,Constrained Bayesian posterior estimate; not an observed or recovered true suppressed count.
05025,Cleveland County,05,Arkansas,3.548,3.0,3.0,5.0,7.774052893358752,6.573325445342799,6.573325445342799,10.955542408904666,1.0,suppressed_1_9,suppressed_1_9,nonmetro_adjacent,Q2,Constrained Bayesian posterior estimate; not an observed or recovered true suppressed count.
05027,Columbia County,05,Arkansas,3.278888888888889,3.0,2.0,6.0,2.4136097820308344,2.208317997791682,1.472211998527788,4.416635995583364,0.3565833333333333,suppressed_1_9,suppressed_1_9,nonmetro_nonadjacent,Q4_highest,Constrained Bayesian posterior estimate; not an observed or recovered true suppressed count.
05029,Conway County,05,Arkansas,6.056861111111111,6.0,4.0,9.0,4.795576528381494,4.750556210956367,3.1670374739709106,7.125834316434549,1.0,suppressed_1_9,suppressed_1_9,nonmetro_adjacent,Q3,Constrained Bayesian posterior estimate; not an observed or recovered true suppressed count.
05031,Craighead County,05,Arkansas,23.0,23.0,23.0,23.0,3.3940474310750144,3.394047431075013,3.394047431075013,3.394047431075013,1.0,exact,exact,metro_other,Q4_highest,Constrained Bayesian posterior estimate; not an observed or recovered true suppressed count.
05033,Crawford County,05,Arkansas,15.0,15.0,15.0,15.0,4.029355195719213,4.029355195719213,4.029355195719213,4.029355195719213,1.0,exact,exact,metro_other,Q4_highest,Constrained Bayesian posterior estimate; not an observed or recovered true suppressed count.
05035,Crittenden County,05,Arkansas,14.0,14.0,14.0,14.0,4.930810167330564,4.930810167330565,4.930810167330565,4.930810167330565,1.0,exact,exact,metro_large,Q4_highest,Constrained Bayesian posterior estimate; not an observed or recovered true suppressed count.
05037,Cross County,05,Arkansas,2.9981388888888887,3.0,2.0,6.0,3.0451251702660946,3.0470154483683234,2.031343632245549,6.094030896736647,0.6019722222222222,suppressed_1_9,suppressed_1_9,nonmetro_adjacent,Q4_highest,Constrained Bayesian posterior estimate; not an observed or recovered true suppressed count.
05039,Dallas County,05,Arkansas,5.830472222222222,6.0,5.0,8.0,15.116207052506345,15.555728396982188,12.963106997485157,20.740971195976254,1.0,suppressed_1_9,suppressed_1_9,nonmetro_adjacent,Q3,Constrained Bayesian posterior estimate; not an observed or recovered true suppressed count.
05041,Desha County,05,Arkansas,1.3584444444444443,1.0,1.0,3.0,2.0856789971817915,1.5353436098998958,1.5353436098998958,4.606030829699687,0.2861666666666667,suppressed_1_9,suppressed_1_9,nonmetro_nonadjacent,Q4_highest,Constrained Bayesian posterior estimate; not an observed or recovered true suppressed count.
05043,Drew County,05,Arkansas,5.9744166666666665,6.0,4.0,9.0,5.7392784294135915,5.763854866134471,3.842569910756314,8.645782299201707,1.0,suppressed_1_9,suppressed_1_9,nonmetro_nonadjacent,Q4_highest,Constrained Bayesian posterior estimate; not an observed or recovered true suppressed count.
05045,Faulkner County,05,Arkansas,38.0,38.0,38.0,38.0,4.952695243718224,4.952695243718223,4.952695243718223,4.952695243718223,1.0,exact,exact,metro_other,Q3,Constrained Bayesian posterior estimate; not an observed or recovered true suppressed count.
05047,Franklin County,05,Arkansas,4.389444444444444,4.0,3.0,7.0,4.176048372604362,3.8055370564170867,2.8541527923128154,6.659689848729902,0.7273055555555555,suppressed_1_9,suppressed_1_9,nonmetro_adjacent,Q3,Constrained Bayesian posterior estimate; not an observed or recovered true suppressed count.
05049,Fulton County,05,Arkansas,6.594111111111111,6.0,5.0,9.0,8.868774358606506,8.069722401549386,6.724768667957822,12.10458360232408,1.0,suppressed_1_9,suppressed_1_9,nonmetro_nonadjacent,Q3,Constrained Bayesian posterior estimate; not an observed or recovered true suppressed count.
05051,Garland County,05,Arkansas,19.0,19.0,19.0,19.0,3.1704712321452395,3.1704712321452404,3.1704712321452404,3.1704712321452404,1.0,exact,exact,metro_other,Q4_highest,Constrained Bayesian posterior estimate; not an observed or recovered true suppressed count.
05053,Grant County,05,Arkansas,2.6109722222222222,2.0,2.0,5.0,2.3759222354674296,1.8199521352588426,1.8199521352588426,4.549880338147107,0.13233333333333333,suppressed_1_9,suppressed_1_9,metro_other,Q1_lowest,Constrained Bayesian posterior estimate; not an observed or recovered true suppressed count.
05055,Greene County,05,Arkansas,11.0,11.0,11.0,11.0,3.965993409240043,3.9659934092400433,3.9659934092400433,3.9659934092400433,1.0,exact,exact,nonmetro_adjacent,Q3,Constrained Bayesian posterior estimate; not an observed or recovered true suppressed count.
05057,Hempstead County,05,Arkansas,7.364361111111111,7.0,5.0,9.0,6.1175952077679945,5.814919421830869,4.153513872736335,7.476324970925402,1.0,suppressed_1_9,suppressed_1_9,nonmetro_adjacent,Q4_highest,Constrained Bayesian posterior estimate; not an observed or recovered true suppressed count.
05059,Hot Spring County,05,Arkansas,5.602361111111111,5.0,3.0,9.0,2.794473818391416,2.4940143655227454,1.4964086193136472,4.489225857940942,0.4944722222222222,suppressed_1_9,suppressed_1_9,nonmetro_adjacent,Q3,Constrained Bayesian posterior estimate; not an observed or recovered true suppressed count.
05061,Howard County,05,Arkansas,4.111805555555556,4.0,3.0,7.0,5.375893046512507,5.2297152420050725,3.9222864315038044,9.152001673508877,1.0,suppressed_1_9,suppressed_1_9,nonmetro_adjacent,Q4_highest,Constrained Bayesian posterior estimate; not an observed or recovered true suppressed count.
05063,Independence County,05,Arkansas,7.981027777777777,8.0,6.0,9.0,3.501756259034192,3.5100805124717547,2.632560384353816,3.9488405765307246,0.8976944444444445,suppressed_1_9,suppressed_1_9,nonmetro_nonadjacent,Q4_highest,Constrained Bayesian posterior estimate; not an observed or recovered true suppressed count.
05065,Izard County,05,Arkansas,2.7167777777777777,2.0,2.0,5.0,3.247364695351211,2.3906001601702105,2.3906001601702105,5.976500400425527,0.4915833333333333,suppressed_1_9,suppressed_1_9,nonmetro_nonadjacent,Q3,Constrained Bayesian posterior estimate; not an observed or recovered true suppressed count.
05067,Jackson County,05,Arkansas,5.552666666666667,5.0,4.0,8.0,5.538985372795862,4.987680429339531,3.990144343471625,7.98028868694325,1.0,suppressed_1_9,suppressed_1_9,nonmetro_adjacent,Q3,Constrained Bayesian posterior estimate; not an observed or recovered true suppressed count.
05069,Jefferson County,05,Arkansas,17.0,17.0,17.0,17.0,4.362990547709302,4.362990547709302,4.362990547709302,4.362990547709302,1.0,exact,exact,nonmetro_adjacent,Q4_highest,Constrained Bayesian posterior estimate; not an observed or recovered true suppressed count.
05071,Johnson County,05,Arkansas,6.420277777777778,6.0,4.0,9.0,4.083159145866634,3.8158714814485046,2.54391432096567,5.723807222172757,0.9122222222222223,suppressed_1_9,suppressed_1_9,nonmetro_nonadjacent,Q4_highest,Constrained Bayesian posterior estimate; not an observed or recovered true suppressed count.
05073,Lafayette County,05,Arkansas,3.5701388888888888,3.0,3.0,5.0,9.496565645818187,7.979996808001277,7.979996808001277,13.299994680002127,1.0,suppressed_1_9,suppressed_1_9,nonmetro_adjacent,Q4_highest,Constrained Bayesian posterior estimate; not an observed or recovered true suppressed count.
05075,Lawrence County,05,Arkansas,1.488,1.0,1.0,3.0,1.519359581767685,1.0210749877471001,1.0210749877471001,3.0632249632413,0.10005555555555555,suppressed_1_9,suppressed_1_9,nonmetro_adjacent,Q3,Constrained Bayesian posterior estimate; not an observed or recovered true suppressed count.
05077,Lee County,05,Arkansas,2.415888888888889,2.0,2.0,4.0,4.769017507380649,3.948043744324687,3.948043744324687,7.896087488649374,1.0,suppressed_1_9,suppressed_1_9,nonmetro_adjacent,Q4_highest,Constrained Bayesian posterior estimate; not an observed or recovered true suppressed count.
05079,Lincoln County,05,Arkansas,4.824388888888889,5.0,4.0,7.0,6.210033710773858,6.436083257173014,5.148866605738411,9.01051656004222,1.0,suppressed_1_9,suppressed_1_9,nonmetro_nonadjacent,Q3,Constrained Bayesian posterior estimate; not an observed or recovered true suppressed count.
05081,Little River County,05,Arkansas,5.050805555555556,5.0,4.0,8.0,7.050751107078322,6.979828296223912,5.583862636979131,11.167725273958261,1.0,suppressed_1_9,suppressed_1_9,metro_other,Q2,Constrained Bayesian posterior estimate; not an observed or recovered true suppressed count.
05083,Logan County,05,Arkansas,4.904888888888889,5.0,3.0,8.0,3.825936528489551,3.9001255840438063,2.3400753504262837,6.24020093447009,0.8306666666666667,suppressed_1_9,suppressed_1_9,nonmetro_adjacent,Q3,Constrained Bayesian posterior estimate; not an observed or recovered true suppressed count.
05085,Lonoke County,05,Arkansas,36.0,36.0,36.0,36.0,8.008720606883049,8.00872060688305,8.00872060688305,8.00872060688305,1.0,exact,exact,metro_other,Q2,Constrained Bayesian posterior estimate; not an observed or recovered true suppressed count.
05087,Madison County,05,Arkansas,4.226388888888889,4.0,3.0,7.0,4.0911359348817,3.871991946256752,2.903993959692564,6.775985905949315,0.6835833333333333,suppressed_1_9,suppressed_1_9,metro_other,Q3,Constrained Bayesian posterior estimate; not an observed or recovered true suppressed count.
05089,Marion County,05,Arkansas,2.8745,3.0,2.0,5.0,2.7955807552784893,2.9176351594487615,1.9450901062991743,4.862725265747936,0.22102777777777777,suppressed_1_9,suppressed_1_9,nonmetro_nonadjacent,Q2,Constrained Bayesian posterior estimate; not an observed or recovered true suppressed count.
05091,Miller County,05,Arkansas,12.0,12.0,12.0,12.0,4.687353520202493,4.687353520202493,4.687353520202493,4.687353520202493,1.0,exact,exact,metro_other,Q4_highest,Constrained Bayesian posterior estimate; not an observed or recovered true suppressed count.
05093,Mississippi County,05,Arkansas,8.018527777777777,8.0,6.0,9.0,3.3972206216859484,3.389370932754881,2.54202819956616,3.8130422993492408,0.9029444444444444,suppressed_1_9,suppressed_1_9,nonmetro_adjacent,Q4_highest,Constrained Bayesian posterior estimate; not an observed or recovered true suppressed count.
05095,Monroe County,05,Arkansas,3.560888888888889,3.0,3.0,5.0,9.024275549022756,7.602828252109785,7.602828252109785,12.671380420182976,1.0,suppressed_1_9,suppressed_1_9,nonmetro_nonadjacent,Q4_highest,Constrained Bayesian posterior estimate; not an observed or recovered true suppressed count.
05097,Montgomery County,05,Arkansas,3.724833333333333,4.0,3.0,6.0,7.123550523692043,7.649792499378454,5.737344374533841,11.474688749067681,1.0,suppressed_1_9,suppressed_1_9,nonmetro_adjacent,Q3,Constrained Bayesian posterior estimate; not an observed or recovered true suppressed count.
05099,Nevada County,05,Arkansas,3.681888888888889,3.0,3.0,6.0,7.5382120035396865,6.142128861863522,6.142128861863522,12.284257723727045,1.0,suppressed_1_9,suppressed_1_9,nonmetro_nonadjacent,Q4_highest,Constrained Bayesian posterior estimate; not an observed or recovered true suppressed count.
05101,Newton County,05,Arkansas,3.4855277777777776,3.0,3.0,5.0,7.969835317551054,6.859651529702291,6.859651529702291,11.432752549503817,1.0,suppressed_1_9,suppressed_1_9,nonmetro_nonadjacent,Q1_lowest,Constrained Bayesian posterior estimate; not an observed or recovered true suppressed count.
05103,Ouachita County,05,Arkansas,4.854416666666666,5.0,3.0,8.0,3.612427848182903,3.7207640961147783,2.232458457668867,5.953222553783645,0.8238333333333333,suppressed_1_9,suppressed_1_9,nonmetro_nonadjacent,Q3,Constrained Bayesian posterior estimate; not an observed or recovered true suppressed count.
05105,Perry County,05,Arkansas,3.5841666666666665,3.0,3.0,6.0,5.852273964252279,4.898439030762197,4.898439030762197,9.796878061524394,1.0,suppressed_1_9,suppressed_1_9,metro_other,Q2,Constrained Bayesian posterior estimate; not an observed or recovered true suppressed count.
05107,Phillips County,05,Arkansas,5.864055555555556,6.0,4.0,9.0,6.113931954537502,6.255669200212692,4.170446133475128,9.383503800319039,1.0,suppressed_1_9,suppressed_1_9,nonmetro_nonadjacent,Q4_highest,Constrained Bayesian posterior estimate; not an observed or recovered true suppressed count.
05109,Pike County,05,Arkansas,5.055722222222222,5.0,4.0,8.0,8.175356514645982,8.085250885334972,6.468200708267978,12.936401416535956,1.0,suppressed_1_9,suppressed_1_9,nonmetro_nonadjacent,Q3,Constrained Bayesian posterior estimate; not an observed or recovered true suppressed count.
05111,Poinsett County,05,Arkansas,5.951777777777778,6.0,4.0,9.0,4.355076193101116,4.390361692630778,2.9269077950871853,6.585542538946166,0.852,suppressed_1_9,suppressed_1_9,metro_other,Q3,Constrained Bayesian posterior estimate; not an observed or recovered true suppressed count.
05113,Polk County,05,Arkansas,4.473694444444445,4.0,3.0,7.0,3.8161360428934703,3.41206677414677,2.5590500806100778,5.971116854756848,0.7456666666666667,suppressed_1_9,suppressed_1_9,nonmetro_nonadjacent,Q3,Constrained Bayesian posterior estimate; not an observed or recovered true suppressed count.
05115,Pope County,05,Arkansas,8.34925,9.0,6.0,9.0,2.164801572279754,2.333528658324734,1.5556857722164892,2.333528658324734,0.0,suppressed_1_9,suppressed_1_9,nonmetro_nonadjacent,Q4_highest,Constrained Bayesian posterior estimate; not an observed or recovered true suppressed count.
05117,Prairie County,05,Arkansas,3.541472222222222,3.0,3.0,5.0,7.346995461324448,6.223679024127129,6.223679024127129,10.372798373545216,1.0,suppressed_1_9,suppressed_1_9,nonmetro_adjacent,Q2,Constrained Bayesian posterior estimate; not an observed or recovered true suppressed count.
05119,Pulaski County,05,Arkansas,131.0,131.0,131.0,131.0,5.497099335942008,5.497099335942007,5.497099335942007,5.497099335942007,1.0,exact,exact,metro_other,Q4_highest,Constrained Bayesian posterior estimate; not an observed or recovered true suppressed count.
05121,Randolph County,05,Arkansas,4.392027777777778,4.0,3.0,7.0,3.926571940009099,3.5760902605181757,2.6820676953886315,6.258157955906807,0.7299722222222222,suppressed_1_9,suppressed_1_9,nonmetro_nonadjacent,Q3,Constrained Bayesian posterior estimate; not an observed or recovered true suppressed count.
05123,St. Francis County,05,Arkansas,13.0,13.0,13.0,13.0,9.366736556931745,9.366736556931745,9.366736556931745,9.366736556931745,1.0,exact,exact,nonmetro_adjacent,Q4_highest,Constrained Bayesian posterior estimate; not an observed or recovered true suppressed count.
05125,Saline County,05,Arkansas,30.0,30.0,30.0,30.0,3.948298349216459,3.94829834921646,3.94829834921646,3.94829834921646,1.0,exact,exact,metro_other,Q2,Constrained Bayesian posterior estimate; not an observed or recovered true suppressed count.
05127,Scott County,05,Arkansas,1.3075555555555556,1.0,1.0,3.0,2.1880113044771674,1.673360107095047,1.673360107095047,5.020080321285141,0.2539166666666667,suppressed_1_9,suppressed_1_9,nonmetro_adjacent,Q4_highest,Constrained Bayesian posterior estimate; not an observed or recovered true suppressed count.
05129,Searcy County,05,Arkansas,4.831611111111111,5.0,4.0,7.0,10.244494860613427,10.601530861056336,8.481224688845069,14.842143205478871,1.0,suppressed_1_9,suppressed_1_9,nonmetro_nonadjacent,Q3,Constrained Bayesian posterior estimate; not an observed or recovered true suppressed count.
05131,Sebastian County,05,Arkansas,27.0,27.0,27.0,27.0,3.4973685539935406,3.497368553993541,3.497368553993541,3.497368553993541,1.0,exact,exact,metro_other,Q4_highest,Constrained Bayesian posterior estimate; not an observed or recovered true suppressed count.
05133,Sevier County,05,Arkansas,1.4113333333333333,1.0,1.0,3.0,1.4618399019455521,1.035786420840023,1.035786420840023,3.107359262520068,0.07383333333333333,suppressed_1_9,suppressed_1_9,nonmetro_adjacent,Q4_highest,Constrained Bayesian posterior estimate; not an observed or recovered true suppressed count.
05135,Sharp County,05,Arkansas,5.901944444444444,6.0,4.0,9.0,5.547148806763829,5.639309748486785,3.7595398323245233,8.458964622730177,1.0,suppressed_1_9,suppressed_1_9,nonmetro_nonadjacent,Q3,Constrained Bayesian posterior estimate; not an observed or recovered true suppressed count.
05137,Stone County,05,Arkansas,1.3668333333333333,1.0,1.0,3.0,1.805783085839102,1.3211435818844792,1.3211435818844792,3.9634307456534374,0.06025,suppressed_1_9,suppressed_1_9,nonmetro_nonadjacent,Q4_highest,Constrained Bayesian posterior estimate; not an observed or recovered true suppressed count.
05139,Union County,05,Arkansas,5.903388888888889,6.0,3.0,9.0,2.596060162749404,2.638545633646734,1.319272816823367,3.957818450470101,0.3580277777777778,suppressed_1_9,suppressed_1_9,nonmetro_nonadjacent,Q3,Constrained Bayesian posterior estimate; not an observed or recovered true suppressed count.
05141,Van Buren County,05,Arkansas,6.043444444444445,6.0,4.0,9.0,6.21907100976007,6.174364040503828,4.116242693669219,9.261546060755743,1.0,suppressed_1_9,suppressed_1_9,nonmetro_adjacent,Q4_highest,Constrained Bayesian posterior estimate; not an observed or recovered true suppressed count.
05143,Washington County,05,Arkansas,25.0,25.0,25.0,25.0,1.6488078789273783,1.648807878927378,1.648807878927378,1.648807878927378,0.0,exact,exact,metro_other,Q4_highest,Constrained Bayesian posterior estimate; not an observed or recovered true suppressed count.
05145,White County,05,Arkansas,33.0,33.0,33.0,33.0,7.021470806639329,7.021470806639332,7.021470806639332,7.021470806639332,1.0,exact,exact,nonmetro_adjacent,Q4_highest,Constrained Bayesian posterior estimate; not an observed or recovered true suppressed count.
05147,Woodruff County,05,Arkansas,0.0,0.0,0.0,0.0,0.0,0.0,0.0,0.0,0.0,zero,zero,nonmetro_nonadjacent,Q4_highest,Constrained Bayesian posterior estimate; not an observed or recovered true suppressed count.
05149,Yell County,05,Arkansas,4.702555555555556,4.0,3.0,8.0,3.8237132924246695,3.2524556039810055,2.4393417029857543,6.504911207962011,0.7940277777777778,suppressed_1_9,suppressed_1_9,nonmetro_nonadjacent,Q4_highest,Constrained Bayesian posterior estimate; not an observed or recovered true suppressed count.
06001,Alameda County,06,California,279.0,279.0,279.0,279.0,2.8231857009590633,2.8231857009590633,2.8231857009590633,2.8231857009590633,0.0,exact,exact,metro_large,Q3,Constrained Bayesian posterior estimate; not an observed or recovered true suppressed count.
06003,Alpine County,06,California,0.0,0.0,0.0,0.0,0.0,0.0,0.0,0.0,0.0,zero,zero,nonmetro_adjacent,Q2,Constrained Bayesian posterior estimate; not an observed or recovered true suppressed count.
06005,Amador County,06,California,8.470638888888889,9.0,7.0,9.0,3.4385547342075444,3.6534425577345413,2.841566433793532,3.6534425577345413,0.8887222222222222,suppressed_1_9,suppressed_1_9,nonmetro_adjacent,Q3,Constrained Bayesian posterior estimate; not an observed or recovered true suppressed count.
06007,Butte County,06,California,38.0,38.0,38.0,38.0,3.00859508110539,3.008595081105389,3.008595081105389,3.008595081105389,1.0,exact,exact,metro_other,Q4_highest,Constrained Bayesian posterior estimate; not an observed or recovered true suppressed count.
06009,Calaveras County,06,California,10.0,10.0,10.0,10.0,3.5962555786914674,3.5962555786914665,3.5962555786914665,3.5962555786914665,1.0,exact,exact,nonmetro_adjacent,Q2,Constrained Bayesian posterior estimate; not an observed or recovered true suppressed count.
06011,Colusa County,06,California,3.173111111111111,3.0,2.0,6.0,2.42135349234329,2.289255000114463,1.5261700000763085,4.578510000228926,0.32722222222222225,suppressed_1_9,suppressed_1_9,nonmetro_adjacent,Q4_highest,Constrained Bayesian posterior estimate; not an observed or recovered true suppressed count.
06013,Contra Costa County,06,California,212.0,212.0,212.0,212.0,3.0495391887362677,3.049539188736268,3.049539188736268,3.049539188736268,1.0,exact,exact,metro_large,Q2,Constrained Bayesian posterior estimate; not an observed or recovered true suppressed count.
06015,Del Norte County,06,California,8.21475,8.0,6.0,9.0,4.991948225571221,4.861448711716091,3.6460865337870687,5.469129800680603,1.0,suppressed_1_9,suppressed_1_9,nonmetro_nonadjacent,Q4_highest,Constrained Bayesian posterior estimate; not an observed or recovered true suppressed count.
06017,El Dorado County,06,California,36.0,36.0,36.0,36.0,3.1123748890135774,3.1123748890135765,3.1123748890135765,3.1123748890135765,1.0,exact,exact,metro_large,Q1_lowest,Constrained Bayesian posterior estimate; not an observed or recovered true suppressed count.
06019,Fresno County,06,California,194.0,194.0,194.0,194.0,3.1960055860905876,3.1960055860905885,3.1960055860905885,3.1960055860905885,1.0,exact,exact,metro_large,Q4_highest,Constrained Bayesian posterior estimate; not an observed or recovered true suppressed count.
06021,Glenn County,06,California,6.885416666666667,7.0,4.0,9.0,4.044226337666101,4.11152813753649,2.3494446500208515,5.286250462546915,0.9582777777777778,suppressed_1_9,suppressed_1_9,nonmetro_adjacent,Q4_highest,Constrained Bayesian posterior estimate; not an observed or recovered true suppressed count.
06023,Humboldt County,06,California,24.0,24.0,24.0,24.0,2.969488505604909,2.9694885056049096,2.9694885056049096,2.9694885056049096,1.0,exact,exact,nonmetro_nonadjacent,Q4_highest,Constrained Bayesian posterior estimate; not an observed or recovered true suppressed count.
06025,Imperial County,06,California,24.0,24.0,24.0,24.0,2.220521878154414,2.2205218781544134,2.2205218781544134,2.2205218781544134,0.0,exact,exact,metro_other,Q4_highest,Constrained Bayesian posterior estimate; not an observed or recovered true suppressed count.
06027,Inyo County,06,California,5.933472222222222,6.0,4.0,9.0,5.355844403323754,5.415895653743738,3.610597102495825,8.123843480615607,1.0,suppressed_1_9,suppressed_1_9,nonmetro_adjacent,Q3,Constrained Bayesian posterior estimate; not an observed or recovered true suppressed count.
06029,Kern County,06,California,184.0,184.0,184.0,184.0,3.3627611485583824,3.362761148558381,3.362761148558381,3.362761148558381,1.0,exact,exact,metro_other,Q4_highest,Constrained Bayesian posterior estimate; not an observed or recovered true suppressed count.
06031,Kings County,06,California,14.0,14.0,14.0,14.0,1.5223166179344116,1.522316617934412,1.522316617934412,1.522316617934412,0.0,exact,exact,metro_other,Q4_highest,Constrained Bayesian posterior estimate; not an observed or recovered true suppressed count.
06033,Lake County,06,California,24.0,24.0,24.0,24.0,5.97812008050535,5.9781200805053505,5.9781200805053505,5.9781200805053505,1.0,exact,exact,nonmetro_adjacent,Q4_highest,Constrained Bayesian posterior estimate; not an observed or recovered true suppressed count.
06035,Lassen County,06,California,4.855638888888889,5.0,3.0,8.0,2.6848539360081882,2.7646762840539,1.65880577043234,4.42348205448624,0.2895,suppressed_1_9,suppressed_1_9,nonmetro_nonadjacent,Q4_highest,Constrained Bayesian posterior estimate; not an observed or recovered true suppressed count.
06037,Los Angeles County,06,California,1769.0,1769.0,1769.0,1769.0,3.000677196357887,3.000677196357887,3.000677196357887,3.000677196357887,1.0,exact,exact,metro_large,Q4_highest,Constrained Bayesian posterior estimate; not an observed or recovered true suppressed count.
06039,Madera County,06,California,29.0,29.0,29.0,29.0,3.011285050319612,3.0112850503196116,3.0112850503196116,3.0112850503196116,1.0,exact,exact,metro_large,Q4_highest,Constrained Bayesian posterior estimate; not an observed or recovered true suppressed count.
06041,Marin County,06,California,40.0,40.0,40.0,40.0,2.5920350650503603,2.59203506505036,2.59203506505036,2.59203506505036,0.0,exact,exact,metro_large,Q2,Constrained Bayesian posterior estimate; not an observed or recovered true suppressed count.
06043,Mariposa County,06,California,3.047388888888889,3.0,2.0,6.0,2.9731493496286605,2.926914934095632,1.9512766227304212,5.853829868191264,0.2858611111111111,suppressed_1_9,suppressed_1_9,nonmetro_adjacent,Q4_highest,Constrained Bayesian posterior estimate; not an observed or recovered true suppressed count.
06045,Mendocino County,06,California,26.0,26.0,26.0,26.0,4.885555854117301,4.885555854117302,4.885555854117302,4.885555854117302,1.0,exact,exact,nonmetro_adjacent,Q4_highest,Constrained Bayesian posterior estimate; not an observed or recovered true suppressed count.
06047,Merced County,06,California,43.0,43.0,43.0,43.0,2.496949946605919,2.496949946605919,2.496949946605919,2.496949946605919,0.0,exact,exact,metro_other,Q4_highest,Constrained Bayesian posterior estimate; not an observed or recovered true suppressed count.
06049,Modoc County,06,California,4.045305555555555,4.0,3.0,7.0,7.814448501082844,7.726930283771514,5.795197712828636,13.522127996600151,1.0,suppressed_1_9,suppressed_1_9,nonmetro_adjacent,Q4_highest,Constrained Bayesian posterior estimate; not an observed or recovered true suppressed count.
06051,Mono County,06,California,1.2610277777777779,1.0,1.0,3.0,1.5518431919490248,1.2306177701206005,1.2306177701206005,3.691853310361801,0.034083333333333334,suppressed_1_9,suppressed_1_9,nonmetro_nonadjacent,Q2,Constrained Bayesian posterior estimate; not an observed or recovered true suppressed count.
06053,Monterey County,06,California,64.0,64.0,64.0,64.0,2.459529215364064,2.459529215364064,2.459529215364064,2.459529215364064,0.0,exact,exact,metro_other,Q4_highest,Constrained Bayesian posterior estimate; not an observed or recovered true suppressed count.
06055,Napa County,06,California,33.0,33.0,33.0,33.0,4.07327450537487,4.0732745053748705,4.0732745053748705,4.0732745053748705,1.0,exact,exact,metro_other,Q3,Constrained Bayesian posterior estimate; not an observed or recovered true suppressed count.
06057,Nevada County,06,California,24.0,24.0,24.0,24.0,3.938474464736706,3.938474464736705,3.938474464736705,3.938474464736705,1.0,exact,exact,nonmetro_adjacent,Q1_lowest,Constrained Bayesian posterior estimate; not an observed or recovered true suppressed count.
06059,Orange County,06,California,324.0,324.0,324.0,324.0,1.7081641600587785,1.7081641600587778,1.7081641600587778,1.7081641600587778,0.0,exact,exact,metro_large,Q3,Constrained Bayesian posterior estimate; not an observed or recovered true suppressed count.
06061,Placer County,06,California,70.0,70.0,70.0,70.0,2.8126750387948243,2.8126750387948247,2.8126750387948247,2.8126750387948247,0.0,exact,exact,metro_large,Q1_lowest,Constrained Bayesian posterior estimate; not an observed or recovered true suppressed count.
06063,Plumas County,06,California,0.0,0.0,0.0,0.0,0.0,0.0,0.0,0.0,0.0,zero,zero,nonmetro_nonadjacent,Q2,Constrained Bayesian posterior estimate; not an observed or recovered true suppressed count.
06065,Riverside County,06,California,379.0,379.0,379.0,379.0,2.5411672446090043,2.5411672446090043,2.5411672446090043,2.5411672446090043,0.0,exact,exact,metro_large,Q4_highest,Constrained Bayesian posterior estimate; not an observed or recovered true suppressed count.
06067,Sacramento County,06,California,391.0,391.0,391.0,391.0,4.124553933711561,4.124553933711561,4.124553933711561,4.124553933711561,1.0,exact,exact,metro_large,Q4_highest,Constrained Bayesian posterior estimate; not an observed or recovered true suppressed count.
06069,San Benito County,06,California,6.715166666666667,7.0,4.0,9.0,1.6853096015506637,1.7567944023510929,1.003882515629196,2.2587356601656907,0.0,suppressed_1_9,suppressed_1_9,metro_large,Q3,Constrained Bayesian posterior estimate; not an observed or recovered true suppressed count.
06071,San Bernardino County,06,California,429.0,429.0,429.0,429.0,3.258015211057872,3.2580152110578706,3.2580152110578706,3.2580152110578706,1.0,exact,exact,metro_large,Q4_highest,Constrained Bayesian posterior estimate; not an observed or recovered true suppressed count.
06073,San Diego County,06,California,483.0,483.0,483.0,483.0,2.4391714573913106,2.4391714573913106,2.4391714573913106,2.4391714573913106,0.0,exact,exact,metro_large,Q3,Constrained Bayesian posterior estimate; not an observed or recovered true suppressed count.
06075,San Francisco County,06,California,121.0,121.0,121.0,121.0,2.415986080725482,2.4159860807254825,2.4159860807254825,2.4159860807254825,0.0,exact,exact,metro_large,Q2,Constrained Bayesian posterior estimate; not an observed or recovered true suppressed count.
06077,San Joaquin County,06,California,129.0,129.0,129.0,129.0,2.727372481065374,2.727372481065375,2.727372481065375,2.727372481065375,0.0,exact,exact,metro_other,Q4_highest,Constrained Bayesian posterior estimate; not an observed or recovered true suppressed count.
06079,San Luis Obispo County,06,California,23.0,23.0,23.0,23.0,1.35772195507239,1.3577219550723902,1.3577219550723902,1.3577219550723902,0.0,exact,exact,metro_other,Q3,Constrained Bayesian posterior estimate; not an observed or recovered true suppressed count.
06081,San Mateo County,06,California,101.0,101.0,101.0,101.0,2.2639668824234573,2.263966882423458,2.263966882423458,2.263966882423458,0.0,exact,exact,metro_large,Q2,Constrained Bayesian posterior estimate; not an observed or recovered true suppressed count.
06083,Santa Barbara County,06,California,69.0,69.0,69.0,69.0,2.586852640126808,2.5868526401268084,2.5868526401268084,2.5868526401268084,0.0,exact,exact,metro_other,Q4_highest,Constrained Bayesian posterior estimate; not an observed or recovered true suppressed count.
06085,Santa Clara County,06,California,245.0,245.0,245.0,245.0,2.1500041201099367,2.1500041201099362,2.1500041201099362,2.1500041201099362,0.0,exact,exact,metro_large,Q2,Constrained Bayesian posterior estimate; not an observed or recovered true suppressed count.
06087,Santa Cruz County,06,California,42.0,42.0,42.0,42.0,2.6262261193194574,2.6262261193194574,2.6262261193194574,2.6262261193194574,0.0,exact,exact,metro_other,Q3,Constrained Bayesian posterior estimate; not an observed or recovered true suppressed count.
06089,Shasta County,06,California,63.0,63.0,63.0,63.0,5.813615487471661,5.813615487471659,5.813615487471659,5.813615487471659,1.0,exact,exact,metro_other,Q4_highest,Constrained Bayesian posterior estimate; not an observed or recovered true suppressed count.
06091,Sierra County,06,California,0.0,0.0,0.0,0.0,0.0,0.0,0.0,0.0,0.0,zero,zero,nonmetro_adjacent,Q2,Constrained Bayesian posterior estimate; not an observed or recovered true suppressed count.
06093,Siskiyou County,06,California,10.0,10.0,10.0,10.0,3.8466716673398342,3.8466716673398342,3.8466716673398342,3.8466716673398342,1.0,exact,exact,nonmetro_nonadjacent,Q4_highest,Constrained Bayesian posterior estimate; not an observed or recovered true suppressed count.
06095,Solano County,06,California,139.0,139.0,139.0,139.0,5.149368739256714,5.149368739256713,5.149368739256713,5.149368739256713,1.0,exact,exact,metro_other,Q3,Constrained Bayesian posterior estimate; not an observed or recovered true suppressed count.
06097,Sonoma County,06,California,106.0,106.0,106.0,106.0,3.6302874194444357,3.6302874194444357,3.6302874194444357,3.6302874194444357,1.0,exact,exact,metro_other,Q3,Constrained Bayesian posterior estimate; not an observed or recovered true suppressed count.
06099,Stanislaus County,06,California,108.0,108.0,108.0,108.0,3.2594750374009673,3.2594750374009673,3.2594750374009673,3.2594750374009673,1.0,exact,exact,metro_other,Q4_highest,Constrained Bayesian posterior estimate; not an observed or recovered true suppressed count.
06101,Sutter County,06,California,16.0,16.0,16.0,16.0,2.7237983367806398,2.7237983367806406,2.7237983367806406,2.7237983367806406,0.0,exact,exact,metro_other,Q4_highest,Constrained Bayesian posterior estimate; not an observed or recovered true suppressed count.
06103,Tehama County,06,California,21.0,21.0,21.0,21.0,5.389203116499174,5.389203116499173,5.389203116499173,5.389203116499173,1.0,exact,exact,nonmetro_adjacent,Q4_highest,Constrained Bayesian posterior estimate; not an observed or recovered true suppressed count.
06105,Trinity County,06,California,1.482388888888889,1.0,1.0,3.0,1.6911822493997861,1.1408492481803454,1.1408492481803454,3.422547744541036,0.09375,suppressed_1_9,suppressed_1_9,nonmetro_adjacent,Q3,Constrained Bayesian posterior estimate; not an observed or recovered true suppressed count.
06107,Tulare County,06,California,70.0,70.0,70.0,70.0,2.453998913930195,2.453998913930195,2.453998913930195,2.453998913930195,0.0,exact,exact,metro_other,Q4_highest,Constrained Bayesian posterior estimate; not an observed or recovered true suppressed count.
06109,Tuolumne County,06,California,7.915694444444444,8.0,5.0,9.0,2.4175152763313323,2.4432628553802176,1.5270392846126357,2.748670712302745,0.0,suppressed_1_9,suppressed_1_9,nonmetro_adjacent,Q3,Constrained Bayesian posterior estimate; not an observed or recovered true suppressed count.
06111,Ventura County,06,California,183.0,183.0,183.0,183.0,3.6419367222450085,3.641936722245009,3.641936722245009,3.641936722245009,1.0,exact,exact,metro_other,Q3,Constrained Bayesian posterior estimate; not an observed or recovered true suppressed count.
06113,Yolo County,06,California,35.0,35.0,35.0,35.0,2.641262251683616,2.641262251683616,2.641262251683616,2.641262251683616,0.0,exact,exact,metro_large,Q3,Constrained Bayesian posterior estimate; not an observed or recovered true suppressed count.
06115,Yuba County,06,California,17.0,17.0,17.0,17.0,3.401700850425214,3.401700850425213,3.401700850425213,3.401700850425213,1.0,exact,exact,metro_other,Q4_highest,Constrained Bayesian posterior estimate; not an observed or recovered true suppressed count.
08001,Adams County,08,Colorado,122.0,122.0,122.0,122.0,3.8566624001021683,3.85666240010217,3.85666240010217,3.85666240010217,1.0,exact,exact,metro_large,Q3,Constrained Bayesian posterior estimate; not an observed or recovered true suppressed count.
08003,Alamosa County,08,Colorado,1.2609722222222222,1.0,1.0,3.0,1.275048760538568,1.0111632421938197,1.0111632421938197,3.0334897265814593,0.034777777777777776,suppressed_1_9,suppressed_1_9,nonmetro_nonadjacent,Q4_highest,Constrained Bayesian posterior estimate; not an observed or recovered true suppressed count.
08005,Arapahoe County,08,Colorado,205.0,205.0,205.0,205.0,5.1928589829747684,5.1928589829747684,5.1928589829747684,5.1928589829747684,1.0,exact,exact,metro_large,Q2,Constrained Bayesian posterior estimate; not an observed or recovered true suppressed count.
08007,Archuleta County,08,Colorado,3.7592777777777777,4.0,3.0,6.0,4.458399385402789,4.743889277624261,3.5579169582181955,7.115833916436391,1.0,suppressed_1_9,suppressed_1_9,nonmetro_nonadjacent,Q2,Constrained Bayesian posterior estimate; not an observed or recovered true suppressed count.
08009,Baca County,08,Colorado,2.1415277777777777,2.0,2.0,3.0,10.299272725329573,9.618621651517337,9.618621651517337,14.427932477276007,1.0,suppressed_1_9,suppressed_1_9,nonmetro_nonadjacent,Q3,Constrained Bayesian posterior estimate; not an observed or recovered true suppressed count.
08011,Bent County,08,Colorado,3.314888888888889,3.0,3.0,5.0,9.880149291791268,8.94161127835236,8.94161127835236,14.9026854639206,1.0,suppressed_1_9,suppressed_1_9,nonmetro_nonadjacent,Q4_highest,Constrained Bayesian posterior estimate; not an observed or recovered true suppressed count.
08013,Boulder County,08,Colorado,49.0,49.0,49.0,49.0,2.4905068486396997,2.4905068486397,2.4905068486397,2.4905068486397,0.0,exact,exact,metro_other,Q1_lowest,Constrained Bayesian posterior estimate; not an observed or recovered true suppressed count.
08014,Broomfield County,08,Colorado,11.0,11.0,11.0,11.0,2.448089377517637,2.448089377517637,2.448089377517637,2.448089377517637,0.0,exact,exact,metro_large,Q1_lowest,Constrained Bayesian posterior estimate; not an observed or recovered true suppressed count.
08015,Chaffee County,08,Colorado,4.619777777777778,4.0,3.0,8.0,3.7647625541131418,3.259691470202345,2.444768602651759,6.51938294040469,0.7855555555555556,suppressed_1_9,suppressed_1_9,nonmetro_adjacent,Q3,Constrained Bayesian posterior estimate; not an observed or recovered true suppressed count.
08017,Cheyenne County,08,Colorado,1.0205277777777777,1.0,1.0,1.0,9.715610984175344,9.52018278750952,9.52018278750952,9.52018278750952,1.0,suppressed_1_9,suppressed_1_9,nonmetro_nonadjacent,Q1_lowest,Constrained Bayesian posterior estimate; not an observed or recovered true suppressed count.
08019,Clear Creek County,08,Colorado,2.286638888888889,2.0,2.0,4.0,4.060804277906036,3.551767004084532,3.551767004084532,7.103534008169064,1.0,suppressed_1_9,suppressed_1_9,metro_large,Q1_lowest,Constrained Bayesian posterior estimate; not an observed or recovered true suppressed count.
08021,Conejos County,08,Colorado,1.130611111111111,1.0,1.0,2.0,2.425735611386451,2.145508378210217,2.145508378210217,4.291016756420434,0.12030555555555555,suppressed_1_9,suppressed_1_9,nonmetro_nonadjacent,Q4_highest,Constrained Bayesian posterior estimate; not an observed or recovered true suppressed count.
08023,Costilla County,08,Colorado,2.1785555555555556,2.0,2.0,3.0,9.747452150136711,8.94854586129754,8.94854586129754,13.422818791946307,1.0,suppressed_1_9,suppressed_1_9,nonmetro_nonadjacent,Q4_highest,Constrained Bayesian posterior estimate; not an observed or recovered true suppressed count.
08025,Crowley County,08,Colorado,0.0,0.0,0.0,0.0,0.0,0.0,0.0,0.0,0.0,zero,zero,nonmetro_adjacent,Q4_highest,Constrained Bayesian posterior estimate; not an observed or recovered true suppressed count.
08027,Custer County,08,Colorado,3.3553611111111112,3.0,3.0,5.0,10.578728517280757,9.458351724572799,9.458351724572799,15.763919540954662,1.0,suppressed_1_9,suppressed_1_9,nonmetro_adjacent,Q1_lowest,Constrained Bayesian posterior estimate; not an observed or recovered true suppressed count.
08029,Delta County,08,Colorado,5.526777777777777,5.0,3.0,9.0,2.9172289579884074,2.6391769990446177,1.5835061994267707,4.750518598280313,0.47683333333333333,suppressed_1_9,suppressed_1_9,nonmetro_adjacent,Q3,Constrained Bayesian posterior estimate; not an observed or recovered true suppressed count.
08031,Denver County,08,Colorado,216.0,216.0,216.0,216.0,4.9849298186501,4.984929818650099,4.984929818650099,4.984929818650099,1.0,exact,exact,metro_large,Q3,Constrained Bayesian posterior estimate; not an observed or recovered true suppressed count.
08033,Dolores County,08,Colorado,2.1111666666666666,2.0,2.0,3.0,15.098095306205153,14.30308231423872,14.30308231423872,21.454623471358076,1.0,suppressed_1_9,suppressed_1_9,nonmetro_nonadjacent,Q1_lowest,Constrained Bayesian posterior estimate; not an observed or recovered true suppressed count.
08035,Douglas County,08,Colorado,78.0,78.0,78.0,78.0,3.4902717624037773,3.490271762403777,3.490271762403777,3.490271762403777,1.0,exact,exact,metro_large,Q1_lowest,Constrained Bayesian posterior estimate; not an observed or recovered true suppressed count.
08037,Eagle County,08,Colorado,6.785777777777778,7.0,4.0,9.0,2.057674314549373,2.1226336425303005,1.2129335100173146,2.729100397538958,0.0,suppressed_1_9,suppressed_1_9,nonmetro_nonadjacent,Q2,Constrained Bayesian posterior estimate; not an observed or recovered true suppressed count.
08039,Elbert County,08,Colorado,5.540305555555555,5.0,4.0,8.0,3.3144322735844476,2.991199889923844,2.392959911939075,4.78591982387815,0.7775,suppressed_1_9,suppressed_1_9,metro_large,Q1_lowest,Constrained Bayesian posterior estimate; not an observed or recovered true suppressed count.
08041,El Paso County,08,Colorado,226.0,226.0,226.0,226.0,5.108344367507855,5.108344367507856,5.108344367507856,5.108344367507856,1.0,exact,exact,metro_other,Q2,Constrained Bayesian posterior estimate; not an observed or recovered true suppressed count.
08043,Fremont County,08,Colorado,27.0,27.0,27.0,27.0,9.140179892281285,9.140179892281287,9.140179892281287,9.140179892281287,1.0,exact,exact,nonmetro_adjacent,Q3,Constrained Bayesian posterior estimate; not an observed or recovered true suppressed count.
08045,Garfield County,08,Colorado,6.515888888888889,7.0,3.0,9.0,1.7575691640314968,1.8881513110513497,0.8092077047362927,2.427623114208878,0.0,suppressed_1_9,suppressed_1_9,nonmetro_nonadjacent,Q3,Constrained Bayesian posterior estimate; not an observed or recovered true suppressed count.
08047,Gilpin County,08,Colorado,4.265361111111111,4.0,4.0,6.0,11.805267252805377,11.070825606819628,11.070825606819628,16.606238410229444,1.0,suppressed_1_9,suppressed_1_9,metro_large,Q1_lowest,Constrained Bayesian posterior estimate; not an observed or recovered true suppressed count.
08049,Grand County,08,Colorado,2.676527777777778,2.0,2.0,5.0,2.8101209266297564,2.099825714465699,2.099825714465699,5.249564286164248,0.47583333333333333,suppressed_1_9,suppressed_1_9,nonmetro_nonadjacent,Q1_lowest,Constrained Bayesian posterior estimate; not an observed or recovered true suppressed count.
08051,Gunnison County,08,Colorado,0.0,0.0,0.0,0.0,0.0,0.0,0.0,0.0,0.0,zero,zero,nonmetro_nonadjacent,Q1_lowest,Constrained Bayesian posterior estimate; not an observed or recovered true suppressed count.
08053,Hinsdale County,08,Colorado,0.0,0.0,0.0,0.0,0.0,0.0,0.0,0.0,0.0,zero,zero,nonmetro_nonadjacent,Q1_lowest,Constrained Bayesian posterior estimate; not an observed or recovered true suppressed count.
08055,Huerfano County,08,Colorado,2.453888888888889,2.0,2.0,4.0,5.867038586703857,4.781829049611476,4.781829049611476,9.563658099222952,1.0,suppressed_1_9,suppressed_1_9,nonmetro_adjacent,Q3,Constrained Bayesian posterior estimate; not an observed or recovered true suppressed count.
08057,Jackson County,08,Colorado,0.0,0.0,0.0,0.0,0.0,0.0,0.0,0.0,0.0,zero,zero,nonmetro_nonadjacent,Q2,Constrained Bayesian posterior estimate; not an observed or recovered true suppressed count.
08059,Jefferson County,08,Colorado,149.0,149.0,149.0,149.0,4.285565955003859,4.285565955003858,4.285565955003858,4.285565955003858,1.0,exact,exact,metro_large,Q1_lowest,Constrained Bayesian posterior estimate; not an observed or recovered true suppressed count.
08061,Kiowa County,08,Colorado,0.0,0.0,0.0,0.0,0.0,0.0,0.0,0.0,0.0,zero,zero,nonmetro_nonadjacent,Q2,Constrained Bayesian posterior estimate; not an observed or recovered true suppressed count.
08063,Kit Carson County,08,Colorado,1.1305,1.0,1.0,2.0,2.67871952230884,2.3694997985925172,2.3694997985925172,4.7389995971850345,0.11997222222222222,suppressed_1_9,suppressed_1_9,nonmetro_nonadjacent,Q3,Constrained Bayesian posterior estimate; not an observed or recovered true suppressed count.
08065,Lake County,08,Colorado,2.255,2.0,2.0,4.0,4.947128252380327,4.3876968978982935,4.3876968978982935,8.775393795796587,1.0,suppressed_1_9,suppressed_1_9,nonmetro_nonadjacent,Q1_lowest,Constrained Bayesian posterior estimate; not an observed or recovered true suppressed count.
08067,La Plata County,08,Colorado,8.010222222222222,8.0,6.0,9.0,2.3637899331376513,2.3607733893623553,1.7705800420217663,2.6558700630326495,0.0,suppressed_1_9,suppressed_1_9,nonmetro_adjacent,Q2,Constrained Bayesian posterior estimate; not an observed or recovered true suppressed count.
08069,Larimer County,08,Colorado,53.0,53.0,53.0,53.0,2.4179019636557397,2.41790196365574,2.41790196365574,2.41790196365574,0.0,exact,exact,metro_other,Q1_lowest,Constrained Bayesian posterior estimate; not an observed or recovered true suppressed count.
08071,Las Animas County,08,Colorado,2.537333333333333,2.0,2.0,4.0,2.924812492315259,2.3054223533751386,2.3054223533751386,4.610844706750277,0.4047222222222222,suppressed_1_9,suppressed_1_9,nonmetro_nonadjacent,Q4_highest,Constrained Bayesian posterior estimate; not an observed or recovered true suppressed count.
08073,Lincoln County,08,Colorado,0.0,0.0,0.0,0.0,0.0,0.0,0.0,0.0,0.0,zero,zero,nonmetro_adjacent,Q2,Constrained Bayesian posterior estimate; not an observed or recovered true suppressed count.
08075,Logan County,08,Colorado,5.601277777777778,5.0,4.0,8.0,4.3737089006362115,3.9042063919667047,3.1233651135733638,6.2467302271467275,1.0,suppressed_1_9,suppressed_1_9,nonmetro_adjacent,Q3,Constrained Bayesian posterior estimate; not an observed or recovered true suppressed count.
08077,Mesa County,08,Colorado,42.0,42.0,42.0,42.0,4.436346351897329,4.43634635189733,4.43634635189733,4.43634635189733,1.0,exact,exact,metro_other,Q3,Constrained Bayesian posterior estimate; not an observed or recovered true suppressed count.
08079,Mineral County,08,Colorado,1.0275,1.0,1.0,2.0,19.48236632536973,18.960940462646946,18.960940462646946,37.92188092529389,1.0,suppressed_1_9,suppressed_1_9,nonmetro_nonadjacent,Q1_lowest,Constrained Bayesian posterior estimate; not an observed or recovered true suppressed count.
08081,Moffat County,08,Colorado,3.7777777777777777,4.0,3.0,6.0,4.766430868527817,5.0468091549118075,3.785106866183855,7.57021373236771,1.0,suppressed_1_9,suppressed_1_9,nonmetro_nonadjacent,Q4_highest,Constrained Bayesian posterior estimate; not an observed or recovered true suppressed count.
08083,Montezuma County,08,Colorado,6.003861111111111,6.0,4.0,9.0,3.785393434744657,3.7829590305536986,2.5219726870357992,5.674438545830549,0.8623611111111111,suppressed_1_9,suppressed_1_9,nonmetro_adjacent,Q3,Constrained Bayesian posterior estimate; not an observed or recovered true suppressed count.
08085,Montrose County,08,Colorado,17.0,17.0,17.0,17.0,6.488029585414908,6.4880295854149095,6.4880295854149095,6.4880295854149095,1.0,exact,exact,nonmetro_nonadjacent,Q3,Constrained Bayesian posterior estimate; not an observed or recovered true suppressed count.
08087,Morgan County,08,Colorado,11.0,11.0,11.0,11.0,6.247160381644705,6.247160381644707,6.247160381644707,6.247160381644707,1.0,exact,exact,nonmetro_adjacent,Q4_highest,Constrained Bayesian posterior estimate; not an observed or recovered true suppressed count.
08089,Otero County,08,Colorado,4.597916666666666,4.0,3.0,8.0,4.1988956162540445,3.6528679579554897,2.7396509684666173,7.305735915910979,0.7781388888888889,suppressed_1_9,suppressed_1_9,nonmetro_adjacent,Q4_highest,Constrained Bayesian posterior estimate; not an observed or recovered true suppressed count.
08091,Ouray County,08,Colorado,0.0,0.0,0.0,0.0,0.0,0.0,0.0,0.0,0.0,zero,zero,nonmetro_nonadjacent,Q1_lowest,Constrained Bayesian posterior estimate; not an observed or recovered true suppressed count.
08093,Park County,08,Colorado,3.646361111111111,3.0,3.0,6.0,3.3181315392486357,2.7299530448076292,2.7299530448076292,5.4599060896152585,0.46544444444444444,suppressed_1_9,suppressed_1_9,metro_large,Q1_lowest,Constrained Bayesian posterior estimate; not an observed or recovered true suppressed count.
08095,Phillips County,08,Colorado,0.0,0.0,0.0,0.0,0.0,0.0,0.0,0.0,0.0,zero,zero,nonmetro_nonadjacent,Q2,Constrained Bayesian posterior estimate; not an observed or recovered true suppressed count.
08097,Pitkin County,08,Colorado,2.655527777777778,2.0,2.0,5.0,2.573983965743038,1.9385856079404467,1.9385856079404467,4.846464019851117,0.14655555555555555,suppressed_1_9,suppressed_1_9,nonmetro_nonadjacent,Q1_lowest,Constrained Bayesian posterior estimate; not an observed or recovered true suppressed count.
08099,Prowers County,08,Colorado,3.7523333333333335,4.0,3.0,6.0,5.22347198247861,5.56823876607829,4.176179074558717,8.352358149117434,1.0,suppressed_1_9,suppressed_1_9,nonmetro_nonadjacent,Q4_highest,Constrained Bayesian posterior estimate; not an observed or recovered true suppressed count.
08101,Pueblo County,08,Colorado,60.0,60.0,60.0,60.0,5.901440049729469,5.901440049729468,5.901440049729468,5.901440049729468,1.0,exact,exact,metro_other,Q4_highest,Constrained Bayesian posterior estimate; not an observed or recovered true suppressed count.
08103,Rio Blanco County,08,Colorado,1.1150833333333334,1.0,1.0,2.0,2.8674964212547467,2.571553475454522,2.571553475454522,5.143106950909044,0.10655555555555556,suppressed_1_9,suppressed_1_9,nonmetro_nonadjacent,Q3,Constrained Bayesian posterior estimate; not an observed or recovered true suppressed count.
08105,Rio Grande County,08,Colorado,2.473472222222222,2.0,2.0,4.0,3.658116750801915,2.9578797917652624,2.9578797917652624,5.915759583530525,1.0,suppressed_1_9,suppressed_1_9,nonmetro_nonadjacent,Q4_highest,Constrained Bayesian posterior estimate; not an observed or recovered true suppressed count.
08107,Routt County,08,Colorado,2.670916666666667,2.0,2.0,5.0,1.761783517916312,1.3192351074846804,1.3192351074846804,3.2980877687117007,0.03877777777777778,suppressed_1_9,suppressed_1_9,nonmetro_nonadjacent,Q1_lowest,Constrained Bayesian posterior estimate; not an observed or recovered true suppressed count.
08109,Saguache County,08,Colorado,0.0,0.0,0.0,0.0,0.0,0.0,0.0,0.0,0.0,zero,zero,nonmetro_nonadjacent,Q3,Constrained Bayesian posterior estimate; not an observed or recovered true suppressed count.
08111,San Juan County,08,Colorado,1.010888888888889,1.0,1.0,1.0,21.80990051540214,21.57497303128371,21.57497303128371,21.57497303128371,1.0,suppressed_1_9,suppressed_1_9,nonmetro_nonadjacent,Q2,Constrained Bayesian posterior estimate; not an observed or recovered true suppressed count.
08113,San Miguel County,08,Colorado,1.1150833333333334,1.0,1.0,2.0,2.3207695082695086,2.081252081252081,2.081252081252081,4.162504162504162,0.10608333333333334,suppressed_1_9,suppressed_1_9,nonmetro_nonadjacent,Q2,Constrained Bayesian posterior estimate; not an observed or recovered true suppressed count.
08115,Sedgwick County,08,Colorado,2.0738055555555555,2.0,2.0,3.0,15.142793395805445,14.603870025556773,14.603870025556773,21.90580503833516,1.0,suppressed_1_9,suppressed_1_9,nonmetro_nonadjacent,Q3,Constrained Bayesian posterior estimate; not an observed or recovered true suppressed count.
08117,Summit County,08,Colorado,2.8321388888888888,3.0,2.0,5.0,1.5350762291058775,1.6260603268381257,1.0840402178920836,2.7101005447302096,0.014944444444444444,suppressed_1_9,suppressed_1_9,nonmetro_nonadjacent,Q1_lowest,Constrained Bayesian posterior estimate; not an observed or recovered true suppressed count.
08119,Teller County,08,Colorado,5.6257777777777775,5.0,4.0,8.0,3.746048234292263,3.3293602967125895,2.6634882373700717,5.326976474740143,0.7975277777777777,suppressed_1_9,suppressed_1_9,metro_other,Q1_lowest,Constrained Bayesian posterior estimate; not an observed or recovered true suppressed count.
08121,Washington County,08,Colorado,0.0,0.0,0.0,0.0,0.0,0.0,0.0,0.0,0.0,zero,zero,nonmetro_nonadjacent,Q2,Constrained Bayesian posterior estimate; not an observed or recovered true suppressed count.
08123,Weld County,08,Colorado,51.0,51.0,51.0,51.0,2.4544317894155276,2.4544317894155276,2.4544317894155276,2.4544317894155276,0.0,exact,exact,metro_other,Q3,Constrained Bayesian posterior estimate; not an observed or recovered true suppressed count.
08125,Yuma County,08,Colorado,1.1433888888888888,1.0,1.0,2.0,1.911510112493127,1.6717935000668716,1.6717935000668716,3.343587000133743,0.1314722222222222,suppressed_1_9,suppressed_1_9,nonmetro_nonadjacent,Q3,Constrained Bayesian posterior estimate; not an observed or recovered true suppressed count.
09001,Fairfield County,09,Connecticut,120.0,120.0,120.0,120.0,2.8114309972918883,2.811430997291889,2.811430997291889,2.811430997291889,0.0,exact,exact,nonmetro_adjacent,Q1_lowest,Constrained Bayesian posterior estimate; not an observed or recovered true suppressed count.
09003,Hartford County,09,Connecticut,153.0,153.0,153.0,153.0,3.8090970199417433,3.809097019941743,3.809097019941743,3.809097019941743,1.0,exact,exact,nonmetro_adjacent,Q1_lowest,Constrained Bayesian posterior estimate; not an observed or recovered true suppressed count.
09005,Litchfield County,09,Connecticut,30.0,30.0,30.0,30.0,3.670108616864517,3.6701086168645163,3.6701086168645163,3.6701086168645163,1.0,exact,exact,nonmetro_adjacent,Q1_lowest,Constrained Bayesian posterior estimate; not an observed or recovered true suppressed count.
09007,Middlesex County,09,Connecticut,36.0,36.0,36.0,36.0,4.909461350265518,4.90946135026552,4.90946135026552,4.90946135026552,1.0,exact,exact,nonmetro_adjacent,Q1_lowest,Constrained Bayesian posterior estimate; not an observed or recovered true suppressed count.
09009,New Haven County,09,Connecticut,149.0,149.0,149.0,149.0,3.8645012491546415,3.8645012491546407,3.8645012491546407,3.8645012491546407,1.0,exact,exact,nonmetro_adjacent,Q1_lowest,Constrained Bayesian posterior estimate; not an observed or recovered true suppressed count.
09011,New London County,09,Connecticut,34.0,34.0,34.0,34.0,2.8368439276938555,2.8368439276938546,2.8368439276938546,2.8368439276938546,0.0,exact,exact,nonmetro_adjacent,Q1_lowest,Constrained Bayesian posterior estimate; not an observed or recovered true suppressed count.
09013,Tolland County,09,Connecticut,21.0,21.0,21.0,21.0,3.0999924714468543,3.099992471446855,3.099992471446855,3.099992471446855,1.0,exact,exact,nonmetro_adjacent,Q1_lowest,Constrained Bayesian posterior estimate; not an observed or recovered true suppressed count.
09015,Windham County,09,Connecticut,12.0,12.0,12.0,12.0,2.287413507176759,2.2874135071767596,2.2874135071767596,2.2874135071767596,0.0,exact,exact,nonmetro_adjacent,Q1_lowest,Constrained Bayesian posterior estimate; not an observed or recovered true suppressed count.
10001,Kent County,10,Delaware,41.0,41.0,41.0,41.0,3.66725312901665,3.6672531290166486,3.6672531290166486,3.6672531290166486,1.0,exact,exact,metro_other,Q4_highest,Constrained Bayesian posterior estimate; not an observed or recovered true suppressed count.
10003,New Castle County,10,Delaware,121.0,121.0,121.0,121.0,3.5234122004990445,3.5234122004990436,3.5234122004990436,3.5234122004990436,1.0,exact,exact,metro_large,Q3,Constrained Bayesian posterior estimate; not an observed or recovered true suppressed count.
10005,Sussex County,10,Delaware,39.0,39.0,39.0,39.0,2.575981548046019,2.575981548046019,2.575981548046019,2.575981548046019,0.0,exact,exact,nonmetro_adjacent,Q3,Constrained Bayesian posterior estimate; not an observed or recovered true suppressed count.
11001,District of Columbia,11,District of Columbia,167.0,167.0,167.0,167.0,4.032219120927942,4.032219120927942,4.032219120927942,4.032219120927942,1.0,exact,exact,metro_large,Q3,Constrained Bayesian posterior estimate; not an observed or recovered true suppressed count.
12001,Alachua County,12,Florida,52.0,52.0,52.0,52.0,3.0928356247081874,3.0928356247081883,3.0928356247081883,3.0928356247081883,1.0,exact,exact,metro_other,Q3,Constrained Bayesian posterior estimate; not an observed or recovered true suppressed count.
12003,Baker County,12,Florida,5.6091388888888885,5.0,4.0,8.0,3.242520471994363,2.8903906073866823,2.3123124859093456,4.624624971818691,0.4827222222222222,suppressed_1_9,suppressed_1_9,metro_large,Q3,Constrained Bayesian posterior estimate; not an observed or recovered true suppressed count.
12005,Bay County,12,Florida,23.0,23.0,23.0,23.0,2.089359166291188,2.0893591662911875,2.0893591662911875,2.0893591662911875,0.0,exact,exact,metro_other,Q3,Constrained Bayesian posterior estimate; not an observed or recovered true suppressed count.
12007,Bradford County,12,Florida,5.078972222222222,5.0,3.0,8.0,3.0127964303133363,2.9659508838533633,1.779570530312018,4.745521414165382,0.611,suppressed_1_9,suppressed_1_9,nonmetro_adjacent,Q4_highest,Constrained Bayesian posterior estimate; not an observed or recovered true suppressed count.
12009,Brevard County,12,Florida,112.0,112.0,112.0,112.0,2.9786061612468444,2.9786061612468444,2.9786061612468444,2.9786061612468444,1.0,exact,exact,metro_other,Q2,Constrained Bayesian posterior estimate; not an observed or recovered true suppressed count.
12011,Broward County,12,Florida,227.0,227.0,227.0,227.0,1.9255409434047899,1.9255409434047888,1.9255409434047888,1.9255409434047888,0.0,exact,exact,metro_large,Q4_highest,Constrained Bayesian posterior estimate; not an observed or recovered true suppressed count.
12013,Calhoun County,12,Florida,0.0,0.0,0.0,0.0,0.0,0.0,0.0,0.0,0.0,zero,zero,nonmetro_adjacent,Q4_highest,Constrained Bayesian posterior estimate; not an observed or recovered true suppressed count.
12015,Charlotte County,12,Florida,37.0,37.0,37.0,37.0,3.0849246402936195,3.0849246402936186,3.0849246402936186,3.0849246402936186,1.0,exact,exact,metro_other,Q3,Constrained Bayesian posterior estimate; not an observed or recovered true suppressed count.
12017,Citrus County,12,Florida,17.0,17.0,17.0,17.0,1.77055852789515,1.7705585278951494,1.7705585278951494,1.7705585278951494,0.0,exact,exact,metro_other,Q3,Constrained Bayesian posterior estimate; not an observed or recovered true suppressed count.
12019,Clay County,12,Florida,31.0,31.0,31.0,31.0,2.2808020477187934,2.2808020477187934,2.2808020477187934,2.2808020477187934,0.0,exact,exact,metro_large,Q2,Constrained Bayesian posterior estimate; not an observed or recovered true suppressed count.
12021,Collier County,12,Florida,36.0,36.0,36.0,36.0,1.5110863367573433,1.511086336757343,1.511086336757343,1.511086336757343,0.0,exact,exact,metro_other,Q3,Constrained Bayesian posterior estimate; not an observed or recovered true suppressed count.
12023,Columbia County,12,Florida,18.0,18.0,18.0,18.0,4.150592727700364,4.150592727700364,4.150592727700364,4.150592727700364,1.0,exact,exact,nonmetro_adjacent,Q4_highest,Constrained Bayesian posterior estimate; not an observed or recovered true suppressed count.
12027,DeSoto County,12,Florida,7.881388888888889,8.0,6.0,9.0,3.59939939391356,3.653568623152664,2.740176467364498,4.110264701046748,0.8771388888888889,suppressed_1_9,suppressed_1_9,nonmetro_adjacent,Q4_highest,Constrained Bayesian posterior estimate; not an observed or recovered true suppressed count.
12029,Dixie County,12,Florida,2.8373055555555555,3.0,2.0,5.0,2.7496468150904714,2.907314804046982,1.938209869364655,4.845524673411637,0.20941666666666667,suppressed_1_9,suppressed_1_9,nonmetro_adjacent,Q4_highest,Constrained Bayesian posterior estimate; not an observed or recovered true suppressed count.
12031,Duval County,12,Florida,197.0,197.0,197.0,197.0,3.268659774827504,3.2686597748275035,3.2686597748275035,3.2686597748275035,1.0,exact,exact,metro_large,Q4_highest,Constrained Bayesian posterior estimate; not an observed or recovered true suppressed count.
12033,Escambia County,12,Florida,56.0,56.0,56.0,56.0,2.8774745638956083,2.8774745638956074,2.8774745638956074,2.8774745638956074,0.0,exact,exact,metro_other,Q4_highest,Constrained Bayesian posterior estimate; not an observed or recovered true suppressed count.
12035,Flagler County,12,Florida,29.0,29.0,29.0,29.0,3.8700103556139154,3.8700103556139176,3.8700103556139176,3.8700103556139176,1.0,exact,exact,metro_other,Q2,Constrained Bayesian posterior estimate; not an observed or recovered true suppressed count.
12037,Franklin County,12,Florida,1.332,1.0,1.0,3.0,1.7767343835451985,1.3338846723312303,1.3338846723312303,4.001654016993691,0.052194444444444446,suppressed_1_9,suppressed_1_9,nonmetro_adjacent,Q4_highest,Constrained Bayesian posterior estimate; not an observed or recovered true suppressed count.
12039,Gadsden County,12,Florida,16.0,16.0,16.0,16.0,6.014178425638443,6.014178425638443,6.014178425638443,6.014178425638443,1.0,exact,exact,metro_other,Q4_highest,Constrained Bayesian posterior estimate; not an observed or recovered true suppressed count.
12041,Gilchrist County,12,Florida,0.0,0.0,0.0,0.0,0.0,0.0,0.0,0.0,0.0,zero,zero,metro_other,Q3,Constrained Bayesian posterior estimate; not an observed or recovered true suppressed count.
12043,Glades County,12,Florida,1.3184166666666666,1.0,1.0,3.0,1.6770548453433396,1.272021878776315,1.272021878776315,3.816065636328945,0.04761111111111111,suppressed_1_9,suppressed_1_9,nonmetro_adjacent,Q4_highest,Constrained Bayesian posterior estimate; not an observed or recovered true suppressed count.
12045,Gulf County,12,Florida,0.0,0.0,0.0,0.0,0.0,0.0,0.0,0.0,0.0,zero,zero,nonmetro_adjacent,Q3,Constrained Bayesian posterior estimate; not an observed or recovered true suppressed count.
12047,Hamilton County,12,Florida,1.28875,1.0,1.0,3.0,1.534883997903864,1.1909866133104665,1.1909866133104665,3.572959839931399,0.042055555555555554,suppressed_1_9,suppressed_1_9,nonmetro_adjacent,Q4_highest,Constrained Bayesian posterior estimate; not an observed or recovered true suppressed count.
12049,Hardee County,12,Florida,7.2379444444444445,7.0,5.0,9.0,4.620249618238857,4.468360813752338,3.191686295537384,5.7450353319672915,1.0,suppressed_1_9,suppressed_1_9,nonmetro_adjacent,Q4_highest,Constrained Bayesian posterior estimate; not an observed or recovered true suppressed count.
12051,Hendry County,12,Florida,6.946777777777778,7.0,4.0,9.0,2.7141151700635975,2.7349091619456924,1.5628052353975386,3.516311779644462,0.37816666666666665,suppressed_1_9,suppressed_1_9,nonmetro_adjacent,Q4_highest,Constrained Bayesian posterior estimate; not an observed or recovered true suppressed count.
12053,Hernando County,12,Florida,52.0,52.0,52.0,52.0,4.223511476174116,4.2235114761741155,4.2235114761741155,4.2235114761741155,1.0,exact,exact,metro_large,Q3,Constrained Bayesian posterior estimate; not an observed or recovered true suppressed count.
12055,Highlands County,12,Florida,17.0,17.0,17.0,17.0,2.659715942337358,2.659715942337358,2.659715942337358,2.659715942337358,0.0,exact,exact,metro_other,Q4_highest,Constrained Bayesian posterior estimate; not an observed or recovered true suppressed count.
12057,Hillsborough County,12,Florida,199.0,199.0,199.0,199.0,2.1920137997733073,2.1920137997733082,2.1920137997733082,2.1920137997733082,0.0,exact,exact,metro_large,Q4_highest,Constrained Bayesian posterior estimate; not an observed or recovered true suppressed count.
12059,Holmes County,12,Florida,5.771444444444445,6.0,4.0,9.0,4.871815073054248,5.064744314824507,3.3764962098830043,7.597116472236761,1.0,suppressed_1_9,suppressed_1_9,nonmetro_adjacent,Q4_highest,Constrained Bayesian posterior estimate; not an observed or recovered true suppressed count.
12061,Indian River County,12,Florida,24.0,24.0,24.0,24.0,2.411117663546613,2.4111176635466136,2.4111176635466136,2.4111176635466136,0.0,exact,exact,metro_other,Q3,Constrained Bayesian posterior estimate; not an observed or recovered true suppressed count.
12063,Jackson County,12,Florida,7.5087222222222225,8.0,5.0,9.0,2.6162248253424054,2.7873981728604975,1.7421238580378111,3.1358229444680603,0.2762777777777778,suppressed_1_9,suppressed_1_9,nonmetro_adjacent,Q4_highest,Constrained Bayesian posterior estimate; not an observed or recovered true suppressed count.
12065,Jefferson County,12,Florida,3.8121944444444447,4.0,3.0,6.0,4.247239150645013,4.45647693216128,3.34235769912096,6.68471539824192,1.0,suppressed_1_9,suppressed_1_9,metro_other,Q3,Constrained Bayesian posterior estimate; not an observed or recovered true suppressed count.
12067,Lafayette County,12,Florida,0.0,0.0,0.0,0.0,0.0,0.0,0.0,0.0,0.0,zero,zero,nonmetro_nonadjacent,Q4_highest,Constrained Bayesian posterior estimate; not an observed or recovered true suppressed count.
12069,Lake County,12,Florida,48.0,48.0,48.0,48.0,1.9857530492686024,1.9857530492686017,1.9857530492686017,1.9857530492686017,0.0,exact,exact,metro_large,Q3,Constrained Bayesian posterior estimate; not an observed or recovered true suppressed count.
12071,Lee County,12,Florida,98.0,98.0,98.0,98.0,2.013434539236805,2.0134345392368056,2.0134345392368056,2.0134345392368056,0.0,exact,exact,metro_other,Q3,Constrained Bayesian posterior estimate; not an observed or recovered true suppressed count.
12073,Leon County,12,Florida,67.0,67.0,67.0,67.0,3.771186893830958,3.771186893830958,3.771186893830958,3.771186893830958,1.0,exact,exact,metro_other,Q3,Constrained Bayesian posterior estimate; not an observed or recovered true suppressed count.
12075,Levy County,12,Florida,15.0,15.0,15.0,15.0,5.608629811736991,5.608629811736993,5.608629811736993,5.608629811736993,1.0,exact,exact,metro_other,Q4_highest,Constrained Bayesian posterior estimate; not an observed or recovered true suppressed count.
12077,Liberty County,12,Florida,1.1320555555555556,1.0,1.0,2.0,2.364261216230641,2.0884674825612963,2.0884674825612963,4.176934965122593,0.12205555555555556,suppressed_1_9,suppressed_1_9,nonmetro_adjacent,Q4_highest,Constrained Bayesian posterior estimate; not an observed or recovered true suppressed count.
12079,Madison County,12,Florida,5.748055555555555,6.0,4.0,9.0,5.19861403789087,5.426475775307726,3.6176505168718176,8.13971366296159,1.0,suppressed_1_9,suppressed_1_9,nonmetro_adjacent,Q4_highest,Constrained Bayesian posterior estimate; not an observed or recovered true suppressed count.
12081,Manatee County,12,Florida,76.0,76.0,76.0,76.0,2.973690275289378,2.973690275289377,2.973690275289377,2.973690275289377,1.0,exact,exact,metro_other,Q3,Constrained Bayesian posterior estimate; not an observed or recovered true suppressed count.
12083,Marion County,12,Florida,94.0,94.0,94.0,94.0,3.9825682141909913,3.9825682141909917,3.9825682141909917,3.9825682141909917,1.0,exact,exact,metro_other,Q4_highest,Constrained Bayesian posterior estimate; not an observed or recovered true suppressed count.
12085,Martin County,12,Florida,29.0,29.0,29.0,29.0,2.9773607647505136,2.9773607647505127,2.9773607647505127,2.9773607647505127,1.0,exact,exact,metro_other,Q2,Constrained Bayesian posterior estimate; not an observed or recovered true suppressed count.
12086,Miami-Dade County,12,Florida,416.0,416.0,416.0,416.0,2.5543121363290426,2.554312136329042,2.554312136329042,2.554312136329042,0.0,exact,exact,metro_large,Q4_highest,Constrained Bayesian posterior estimate; not an observed or recovered true suppressed count.
12087,Monroe County,12,Florida,15.0,15.0,15.0,15.0,3.1677113074622834,3.1677113074622834,3.1677113074622834,3.1677113074622834,1.0,exact,exact,nonmetro_adjacent,Q3,Constrained Bayesian posterior estimate; not an observed or recovered true suppressed count.
12089,Nassau County,12,Florida,20.0,20.0,20.0,20.0,3.461986522486469,3.461986522486468,3.461986522486468,3.461986522486468,1.0,exact,exact,metro_large,Q2,Constrained Bayesian posterior estimate; not an observed or recovered true suppressed count.
12091,Okaloosa County,12,Florida,31.0,31.0,31.0,31.0,2.398931469492557,2.3989314694925565,2.3989314694925565,2.3989314694925565,0.0,exact,exact,metro_other,Q3,Constrained Bayesian posterior estimate; not an observed or recovered true suppressed count.
12093,Okeechobee County,12,Florida,11.0,11.0,11.0,11.0,4.41875318853213,4.41875318853213,4.41875318853213,4.41875318853213,1.0,exact,exact,nonmetro_adjacent,Q4_highest,Constrained Bayesian posterior estimate; not an observed or recovered true suppressed count.
12095,Orange County,12,Florida,172.0,172.0,172.0,172.0,1.9819362641561529,1.9819362641561526,1.9819362641561526,1.9819362641561526,0.0,exact,exact,metro_large,Q4_highest,Constrained Bayesian posterior estimate; not an observed or recovered true suppressed count.
12097,Osceola County,12,Florida,54.0,54.0,54.0,54.0,2.1662952540081477,2.1662952540081477,2.1662952540081477,2.1662952540081477,0.0,exact,exact,metro_large,Q4_highest,Constrained Bayesian posterior estimate; not an observed or recovered true suppressed count.
12099,Palm Beach County,12,Florida,156.0,156.0,156.0,156.0,1.7074016958001197,1.7074016958001201,1.7074016958001201,1.7074016958001201,0.0,exact,exact,metro_large,Q4_highest,Constrained Bayesian posterior estimate; not an observed or recovered true suppressed count.
12101,Pasco County,12,Florida,82.0,82.0,82.0,82.0,2.271889796721275,2.271889796721275,2.271889796721275,2.271889796721275,0.0,exact,exact,metro_large,Q3,Constrained Bayesian posterior estimate; not an observed or recovered true suppressed count.
12103,Pinellas County,12,Florida,167.0,167.0,167.0,167.0,2.8804933336415055,2.880493333641506,2.880493333641506,2.880493333641506,0.0,exact,exact,metro_large,Q3,Constrained Bayesian posterior estimate; not an observed or recovered true suppressed count.
12105,Polk County,12,Florida,123.0,123.0,123.0,123.0,2.6273849125305113,2.6273849125305113,2.6273849125305113,2.6273849125305113,0.0,exact,exact,metro_other,Q4_highest,Constrained Bayesian posterior estimate; not an observed or recovered true suppressed count.
12107,Putnam County,12,Florida,21.0,21.0,21.0,21.0,4.651265808766529,4.651265808766529,4.651265808766529,4.651265808766529,1.0,exact,exact,nonmetro_adjacent,Q4_highest,Constrained Bayesian posterior estimate; not an observed or recovered true suppressed count.
12109,St. Johns County,12,Florida,38.0,38.0,38.0,38.0,2.1137744669394545,2.113774466939455,2.113774466939455,2.113774466939455,0.0,exact,exact,metro_large,Q1_lowest,Constrained Bayesian posterior estimate; not an observed or recovered true suppressed count.
12111,St. Lucie County,12,Florida,62.0,62.0,62.0,62.0,2.908037534321878,2.9080375343218785,2.9080375343218785,2.9080375343218785,0.0,exact,exact,metro_other,Q4_highest,Constrained Bayesian posterior estimate; not an observed or recovered true suppressed count.
12113,Santa Rosa County,12,Florida,23.0,23.0,23.0,23.0,1.9548962927516695,1.9548962927516695,1.9548962927516695,1.9548962927516695,0.0,exact,exact,metro_other,Q2,Constrained Bayesian posterior estimate; not an observed or recovered true suppressed count.
12115,Sarasota County,12,Florida,82.0,82.0,82.0,82.0,3.0012806684218063,3.001280668421806,3.001280668421806,3.001280668421806,1.0,exact,exact,metro_other,Q2,Constrained Bayesian posterior estimate; not an observed or recovered true suppressed count.
12117,Seminole County,12,Florida,51.0,51.0,51.0,51.0,1.7746920561303778,1.774692056130378,1.774692056130378,1.774692056130378,0.0,exact,exact,metro_large,Q2,Constrained Bayesian posterior estimate; not an observed or recovered true suppressed count.
12119,Sumter County,12,Florida,30.0,30.0,30.0,30.0,3.4952650809037356,3.495265080903736,3.495265080903736,3.495265080903736,1.0,exact,exact,metro_other,Q2,Constrained Bayesian posterior estimate; not an observed or recovered true suppressed count.
12121,Suwannee County,12,Florida,11.0,11.0,11.0,11.0,4.031814683136019,4.031814683136019,4.031814683136019,4.031814683136019,1.0,exact,exact,nonmetro_adjacent,Q4_highest,Constrained Bayesian posterior estimate; not an observed or recovered true suppressed count.
12123,Taylor County,12,Florida,2.8799722222222224,3.0,2.0,5.0,2.2206244195649867,2.3131727477408015,1.5421151651605343,3.8552879129013355,0.22475,suppressed_1_9,suppressed_1_9,nonmetro_adjacent,Q4_highest,Constrained Bayesian posterior estimate; not an observed or recovered true suppressed count.
12125,Union County,12,Florida,6.037194444444444,6.0,5.0,8.0,6.457997565834201,6.418210602883915,5.348508835736596,8.557614137178554,1.0,suppressed_1_9,suppressed_1_9,nonmetro_adjacent,Q3,Constrained Bayesian posterior estimate; not an observed or recovered true suppressed count.
12127,Volusia County,12,Florida,101.0,101.0,101.0,101.0,2.9262520737276456,2.926252073727645,2.926252073727645,2.926252073727645,0.0,exact,exact,metro_other,Q3,Constrained Bayesian posterior estimate; not an observed or recovered true suppressed count.
12129,Wakulla County,12,Florida,5.96875,6.0,4.0,9.0,2.8222374580358416,2.837013570381578,1.8913423802543856,4.255520355572368,0.33008333333333334,suppressed_1_9,suppressed_1_9,metro_other,Q2,Constrained Bayesian posterior estimate; not an observed or recovered true suppressed count.
12131,Walton County,12,Florida,10.0,10.0,10.0,10.0,2.040349960825281,2.0403499608252806,2.0403499608252806,2.0403499608252806,0.0,exact,exact,metro_other,Q3,Constrained Bayesian posterior estimate; not an observed or recovered true suppressed count.
12133,Washington County,12,Florida,4.610916666666666,4.0,3.0,8.0,2.987118856353114,2.591344908007256,1.9435086810054418,5.182689816014512,0.47241666666666665,suppressed_1_9,suppressed_1_9,metro_other,Q4_highest,Constrained Bayesian posterior estimate; not an observed or recovered true suppressed count.
13001,Appling County,13,Georgia,2.789888888888889,3.0,2.0,5.0,2.519018797584615,2.708730237555642,1.805820158370428,4.5145503959260695,0.19552777777777777,suppressed_1_9,suppressed_1_9,nonmetro_nonadjacent,Q4_highest,Constrained Bayesian posterior estimate; not an observed or recovered true suppressed count.
13003,Atkinson County,13,Georgia,2.2895555555555553,2.0,2.0,4.0,4.5919686232562285,4.011231448054552,4.011231448054552,8.022462896109104,1.0,suppressed_1_9,suppressed_1_9,nonmetro_nonadjacent,Q4_highest,Constrained Bayesian posterior estimate; not an observed or recovered true suppressed count.
13005,Bacon County,13,Georgia,3.6974722222222223,3.0,3.0,6.0,5.548510965383968,4.501868275334264,4.501868275334264,9.003736550668528,1.0,suppressed_1_9,suppressed_1_9,nonmetro_nonadjacent,Q4_highest,Constrained Bayesian posterior estimate; not an observed or recovered true suppressed count.
13007,Baker County,13,Georgia,0.0,0.0,0.0,0.0,0.0,0.0,0.0,0.0,0.0,zero,zero,nonmetro_adjacent,Q3,Constrained Bayesian posterior estimate; not an observed or recovered true suppressed count.
13009,Baldwin County,13,Georgia,20.0,20.0,20.0,20.0,7.563009321408987,7.563009321408988,7.563009321408988,7.563009321408988,1.0,exact,exact,nonmetro_adjacent,Q4_highest,Constrained Bayesian posterior estimate; not an observed or recovered true suppressed count.
13011,Banks County,13,Georgia,3.9535,4.0,3.0,6.0,3.3911462220049238,3.431031968640368,2.573273976480276,5.146547952960552,0.5943055555555555,suppressed_1_9,suppressed_1_9,nonmetro_adjacent,Q2,Constrained Bayesian posterior estimate; not an observed or recovered true suppressed count.
13013,Barrow County,13,Georgia,17.0,17.0,17.0,17.0,3.184289837807261,3.1842898378072606,3.1842898378072606,3.1842898378072606,1.0,exact,exact,metro_large,Q2,Constrained Bayesian posterior estimate; not an observed or recovered true suppressed count.
13015,Bartow County,13,Georgia,15.0,15.0,15.0,15.0,2.2275948509887553,2.2275948509887553,2.2275948509887553,2.2275948509887553,0.0,exact,exact,metro_large,Q2,Constrained Bayesian posterior estimate; not an observed or recovered true suppressed count.
13017,Ben Hill County,13,Georgia,6.674722222222222,7.0,5.0,9.0,6.568703350150788,6.888814533430433,4.920581809593166,8.8570472572677,1.0,suppressed_1_9,suppressed_1_9,nonmetro_nonadjacent,Q4_highest,Constrained Bayesian posterior estimate; not an observed or recovered true suppressed count.
13019,Berrien County,13,Georgia,4.042138888888889,4.0,3.0,7.0,3.5961449875348213,3.558655539937012,2.668991654952759,6.227647194889771,0.6289166666666667,suppressed_1_9,suppressed_1_9,nonmetro_adjacent,Q3,Constrained Bayesian posterior estimate; not an observed or recovered true suppressed count.
13021,Bibb County,13,Georgia,26.0,26.0,26.0,26.0,2.788434004738193,2.788434004738193,2.788434004738193,2.788434004738193,0.0,exact,exact,metro_other,Q4_highest,Constrained Bayesian posterior estimate; not an observed or recovered true suppressed count.
13023,Bleckley County,13,Georgia,3.7441944444444446,4.0,3.0,6.0,4.940678574936918,5.278228626472956,3.9586714698547167,7.9173429397094335,1.0,suppressed_1_9,suppressed_1_9,nonmetro_adjacent,Q3,Constrained Bayesian posterior estimate; not an observed or recovered true suppressed count.
13025,Brantley County,13,Georgia,3.79,4.0,3.0,6.0,3.3902550294746447,3.578105572004902,2.6835791790036763,5.3671583580073525,0.5260277777777778,suppressed_1_9,suppressed_1_9,metro_other,Q2,Constrained Bayesian posterior estimate; not an observed or recovered true suppressed count.
13027,Brooks County,13,Georgia,4.049027777777778,4.0,3.0,7.0,4.220990949041739,4.1698809498988805,3.1274107124241604,7.29729166232304,1.0,suppressed_1_9,suppressed_1_9,metro_other,Q4_highest,Constrained Bayesian posterior estimate; not an observed or recovered true suppressed count.
13029,Bryan County,13,Georgia,6.240611111111111,6.0,4.0,9.0,2.2579086400367276,2.1708533986519,1.4472355991012666,3.25628009797785,0.0748888888888889,suppressed_1_9,suppressed_1_9,metro_other,Q2,Constrained Bayesian posterior estimate; not an observed or recovered true suppressed count.
13031,Bulloch County,13,Georgia,19.0,19.0,19.0,19.0,3.832739258748227,3.8327392587482274,3.8327392587482274,3.8327392587482274,1.0,exact,exact,nonmetro_adjacent,Q4_highest,Constrained Bayesian posterior estimate; not an observed or recovered true suppressed count.
13033,Burke County,13,Georgia,4.008527777777778,4.0,3.0,7.0,2.8102607125525116,2.8042821388259873,2.1032116041194904,4.907493742945478,0.26855555555555555,suppressed_1_9,suppressed_1_9,metro_other,Q3,Constrained Bayesian posterior estimate; not an observed or recovered true suppressed count.
13035,Butts County,13,Georgia,3.9121111111111113,4.0,3.0,6.0,2.4948733537690595,2.5509227963215695,1.9131920972411771,3.8263841944823542,0.23694444444444446,suppressed_1_9,suppressed_1_9,metro_large,Q3,Constrained Bayesian posterior estimate; not an observed or recovered true suppressed count.
13037,Calhoun County,13,Georgia,2.1670833333333333,2.0,2.0,3.0,6.318764092994322,5.831583858175881,5.831583858175881,8.74737578726382,1.0,suppressed_1_9,suppressed_1_9,nonmetro_adjacent,Q4_highest,Constrained Bayesian posterior estimate; not an observed or recovered true suppressed count.
13039,Camden County,13,Georgia,7.874194444444444,8.0,6.0,9.0,2.3162937991823584,2.3533010931083576,1.7649758198312684,2.647463729746902,0.0,suppressed_1_9,suppressed_1_9,nonmetro_adjacent,Q3,Constrained Bayesian posterior estimate; not an observed or recovered true suppressed count.
13043,Candler County,13,Georgia,4.898611111111111,5.0,4.0,7.0,7.420563988110269,7.574150937679886,6.059320750143908,10.60381131275184,1.0,suppressed_1_9,suppressed_1_9,nonmetro_nonadjacent,Q4_highest,Constrained Bayesian posterior estimate; not an observed or recovered true suppressed count.
13045,Carroll County,13,Georgia,15.0,15.0,15.0,15.0,2.0128986545785392,2.0128986545785392,2.0128986545785392,2.0128986545785392,0.0,exact,exact,metro_large,Q4_highest,Constrained Bayesian posterior estimate; not an observed or recovered true suppressed count.
13047,Catoosa County,13,Georgia,16.0,16.0,16.0,16.0,3.8962715116802906,3.8962715116802915,3.8962715116802915,3.8962715116802915,1.0,exact,exact,metro_other,Q2,Constrained Bayesian posterior estimate; not an observed or recovered true suppressed count.
13049,Charlton County,13,Georgia,0.0,0.0,0.0,0.0,0.0,0.0,0.0,0.0,0.0,zero,zero,nonmetro_adjacent,Q4_highest,Constrained Bayesian posterior estimate; not an observed or recovered true suppressed count.
13051,Chatham County,13,Georgia,61.0,61.0,61.0,61.0,3.412931092361747,3.4129310923617484,3.4129310923617484,3.4129310923617484,1.0,exact,exact,metro_other,Q4_highest,Constrained Bayesian posterior estimate; not an observed or recovered true suppressed count.
13053,Chattahoochee County,13,Georgia,0.0,0.0,0.0,0.0,0.0,0.0,0.0,0.0,0.0,zero,zero,metro_other,Q3,Constrained Bayesian posterior estimate; not an observed or recovered true suppressed count.
13055,Chattooga County,13,Georgia,7.8925833333333335,8.0,6.0,9.0,5.2607402173816435,5.332337963580131,3.9992534726850986,5.998880209027648,1.0,suppressed_1_9,suppressed_1_9,nonmetro_adjacent,Q4_highest,Constrained Bayesian posterior estimate; not an observed or recovered true suppressed count.
13057,Cherokee County,13,Georgia,20.0,20.0,20.0,20.0,1.2047793597200092,1.2047793597200092,1.2047793597200092,1.2047793597200092,0.0,exact,exact,metro_large,Q1_lowest,Constrained Bayesian posterior estimate; not an observed or recovered true suppressed count.
13059,Clarke County,13,Georgia,20.0,20.0,20.0,20.0,2.5818444696891456,2.581844469689146,2.581844469689146,2.581844469689146,0.0,exact,exact,metro_other,Q4_highest,Constrained Bayesian posterior estimate; not an observed or recovered true suppressed count.
13061,Clay County,13,Georgia,1.0579166666666666,1.0,1.0,2.0,6.188456663741835,5.849663644340451,5.849663644340451,11.699327288680902,1.0,suppressed_1_9,suppressed_1_9,nonmetro_nonadjacent,Q4_highest,Constrained Bayesian posterior estimate; not an observed or recovered true suppressed count.
13063,Clayton County,13,Georgia,44.0,44.0,44.0,44.0,2.4794752979455845,2.4794752979455854,2.4794752979455854,2.4794752979455854,0.0,exact,exact,metro_large,Q4_highest,Constrained Bayesian posterior estimate; not an observed or recovered true suppressed count.
13065,Clinch County,13,Georgia,2.216222222222222,2.0,2.0,3.0,5.512442100841265,4.974629390110437,4.974629390110437,7.461944085165656,1.0,suppressed_1_9,suppressed_1_9,nonmetro_adjacent,Q4_highest,Constrained Bayesian posterior estimate; not an observed or recovered true suppressed count.
13067,Cobb County,13,Georgia,72.0,72.0,72.0,72.0,1.5563798604446053,1.5563798604446057,1.5563798604446057,1.5563798604446057,0.0,exact,exact,metro_large,Q2,Constrained Bayesian posterior estimate; not an observed or recovered true suppressed count.
13069,Coffee County,13,Georgia,7.660138888888889,8.0,5.0,9.0,2.9437503656136568,3.074357171130249,1.9214732319564056,3.4586518175215297,0.585,suppressed_1_9,suppressed_1_9,nonmetro_nonadjacent,Q4_highest,Constrained Bayesian posterior estimate; not an observed or recovered true suppressed count.
13071,Colquitt County,13,Georgia,15.0,15.0,15.0,15.0,5.437540781555863,5.437540781555862,5.437540781555862,5.437540781555862,1.0,exact,exact,nonmetro_adjacent,Q4_highest,Constrained Bayesian posterior estimate; not an observed or recovered true suppressed count.
13073,Columbia County,13,Georgia,20.0,20.0,20.0,20.0,2.0580726355575263,2.0580726355575267,2.0580726355575267,2.0580726355575267,0.0,exact,exact,metro_other,Q1_lowest,Constrained Bayesian posterior estimate; not an observed or recovered true suppressed count.
13075,Cook County,13,Georgia,2.6811666666666665,2.0,2.0,5.0,2.556218696768617,1.906795820303562,1.906795820303562,4.766989550758905,0.15711111111111112,suppressed_1_9,suppressed_1_9,nonmetro_adjacent,Q4_highest,Constrained Bayesian posterior estimate; not an observed or recovered true suppressed count.
13077,Coweta County,13,Georgia,7.969333333333333,8.0,5.0,9.0,0.8697097778325862,0.8730564943944317,0.5456603089965197,0.9821885561937357,0.0,suppressed_1_9,suppressed_1_9,metro_large,Q1_lowest,Constrained Bayesian posterior estimate; not an observed or recovered true suppressed count.
13079,Crawford County,13,Georgia,1.1768333333333334,1.0,1.0,2.0,1.599958307275381,1.3595453680289311,1.3595453680289311,2.7190907360578622,0.017416666666666667,suppressed_1_9,suppressed_1_9,metro_other,Q3,Constrained Bayesian posterior estimate; not an observed or recovered true suppressed count.
13081,Crisp County,13,Georgia,6.925,7.0,5.0,9.0,5.625873330517012,5.6868033665875934,4.0620024047054235,7.3116043284697625,1.0,suppressed_1_9,suppressed_1_9,nonmetro_adjacent,Q4_highest,Constrained Bayesian posterior estimate; not an observed or recovered true suppressed count.
13083,Dade County,13,Georgia,4.956055555555555,5.0,4.0,7.0,5.119204606360256,5.164595663805481,4.131676531044384,7.230433929327673,1.0,suppressed_1_9,suppressed_1_9,metro_other,Q2,Constrained Bayesian posterior estimate; not an observed or recovered true suppressed count.
13085,Dawson County,13,Georgia,2.7715277777777776,3.0,2.0,5.0,1.5628681022340518,1.691703884152118,1.1278025894347454,2.819506473586863,0.012027777777777778,suppressed_1_9,suppressed_1_9,metro_large,Q1_lowest,Constrained Bayesian posterior estimate; not an observed or recovered true suppressed count.
13087,Decatur County,13,Georgia,6.429722222222222,6.0,4.0,9.0,3.7965045980563317,3.5427700919348837,2.361846727956589,5.314155137902326,0.9111111111111111,suppressed_1_9,suppressed_1_9,nonmetro_adjacent,Q4_highest,Constrained Bayesian posterior estimate; not an observed or recovered true suppressed count.
13089,DeKalb County,13,Georgia,104.0,104.0,104.0,104.0,2.2731529921578404,2.273152992157841,2.273152992157841,2.273152992157841,0.0,exact,exact,metro_large,Q4_highest,Constrained Bayesian posterior estimate; not an observed or recovered true suppressed count.
13091,Dodge County,13,Georgia,4.182333333333333,4.0,3.0,7.0,3.484580861605457,3.332666799973339,2.499500099980004,5.832166899953342,0.6713888888888889,suppressed_1_9,suppressed_1_9,nonmetro_nonadjacent,Q4_highest,Constrained Bayesian posterior estimate; not an observed or recovered true suppressed count.
13093,Dooly County,13,Georgia,1.1948333333333334,1.0,1.0,2.0,1.7023327824319445,1.4247449706502537,1.4247449706502537,2.8494899413005075,0.021611111111111112,suppressed_1_9,suppressed_1_9,nonmetro_adjacent,Q4_highest,Constrained Bayesian posterior estimate; not an observed or recovered true suppressed count.
13095,Dougherty County,13,Georgia,16.0,16.0,16.0,16.0,3.1539149941061217,3.1539149941061213,3.1539149941061213,3.1539149941061213,1.0,exact,exact,metro_other,Q4_highest,Constrained Bayesian posterior estimate; not an observed or recovered true suppressed count.
13097,Douglas County,13,Georgia,27.0,27.0,27.0,27.0,3.0388021267112957,3.0388021267112957,3.0388021267112957,3.0388021267112957,1.0,exact,exact,metro_large,Q3,Constrained Bayesian posterior estimate; not an observed or recovered true suppressed count.
13099,Early County,13,Georgia,2.5092777777777777,2.0,2.0,4.0,4.019539266307492,3.203741970621686,3.203741970621686,6.407483941243372,1.0,suppressed_1_9,suppressed_1_9,nonmetro_adjacent,Q4_highest,Constrained Bayesian posterior estimate; not an observed or recovered true suppressed count.
13101,Echols County,13,Georgia,1.0373611111111112,1.0,1.0,2.0,4.5498294346978545,4.385964912280701,4.385964912280701,8.771929824561402,1.0,suppressed_1_9,suppressed_1_9,metro_other,Q2,Constrained Bayesian posterior estimate; not an observed or recovered true suppressed count.
13103,Effingham County,13,Georgia,7.170722222222222,7.0,4.0,9.0,1.746690202523122,1.7051045959876452,0.9743454834215116,2.192277337698401,0.0,suppressed_1_9,suppressed_1_9,metro_other,Q2,Constrained Bayesian posterior estimate; not an observed or recovered true suppressed count.
13105,Elbert County,13,Georgia,5.6885,6.0,4.0,9.0,4.817211039318471,5.080999601988364,3.387333067992243,7.621499402982547,1.0,suppressed_1_9,suppressed_1_9,nonmetro_adjacent,Q4_highest,Constrained Bayesian posterior estimate; not an observed or recovered true suppressed count.
13107,Emanuel County,13,Georgia,2.8656944444444443,3.0,2.0,5.0,2.0895971623689817,2.1875296227969754,1.4583530818646502,3.645882704661626,0.06986111111111111,suppressed_1_9,suppressed_1_9,nonmetro_nonadjacent,Q4_highest,Constrained Bayesian posterior estimate; not an observed or recovered true suppressed count.
13109,Evans County,13,Georgia,1.271861111111111,1.0,1.0,3.0,1.9785649343690472,1.5556454372919324,1.5556454372919324,4.666936311875797,0.2281388888888889,suppressed_1_9,suppressed_1_9,nonmetro_adjacent,Q4_highest,Constrained Bayesian posterior estimate; not an observed or recovered true suppressed count.
13111,Fannin County,13,Georgia,6.209472222222222,6.0,4.0,9.0,3.9785946372329577,3.8443795171459327,2.5629196780972885,5.766569275718899,0.88825,suppressed_1_9,suppressed_1_9,nonmetro_adjacent,Q3,Constrained Bayesian posterior estimate; not an observed or recovered true suppressed count.
13113,Fayette County,13,Georgia,8.257972222222222,9.0,6.0,9.0,1.1448671048853498,1.2477402038530219,0.8318268025686811,1.2477402038530219,0.0,suppressed_1_9,suppressed_1_9,metro_large,Q1_lowest,Constrained Bayesian posterior estimate; not an observed or recovered true suppressed count.
13115,Floyd County,13,Georgia,17.0,17.0,17.0,17.0,2.8484347850855944,2.8484347850855953,2.8484347850855953,2.8484347850855953,0.0,exact,exact,metro_other,Q4_highest,Constrained Bayesian posterior estimate; not an observed or recovered true suppressed count.
13117,Forsyth County,13,Georgia,21.0,21.0,21.0,21.0,1.3328890369876707,1.3328890369876707,1.3328890369876707,1.3328890369876707,0.0,exact,exact,metro_large,Q1_lowest,Constrained Bayesian posterior estimate; not an observed or recovered true suppressed count.
13119,Franklin County,13,Georgia,4.537055555555556,4.0,3.0,8.0,3.1342780648508906,2.7632706070905524,2.0724529553179143,5.526541214181105,0.44372222222222224,suppressed_1_9,suppressed_1_9,nonmetro_adjacent,Q4_highest,Constrained Bayesian posterior estimate; not an observed or recovered true suppressed count.
13121,Fulton County,13,Georgia,161.0,161.0,161.0,161.0,2.4958276272926345,2.4958276272926345,2.4958276272926345,2.4958276272926345,0.0,exact,exact,metro_large,Q3,Constrained Bayesian posterior estimate; not an observed or recovered true suppressed count.
13123,Gilmer County,13,Georgia,3.5667222222222223,3.0,2.0,7.0,1.8388293999609329,1.5466548433496419,1.0311032288997615,3.6088613011491644,0.09175,suppressed_1_9,suppressed_1_9,nonmetro_adjacent,Q3,Constrained Bayesian posterior estimate; not an observed or recovered true suppressed count.
13125,Glascock County,13,Georgia,0.0,0.0,0.0,0.0,0.0,0.0,0.0,0.0,0.0,zero,zero,nonmetro_nonadjacent,Q3,Constrained Bayesian posterior estimate; not an observed or recovered true suppressed count.
13127,Glynn County,13,Georgia,16.0,16.0,16.0,16.0,3.1165390833479427,3.1165390833479423,3.1165390833479423,3.1165390833479423,1.0,exact,exact,metro_other,Q4_highest,Constrained Bayesian posterior estimate; not an observed or recovered true suppressed count.
13129,Gordon County,13,Georgia,8.028833333333333,8.0,6.0,9.0,2.265114240789642,2.2569797097524096,1.6927347823143069,2.5391021734714605,0.0,suppressed_1_9,suppressed_1_9,nonmetro_adjacent,Q3,Constrained Bayesian posterior estimate; not an observed or recovered true suppressed count.
13131,Grady County,13,Georgia,3.2292222222222224,3.0,2.0,6.0,2.105277645577671,1.9558371961117957,1.3038914640745305,3.9116743922235915,0.139,suppressed_1_9,suppressed_1_9,nonmetro_adjacent,Q4_highest,Constrained Bayesian posterior estimate; not an observed or recovered true suppressed count.
13133,Greene County,13,Georgia,2.885222222222222,3.0,2.0,5.0,2.431729068278892,2.5284663166145522,1.685644211076368,4.21411052769092,0.22994444444444445,suppressed_1_9,suppressed_1_9,nonmetro_adjacent,Q3,Constrained Bayesian posterior estimate; not an observed or recovered true suppressed count.
13135,Gwinnett County,13,Georgia,71.0,71.0,71.0,71.0,1.2228368747665201,1.22283687476652,1.22283687476652,1.22283687476652,0.0,exact,exact,metro_large,Q3,Constrained Bayesian posterior estimate; not an observed or recovered true suppressed count.
13137,Habersham County,13,Georgia,7.252277777777778,7.0,4.0,9.0,2.5532053884855896,2.4643895707033368,1.4082226118304781,3.1685008766185763,0.2235,suppressed_1_9,suppressed_1_9,nonmetro_adjacent,Q3,Constrained Bayesian posterior estimate; not an observed or recovered true suppressed count.
13139,Hall County,13,Georgia,28.0,28.0,28.0,28.0,2.204542144153436,2.204542144153436,2.204542144153436,2.204542144153436,0.0,exact,exact,metro_other,Q4_highest,Constrained Bayesian posterior estimate; not an observed or recovered true suppressed count.
13141,Hancock County,13,Georgia,2.3666388888888887,2.0,2.0,4.0,4.610904375648078,3.89658464355992,3.89658464355992,7.79316928711984,1.0,suppressed_1_9,suppressed_1_9,nonmetro_nonadjacent,Q4_highest,Constrained Bayesian posterior estimate; not an observed or recovered true suppressed count.
13143,Haralson County,13,Georgia,4.1635,4.0,3.0,7.0,2.2321284968315407,2.144473156557263,1.608354867417947,3.7528280239752094,0.1228888888888889,suppressed_1_9,suppressed_1_9,metro_large,Q2,Constrained Bayesian posterior estimate; not an observed or recovered true suppressed count.
13145,Harris County,13,Georgia,4.567472222222222,4.0,3.0,8.0,2.1067579126582543,1.8450099399910518,1.383757454993289,3.6900198799821036,0.09061111111111111,suppressed_1_9,suppressed_1_9,metro_other,Q1_lowest,Constrained Bayesian posterior estimate; not an observed or recovered true suppressed count.
13147,Hart County,13,Georgia,5.20525,5.0,3.0,9.0,3.222326773432712,3.095266100026619,1.8571596600159714,5.571478980047915,0.6264722222222222,suppressed_1_9,suppressed_1_9,nonmetro_adjacent,Q4_highest,Constrained Bayesian posterior estimate; not an observed or recovered true suppressed count.
13149,Heard County,13,Georgia,2.2595833333333335,2.0,2.0,4.0,3.167388571935874,2.8035156085731505,2.8035156085731505,5.607031217146301,0.223,suppressed_1_9,suppressed_1_9,metro_large,Q3,Constrained Bayesian posterior estimate; not an observed or recovered true suppressed count.
13151,Henry County,13,Georgia,21.0,21.0,21.0,21.0,1.4177435328953636,1.4177435328953631,1.4177435328953631,1.4177435328953631,0.0,exact,exact,metro_large,Q2,Constrained Bayesian posterior estimate; not an observed or recovered true suppressed count.
13153,Houston County,13,Georgia,19.0,19.0,19.0,19.0,1.8975256265829363,1.8975256265829359,1.8975256265829359,1.8975256265829359,0.0,exact,exact,metro_other,Q2,Constrained Bayesian posterior estimate; not an observed or recovered true suppressed count.
13155,Irwin County,13,Georgia,6.928055555555556,7.0,6.0,9.0,12.410976954526095,12.539858837017665,10.748450431729426,16.12267564759414,1.0,suppressed_1_9,suppressed_1_9,nonmetro_nonadjacent,Q4_highest,Constrained Bayesian posterior estimate; not an observed or recovered true suppressed count.
13157,Jackson County,13,Georgia,12.0,12.0,12.0,12.0,2.4201452893888726,2.420145289388873,2.420145289388873,2.420145289388873,0.0,exact,exact,nonmetro_adjacent,Q2,Constrained Bayesian posterior estimate; not an observed or recovered true suppressed count.
13159,Jasper County,13,Georgia,0.0,0.0,0.0,0.0,0.0,0.0,0.0,0.0,0.0,zero,zero,metro_large,Q3,Constrained Bayesian posterior estimate; not an observed or recovered true suppressed count.
13161,Jeff Davis County,13,Georgia,3.9115555555555557,4.0,3.0,6.0,4.340674651614129,4.438821936658011,3.329116452493508,6.658232904987016,1.0,suppressed_1_9,suppressed_1_9,nonmetro_nonadjacent,Q4_highest,Constrained Bayesian posterior estimate; not an observed or recovered true suppressed count.
13163,Jefferson County,13,Georgia,1.3186944444444444,1.0,1.0,3.0,1.438539140215825,1.0908813230208685,1.0908813230208685,3.2726439690626057,0.048666666666666664,suppressed_1_9,suppressed_1_9,nonmetro_adjacent,Q4_highest,Constrained Bayesian posterior estimate; not an observed or recovered true suppressed count.
13165,Jenkins County,13,Georgia,2.3439722222222223,2.0,2.0,4.0,4.48925022929581,3.8304636776281766,3.8304636776281766,7.660927355256353,1.0,suppressed_1_9,suppressed_1_9,nonmetro_nonadjacent,Q4_highest,Constrained Bayesian posterior estimate; not an observed or recovered true suppressed count.
13167,Johnson County,13,Georgia,1.1489166666666666,1.0,1.0,2.0,2.0453547437632036,1.7802463860998363,1.7802463860998363,3.5604927721996726,0.13544444444444445,suppressed_1_9,suppressed_1_9,nonmetro_nonadjacent,Q4_highest,Constrained Bayesian posterior estimate; not an observed or recovered true suppressed count.
13169,Jones County,13,Georgia,4.230388888888889,4.0,3.0,7.0,2.4536795365053585,2.320051041122905,1.7400382808421786,4.060089321965083,0.14022222222222222,suppressed_1_9,suppressed_1_9,metro_other,Q2,Constrained Bayesian posterior estimate; not an observed or recovered true suppressed count.
13171,Lamar County,13,Georgia,2.7007222222222222,2.0,2.0,5.0,2.2892132486456753,1.6952600528921136,1.6952600528921136,4.238150132230285,0.16319444444444445,suppressed_1_9,suppressed_1_9,nonmetro_adjacent,Q2,Constrained Bayesian posterior estimate; not an observed or recovered true suppressed count.
13173,Lanier County,13,Georgia,2.3825555555555558,2.0,2.0,4.0,3.8333100935668747,3.2178138172925315,3.2178138172925315,6.435627634585063,1.0,suppressed_1_9,suppressed_1_9,metro_other,Q4_highest,Constrained Bayesian posterior estimate; not an observed or recovered true suppressed count.
13175,Laurens County,13,Georgia,7.516805555555556,8.0,5.0,9.0,2.552456443975087,2.716533160380722,1.697833225237951,3.0560998054283126,0.2831666666666667,suppressed_1_9,suppressed_1_9,nonmetro_adjacent,Q4_highest,Constrained Bayesian posterior estimate; not an observed or recovered true suppressed count.
13177,Lee County,13,Georgia,5.7877777777777775,6.0,4.0,9.0,2.9646855805524823,3.073392615662009,2.048928410441339,4.610088923493013,0.5364166666666667,suppressed_1_9,suppressed_1_9,metro_other,Q2,Constrained Bayesian posterior estimate; not an observed or recovered true suppressed count.
13179,Liberty County,13,Georgia,5.939583333333333,6.0,3.0,9.0,1.499906144070115,1.515162993659043,0.7575814968295215,2.2727444904885643,0.0,suppressed_1_9,suppressed_1_9,metro_other,Q4_highest,Constrained Bayesian posterior estimate; not an observed or recovered true suppressed count.
13181,Lincoln County,13,Georgia,1.1702222222222223,1.0,1.0,2.0,2.465182688481614,2.106593638087213,2.106593638087213,4.213187276174426,0.1520277777777778,suppressed_1_9,suppressed_1_9,metro_other,Q3,Constrained Bayesian posterior estimate; not an observed or recovered true suppressed count.
13183,Long County,13,Georgia,2.54025,2.0,2.0,4.0,2.203872882017647,1.7351621942861108,1.7351621942861108,3.4703243885722217,0.11197222222222222,suppressed_1_9,suppressed_1_9,metro_other,Q4_highest,Constrained Bayesian posterior estimate; not an observed or recovered true suppressed count.
13185,Lowndes County,13,Georgia,22.0,22.0,22.0,22.0,3.066274741004316,3.0662747410043165,3.0662747410043165,3.0662747410043165,1.0,exact,exact,metro_other,Q4_highest,Constrained Bayesian posterior estimate; not an observed or recovered true suppressed count.
13187,Lumpkin County,13,Georgia,4.522305555555556,4.0,3.0,8.0,2.1726811993406274,1.9217464832039357,1.441309862402952,3.8434929664078714,0.07908333333333334,suppressed_1_9,suppressed_1_9,metro_large,Q2,Constrained Bayesian posterior estimate; not an observed or recovered true suppressed count.
13189,McDuffie County,13,Georgia,1.4328055555555557,1.0,1.0,3.0,1.107414077240098,0.7728990671108261,0.7728990671108261,2.318697201332478,0.016666666666666666,suppressed_1_9,suppressed_1_9,metro_other,Q3,Constrained Bayesian posterior estimate; not an observed or recovered true suppressed count.
13191,McIntosh County,13,Georgia,2.537861111111111,2.0,2.0,4.0,3.412525529603883,2.6892925815864137,2.6892925815864137,5.378585163172827,0.3986388888888889,suppressed_1_9,suppressed_1_9,metro_other,Q3,Constrained Bayesian posterior estimate; not an observed or recovered true suppressed count.
13193,Macon County,13,Georgia,4.8861944444444445,5.0,4.0,7.0,6.686455805523626,6.8421916908424105,5.473753352673929,9.579068367179376,1.0,suppressed_1_9,suppressed_1_9,nonmetro_adjacent,Q4_highest,Constrained Bayesian posterior estimate; not an observed or recovered true suppressed count.
13195,Madison County,13,Georgia,1.3479722222222221,1.0,1.0,3.0,0.7183170477105688,0.532887129177169,0.532887129177169,1.5986613875315068,0.0002777777777777778,suppressed_1_9,suppressed_1_9,metro_other,Q3,Constrained Bayesian posterior estimate; not an observed or recovered true suppressed count.
13197,Marion County,13,Georgia,2.321222222222222,2.0,2.0,4.0,4.955746754248002,4.269945985183288,4.269945985183288,8.539891970366575,1.0,suppressed_1_9,suppressed_1_9,metro_other,Q4_highest,Constrained Bayesian posterior estimate; not an observed or recovered true suppressed count.
13199,Meriwether County,13,Georgia,5.472611111111111,5.0,4.0,8.0,4.331687848654107,3.957606123208194,3.1660848985665555,6.332169797133111,1.0,suppressed_1_9,suppressed_1_9,metro_large,Q4_highest,Constrained Bayesian posterior estimate; not an observed or recovered true suppressed count.
13201,Miller County,13,Georgia,2.272611111111111,2.0,2.0,4.0,6.561223867861281,5.774172128071138,5.774172128071138,11.548344256142276,1.0,suppressed_1_9,suppressed_1_9,nonmetro_nonadjacent,Q4_highest,Constrained Bayesian posterior estimate; not an observed or recovered true suppressed count.
13205,Mitchell County,13,Georgia,5.685333333333333,6.0,4.0,9.0,4.45751172788689,4.704222039280254,3.136148026186836,7.056333058920381,1.0,suppressed_1_9,suppressed_1_9,nonmetro_adjacent,Q4_highest,Constrained Bayesian posterior estimate; not an observed or recovered true suppressed count.
13207,Monroe County,13,Georgia,11.0,11.0,11.0,11.0,6.256363005556788,6.256363005556787,6.256363005556787,6.256363005556787,1.0,exact,exact,metro_other,Q2,Constrained Bayesian posterior estimate; not an observed or recovered true suppressed count.
13209,Montgomery County,13,Georgia,0.0,0.0,0.0,0.0,0.0,0.0,0.0,0.0,0.0,zero,zero,nonmetro_nonadjacent,Q4_highest,Constrained Bayesian posterior estimate; not an observed or recovered true suppressed count.
13211,Morgan County,13,Georgia,1.3329722222222222,1.0,1.0,3.0,1.0751683542420611,0.8065947184177839,0.8065947184177839,2.4197841552533514,0.01025,suppressed_1_9,suppressed_1_9,metro_large,Q2,Constrained Bayesian posterior estimate; not an observed or recovered true suppressed count.
13213,Murray County,13,Georgia,6.434638888888889,6.0,4.0,9.0,2.649067891120242,2.4701319873858596,1.6467546582572394,3.7051979810787894,0.24988888888888888,suppressed_1_9,suppressed_1_9,metro_other,Q3,Constrained Bayesian posterior estimate; not an observed or recovered true suppressed count.
13215,Muscogee County,13,Georgia,46.0,46.0,46.0,46.0,3.820118905353233,3.8201189053532327,3.8201189053532327,3.8201189053532327,1.0,exact,exact,metro_other,Q4_highest,Constrained Bayesian posterior estimate; not an observed or recovered true suppressed count.
13217,Newton County,13,Georgia,12.0,12.0,12.0,12.0,1.709012190953629,1.7090121909536289,1.7090121909536289,1.7090121909536289,0.0,exact,exact,metro_large,Q3,Constrained Bayesian posterior estimate; not an observed or recovered true suppressed count.
13219,Oconee County,13,Georgia,4.520166666666666,4.0,3.0,8.0,1.7591756568125327,1.5567352149072966,1.1675514111804723,3.113470429814593,0.028277777777777777,suppressed_1_9,suppressed_1_9,metro_other,Q1_lowest,Constrained Bayesian posterior estimate; not an observed or recovered true suppressed count.
13221,Oglethorpe County,13,Georgia,1.2629722222222222,1.0,1.0,3.0,1.3554549107850888,1.0732262253560427,1.0732262253560427,3.219678676068128,0.035916666666666666,suppressed_1_9,suppressed_1_9,metro_other,Q2,Constrained Bayesian posterior estimate; not an observed or recovered true suppressed count.
13223,Paulding County,13,Georgia,22.0,22.0,22.0,22.0,2.0639060359870167,2.0639060359870163,2.0639060359870163,2.0639060359870163,0.0,exact,exact,metro_large,Q1_lowest,Constrained Bayesian posterior estimate; not an observed or recovered true suppressed count.
13225,Peach County,13,Georgia,4.618527777777778,4.0,3.0,8.0,2.7089251627795736,2.346137378074173,1.7596030335556299,4.692274756148346,0.47230555555555553,suppressed_1_9,suppressed_1_9,metro_other,Q4_highest,Constrained Bayesian posterior estimate; not an observed or recovered true suppressed count.
13227,Pickens County,13,Georgia,5.927833333333333,6.0,4.0,9.0,2.8620699089564514,2.896913338837469,1.931275559224979,4.345370008256203,0.3199444444444444,suppressed_1_9,suppressed_1_9,metro_large,Q2,Constrained Bayesian posterior estimate; not an observed or recovered true suppressed count.
13229,Pierce County,13,Georgia,6.426611111111111,6.0,5.0,9.0,5.345486472124027,4.990642545227698,4.158868787689748,7.485963817841547,1.0,suppressed_1_9,suppressed_1_9,nonmetro_adjacent,Q2,Constrained Bayesian posterior estimate; not an observed or recovered true suppressed count.
13231,Pike County,13,Georgia,4.833027777777778,5.0,4.0,7.0,4.072318653334832,4.213009774182677,3.3704078193461413,5.898213683855746,1.0,suppressed_1_9,suppressed_1_9,metro_large,Q1_lowest,Constrained Bayesian posterior estimate; not an observed or recovered true suppressed count.
13233,Polk County,13,Georgia,10.0,10.0,10.0,10.0,3.8242233958338905,3.8242233958338914,3.8242233958338914,3.8242233958338914,1.0,exact,exact,nonmetro_adjacent,Q4_highest,Constrained Bayesian posterior estimate; not an observed or recovered true suppressed count.
13235,Pulaski County,13,Georgia,5.085138888888889,5.0,4.0,8.0,8.135701537323834,7.999488032765903,6.399590426212723,12.799180852425446,1.0,suppressed_1_9,suppressed_1_9,nonmetro_adjacent,Q4_highest,Constrained Bayesian posterior estimate; not an observed or recovered true suppressed count.
13237,Putnam County,13,Georgia,4.52525,4.0,3.0,8.0,3.309866881217086,2.925687536571094,2.1942656524283204,5.851375073142188,0.44380555555555556,suppressed_1_9,suppressed_1_9,nonmetro_adjacent,Q3,Constrained Bayesian posterior estimate; not an observed or recovered true suppressed count.
13239,Quitman County,13,Georgia,0.0,0.0,0.0,0.0,0.0,0.0,0.0,0.0,0.0,zero,zero,nonmetro_adjacent,Q4_highest,Constrained Bayesian posterior estimate; not an observed or recovered true suppressed count.
13241,Rabun County,13,Georgia,5.362583333333333,5.0,4.0,8.0,5.161889085682016,4.812875404281534,3.850300323425227,7.700600646850454,1.0,suppressed_1_9,suppressed_1_9,nonmetro_nonadjacent,Q2,Constrained Bayesian posterior estimate; not an observed or recovered true suppressed count.
13243,Randolph County,13,Georgia,2.3301666666666665,2.0,2.0,4.0,6.127824821613281,5.259559248934939,5.259559248934939,10.519118497869878,1.0,suppressed_1_9,suppressed_1_9,nonmetro_adjacent,Q4_highest,Constrained Bayesian posterior estimate; not an observed or recovered true suppressed count.
13245,Richmond County,13,Georgia,54.0,54.0,54.0,54.0,4.395150033329889,4.395150033329888,4.395150033329888,4.395150033329888,1.0,exact,exact,metro_other,Q4_highest,Constrained Bayesian posterior estimate; not an observed or recovered true suppressed count.
13247,Rockdale County,13,Georgia,12.0,12.0,12.0,12.0,2.1257825537025816,2.1257825537025816,2.1257825537025816,2.1257825537025816,0.0,exact,exact,metro_large,Q4_highest,Constrained Bayesian posterior estimate; not an observed or recovered true suppressed count.
13249,Schley County,13,Georgia,1.0648055555555556,1.0,1.0,2.0,3.7419368693968087,3.5141973573235874,3.5141973573235874,7.028394714647175,1.0,suppressed_1_9,suppressed_1_9,nonmetro_adjacent,Q2,Constrained Bayesian posterior estimate; not an observed or recovered true suppressed count.
13251,Screven County,13,Georgia,6.397333333333333,6.0,5.0,9.0,7.565526240061183,7.095637365626367,5.913031138021973,10.643456048439552,1.0,suppressed_1_9,suppressed_1_9,nonmetro_adjacent,Q3,Constrained Bayesian posterior estimate; not an observed or recovered true suppressed count.
13253,Seminole County,13,Georgia,0.0,0.0,0.0,0.0,0.0,0.0,0.0,0.0,0.0,zero,zero,nonmetro_adjacent,Q4_highest,Constrained Bayesian posterior estimate; not an observed or recovered true suppressed count.
13255,Spalding County,13,Georgia,6.4679166666666665,6.0,3.0,9.0,1.573001964251116,1.4592042958974472,0.7296021479487236,2.1888064438461705,0.0,suppressed_1_9,suppressed_1_9,metro_large,Q4_highest,Constrained Bayesian posterior estimate; not an observed or recovered true suppressed count.
13257,Stephens County,13,Georgia,7.426,8.0,5.0,9.0,4.62996446162479,4.987842134796434,3.1174013342477713,5.611322401645988,1.0,suppressed_1_9,suppressed_1_9,nonmetro_nonadjacent,Q4_highest,Constrained Bayesian posterior estimate; not an observed or recovered true suppressed count.
13259,Stewart County,13,Georgia,1.0598333333333334,1.0,1.0,2.0,3.2329733797002405,3.0504545177231406,3.0504545177231406,6.100909035446281,1.0,suppressed_1_9,suppressed_1_9,metro_other,Q4_highest,Constrained Bayesian posterior estimate; not an observed or recovered true suppressed count.
13261,Sumter County,13,Georgia,5.096972222222222,5.0,3.0,8.0,2.915420997907785,2.859953783146864,1.7159722698881188,4.5759260530349835,0.35841666666666666,suppressed_1_9,suppressed_1_9,nonmetro_adjacent,Q4_highest,Constrained Bayesian posterior estimate; not an observed or recovered true suppressed count.
13263,Talbot County,13,Georgia,1.0833611111111112,1.0,1.0,2.0,3.069011646207113,2.8328611898016995,2.8328611898016995,5.665722379603399,0.07808333333333334,suppressed_1_9,suppressed_1_9,metro_other,Q3,Constrained Bayesian posterior estimate; not an observed or recovered true suppressed count.
13265,Taliaferro County,13,Georgia,0.0,0.0,0.0,0.0,0.0,0.0,0.0,0.0,0.0,zero,zero,nonmetro_adjacent,Q3,Constrained Bayesian posterior estimate; not an observed or recovered true suppressed count.
13267,Tattnall County,13,Georgia,4.097527777777778,4.0,3.0,7.0,2.8000435825129344,2.733398023753229,2.0500485178149215,4.78344654156815,0.29836111111111113,suppressed_1_9,suppressed_1_9,nonmetro_adjacent,Q4_highest,Constrained Bayesian posterior estimate; not an observed or recovered true suppressed count.
13269,Taylor County,13,Georgia,2.3386666666666667,2.0,2.0,4.0,4.957848395553764,4.239893154692502,4.239893154692502,8.479786309385004,1.0,suppressed_1_9,suppressed_1_9,nonmetro_adjacent,Q4_highest,Constrained Bayesian posterior estimate; not an observed or recovered true suppressed count.
13271,Telfair County,13,Georgia,1.1903611111111112,1.0,1.0,2.0,1.5196939972565857,1.2766663687778472,1.2766663687778472,2.5533327375556945,0.021333333333333333,suppressed_1_9,suppressed_1_9,nonmetro_nonadjacent,Q4_highest,Constrained Bayesian posterior estimate; not an observed or recovered true suppressed count.
13273,Terrell County,13,Georgia,4.701194444444444,4.0,4.0,7.0,9.008190473757272,7.664597225415804,7.664597225415804,13.413045144477657,1.0,suppressed_1_9,suppressed_1_9,metro_other,Q4_highest,Constrained Bayesian posterior estimate; not an observed or recovered true suppressed count.
13275,Thomas County,13,Georgia,13.0,13.0,13.0,13.0,4.780659657484122,4.780659657484122,4.780659657484122,4.780659657484122,1.0,exact,exact,nonmetro_adjacent,Q4_highest,Constrained Bayesian posterior estimate; not an observed or recovered true suppressed count.
13277,Tift County,13,Georgia,7.641472222222222,8.0,5.0,9.0,3.090597827381393,3.2356045929407196,2.02225287058795,3.6400551670583092,0.5809722222222222,suppressed_1_9,suppressed_1_9,nonmetro_nonadjacent,Q4_highest,Constrained Bayesian posterior estimate; not an observed or recovered true suppressed count.
13279,Toombs County,13,Georgia,1.533638888888889,1.0,1.0,4.0,0.9462292393764086,0.6169830761542211,0.6169830761542211,2.4679323046168844,0.004555555555555556,suppressed_1_9,suppressed_1_9,nonmetro_nonadjacent,Q4_highest,Constrained Bayesian posterior estimate; not an observed or recovered true suppressed count.
13281,Towns County,13,Georgia,4.127277777777778,4.0,3.0,7.0,5.405733828130685,5.239030779305828,3.929273084479371,9.1683038637852,1.0,suppressed_1_9,suppressed_1_9,nonmetro_nonadjacent,Q3,Constrained Bayesian posterior estimate; not an observed or recovered true suppressed count.
13283,Treutlen County,13,Georgia,5.620388888888889,5.0,5.0,8.0,14.354204798592486,12.769761205465457,12.769761205465457,20.431617928744732,1.0,suppressed_1_9,suppressed_1_9,nonmetro_nonadjacent,Q4_highest,Constrained Bayesian posterior estimate; not an observed or recovered true suppressed count.
13285,Troup County,13,Georgia,18.0,18.0,18.0,18.0,4.262352534442174,4.262352534442176,4.262352534442176,4.262352534442176,1.0,exact,exact,nonmetro_adjacent,Q4_highest,Constrained Bayesian posterior estimate; not an observed or recovered true suppressed count.
13287,Turner County,13,Georgia,2.286027777777778,2.0,2.0,4.0,4.429685464719472,3.875443253822156,3.875443253822156,7.750886507644312,1.0,suppressed_1_9,suppressed_1_9,nonmetro_nonadjacent,Q4_highest,Constrained Bayesian posterior estimate; not an observed or recovered true suppressed count.
13289,Twiggs County,13,Georgia,1.1268333333333334,1.0,1.0,2.0,2.3884720279226195,2.1196320318792656,2.1196320318792656,4.239264063758531,0.11783333333333333,suppressed_1_9,suppressed_1_9,metro_other,Q3,Constrained Bayesian posterior estimate; not an observed or recovered true suppressed count.
13291,Union County,13,Georgia,6.342305555555556,6.0,4.0,9.0,4.052513725331498,3.8337923234698374,2.5558615489798915,5.750688485204757,0.9021388888888889,suppressed_1_9,suppressed_1_9,nonmetro_adjacent,Q2,Constrained Bayesian posterior estimate; not an observed or recovered true suppressed count.
13293,Upson County,13,Georgia,3.0340833333333332,3.0,2.0,6.0,1.8357898600707514,1.8151675399639386,1.2101116933092926,3.6303350799278773,0.10291666666666667,suppressed_1_9,suppressed_1_9,nonmetro_adjacent,Q3,Constrained Bayesian posterior estimate; not an observed or recovered true suppressed count.
13295,Walker County,13,Georgia,21.0,21.0,21.0,21.0,5.04648776467026,5.04648776467026,5.04648776467026,5.04648776467026,1.0,exact,exact,metro_other,Q3,Constrained Bayesian posterior estimate; not an observed or recovered true suppressed count.
13297,Walton County,13,Georgia,18.0,18.0,18.0,18.0,2.946568884232583,2.9465688842325823,2.9465688842325823,2.9465688842325823,1.0,exact,exact,metro_large,Q2,Constrained Bayesian posterior estimate; not an observed or recovered true suppressed count.
13299,Ware County,13,Georgia,5.194972222222222,5.0,3.0,9.0,2.408737444926658,2.3183352498238063,1.3910011498942838,4.173003449682851,0.2013888888888889,suppressed_1_9,suppressed_1_9,nonmetro_nonadjacent,Q4_highest,Constrained Bayesian posterior estimate; not an observed or recovered true suppressed count.
13301,Warren County,13,Georgia,0.0,0.0,0.0,0.0,0.0,0.0,0.0,0.0,0.0,zero,zero,nonmetro_adjacent,Q4_highest,Constrained Bayesian posterior estimate; not an observed or recovered true suppressed count.
13303,Washington County,13,Georgia,4.102194444444445,4.0,3.0,7.0,3.4270343977447513,3.341659635257851,2.5062447264433882,5.8479043617012385,0.6361944444444444,suppressed_1_9,suppressed_1_9,nonmetro_nonadjacent,Q4_highest,Constrained Bayesian posterior estimate; not an observed or recovered true suppressed count.
13305,Wayne County,13,Georgia,5.052416666666667,5.0,3.0,8.0,2.7350128926204413,2.706638301097271,1.6239829806583628,4.330621281755634,0.3517222222222222,suppressed_1_9,suppressed_1_9,nonmetro_adjacent,Q4_highest,Constrained Bayesian posterior estimate; not an observed or recovered true suppressed count.
13307,Webster County,13,Georgia,1.0485833333333334,1.0,1.0,2.0,7.207253648589824,6.873324627122138,6.873324627122138,13.746649254244277,1.0,suppressed_1_9,suppressed_1_9,nonmetro_adjacent,Q4_highest,Constrained Bayesian posterior estimate; not an observed or recovered true suppressed count.
13309,Wheeler County,13,Georgia,0.0,0.0,0.0,0.0,0.0,0.0,0.0,0.0,0.0,zero,zero,nonmetro_nonadjacent,Q4_highest,Constrained Bayesian posterior estimate; not an observed or recovered true suppressed count.
13311,White County,13,Georgia,4.669777777777778,4.0,3.0,8.0,2.6259195529413826,2.249288662460497,1.6869664968453728,4.498577324920994,0.24497222222222223,suppressed_1_9,suppressed_1_9,nonmetro_adjacent,Q2,Constrained Bayesian posterior estimate; not an observed or recovered true suppressed count.
13313,Whitfield County,13,Georgia,17.0,17.0,17.0,17.0,2.727847471606317,2.727847471606317,2.727847471606317,2.727847471606317,0.0,exact,exact,metro_other,Q4_highest,Constrained Bayesian posterior estimate; not an observed or recovered true suppressed count.
13315,Wilcox County,13,Georgia,3.416333333333333,3.0,3.0,5.0,6.529689092762489,5.73394495412844,5.73394495412844,9.556574923547402,1.0,suppressed_1_9,suppressed_1_9,nonmetro_nonadjacent,Q4_highest,Constrained Bayesian posterior estimate; not an observed or recovered true suppressed count.
13317,Wilkes County,13,Georgia,3.6241944444444445,3.0,3.0,6.0,6.284584942159335,5.202191856835681,5.202191856835681,10.404383713671361,1.0,suppressed_1_9,suppressed_1_9,nonmetro_adjacent,Q3,Constrained Bayesian posterior estimate; not an observed or recovered true suppressed count.
13319,Wilkinson County,13,Georgia,0.0,0.0,0.0,0.0,0.0,0.0,0.0,0.0,0.0,zero,zero,nonmetro_adjacent,Q4_highest,Constrained Bayesian posterior estimate; not an observed or recovered true suppressed count.
13321,Worth County,13,Georgia,2.879277777777778,3.0,2.0,5.0,2.365259568377894,2.4644300594749122,1.6429533729832748,4.107383432458186,0.2265,suppressed_1_9,suppressed_1_9,metro_other,Q4_highest,Constrained Bayesian posterior estimate; not an observed or recovered true suppressed count.
15001,Hawaii County,15,Hawaii,20.0,20.0,20.0,20.0,1.6240634229247919,1.624063422924792,1.624063422924792,1.624063422924792,0.0,exact,exact,nonmetro_nonadjacent,Q3,Constrained Bayesian posterior estimate; not an observed or recovered true suppressed count.
15003,Honolulu County,15,Hawaii,84.0,84.0,84.0,84.0,1.4181829969313218,1.4181829969313222,1.4181829969313222,1.4181829969313222,0.0,exact,exact,metro_large,Q3,Constrained Bayesian posterior estimate; not an observed or recovered true suppressed count.
15005,Kalawao County,15,Hawaii,0.0,0.0,0.0,0.0,0.0,0.0,0.0,0.0,0.0,zero,zero,metro_other,Q1_lowest,Constrained Bayesian posterior estimate; not an observed or recovered true suppressed count.
15007,Kauai County,15,Hawaii,11.0,11.0,11.0,11.0,2.505129822659583,2.5051298226595824,2.5051298226595824,2.5051298226595824,0.0,exact,exact,nonmetro_nonadjacent,Q2,Constrained Bayesian posterior estimate; not an observed or recovered true suppressed count.
15009,Maui County,15,Hawaii,20.0,20.0,20.0,20.0,2.0166128567136066,2.0166128567136066,2.0166128567136066,2.0166128567136066,0.0,exact,exact,metro_other,Q2,Constrained Bayesian posterior estimate; not an observed or recovered true suppressed count.
16001,Ada County,16,Idaho,78.0,78.0,78.0,78.0,2.5429564019905486,2.542956401990548,2.542956401990548,2.542956401990548,0.0,exact,exact,metro_other,Q1_lowest,Constrained Bayesian posterior estimate; not an observed or recovered true suppressed count.
16003,Adams County,16,Idaho,2.1445,2.0,2.0,3.0,7.636020509898876,7.121492664862555,7.121492664862555,10.682238997293833,1.0,suppressed_1_9,suppressed_1_9,nonmetro_nonadjacent,Q1_lowest,Constrained Bayesian posterior estimate; not an observed or recovered true suppressed count.
16005,Bannock County,16,Idaho,16.0,16.0,16.0,16.0,2.9862278902486588,2.9862278902486596,2.9862278902486596,2.9862278902486596,1.0,exact,exact,metro_other,Q2,Constrained Bayesian posterior estimate; not an observed or recovered true suppressed count.
16007,Bear Lake County,16,Idaho,0.0,0.0,0.0,0.0,0.0,0.0,0.0,0.0,0.0,zero,zero,nonmetro_nonadjacent,Q1_lowest,Constrained Bayesian posterior estimate; not an observed or recovered true suppressed count.
16009,Benewah County,16,Idaho,3.5509444444444442,3.0,3.0,5.0,5.925450038287323,5.0060907437382145,5.0060907437382145,8.343484572897024,1.0,suppressed_1_9,suppressed_1_9,nonmetro_adjacent,Q3,Constrained Bayesian posterior estimate; not an observed or recovered true suppressed count.
16011,Bingham County,16,Idaho,7.7836388888888886,8.0,5.0,9.0,2.646632014338477,2.720200206735216,1.7001251292095099,3.0602252325771175,0.32269444444444445,suppressed_1_9,suppressed_1_9,nonmetro_adjacent,Q3,Constrained Bayesian posterior estimate; not an observed or recovered true suppressed count.
16013,Blaine County,16,Idaho,2.744361111111111,3.0,2.0,5.0,1.8748069155908973,2.0494463079224765,1.3662975386149843,3.41574384653746,0.04688888888888889,suppressed_1_9,suppressed_1_9,nonmetro_nonadjacent,Q2,Constrained Bayesian posterior estimate; not an observed or recovered true suppressed count.
16015,Boise County,16,Idaho,1.1107777777777779,1.0,1.0,2.0,2.2475825616191054,2.023431334857652,2.023431334857652,4.046862669715304,0.10333333333333333,suppressed_1_9,suppressed_1_9,metro_other,Q1_lowest,Constrained Bayesian posterior estimate; not an observed or recovered true suppressed count.
16017,Bonner County,16,Idaho,11.0,11.0,11.0,11.0,3.667118944669844,3.667118944669843,3.667118944669843,3.667118944669843,1.0,exact,exact,nonmetro_adjacent,Q2,Constrained Bayesian posterior estimate; not an observed or recovered true suppressed count.
16019,Bonneville County,16,Idaho,25.0,25.0,25.0,25.0,3.2738282313994187,3.2738282313994174,3.2738282313994174,3.2738282313994174,1.0,exact,exact,metro_other,Q2,Constrained Bayesian posterior estimate; not an observed or recovered true suppressed count.
16021,Boundary County,16,Idaho,4.9774722222222225,5.0,4.0,7.0,6.348492707288177,6.377225651752461,5.101780521401969,8.928115912453446,1.0,suppressed_1_9,suppressed_1_9,nonmetro_nonadjacent,Q3,Constrained Bayesian posterior estimate; not an observed or recovered true suppressed count.
16023,Butte County,16,Idaho,1.040888888888889,1.0,1.0,2.0,6.475605878368104,6.221226825930074,6.221226825930074,12.442453651860149,1.0,suppressed_1_9,suppressed_1_9,metro_other,Q3,Constrained Bayesian posterior estimate; not an observed or recovered true suppressed count.
16025,Camas County,16,Idaho,0.0,0.0,0.0,0.0,0.0,0.0,0.0,0.0,0.0,zero,zero,nonmetro_nonadjacent,Q2,Constrained Bayesian posterior estimate; not an observed or recovered true suppressed count.
16027,Canyon County,16,Idaho,33.0,33.0,33.0,33.0,2.2212529482084586,2.2212529482084586,2.2212529482084586,2.2212529482084586,0.0,exact,exact,metro_other,Q3,Constrained Bayesian posterior estimate; not an observed or recovered true suppressed count.
16029,Caribou County,16,Idaho,1.0933333333333333,1.0,1.0,2.0,2.540449690576325,2.3235820340637123,2.3235820340637123,4.647164068127425,0.08833333333333333,suppressed_1_9,suppressed_1_9,nonmetro_adjacent,Q1_lowest,Constrained Bayesian posterior estimate; not an observed or recovered true suppressed count.
16031,Cassia County,16,Idaho,5.620972222222222,5.0,4.0,8.0,3.7274845967600516,3.3156938420933963,2.6525550736747174,5.305110147349435,0.7988055555555555,suppressed_1_9,suppressed_1_9,nonmetro_adjacent,Q3,Constrained Bayesian posterior estimate; not an observed or recovered true suppressed count.
16033,Clark County,16,Idaho,0.0,0.0,0.0,0.0,0.0,0.0,0.0,0.0,0.0,zero,zero,nonmetro_adjacent,Q3,Constrained Bayesian posterior estimate; not an observed or recovered true suppressed count.
16035,Clearwater County,16,Idaho,0.0,0.0,0.0,0.0,0.0,0.0,0.0,0.0,0.0,zero,zero,nonmetro_adjacent,Q3,Constrained Bayesian posterior estimate; not an observed or recovered true suppressed count.
16037,Custer County,16,Idaho,1.0875277777777779,1.0,1.0,2.0,4.085685542782245,3.7568562626793898,3.7568562626793898,7.5137125253587795,1.0,suppressed_1_9,suppressed_1_9,nonmetro_adjacent,Q2,Constrained Bayesian posterior estimate; not an observed or recovered true suppressed count.
16039,Elmore County,16,Idaho,2.979138888888889,3.0,2.0,5.0,1.725616529517087,1.7376999803060669,1.158466653537378,2.896166633843445,0.022972222222222224,suppressed_1_9,suppressed_1_9,nonmetro_adjacent,Q4_highest,Constrained Bayesian posterior estimate; not an observed or recovered true suppressed count.
16041,Franklin County,16,Idaho,2.3453333333333335,2.0,2.0,4.0,2.6328985084233287,2.2452232874559375,2.2452232874559375,4.490446574911875,0.286,suppressed_1_9,suppressed_1_9,metro_other,Q1_lowest,Constrained Bayesian posterior estimate; not an observed or recovered true suppressed count.
16043,Fremont County,16,Idaho,1.2195277777777778,1.0,1.0,2.0,1.478538078341672,1.2123857326446983,1.2123857326446983,2.4247714652893966,0.024444444444444446,suppressed_1_9,suppressed_1_9,nonmetro_adjacent,Q3,Constrained Bayesian posterior estimate; not an observed or recovered true suppressed count.
16045,Gem County,16,Idaho,4.064388888888889,4.0,3.0,7.0,3.3883178318915648,3.334639400431836,2.5009795503238768,5.835618950755713,0.6440277777777778,suppressed_1_9,suppressed_1_9,metro_other,Q3,Constrained Bayesian posterior estimate; not an observed or recovered true suppressed count.
16047,Gooding County,16,Idaho,2.7164166666666665,2.0,2.0,5.0,2.8734811461132144,2.1156409334207797,2.1156409334207797,5.289102333551949,0.49430555555555555,suppressed_1_9,suppressed_1_9,nonmetro_adjacent,Q4_highest,Constrained Bayesian posterior estimate; not an observed or recovered true suppressed count.
16049,Idaho County,16,Idaho,5.442694444444444,5.0,4.0,8.0,5.237136824098576,4.811161895597787,3.8489295164782296,7.697859032956459,1.0,suppressed_1_9,suppressed_1_9,nonmetro_adjacent,Q3,Constrained Bayesian posterior estimate; not an observed or recovered true suppressed count.
16051,Jefferson County,16,Idaho,2.7428333333333335,3.0,2.0,5.0,1.4056152865893865,1.5374050652372215,1.0249367101581477,2.5623417753953692,0.00963888888888889,suppressed_1_9,suppressed_1_9,metro_other,Q1_lowest,Constrained Bayesian posterior estimate; not an observed or recovered true suppressed count.
16053,Jerome County,16,Idaho,5.404138888888889,5.0,4.0,8.0,3.5908376781677425,3.322303286422411,2.657842629137929,5.315685258275858,0.74875,suppressed_1_9,suppressed_1_9,metro_other,Q3,Constrained Bayesian posterior estimate; not an observed or recovered true suppressed count.
16055,Kootenai County,16,Idaho,45.0,45.0,45.0,45.0,4.193751310547285,4.193751310547285,4.193751310547285,4.193751310547285,1.0,exact,exact,metro_other,Q2,Constrained Bayesian posterior estimate; not an observed or recovered true suppressed count.
16057,Latah County,16,Idaho,6.2575,6.0,4.0,9.0,2.546701395954581,2.441903056448659,1.6279353709657725,3.6628545846729885,0.20091666666666666,suppressed_1_9,suppressed_1_9,nonmetro_adjacent,Q2,Constrained Bayesian posterior estimate; not an observed or recovered true suppressed count.
16059,Lemhi County,16,Idaho,1.16325,1.0,1.0,2.0,2.358528821394537,2.027533910504653,2.027533910504653,4.055067821009306,0.14872222222222223,suppressed_1_9,suppressed_1_9,nonmetro_nonadjacent,Q2,Constrained Bayesian posterior estimate; not an observed or recovered true suppressed count.
16061,Lewis County,16,Idaho,0.0,0.0,0.0,0.0,0.0,0.0,0.0,0.0,0.0,zero,zero,nonmetro_adjacent,Q3,Constrained Bayesian posterior estimate; not an observed or recovered true suppressed count.
16063,Lincoln County,16,Idaho,1.0885555555555555,1.0,1.0,2.0,3.3658685741181644,3.092050338579512,3.092050338579512,6.184100677159024,1.0,suppressed_1_9,suppressed_1_9,nonmetro_adjacent,Q3,Constrained Bayesian posterior estimate; not an observed or recovered true suppressed count.
16065,Madison County,16,Idaho,5.148083333333333,5.0,3.0,8.0,1.7207426125361267,1.6712458803789048,1.002747528227343,2.673993408606248,0.02033333333333333,suppressed_1_9,suppressed_1_9,nonmetro_adjacent,Q2,Constrained Bayesian posterior estimate; not an observed or recovered true suppressed count.
16067,Minidoka County,16,Idaho,5.373222222222222,5.0,4.0,8.0,4.0837714020309495,3.800114003420103,3.040091202736082,6.080182405472164,1.0,suppressed_1_9,suppressed_1_9,nonmetro_nonadjacent,Q3,Constrained Bayesian posterior estimate; not an observed or recovered true suppressed count.
16069,Nez Perce County,16,Idaho,6.662638888888889,7.0,4.0,9.0,2.639139208527812,2.7727713849993068,1.5844407914281753,3.564991780713395,0.2985277777777778,suppressed_1_9,suppressed_1_9,metro_other,Q3,Constrained Bayesian posterior estimate; not an observed or recovered true suppressed count.
16071,Oneida County,16,Idaho,1.07525,1.0,1.0,2.0,3.79906723668869,3.5331943610217995,3.5331943610217995,7.066388722043599,1.0,suppressed_1_9,suppressed_1_9,nonmetro_adjacent,Q1_lowest,Constrained Bayesian posterior estimate; not an observed or recovered true suppressed count.
16073,Owyhee County,16,Idaho,0.0,0.0,0.0,0.0,0.0,0.0,0.0,0.0,0.0,zero,zero,metro_other,Q3,Constrained Bayesian posterior estimate; not an observed or recovered true suppressed count.
16075,Payette County,16,Idaho,11.0,11.0,11.0,11.0,7.007753123228155,7.007753123228154,7.007753123228154,7.007753123228154,1.0,exact,exact,nonmetro_adjacent,Q3,Constrained Bayesian posterior estimate; not an observed or recovered true suppressed count.
16077,Power County,16,Idaho,3.4618333333333333,3.0,3.0,5.0,7.21576065810683,6.25312656328164,6.25312656328164,10.421877605469401,1.0,suppressed_1_9,suppressed_1_9,nonmetro_adjacent,Q4_highest,Constrained Bayesian posterior estimate; not an observed or recovered true suppressed count.
16079,Shoshone County,16,Idaho,5.081444444444444,5.0,4.0,8.0,6.2336008985174205,6.133689905173154,4.906951924138523,9.813903848277047,1.0,suppressed_1_9,suppressed_1_9,nonmetro_adjacent,Q3,Constrained Bayesian posterior estimate; not an observed or recovered true suppressed count.
16081,Teton County,16,Idaho,1.1524444444444444,1.0,1.0,2.0,1.5379254613257416,1.334489891239074,1.334489891239074,2.668979782478148,0.013166666666666667,suppressed_1_9,suppressed_1_9,nonmetro_nonadjacent,Q1_lowest,Constrained Bayesian posterior estimate; not an observed or recovered true suppressed count.
16083,Twin Falls County,16,Idaho,14.0,14.0,14.0,14.0,2.532135512657965,2.5321355126579648,2.5321355126579648,2.5321355126579648,0.0,exact,exact,metro_other,Q3,Constrained Bayesian posterior estimate; not an observed or recovered true suppressed count.
16085,Valley County,16,Idaho,1.1805833333333333,1.0,1.0,2.0,1.61039876324285,1.3640703860319192,1.3640703860319192,2.7281407720638384,0.017083333333333332,suppressed_1_9,suppressed_1_9,nonmetro_nonadjacent,Q1_lowest,Constrained Bayesian posterior estimate; not an observed or recovered true suppressed count.
16087,Washington County,16,Idaho,6.286305555555556,6.0,5.0,9.0,9.596973505878443,9.159885806756943,7.633238172297452,13.739828710135415,1.0,suppressed_1_9,suppressed_1_9,nonmetro_adjacent,Q4_highest,Constrained Bayesian posterior estimate; not an observed or recovered true suppressed count.
17001,Adams County,17,Illinois,12.0,12.0,12.0,12.0,3.089224527413007,3.0892245274130063,3.0892245274130063,3.0892245274130063,1.0,exact,exact,nonmetro_nonadjacent,Q2,Constrained Bayesian posterior estimate; not an observed or recovered true suppressed count.
17003,Alexander County,17,Illinois,1.0870277777777777,1.0,1.0,2.0,3.5716371867185073,3.2856908164941676,3.2856908164941676,6.571381632988335,1.0,suppressed_1_9,suppressed_1_9,metro_other,Q4_highest,Constrained Bayesian posterior estimate; not an observed or recovered true suppressed count.
17005,Bond County,17,Illinois,2.3685277777777776,2.0,2.0,4.0,2.3954526657407027,2.022735547554513,2.022735547554513,4.045471095109026,0.30019444444444443,suppressed_1_9,suppressed_1_9,metro_large,Q3,Constrained Bayesian posterior estimate; not an observed or recovered true suppressed count.
17007,Boone County,17,Illinois,6.683583333333333,7.0,4.0,9.0,2.094189025606639,2.1933328946667543,1.2533330826667168,2.8199994360001126,0.0,suppressed_1_9,suppressed_1_9,metro_other,Q2,Constrained Bayesian posterior estimate; not an observed or recovered true suppressed count.
17009,Brown County,17,Illinois,0.0,0.0,0.0,0.0,0.0,0.0,0.0,0.0,0.0,zero,zero,nonmetro_nonadjacent,Q2,Constrained Bayesian posterior estimate; not an observed or recovered true suppressed count.
17011,Bureau County,17,Illinois,2.9640833333333334,3.0,2.0,5.0,1.5133915731035061,1.5317297824433131,1.0211531882955422,2.5528829707388554,0.02327777777777778,suppressed_1_9,suppressed_1_9,nonmetro_nonadjacent,Q2,Constrained Bayesian posterior estimate; not an observed or recovered true suppressed count.
17013,Calhoun County,17,Illinois,0.0,0.0,0.0,0.0,0.0,0.0,0.0,0.0,0.0,zero,zero,metro_large,Q1_lowest,Constrained Bayesian posterior estimate; not an observed or recovered true suppressed count.
17015,Carroll County,17,Illinois,2.407722222222222,2.0,2.0,4.0,2.653342100461989,2.2040267568848284,2.2040267568848284,4.408053513769657,0.3259166666666667,suppressed_1_9,suppressed_1_9,nonmetro_nonadjacent,Q1_lowest,Constrained Bayesian posterior estimate; not an observed or recovered true suppressed count.
17017,Cass County,17,Illinois,1.2048333333333334,1.0,1.0,2.0,1.6105029117821354,1.3367018219245832,1.3367018219245832,2.6734036438491664,0.024027777777777776,suppressed_1_9,suppressed_1_9,nonmetro_adjacent,Q2,Constrained Bayesian posterior estimate; not an observed or recovered true suppressed count.
17019,Champaign County,17,Illinois,28.0,28.0,28.0,28.0,2.241104416256331,2.241104416256331,2.241104416256331,2.241104416256331,0.0,exact,exact,metro_other,Q2,Constrained Bayesian posterior estimate; not an observed or recovered true suppressed count.
17021,Christian County,17,Illinois,4.436111111111111,4.0,3.0,7.0,2.2410034306857782,2.02069188490139,1.5155189136760427,3.536210798577433,0.18758333333333332,suppressed_1_9,suppressed_1_9,nonmetro_adjacent,Q1_lowest,Constrained Bayesian posterior estimate; not an observed or recovered true suppressed count.
17023,Clark County,17,Illinois,4.786777777777778,5.0,4.0,7.0,5.237060215069448,5.470339817509464,4.376271854007571,7.658475744513249,1.0,suppressed_1_9,suppressed_1_9,nonmetro_adjacent,Q1_lowest,Constrained Bayesian posterior estimate; not an observed or recovered true suppressed count.
17025,Clay County,17,Illinois,3.632833333333333,3.0,3.0,6.0,4.641234312385284,3.8327392587482274,3.8327392587482274,7.665478517496455,1.0,suppressed_1_9,suppressed_1_9,nonmetro_nonadjacent,Q3,Constrained Bayesian posterior estimate; not an observed or recovered true suppressed count.
17027,Clinton County,17,Illinois,12.0,12.0,12.0,12.0,5.392434414516432,5.392434414516433,5.392434414516433,5.392434414516433,1.0,exact,exact,metro_large,Q1_lowest,Constrained Bayesian posterior estimate; not an observed or recovered true suppressed count.
17029,Coles County,17,Illinois,7.7051944444444445,8.0,5.0,9.0,2.6886150909131796,2.7914831848031656,1.7446769905019786,3.140418582903561,0.30230555555555555,suppressed_1_9,suppressed_1_9,nonmetro_nonadjacent,Q3,Constrained Bayesian posterior estimate; not an observed or recovered true suppressed count.
17031,Cook County,17,Illinois,612.0,612.0,612.0,612.0,1.9863265435152861,1.9863265435152864,1.9863265435152864,1.9863265435152864,0.0,exact,exact,metro_large,Q4_highest,Constrained Bayesian posterior estimate; not an observed or recovered true suppressed count.
17033,Crawford County,17,Illinois,4.989638888888889,5.0,4.0,7.0,4.492660756054175,4.501989879526751,3.601591903621401,6.3027858313374505,1.0,suppressed_1_9,suppressed_1_9,nonmetro_adjacent,Q1_lowest,Constrained Bayesian posterior estimate; not an observed or recovered true suppressed count.
17035,Cumberland County,17,Illinois,3.4085277777777776,3.0,3.0,5.0,5.440587035559102,4.788507581803671,4.788507581803671,7.980845969672784,1.0,suppressed_1_9,suppressed_1_9,nonmetro_nonadjacent,Q1_lowest,Constrained Bayesian posterior estimate; not an observed or recovered true suppressed count.
17037,DeKalb County,17,Illinois,6.302111111111111,6.0,3.0,9.0,1.0303341760351163,0.9809419331422676,0.4904709665711338,1.4714128997134015,0.0,suppressed_1_9,suppressed_1_9,metro_large,Q3,Constrained Bayesian posterior estimate; not an observed or recovered true suppressed count.
17039,De Witt County,17,Illinois,4.872111111111111,5.0,4.0,7.0,5.276216535570453,5.414712857777152,4.3317702862217216,7.5805980008880125,1.0,suppressed_1_9,suppressed_1_9,nonmetro_adjacent,Q1_lowest,Constrained Bayesian posterior estimate; not an observed or recovered true suppressed count.
17041,Douglas County,17,Illinois,2.5237777777777777,2.0,2.0,4.0,2.1405180253405516,1.696280904117722,1.696280904117722,3.392561808235444,0.10288888888888889,suppressed_1_9,suppressed_1_9,nonmetro_adjacent,Q2,Constrained Bayesian posterior estimate; not an observed or recovered true suppressed count.
17043,DuPage County,17,Illinois,58.0,58.0,58.0,58.0,1.0460735898341846,1.0460735898341846,1.0460735898341846,1.0460735898341846,0.0,exact,exact,metro_large,Q1_lowest,Constrained Bayesian posterior estimate; not an observed or recovered true suppressed count.
17045,Edgar County,17,Illinois,3.8241944444444442,4.0,3.0,6.0,3.8355476655344276,4.011875150445318,3.0089063628339887,6.017812725667977,1.0,suppressed_1_9,suppressed_1_9,nonmetro_adjacent,Q2,Constrained Bayesian posterior estimate; not an observed or recovered true suppressed count.
17047,Edwards County,17,Illinois,2.192527777777778,2.0,2.0,3.0,5.950033319161382,5.427555700290374,5.427555700290374,8.141333550435562,1.0,suppressed_1_9,suppressed_1_9,nonmetro_nonadjacent,Q2,Constrained Bayesian posterior estimate; not an observed or recovered true suppressed count.
17049,Effingham County,17,Illinois,7.00125,7.0,5.0,9.0,3.4026127400236197,3.402005239088068,2.430003742205763,4.374006735970374,0.6288611111111111,suppressed_1_9,suppressed_1_9,nonmetro_nonadjacent,Q1_lowest,Constrained Bayesian posterior estimate; not an observed or recovered true suppressed count.
17051,Fayette County,17,Illinois,1.3156388888888888,1.0,1.0,3.0,1.0309841618124667,0.7836376459525116,0.7836376459525116,2.3509129378575344,0.0069166666666666664,suppressed_1_9,suppressed_1_9,nonmetro_adjacent,Q3,Constrained Bayesian posterior estimate; not an observed or recovered true suppressed count.
17053,Ford County,17,Illinois,2.3548055555555556,2.0,2.0,4.0,2.9668336742079044,2.519812022023157,2.519812022023157,5.039624044046314,0.29158333333333336,suppressed_1_9,suppressed_1_9,metro_other,Q2,Constrained Bayesian posterior estimate; not an observed or recovered true suppressed count.
17055,Franklin County,17,Illinois,7.341694444444444,7.0,5.0,9.0,3.257415985360293,3.105810527810315,2.218436091293082,3.9931849643275474,0.73925,suppressed_1_9,suppressed_1_9,nonmetro_nonadjacent,Q2,Constrained Bayesian posterior estimate; not an observed or recovered true suppressed count.
17057,Fulton County,17,Illinois,5.743777777777778,6.0,4.0,9.0,2.881990264766897,3.010551984706396,2.0070346564709305,4.515827977059594,0.5194722222222222,suppressed_1_9,suppressed_1_9,nonmetro_adjacent,Q1_lowest,Constrained Bayesian posterior estimate; not an observed or recovered true suppressed count.
17059,Gallatin County,17,Illinois,1.0737777777777777,1.0,1.0,2.0,3.736308771278672,3.4795921917951214,3.4795921917951214,6.959184383590243,1.0,suppressed_1_9,suppressed_1_9,nonmetro_adjacent,Q2,Constrained Bayesian posterior estimate; not an observed or recovered true suppressed count.
17061,Greene County,17,Illinois,1.1690833333333333,1.0,1.0,2.0,1.6209127671865973,1.3864818024263432,1.3864818024263432,2.7729636048526864,0.01622222222222222,suppressed_1_9,suppressed_1_9,nonmetro_adjacent,Q1_lowest,Constrained Bayesian posterior estimate; not an observed or recovered true suppressed count.
17063,Grundy County,17,Illinois,4.5473888888888885,4.0,3.0,8.0,1.4413733839072198,1.267869029129291,0.9509017718469681,2.535738058258582,0.0,suppressed_1_9,suppressed_1_9,metro_large,Q1_lowest,Constrained Bayesian posterior estimate; not an observed or recovered true suppressed count.
17065,Hamilton County,17,Illinois,1.14575,1.0,1.0,2.0,2.395763633322181,2.0910003345600536,2.0910003345600536,4.182000669120107,0.13133333333333333,suppressed_1_9,suppressed_1_9,nonmetro_nonadjacent,Q2,Constrained Bayesian posterior estimate; not an observed or recovered true suppressed count.
17067,Hancock County,17,Illinois,1.29325,1.0,1.0,3.0,1.2438923514927667,0.9618344105878731,0.9618344105878731,2.8855032317636193,0.005666666666666667,suppressed_1_9,suppressed_1_9,nonmetro_nonadjacent,Q1_lowest,Constrained Bayesian posterior estimate; not an observed or recovered true suppressed count.
17069,Hardin County,17,Illinois,0.0,0.0,0.0,0.0,0.0,0.0,0.0,0.0,0.0,zero,zero,nonmetro_nonadjacent,Q1_lowest,Constrained Bayesian posterior estimate; not an observed or recovered true suppressed count.
17071,Henderson County,17,Illinois,1.0864444444444445,1.0,1.0,2.0,2.875713193341568,2.6469031233456852,2.6469031233456852,5.2938062466913705,0.08063888888888888,suppressed_1_9,suppressed_1_9,nonmetro_nonadjacent,Q1_lowest,Constrained Bayesian posterior estimate; not an observed or recovered true suppressed count.
17073,Henry County,17,Illinois,3.572611111111111,3.0,2.0,7.0,1.2265423091961587,1.0299545103424599,0.6866363402283066,2.403227190799073,0.0023055555555555555,suppressed_1_9,suppressed_1_9,metro_other,Q1_lowest,Constrained Bayesian posterior estimate; not an observed or recovered true suppressed count.
17075,Iroquois County,17,Illinois,4.414361111111111,4.0,3.0,7.0,2.7706122659614834,2.510544286001205,1.882908214500904,4.393452500502109,0.40997222222222224,suppressed_1_9,suppressed_1_9,nonmetro_adjacent,Q2,Constrained Bayesian posterior estimate; not an observed or recovered true suppressed count.
17077,Jackson County,17,Illinois,7.231222222222223,7.0,4.0,9.0,2.23222385829232,2.1608472990952223,1.23476988519727,2.778232241693857,0.0,suppressed_1_9,suppressed_1_9,nonmetro_nonadjacent,Q4_highest,Constrained Bayesian posterior estimate; not an observed or recovered true suppressed count.
17079,Jasper County,17,Illinois,2.2388333333333335,2.0,2.0,4.0,4.018295163567617,3.5896331394931438,3.5896331394931438,7.1792662789862876,1.0,suppressed_1_9,suppressed_1_9,nonmetro_nonadjacent,Q1_lowest,Constrained Bayesian posterior estimate; not an observed or recovered true suppressed count.
17081,Jefferson County,17,Illinois,16.0,16.0,16.0,16.0,7.252190388128167,7.252190388128165,7.252190388128165,7.252190388128165,1.0,exact,exact,nonmetro_nonadjacent,Q3,Constrained Bayesian posterior estimate; not an observed or recovered true suppressed count.
17083,Jersey County,17,Illinois,2.5143055555555556,2.0,2.0,4.0,1.9610991081402673,1.5599528894227395,1.5599528894227395,3.119905778845479,0.10027777777777777,suppressed_1_9,suppressed_1_9,metro_large,Q1_lowest,Constrained Bayesian posterior estimate; not an observed or recovered true suppressed count.
17085,Jo Daviess County,17,Illinois,2.71325,2.0,2.0,5.0,2.0959020509057193,1.5449383955814762,1.5449383955814762,3.8623459889536904,0.1668888888888889,suppressed_1_9,suppressed_1_9,nonmetro_adjacent,Q1_lowest,Constrained Bayesian posterior estimate; not an observed or recovered true suppressed count.
17087,Johnson County,17,Illinois,1.1544166666666666,1.0,1.0,2.0,1.4750101152068824,1.277710343065227,1.277710343065227,2.555420686130454,0.013222222222222222,suppressed_1_9,suppressed_1_9,nonmetro_adjacent,Q2,Constrained Bayesian posterior estimate; not an observed or recovered true suppressed count.
17089,Kane County,17,Illinois,30.0,30.0,30.0,30.0,0.9587231341809728,0.9587231341809724,0.9587231341809724,0.9587231341809724,0.0,exact,exact,metro_large,Q3,Constrained Bayesian posterior estimate; not an observed or recovered true suppressed count.
17091,Kankakee County,17,Illinois,16.0,16.0,16.0,16.0,2.4864759021633893,2.4864759021633893,2.4864759021633893,2.4864759021633893,0.0,exact,exact,metro_other,Q3,Constrained Bayesian posterior estimate; not an observed or recovered true suppressed count.
17093,Kendall County,17,Illinois,7.508416666666666,8.0,5.0,9.0,0.9213956954834317,0.981720366770729,0.6135752292317056,1.1044354126170701,0.0,suppressed_1_9,suppressed_1_9,metro_large,Q1_lowest,Constrained Bayesian posterior estimate; not an observed or recovered true suppressed count.
17095,Knox County,17,Illinois,19.0,19.0,19.0,19.0,6.467270505502285,6.467270505502286,6.467270505502286,6.467270505502286,1.0,exact,exact,nonmetro_adjacent,Q3,Constrained Bayesian posterior estimate; not an observed or recovered true suppressed count.
17097,Lake County,17,Illinois,54.0,54.0,54.0,54.0,1.274221715994385,1.274221715994385,1.274221715994385,1.274221715994385,0.0,exact,exact,metro_large,Q2,Constrained Bayesian posterior estimate; not an observed or recovered true suppressed count.
17099,LaSalle County,17,Illinois,16.0,16.0,16.0,16.0,2.4616066291066523,2.4616066291066523,2.4616066291066523,2.4616066291066523,0.0,exact,exact,nonmetro_adjacent,Q2,Constrained Bayesian posterior estimate; not an observed or recovered true suppressed count.
17101,Lawrence County,17,Illinois,3.6381666666666668,3.0,3.0,6.0,4.005688595283971,3.3030553261767137,3.3030553261767137,6.606110652353427,1.0,suppressed_1_9,suppressed_1_9,nonmetro_nonadjacent,Q3,Constrained Bayesian posterior estimate; not an observed or recovered true suppressed count.
17103,Lee County,17,Illinois,3.1197222222222223,3.0,2.0,6.0,1.5380363749505623,1.4790128082509193,0.9860085388339462,2.9580256165018386,0.03813888888888889,suppressed_1_9,suppressed_1_9,nonmetro_adjacent,Q2,Constrained Bayesian posterior estimate; not an observed or recovered true suppressed count.
17105,Livingston County,17,Illinois,7.196916666666667,7.0,5.0,9.0,3.3797544245224835,3.287280104441585,2.3480572174582752,4.226502991424895,0.69525,suppressed_1_9,suppressed_1_9,nonmetro_adjacent,Q2,Constrained Bayesian posterior estimate; not an observed or recovered true suppressed count.
17107,Logan County,17,Illinois,5.612444444444445,5.0,4.0,9.0,3.3468766813231663,2.9816568470767835,2.3853254776614268,5.366982324738211,0.7881666666666667,suppressed_1_9,suppressed_1_9,nonmetro_adjacent,Q2,Constrained Bayesian posterior estimate; not an observed or recovered true suppressed count.
17109,McDonough County,17,Illinois,7.063694444444445,7.0,5.0,9.0,4.250961047888237,4.212629463130465,3.0090210450931894,5.41623788116774,1.0,suppressed_1_9,suppressed_1_9,nonmetro_nonadjacent,Q3,Constrained Bayesian posterior estimate; not an observed or recovered true suppressed count.
17111,McHenry County,17,Illinois,28.0,28.0,28.0,28.0,1.501107066461515,1.5011070664615154,1.5011070664615154,1.5011070664615154,0.0,exact,exact,metro_large,Q1_lowest,Constrained Bayesian posterior estimate; not an observed or recovered true suppressed count.
17113,McLean County,17,Illinois,8.073222222222222,8.0,5.0,9.0,0.785858080470336,0.7787305329534425,0.4867065830959016,0.8760718495726229,0.0,suppressed_1_9,suppressed_1_9,metro_other,Q1_lowest,Constrained Bayesian posterior estimate; not an observed or recovered true suppressed count.
17115,Macon County,17,Illinois,15.0,15.0,15.0,15.0,2.449911558192749,2.449911558192749,2.449911558192749,2.449911558192749,0.0,exact,exact,metro_other,Q3,Constrained Bayesian posterior estimate; not an observed or recovered true suppressed count.
17117,Macoupin County,17,Illinois,3.0955833333333334,3.0,2.0,6.0,1.1635038105869546,1.1275779250311024,0.7517186166874016,2.255155850062205,0.003277777777777778,suppressed_1_9,suppressed_1_9,metro_large,Q1_lowest,Constrained Bayesian posterior estimate; not an observed or recovered true suppressed count.
17119,Madison County,17,Illinois,38.0,38.0,38.0,38.0,2.4054834895209543,2.4054834895209543,2.4054834895209543,2.4054834895209543,0.0,exact,exact,metro_large,Q2,Constrained Bayesian posterior estimate; not an observed or recovered true suppressed count.
17121,Marion County,17,Illinois,17.0,17.0,17.0,17.0,7.66926519416775,7.66926519416775,7.66926519416775,7.66926519416775,1.0,exact,exact,nonmetro_nonadjacent,Q3,Constrained Bayesian posterior estimate; not an observed or recovered true suppressed count.
17123,Marshall County,17,Illinois,3.4677777777777776,3.0,3.0,5.0,5.002348106368417,4.327568051007602,4.327568051007602,7.212613418346003,1.0,suppressed_1_9,suppressed_1_9,metro_other,Q1_lowest,Constrained Bayesian posterior estimate; not an observed or recovered true suppressed count.
17125,Mason County,17,Illinois,1.2049722222222221,1.0,1.0,2.0,1.560299146959253,1.2948839136571406,1.2948839136571406,2.5897678273142812,0.023555555555555555,suppressed_1_9,suppressed_1_9,nonmetro_adjacent,Q1_lowest,Constrained Bayesian posterior estimate; not an observed or recovered true suppressed count.
17127,Massac County,17,Illinois,3.6268333333333334,3.0,3.0,6.0,4.39339244758859,3.6340730690958423,3.6340730690958423,7.2681461381916845,1.0,suppressed_1_9,suppressed_1_9,metro_other,Q3,Constrained Bayesian posterior estimate; not an observed or recovered true suppressed count.
17129,Menard County,17,Illinois,0.0,0.0,0.0,0.0,0.0,0.0,0.0,0.0,0.0,zero,zero,metro_other,Q1_lowest,Constrained Bayesian posterior estimate; not an observed or recovered true suppressed count.
17131,Mercer County,17,Illinois,2.369111111111111,2.0,2.0,4.0,2.560453825489977,2.161531228722427,2.161531228722427,4.323062457444854,0.30186111111111114,suppressed_1_9,suppressed_1_9,metro_other,Q1_lowest,Constrained Bayesian posterior estimate; not an observed or recovered true suppressed count.
17133,Monroe County,17,Illinois,5.491694444444445,5.0,4.0,8.0,2.624252483403712,2.3892921483081424,1.9114337186465138,3.8228674372930276,0.19833333333333333,suppressed_1_9,suppressed_1_9,metro_large,Q1_lowest,Constrained Bayesian posterior estimate; not an observed or recovered true suppressed count.
17135,Montgomery County,17,Illinois,10.0,10.0,10.0,10.0,5.958019792541749,5.958019792541751,5.958019792541751,5.958019792541751,1.0,exact,exact,nonmetro_adjacent,Q2,Constrained Bayesian posterior estimate; not an observed or recovered true suppressed count.
17137,Morgan County,17,Illinois,10.0,10.0,10.0,10.0,5.08566807878717,5.08566807878717,5.08566807878717,5.08566807878717,1.0,exact,exact,nonmetro_adjacent,Q2,Constrained Bayesian posterior estimate; not an observed or recovered true suppressed count.
17139,Moultrie County,17,Illinois,3.6967777777777777,3.0,3.0,6.0,4.279272326917834,3.4727045422975413,3.4727045422975413,6.945409084595083,1.0,suppressed_1_9,suppressed_1_9,nonmetro_adjacent,Q2,Constrained Bayesian posterior estimate; not an observed or recovered true suppressed count.
17141,Ogle County,17,Illinois,5.597583333333334,5.0,3.0,9.0,1.827132003085704,1.6320721767599449,0.9792433060559671,2.937729918167901,0.04913888888888889,suppressed_1_9,suppressed_1_9,nonmetro_adjacent,Q2,Constrained Bayesian posterior estimate; not an observed or recovered true suppressed count.
17143,Peoria County,17,Illinois,28.0,28.0,28.0,28.0,2.61245450363831,2.6124545036383093,2.6124545036383093,2.6124545036383093,0.0,exact,exact,metro_other,Q3,Constrained Bayesian posterior estimate; not an observed or recovered true suppressed count.
17145,Perry County,17,Illinois,1.3037222222222222,1.0,1.0,3.0,1.0519997274403057,0.8069201471822349,0.8069201471822349,2.4207604415467046,0.005888888888888889,suppressed_1_9,suppressed_1_9,nonmetro_nonadjacent,Q3,Constrained Bayesian posterior estimate; not an observed or recovered true suppressed count.
17147,Piatt County,17,Illinois,1.2272222222222222,1.0,1.0,3.0,1.2331784742528638,1.004853442125466,1.004853442125466,3.014560326376398,0.02788888888888889,suppressed_1_9,suppressed_1_9,metro_other,Q1_lowest,Constrained Bayesian posterior estimate; not an observed or recovered true suppressed count.
17149,Pike County,17,Illinois,2.473611111111111,2.0,2.0,4.0,2.7949776401788786,2.259835935911053,2.259835935911053,4.519671871822106,0.36419444444444443,suppressed_1_9,suppressed_1_9,nonmetro_nonadjacent,Q2,Constrained Bayesian posterior estimate; not an observed or recovered true suppressed count.
17151,Pope County,17,Illinois,2.1173888888888888,2.0,2.0,3.0,9.09609454802341,8.591803419537761,8.591803419537761,12.887705129306642,1.0,suppressed_1_9,suppressed_1_9,nonmetro_adjacent,Q2,Constrained Bayesian posterior estimate; not an observed or recovered true suppressed count.
17153,Pulaski County,17,Illinois,3.2561666666666667,3.0,3.0,5.0,10.717420402431262,9.874267658481996,9.874267658481996,16.45711276413666,1.0,suppressed_1_9,suppressed_1_9,nonmetro_adjacent,Q3,Constrained Bayesian posterior estimate; not an observed or recovered true suppressed count.
17155,Putnam County,17,Illinois,1.0859166666666666,1.0,1.0,2.0,3.214007359832677,2.9597182348240447,2.9597182348240447,5.9194364696480894,1.0,suppressed_1_9,suppressed_1_9,nonmetro_adjacent,Q1_lowest,Constrained Bayesian posterior estimate; not an observed or recovered true suppressed count.
17157,Randolph County,17,Illinois,5.745722222222223,6.0,4.0,9.0,3.1386926883509987,3.277595992592633,2.185063995061755,4.91639398888895,0.5216944444444445,suppressed_1_9,suppressed_1_9,nonmetro_adjacent,Q2,Constrained Bayesian posterior estimate; not an observed or recovered true suppressed count.
17159,Richland County,17,Illinois,2.501,2.0,2.0,4.0,2.686329899786253,2.148204637973813,2.148204637973813,4.296409275947626,0.37975,suppressed_1_9,suppressed_1_9,nonmetro_nonadjacent,Q2,Constrained Bayesian posterior estimate; not an observed or recovered true suppressed count.
17161,Rock Island County,17,Illinois,26.0,26.0,26.0,26.0,3.0545507519481565,3.0545507519481574,3.0545507519481574,3.0545507519481574,1.0,exact,exact,metro_other,Q4_highest,Constrained Bayesian posterior estimate; not an observed or recovered true suppressed count.
17163,St. Clair County,17,Illinois,52.0,52.0,52.0,52.0,3.4045539837864656,3.404553983786466,3.404553983786466,3.404553983786466,1.0,exact,exact,metro_large,Q3,Constrained Bayesian posterior estimate; not an observed or recovered true suppressed count.
17165,Saline County,17,Illinois,4.345527777777778,4.0,3.0,7.0,3.1312574508951485,2.8822804603001897,2.161710345225142,5.043990805525332,0.3837777777777778,suppressed_1_9,suppressed_1_9,nonmetro_nonadjacent,Q3,Constrained Bayesian posterior estimate; not an observed or recovered true suppressed count.
17167,Sangamon County,17,Illinois,37.0,37.0,37.0,37.0,3.1741728706018413,3.1741728706018404,3.1741728706018404,3.1741728706018404,1.0,exact,exact,metro_other,Q2,Constrained Bayesian posterior estimate; not an observed or recovered true suppressed count.
17169,Schuyler County,17,Illinois,2.1945555555555556,2.0,2.0,3.0,5.408239823440179,4.9287791414066735,4.9287791414066735,7.393168712110009,1.0,suppressed_1_9,suppressed_1_9,nonmetro_nonadjacent,Q2,Constrained Bayesian posterior estimate; not an observed or recovered true suppressed count.
17171,Scott County,17,Illinois,1.0720555555555555,1.0,1.0,2.0,3.6818887782242538,3.434419754782429,3.434419754782429,6.868839509564858,1.0,suppressed_1_9,suppressed_1_9,nonmetro_nonadjacent,Q1_lowest,Constrained Bayesian posterior estimate; not an observed or recovered true suppressed count.
17173,Shelby County,17,Illinois,6.428888888888889,6.0,5.0,9.0,5.118827393954192,4.777336316514456,3.98111359709538,7.166004474771683,1.0,suppressed_1_9,suppressed_1_9,nonmetro_adjacent,Q1_lowest,Constrained Bayesian posterior estimate; not an observed or recovered true suppressed count.
17175,Stark County,17,Illinois,1.072861111111111,1.0,1.0,2.0,3.3809003595976157,3.1512936060252734,3.1512936060252734,6.302587212050547,1.0,suppressed_1_9,suppressed_1_9,metro_other,Q1_lowest,Constrained Bayesian posterior estimate; not an observed or recovered true suppressed count.
17177,Stephenson County,17,Illinois,6.836027777777778,7.0,4.0,9.0,2.607479031841087,2.6700232673456155,1.5257275813403517,3.4328870580157913,0.35052777777777777,suppressed_1_9,suppressed_1_9,nonmetro_adjacent,Q3,Constrained Bayesian posterior estimate; not an observed or recovered true suppressed count.
17179,Tazewell County,17,Illinois,21.0,21.0,21.0,21.0,2.6845088499308427,2.684508849930842,2.684508849930842,2.684508849930842,0.0,exact,exact,metro_other,Q1_lowest,Constrained Bayesian posterior estimate; not an observed or recovered true suppressed count.
17181,Union County,17,Illinois,2.6253055555555553,2.0,2.0,5.0,2.615002445918636,1.9921509253541048,1.9921509253541048,4.9803773133852625,0.4465277777777778,suppressed_1_9,suppressed_1_9,nonmetro_adjacent,Q3,Constrained Bayesian posterior estimate; not an observed or recovered true suppressed count.
17183,Vermilion County,17,Illinois,12.0,12.0,12.0,12.0,2.7347123880192252,2.7347123880192252,2.7347123880192252,2.7347123880192252,0.0,exact,exact,nonmetro_adjacent,Q3,Constrained Bayesian posterior estimate; not an observed or recovered true suppressed count.
17185,Wabash County,17,Illinois,0.0,0.0,0.0,0.0,0.0,0.0,0.0,0.0,0.0,zero,zero,nonmetro_nonadjacent,Q2,Constrained Bayesian posterior estimate; not an observed or recovered true suppressed count.
17187,Warren County,17,Illinois,2.616833333333333,2.0,2.0,5.0,2.6478931196265525,2.023738452042458,2.023738452042458,5.059346130106145,0.4405277777777778,suppressed_1_9,suppressed_1_9,nonmetro_adjacent,Q3,Constrained Bayesian posterior estimate; not an observed or recovered true suppressed count.
17189,Washington County,17,Illinois,3.58525,3.0,3.0,6.0,4.371189953669837,3.65764447695684,3.65764447695684,7.31528895391368,1.0,suppressed_1_9,suppressed_1_9,nonmetro_adjacent,Q1_lowest,Constrained Bayesian posterior estimate; not an observed or recovered true suppressed count.
17191,Wayne County,17,Illinois,4.9870833333333335,5.0,4.0,7.0,5.207354425533397,5.220841599665866,4.176673279732693,7.309178239532212,1.0,suppressed_1_9,suppressed_1_9,nonmetro_nonadjacent,Q2,Constrained Bayesian posterior estimate; not an observed or recovered true suppressed count.
17193,White County,17,Illinois,6.075527777777777,6.0,5.0,8.0,7.491864822464736,7.398729884703126,6.165608237252604,9.864973179604167,1.0,suppressed_1_9,suppressed_1_9,nonmetro_adjacent,Q2,Constrained Bayesian posterior estimate; not an observed or recovered true suppressed count.
17195,Whiteside County,17,Illinois,5.558722222222222,5.0,3.0,9.0,1.6898431739334132,1.5199924608373943,0.9119954765024366,2.7359864295073097,0.0,suppressed_1_9,suppressed_1_9,nonmetro_adjacent,Q2,Constrained Bayesian posterior estimate; not an observed or recovered true suppressed count.
17197,Will County,17,Illinois,41.0,41.0,41.0,41.0,0.9802072253704407,0.9802072253704407,0.9802072253704407,0.9802072253704407,0.0,exact,exact,metro_large,Q1_lowest,Constrained Bayesian posterior estimate; not an observed or recovered true suppressed count.
17199,Williamson County,17,Illinois,11.0,11.0,11.0,11.0,2.74755467633806,2.747554676338059,2.747554676338059,2.747554676338059,0.0,exact,exact,nonmetro_nonadjacent,Q2,Constrained Bayesian posterior estimate; not an observed or recovered true suppressed count.
17201,Winnebago County,17,Illinois,44.0,44.0,44.0,44.0,2.597577404854872,2.597577404854872,2.597577404854872,2.597577404854872,0.0,exact,exact,metro_other,Q4_highest,Constrained Bayesian posterior estimate; not an observed or recovered true suppressed count.
17203,Woodford County,17,Illinois,5.82625,6.0,4.0,9.0,2.538914405738241,2.6146297248537986,1.743086483235866,3.9219445872806977,0.2886388888888889,suppressed_1_9,suppressed_1_9,metro_other,Q1_lowest,Constrained Bayesian posterior estimate; not an observed or recovered true suppressed count.
18001,Adams County,18,Indiana,12.0,12.0,12.0,12.0,5.542289981849,5.542289981849001,5.542289981849001,5.542289981849001,1.0,exact,exact,nonmetro_adjacent,Q3,Constrained Bayesian posterior estimate; not an observed or recovered true suppressed count.
18003,Allen County,18,Indiana,71.0,71.0,71.0,71.0,3.040186556123771,3.040186556123771,3.040186556123771,3.040186556123771,1.0,exact,exact,metro_other,Q3,Constrained Bayesian posterior estimate; not an observed or recovered true suppressed count.
18005,Bartholomew County,18,Indiana,13.0,13.0,13.0,13.0,2.584570116405062,2.584570116405062,2.584570116405062,2.584570116405062,0.0,exact,exact,metro_other,Q2,Constrained Bayesian posterior estimate; not an observed or recovered true suppressed count.
18007,Benton County,18,Indiana,1.1484444444444444,1.0,1.0,2.0,2.1873465725362724,1.9046167911016303,1.9046167911016303,3.8092335822032606,0.13477777777777777,suppressed_1_9,suppressed_1_9,metro_other,Q2,Constrained Bayesian posterior estimate; not an observed or recovered true suppressed count.
18009,Blackford County,18,Indiana,1.2717222222222222,1.0,1.0,3.0,1.7846478651429605,1.4033315090023717,1.4033315090023717,4.209994527007114,0.035777777777777776,suppressed_1_9,suppressed_1_9,nonmetro_adjacent,Q2,Constrained Bayesian posterior estimate; not an observed or recovered true suppressed count.
18011,Boone County,18,Indiana,17.0,17.0,17.0,17.0,3.8698016612830908,3.86980166128309,3.86980166128309,3.86980166128309,1.0,exact,exact,metro_large,Q1_lowest,Constrained Bayesian posterior estimate; not an observed or recovered true suppressed count.
18013,Brown County,18,Indiana,3.658138888888889,3.0,3.0,6.0,3.9492371599487086,3.2387265327273314,3.2387265327273314,6.477453065454663,1.0,suppressed_1_9,suppressed_1_9,metro_large,Q1_lowest,Constrained Bayesian posterior estimate; not an observed or recovered true suppressed count.
18015,Carroll County,18,Indiana,0.0,0.0,0.0,0.0,0.0,0.0,0.0,0.0,0.0,zero,zero,metro_other,Q1_lowest,Constrained Bayesian posterior estimate; not an observed or recovered true suppressed count.
18017,Cass County,18,Indiana,13.0,13.0,13.0,13.0,5.767396464142322,5.767396464142322,5.767396464142322,5.767396464142322,1.0,exact,exact,nonmetro_adjacent,Q3,Constrained Bayesian posterior estimate; not an observed or recovered true suppressed count.
18019,Clark County,18,Indiana,22.0,22.0,22.0,22.0,2.983095341083053,2.9830953410830534,2.9830953410830534,2.9830953410830534,1.0,exact,exact,metro_large,Q2,Constrained Bayesian posterior estimate; not an observed or recovered true suppressed count.
18021,Clay County,18,Indiana,5.565527777777778,5.0,4.0,8.0,3.5192784916138313,3.16167543504654,2.529340348037232,5.058680696074464,0.7802777777777777,suppressed_1_9,suppressed_1_9,metro_other,Q1_lowest,Constrained Bayesian posterior estimate; not an observed or recovered true suppressed count.
18023,Clinton County,18,Indiana,4.9358611111111115,5.0,3.0,8.0,2.5165246464790663,2.549225545279344,1.5295353271676064,4.078760872446951,0.313,suppressed_1_9,suppressed_1_9,nonmetro_adjacent,Q2,Constrained Bayesian posterior estimate; not an observed or recovered true suppressed count.
18025,Crawford County,18,Indiana,1.2030833333333333,1.0,1.0,2.0,1.9031009591301913,1.5818529825837988,1.5818529825837988,3.1637059651675976,0.1786388888888889,suppressed_1_9,suppressed_1_9,nonmetro_adjacent,Q2,Constrained Bayesian posterior estimate; not an observed or recovered true suppressed count.
18027,Daviess County,18,Indiana,7.499472222222222,8.0,5.0,9.0,3.723226736745483,3.971721344030503,2.482325840019064,4.468186512034316,0.9436388888888889,suppressed_1_9,suppressed_1_9,nonmetro_nonadjacent,Q3,Constrained Bayesian posterior estimate; not an observed or recovered true suppressed count.
18029,Dearborn County,18,Indiana,7.501972222222222,8.0,5.0,9.0,2.468679775383605,2.6325661596783005,1.6453538497989377,2.961636929638088,0.24508333333333332,suppressed_1_9,suppressed_1_9,metro_large,Q1_lowest,Constrained Bayesian posterior estimate; not an observed or recovered true suppressed count.
18031,Decatur County,18,Indiana,5.724194444444445,6.0,4.0,9.0,3.606950544391865,3.7807421596859467,2.520494773123964,5.671113239528919,0.8077222222222222,suppressed_1_9,suppressed_1_9,nonmetro_adjacent,Q1_lowest,Constrained Bayesian posterior estimate; not an observed or recovered true suppressed count.
18033,DeKalb County,18,Indiana,5.1498888888888885,5.0,3.0,9.0,1.9600927501223235,1.9030437281387853,1.141826236883271,3.4254787106498132,0.08319444444444445,suppressed_1_9,suppressed_1_9,nonmetro_adjacent,Q1_lowest,Constrained Bayesian posterior estimate; not an observed or recovered true suppressed count.
18035,Delaware County,18,Indiana,22.0,22.0,22.0,22.0,3.2507687329242287,3.2507687329242287,3.2507687329242287,3.2507687329242287,1.0,exact,exact,metro_other,Q3,Constrained Bayesian posterior estimate; not an observed or recovered true suppressed count.
18037,Dubois County,18,Indiana,7.640666666666666,8.0,5.0,9.0,2.942860590934418,3.081260543688423,1.9257878398052644,3.466418111649476,0.5808055555555556,suppressed_1_9,suppressed_1_9,nonmetro_nonadjacent,Q1_lowest,Constrained Bayesian posterior estimate; not an observed or recovered true suppressed count.
18039,Elkhart County,18,Indiana,38.0,38.0,38.0,38.0,3.0641257001124056,3.064125700112405,3.064125700112405,3.064125700112405,1.0,exact,exact,metro_other,Q4_highest,Constrained Bayesian posterior estimate; not an observed or recovered true suppressed count.
18041,Fayette County,18,Indiana,26.0,26.0,26.0,26.0,18.651362984218075,18.651362984218075,18.651362984218075,18.651362984218075,1.0,exact,exact,nonmetro_adjacent,Q3,Constrained Bayesian posterior estimate; not an observed or recovered true suppressed count.
18043,Floyd County,18,Indiana,10.0,10.0,10.0,10.0,2.07742133844102,2.07742133844102,2.07742133844102,2.07742133844102,0.0,exact,exact,metro_large,Q1_lowest,Constrained Bayesian posterior estimate; not an observed or recovered true suppressed count.
18045,Fountain County,18,Indiana,1.3625555555555555,1.0,1.0,3.0,1.3704769121075373,1.0058136026231619,1.0058136026231619,3.0174408078694857,0.06133333333333333,suppressed_1_9,suppressed_1_9,nonmetro_adjacent,Q2,Constrained Bayesian posterior estimate; not an observed or recovered true suppressed count.
18047,Franklin County,18,Indiana,6.4542222222222225,6.0,5.0,9.0,4.689852727579527,4.359799739865282,3.633166449887735,6.539699609797923,1.0,suppressed_1_9,suppressed_1_9,metro_large,Q1_lowest,Constrained Bayesian posterior estimate; not an observed or recovered true suppressed count.
18049,Fulton County,18,Indiana,5.668,5.0,4.0,9.0,4.681705171516597,4.129944576143788,3.3039556609150305,7.433900237058819,1.0,suppressed_1_9,suppressed_1_9,nonmetro_nonadjacent,Q3,Constrained Bayesian posterior estimate; not an observed or recovered true suppressed count.
18051,Gibson County,18,Indiana,7.316888888888889,7.0,5.0,9.0,3.670502043657861,3.5115353937685296,2.508239566977521,4.514831220559539,0.9255,suppressed_1_9,suppressed_1_9,nonmetro_adjacent,Q1_lowest,Constrained Bayesian posterior estimate; not an observed or recovered true suppressed count.
18053,Grant County,18,Indiana,37.0,37.0,37.0,37.0,9.344921035417254,9.34492103541725,9.34492103541725,9.34492103541725,1.0,exact,exact,nonmetro_adjacent,Q4_highest,Constrained Bayesian posterior estimate; not an observed or recovered true suppressed count.
18055,Greene County,18,Indiana,7.487472222222222,8.0,5.0,9.0,3.97567711393827,4.247817683665017,2.6548860522906357,4.778794894123144,0.9438055555555556,suppressed_1_9,suppressed_1_9,nonmetro_adjacent,Q3,Constrained Bayesian posterior estimate; not an observed or recovered true suppressed count.
18057,Hamilton County,18,Indiana,50.0,50.0,50.0,50.0,2.320003674885821,2.320003674885821,2.320003674885821,2.320003674885821,0.0,exact,exact,metro_large,Q1_lowest,Constrained Bayesian posterior estimate; not an observed or recovered true suppressed count.
18059,Hancock County,18,Indiana,12.0,12.0,12.0,12.0,2.411788823770592,2.411788823770591,2.411788823770591,2.411788823770591,0.0,exact,exact,metro_large,Q1_lowest,Constrained Bayesian posterior estimate; not an observed or recovered true suppressed count.
18061,Harrison County,18,Indiana,7.209694444444445,7.0,5.0,9.0,2.994146193803161,2.907061251780575,2.0764723227004107,3.737650180860739,0.4230833333333333,suppressed_1_9,suppressed_1_9,metro_large,Q1_lowest,Constrained Bayesian posterior estimate; not an observed or recovered true suppressed count.
18063,Hendricks County,18,Indiana,30.0,30.0,30.0,30.0,2.771447074137133,2.771447074137133,2.771447074137133,2.771447074137133,0.0,exact,exact,metro_large,Q1_lowest,Constrained Bayesian posterior estimate; not an observed or recovered true suppressed count.
18065,Henry County,18,Indiana,8.304027777777778,9.0,6.0,9.0,2.8451605289355615,3.0836174258646976,2.0557449505764653,3.0836174258646976,0.5102777777777778,suppressed_1_9,suppressed_1_9,nonmetro_adjacent,Q2,Constrained Bayesian posterior estimate; not an observed or recovered true suppressed count.
18067,Howard County,18,Indiana,22.0,22.0,22.0,22.0,4.396043560795285,4.396043560795285,4.396043560795285,4.396043560795285,1.0,exact,exact,metro_other,Q2,Constrained Bayesian posterior estimate; not an observed or recovered true suppressed count.
18069,Huntington County,18,Indiana,7.375,7.0,5.0,9.0,3.349364869590492,3.179058181306229,2.270755843790164,4.087360518822296,0.7438055555555556,suppressed_1_9,suppressed_1_9,nonmetro_adjacent,Q1_lowest,Constrained Bayesian posterior estimate; not an observed or recovered true suppressed count.
18071,Jackson County,18,Indiana,6.706722222222222,7.0,4.0,9.0,2.441471504267281,2.548234437568256,1.4561339643247178,3.276301419730615,0.12941666666666668,suppressed_1_9,suppressed_1_9,nonmetro_adjacent,Q2,Constrained Bayesian posterior estimate; not an observed or recovered true suppressed count.
18073,Jasper County,18,Indiana,2.8035555555555556,3.0,2.0,5.0,1.3997062125831548,1.4977832807444982,0.9985221871629988,2.4963054679074967,0.013972222222222223,suppressed_1_9,suppressed_1_9,metro_large,Q1_lowest,Constrained Bayesian posterior estimate; not an observed or recovered true suppressed count.
18075,Jay County,18,Indiana,6.679666666666667,7.0,5.0,9.0,5.4979395415960175,5.76160139595371,4.115429568538364,7.407773223369055,1.0,suppressed_1_9,suppressed_1_9,nonmetro_adjacent,Q2,Constrained Bayesian posterior estimate; not an observed or recovered true suppressed count.
18077,Jefferson County,18,Indiana,11.0,11.0,11.0,11.0,5.598477214197739,5.598477214197739,5.598477214197739,5.598477214197739,1.0,exact,exact,nonmetro_adjacent,Q3,Constrained Bayesian posterior estimate; not an observed or recovered true suppressed count.
18079,Jennings County,18,Indiana,7.059805555555555,7.0,5.0,9.0,4.267006881527193,4.230859892052632,3.0220427800375944,5.439677004067669,1.0,suppressed_1_9,suppressed_1_9,nonmetro_adjacent,Q2,Constrained Bayesian posterior estimate; not an observed or recovered true suppressed count.
18081,Johnson County,18,Indiana,24.0,24.0,24.0,24.0,2.430904083614997,2.430904083614997,2.430904083614997,2.430904083614997,0.0,exact,exact,metro_large,Q1_lowest,Constrained Bayesian posterior estimate; not an observed or recovered true suppressed count.
18083,Knox County,18,Indiana,6.401277777777778,6.0,4.0,9.0,2.9525780444817538,2.767489379759505,1.8449929198396702,4.151234069639258,0.458,suppressed_1_9,suppressed_1_9,nonmetro_nonadjacent,Q2,Constrained Bayesian posterior estimate; not an observed or recovered true suppressed count.
18085,Kosciusko County,18,Indiana,10.0,10.0,10.0,10.0,2.0815596710303095,2.0815596710303095,2.0815596710303095,2.0815596710303095,0.0,exact,exact,nonmetro_adjacent,Q2,Constrained Bayesian posterior estimate; not an observed or recovered true suppressed count.
18087,LaGrange County,18,Indiana,6.6969722222222225,7.0,4.0,9.0,2.7542328346969063,2.878857669276831,1.645061525301046,3.7013884319273544,0.31916666666666665,suppressed_1_9,suppressed_1_9,nonmetro_adjacent,Q2,Constrained Bayesian posterior estimate; not an observed or recovered true suppressed count.
18089,Lake County,18,Indiana,119.0,119.0,119.0,119.0,4.000229929182483,4.000229929182484,4.000229929182484,4.000229929182484,1.0,exact,exact,metro_large,Q3,Constrained Bayesian posterior estimate; not an observed or recovered true suppressed count.
18091,LaPorte County,18,Indiana,27.0,27.0,27.0,27.0,4.04997975010125,4.049979750101249,4.049979750101249,4.049979750101249,1.0,exact,exact,metro_other,Q3,Constrained Bayesian posterior estimate; not an observed or recovered true suppressed count.
18093,Lawrence County,18,Indiana,25.0,25.0,25.0,25.0,9.210342108947291,9.210342108947295,9.210342108947295,9.210342108947295,1.0,exact,exact,nonmetro_adjacent,Q2,Constrained Bayesian posterior estimate; not an observed or recovered true suppressed count.
18095,Madison County,18,Indiana,46.0,46.0,46.0,46.0,5.83384696551182,5.833846965511818,5.833846965511818,5.833846965511818,1.0,exact,exact,metro_large,Q3,Constrained Bayesian posterior estimate; not an observed or recovered true suppressed count.
18097,Marion County,18,Indiana,225.0,225.0,225.0,225.0,3.865035701764226,3.865035701764225,3.865035701764225,3.865035701764225,1.0,exact,exact,metro_large,Q4_highest,Constrained Bayesian posterior estimate; not an observed or recovered true suppressed count.
18099,Marshall County,18,Indiana,6.890833333333333,7.0,4.0,9.0,2.481975735528062,2.521295946116304,1.440740540637888,3.241666216435248,0.15569444444444444,suppressed_1_9,suppressed_1_9,nonmetro_adjacent,Q2,Constrained Bayesian posterior estimate; not an observed or recovered true suppressed count.
18101,Martin County,18,Indiana,3.4731666666666667,3.0,3.0,5.0,5.819844275389031,5.0269781158886016,5.0269781158886016,8.378296859814338,1.0,suppressed_1_9,suppressed_1_9,nonmetro_nonadjacent,Q1_lowest,Constrained Bayesian posterior estimate; not an observed or recovered true suppressed count.
18103,Miami County,18,Indiana,6.252944444444444,6.0,4.0,9.0,2.927216589008419,2.8088046663608193,1.872536444240546,4.213206999541229,0.41405555555555557,suppressed_1_9,suppressed_1_9,nonmetro_adjacent,Q2,Constrained Bayesian posterior estimate; not an observed or recovered true suppressed count.
18105,Monroe County,18,Indiana,25.0,25.0,25.0,25.0,2.9194898133161424,2.9194898133161433,2.9194898133161433,2.9194898133161433,0.0,exact,exact,metro_other,Q2,Constrained Bayesian posterior estimate; not an observed or recovered true suppressed count.
18107,Montgomery County,18,Indiana,5.34425,5.0,3.0,9.0,2.3211144650263855,2.1715998175856153,1.3029598905513693,3.9088796716541077,0.23158333333333334,suppressed_1_9,suppressed_1_9,nonmetro_adjacent,Q2,Constrained Bayesian posterior estimate; not an observed or recovered true suppressed count.
18109,Morgan County,18,Indiana,16.0,16.0,16.0,16.0,3.697797499364441,3.697797499364441,3.697797499364441,3.697797499364441,1.0,exact,exact,metro_large,Q1_lowest,Constrained Bayesian posterior estimate; not an observed or recovered true suppressed count.
18111,Newton County,18,Indiana,1.2172777777777777,1.0,1.0,3.0,1.4558475090928178,1.1959862700776196,1.1959862700776196,3.587958810232859,0.025111111111111112,suppressed_1_9,suppressed_1_9,metro_large,Q2,Constrained Bayesian posterior estimate; not an observed or recovered true suppressed count.
18113,Noble County,18,Indiana,7.068027777777778,7.0,4.0,9.0,2.4764384616492627,2.4526034385500206,1.4014876791714403,3.153347278135741,0.18936111111111112,suppressed_1_9,suppressed_1_9,nonmetro_adjacent,Q3,Constrained Bayesian posterior estimate; not an observed or recovered true suppressed count.
18115,Ohio County,18,Indiana,3.2680555555555557,3.0,3.0,5.0,9.113627138390795,8.366100560528738,8.366100560528738,13.943500934214564,1.0,suppressed_1_9,suppressed_1_9,metro_large,Q1_lowest,Constrained Bayesian posterior estimate; not an observed or recovered true suppressed count.
18117,Orange County,18,Indiana,11.0,11.0,11.0,11.0,9.305315873177005,9.305315873177005,9.305315873177005,9.305315873177005,1.0,exact,exact,nonmetro_adjacent,Q3,Constrained Bayesian posterior estimate; not an observed or recovered true suppressed count.
18119,Owen County,18,Indiana,4.082694444444445,4.0,3.0,7.0,3.1910260385049933,3.1263922215361526,2.3447941661521146,5.471186387688268,0.6408055555555555,suppressed_1_9,suppressed_1_9,metro_other,Q1_lowest,Constrained Bayesian posterior estimate; not an observed or recovered true suppressed count.
18121,Parke County,18,Indiana,2.830861111111111,3.0,2.0,5.0,2.8429150710122033,3.0127741624487827,2.008516108299189,5.021290270747971,0.5387222222222222,suppressed_1_9,suppressed_1_9,nonmetro_adjacent,Q3,Constrained Bayesian posterior estimate; not an observed or recovered true suppressed count.
18123,Perry County,18,Indiana,2.7361666666666666,2.0,2.0,5.0,2.372035497452703,1.7338384582708428,1.7338384582708428,4.334596145677107,0.17780555555555555,suppressed_1_9,suppressed_1_9,nonmetro_nonadjacent,Q2,Constrained Bayesian posterior estimate; not an observed or recovered true suppressed count.
18125,Pike County,18,Indiana,1.2469722222222221,1.0,1.0,3.0,1.7011667265415507,1.3642378685147543,1.3642378685147543,4.092713605544263,0.034555555555555555,suppressed_1_9,suppressed_1_9,nonmetro_adjacent,Q1_lowest,Constrained Bayesian posterior estimate; not an observed or recovered true suppressed count.
18127,Porter County,18,Indiana,36.0,36.0,36.0,36.0,3.456227834538851,3.4562278345388524,3.4562278345388524,3.4562278345388524,1.0,exact,exact,metro_large,Q1_lowest,Constrained Bayesian posterior estimate; not an observed or recovered true suppressed count.
18129,Posey County,18,Indiana,1.4209444444444443,1.0,1.0,3.0,0.9410976001036139,0.6623042890825761,0.6623042890825761,1.9869128672477285,0.0024444444444444444,suppressed_1_9,suppressed_1_9,metro_other,Q1_lowest,Constrained Bayesian posterior estimate; not an observed or recovered true suppressed count.
18131,Pulaski County,18,Indiana,5.044388888888889,5.0,4.0,8.0,6.782736401136048,6.723050651463608,5.378440521170886,10.756881042341773,1.0,suppressed_1_9,suppressed_1_9,nonmetro_adjacent,Q2,Constrained Bayesian posterior estimate; not an observed or recovered true suppressed count.
18133,Putnam County,18,Indiana,6.182611111111111,6.0,4.0,9.0,2.7515448032502183,2.6702745042190337,1.7801830028126893,4.0054117563285505,0.39305555555555555,suppressed_1_9,suppressed_1_9,nonmetro_adjacent,Q1_lowest,Constrained Bayesian posterior estimate; not an observed or recovered true suppressed count.
18135,Randolph County,18,Indiana,7.210305555555555,7.0,5.0,9.0,4.9306965975912105,4.78688121012357,3.419200864373978,6.154561555873161,1.0,suppressed_1_9,suppressed_1_9,nonmetro_adjacent,Q3,Constrained Bayesian posterior estimate; not an observed or recovered true suppressed count.
18137,Ripley County,18,Indiana,7.090111111111111,7.0,5.0,9.0,4.0893241538064204,4.037351266863151,2.8838223334736792,5.190880200252623,0.89375,suppressed_1_9,suppressed_1_9,nonmetro_adjacent,Q1_lowest,Constrained Bayesian posterior estimate; not an observed or recovered true suppressed count.
18139,Rush County,18,Indiana,2.5896944444444445,2.0,2.0,5.0,2.585015566269497,1.9963865403619447,1.9963865403619447,4.990966350904862,0.428,suppressed_1_9,suppressed_1_9,nonmetro_adjacent,Q1_lowest,Constrained Bayesian posterior estimate; not an observed or recovered true suppressed count.
18141,St. Joseph County,18,Indiana,64.0,64.0,64.0,64.0,3.9159346724198283,3.915934672419827,3.915934672419827,3.915934672419827,1.0,exact,exact,metro_other,Q3,Constrained Bayesian posterior estimate; not an observed or recovered true suppressed count.
18143,Scott County,18,Indiana,7.133166666666667,7.0,5.0,9.0,4.885329059711987,4.794126510149851,3.4243760786784647,6.163876941621236,1.0,suppressed_1_9,suppressed_1_9,nonmetro_adjacent,Q3,Constrained Bayesian posterior estimate; not an observed or recovered true suppressed count.
18145,Shelby County,18,Indiana,20.0,20.0,20.0,20.0,7.393305361994717,7.393305361994715,7.393305361994715,7.393305361994715,1.0,exact,exact,metro_large,Q2,Constrained Bayesian posterior estimate; not an observed or recovered true suppressed count.
18147,Spencer County,18,Indiana,5.457055555555556,5.0,4.0,8.0,4.533605459508308,4.153893444325366,3.323114755460293,6.646229510920586,1.0,suppressed_1_9,suppressed_1_9,nonmetro_adjacent,Q1_lowest,Constrained Bayesian posterior estimate; not an observed or recovered true suppressed count.
18149,Starke County,18,Indiana,10.0,10.0,10.0,10.0,7.17653559920484,7.17653559920484,7.17653559920484,7.17653559920484,1.0,exact,exact,nonmetro_adjacent,Q2,Constrained Bayesian posterior estimate; not an observed or recovered true suppressed count.
18151,Steuben County,18,Indiana,6.341111111111111,6.0,4.0,9.0,3.0404107724412097,2.876856171575702,1.9179041143838016,4.315284257363554,0.4375833333333333,suppressed_1_9,suppressed_1_9,nonmetro_nonadjacent,Q1_lowest,Constrained Bayesian posterior estimate; not an observed or recovered true suppressed count.
18153,Sullivan County,18,Indiana,4.182111111111111,4.0,3.0,7.0,3.3672392198962253,3.22061191626409,2.4154589371980677,5.636070853462158,0.6678611111111111,suppressed_1_9,suppressed_1_9,metro_other,Q3,Constrained Bayesian posterior estimate; not an observed or recovered true suppressed count.
18155,Switzerland County,18,Indiana,3.6027222222222224,3.0,3.0,6.0,5.879307781295443,4.895721139723881,4.895721139723881,9.791442279447763,1.0,suppressed_1_9,suppressed_1_9,nonmetro_adjacent,Q3,Constrained Bayesian posterior estimate; not an observed or recovered true suppressed count.
18157,Tippecanoe County,18,Indiana,15.0,15.0,15.0,15.0,1.306526885710254,1.306526885710254,1.306526885710254,1.306526885710254,0.0,exact,exact,metro_other,Q3,Constrained Bayesian posterior estimate; not an observed or recovered true suppressed count.
18159,Tipton County,18,Indiana,2.419027777777778,2.0,2.0,4.0,2.638325383668286,2.1813105313672456,2.1813105313672456,4.362621062734491,0.33441666666666664,suppressed_1_9,suppressed_1_9,metro_large,Q1_lowest,Constrained Bayesian posterior estimate; not an observed or recovered true suppressed count.
18161,Union County,18,Indiana,3.3684166666666666,3.0,3.0,5.0,8.014505857066945,7.137928573128078,7.137928573128078,11.89654762188013,1.0,suppressed_1_9,suppressed_1_9,nonmetro_adjacent,Q1_lowest,Constrained Bayesian posterior estimate; not an observed or recovered true suppressed count.
18163,Vanderburgh County,18,Indiana,56.0,56.0,56.0,56.0,5.166881030718954,5.166881030718954,5.166881030718954,5.166881030718954,1.0,exact,exact,metro_other,Q3,Constrained Bayesian posterior estimate; not an observed or recovered true suppressed count.
18165,Vermillion County,18,Indiana,2.5936666666666666,2.0,2.0,5.0,2.802388567147838,2.1609473593223267,2.1609473593223267,5.402368398305818,0.42594444444444446,suppressed_1_9,suppressed_1_9,metro_other,Q2,Constrained Bayesian posterior estimate; not an observed or recovered true suppressed count.
18167,Vigo County,18,Indiana,27.0,27.0,27.0,27.0,4.232207096000565,4.232207096000565,4.232207096000565,4.232207096000565,1.0,exact,exact,metro_other,Q3,Constrained Bayesian posterior estimate; not an observed or recovered true suppressed count.
18169,Wabash County,18,Indiana,12.0,12.0,12.0,12.0,6.491012652065494,6.4910126520654945,6.4910126520654945,6.4910126520654945,1.0,exact,exact,nonmetro_adjacent,Q1_lowest,Constrained Bayesian posterior estimate; not an observed or recovered true suppressed count.
18171,Warren County,18,Indiana,1.1585,1.0,1.0,2.0,2.3002541497895317,1.9855452307203558,1.9855452307203558,3.9710904614407116,0.14108333333333334,suppressed_1_9,suppressed_1_9,metro_other,Q1_lowest,Constrained Bayesian posterior estimate; not an observed or recovered true suppressed count.
18173,Warrick County,18,Indiana,13.0,13.0,13.0,13.0,3.3490308419978785,3.349030841997877,3.349030841997877,3.349030841997877,1.0,exact,exact,metro_other,Q1_lowest,Constrained Bayesian posterior estimate; not an observed or recovered true suppressed count.
18175,Washington County,18,Indiana,5.747527777777778,6.0,4.0,9.0,3.3983904081465055,3.5476718403547673,2.365114560236511,5.321507760532151,0.8148611111111111,suppressed_1_9,suppressed_1_9,metro_large,Q2,Constrained Bayesian posterior estimate; not an observed or recovered true suppressed count.
18177,Wayne County,18,Indiana,59.0,59.0,59.0,59.0,14.864156723637535,14.864156723637535,14.864156723637535,14.864156723637535,1.0,exact,exact,nonmetro_nonadjacent,Q4_highest,Constrained Bayesian posterior estimate; not an observed or recovered true suppressed count.
18179,Wells County,18,Indiana,5.80325,6.0,4.0,9.0,3.407202785296172,3.522718599367085,2.3484790662447232,5.284077899050627,0.82275,suppressed_1_9,suppressed_1_9,metro_other,Q1_lowest,Constrained Bayesian posterior estimate; not an observed or recovered true suppressed count.
18181,White County,18,Indiana,4.283194444444445,4.0,3.0,7.0,2.9084747629761414,2.716173454836826,2.0371300911276196,4.753303545964445,0.3611666666666667,suppressed_1_9,suppressed_1_9,nonmetro_adjacent,Q1_lowest,Constrained Bayesian posterior estimate; not an observed or recovered true suppressed count.
18183,Whitley County,18,Indiana,6.136111111111111,6.0,4.0,9.0,2.9639326032049658,2.8981867011872904,1.9321244674581937,4.347280051780936,0.3748888888888889,suppressed_1_9,suppressed_1_9,metro_other,Q1_lowest,Constrained Bayesian posterior estimate; not an observed or recovered true suppressed count.
19001,Adair County,19,Iowa,0.0,0.0,0.0,0.0,0.0,0.0,0.0,0.0,0.0,zero,zero,nonmetro_adjacent,Q1_lowest,Constrained Bayesian posterior estimate; not an observed or recovered true suppressed count.
19003,Adams County,19,Iowa,0.0,0.0,0.0,0.0,0.0,0.0,0.0,0.0,0.0,zero,zero,nonmetro_nonadjacent,Q1_lowest,Constrained Bayesian posterior estimate; not an observed or recovered true suppressed count.
19005,Allamakee County,19,Iowa,4.991583333333334,5.0,4.0,7.0,5.9798777249330115,5.9899608256562,4.791968660524961,8.38594515591868,1.0,suppressed_1_9,suppressed_1_9,nonmetro_adjacent,Q1_lowest,Constrained Bayesian posterior estimate; not an observed or recovered true suppressed count.
19007,Appanoose County,19,Iowa,6.206722222222222,6.0,5.0,9.0,8.452339882098025,8.170824708573917,6.809020590478265,12.256237062860878,1.0,suppressed_1_9,suppressed_1_9,nonmetro_nonadjacent,Q2,Constrained Bayesian posterior estimate; not an observed or recovered true suppressed count.
19009,Audubon County,19,Iowa,0.0,0.0,0.0,0.0,0.0,0.0,0.0,0.0,0.0,zero,zero,nonmetro_nonadjacent,Q1_lowest,Constrained Bayesian posterior estimate; not an observed or recovered true suppressed count.
19011,Benton County,19,Iowa,2.9038055555555555,3.0,2.0,5.0,1.8849026039593098,1.9473438230253932,1.2982292153502621,3.2455730383756554,0.07883333333333334,suppressed_1_9,suppressed_1_9,metro_other,Q1_lowest,Constrained Bayesian posterior estimate; not an observed or recovered true suppressed count.
19013,Black Hawk County,19,Iowa,26.0,26.0,26.0,26.0,3.3100989846907916,3.310098984690792,3.310098984690792,3.310098984690792,1.0,exact,exact,metro_other,Q3,Constrained Bayesian posterior estimate; not an observed or recovered true suppressed count.
19015,Boone County,19,Iowa,4.159361111111111,4.0,3.0,7.0,2.6132877892405917,2.5131626895867103,1.8848720171900328,4.398034706776743,0.32016666666666665,suppressed_1_9,suppressed_1_9,metro_other,Q1_lowest,Constrained Bayesian posterior estimate; not an observed or recovered true suppressed count.
19017,Bremer County,19,Iowa,4.343805555555556,4.0,3.0,7.0,2.870077936646375,2.642915664561144,1.982186748420858,4.6251024129820015,0.3834444444444444,suppressed_1_9,suppressed_1_9,metro_other,Q1_lowest,Constrained Bayesian posterior estimate; not an observed or recovered true suppressed count.
19019,Buchanan County,19,Iowa,4.262972222222222,4.0,3.0,7.0,3.403380427618594,3.193434299081089,2.395075724310817,5.5885100233919065,0.6959722222222222,suppressed_1_9,suppressed_1_9,nonmetro_adjacent,Q1_lowest,Constrained Bayesian posterior estimate; not an observed or recovered true suppressed count.
19021,Buena Vista County,19,Iowa,5.681416666666666,6.0,4.0,9.0,4.651332558304543,4.912154307140636,3.2747695380937567,7.368231460710952,1.0,suppressed_1_9,suppressed_1_9,nonmetro_nonadjacent,Q3,Constrained Bayesian posterior estimate; not an observed or recovered true suppressed count.
19023,Butler County,19,Iowa,5.058388888888889,5.0,4.0,8.0,5.9023685708321825,5.83423764016756,4.667390112134047,9.334780224268094,1.0,suppressed_1_9,suppressed_1_9,nonmetro_adjacent,Q1_lowest,Constrained Bayesian posterior estimate; not an observed or recovered true suppressed count.
19025,Calhoun County,19,Iowa,2.42975,2.0,2.0,4.0,4.170886619174321,3.433181701141533,3.433181701141533,6.866363402283066,1.0,suppressed_1_9,suppressed_1_9,nonmetro_nonadjacent,Q1_lowest,Constrained Bayesian posterior estimate; not an observed or recovered true suppressed count.
19027,Carroll County,19,Iowa,5.500916666666667,5.0,4.0,8.0,4.499101692743476,4.089410879468704,3.2715287035749627,6.5430574071499255,1.0,suppressed_1_9,suppressed_1_9,nonmetro_nonadjacent,Q1_lowest,Constrained Bayesian posterior estimate; not an observed or recovered true suppressed count.
19029,Cass County,19,Iowa,2.5373055555555557,2.0,2.0,4.0,3.254583132021851,2.5653852567309294,2.5653852567309294,5.130770513461859,0.4001388888888889,suppressed_1_9,suppressed_1_9,nonmetro_adjacent,Q1_lowest,Constrained Bayesian posterior estimate; not an observed or recovered true suppressed count.
19031,Cedar County,19,Iowa,5.422416666666667,5.0,4.0,8.0,4.909208056445821,4.526771325619715,3.621417060495772,7.242834120991544,1.0,suppressed_1_9,suppressed_1_9,nonmetro_adjacent,Q1_lowest,Constrained Bayesian posterior estimate; not an observed or recovered true suppressed count.
19033,Cerro Gordo County,19,Iowa,10.0,10.0,10.0,10.0,3.9282389312047528,3.928238931204752,3.928238931204752,3.928238931204752,1.0,exact,exact,nonmetro_nonadjacent,Q1_lowest,Constrained Bayesian posterior estimate; not an observed or recovered true suppressed count.
19035,Cherokee County,19,Iowa,1.2859166666666666,1.0,1.0,3.0,1.872276093687818,1.4559855566232784,1.4559855566232784,4.367956669869835,0.04080555555555555,suppressed_1_9,suppressed_1_9,nonmetro_nonadjacent,Q1_lowest,Constrained Bayesian posterior estimate; not an observed or recovered true suppressed count.
19037,Chickasaw County,19,Iowa,2.4542777777777776,2.0,2.0,4.0,3.4690909547793947,2.826974995406166,2.826974995406166,5.653949990812332,0.3517777777777778,suppressed_1_9,suppressed_1_9,nonmetro_adjacent,Q1_lowest,Constrained Bayesian posterior estimate; not an observed or recovered true suppressed count.
19039,Clarke County,19,Iowa,3.7121666666666666,3.0,3.0,6.0,6.474295248559685,5.232223520588799,5.232223520588799,10.464447041177598,1.0,suppressed_1_9,suppressed_1_9,nonmetro_adjacent,Q4_highest,Constrained Bayesian posterior estimate; not an observed or recovered true suppressed count.
19041,Clay County,19,Iowa,0.0,0.0,0.0,0.0,0.0,0.0,0.0,0.0,0.0,zero,zero,nonmetro_nonadjacent,Q1_lowest,Constrained Bayesian posterior estimate; not an observed or recovered true suppressed count.
19043,Clayton County,19,Iowa,6.734694444444444,7.0,5.0,9.0,6.551577843712674,6.809669731018046,4.864049807870033,8.75528965416606,1.0,suppressed_1_9,suppressed_1_9,nonmetro_adjacent,Q2,Constrained Bayesian posterior estimate; not an observed or recovered true suppressed count.
19045,Clinton County,19,Iowa,4.2604444444444445,4.0,2.0,8.0,1.533631788382491,1.4398796260632611,0.7199398130316306,2.8797592521265223,0.010861111111111111,suppressed_1_9,suppressed_1_9,nonmetro_adjacent,Q2,Constrained Bayesian posterior estimate; not an observed or recovered true suppressed count.
19047,Crawford County,19,Iowa,1.3620833333333333,1.0,1.0,3.0,1.3847798754926581,1.0166631083457875,1.0166631083457875,3.0499893250373624,0.06052777777777778,suppressed_1_9,suppressed_1_9,nonmetro_nonadjacent,Q4_highest,Constrained Bayesian posterior estimate; not an observed or recovered true suppressed count.
19049,Dallas County,19,Iowa,7.129666666666667,7.0,4.0,9.0,1.1340999337747992,1.1134741506975916,0.6362709432557666,1.4316096223254748,0.0,suppressed_1_9,suppressed_1_9,metro_other,Q1_lowest,Constrained Bayesian posterior estimate; not an observed or recovered true suppressed count.
19051,Davis County,19,Iowa,0.0,0.0,0.0,0.0,0.0,0.0,0.0,0.0,0.0,zero,zero,nonmetro_nonadjacent,Q2,Constrained Bayesian posterior estimate; not an observed or recovered true suppressed count.
19053,Decatur County,19,Iowa,0.0,0.0,0.0,0.0,0.0,0.0,0.0,0.0,0.0,zero,zero,nonmetro_nonadjacent,Q3,Constrained Bayesian posterior estimate; not an observed or recovered true suppressed count.
19055,Delaware County,19,Iowa,3.83525,4.0,3.0,6.0,3.6794262963495945,3.837482611406917,2.8781119585551878,5.7562239171103755,0.5510277777777778,suppressed_1_9,suppressed_1_9,nonmetro_adjacent,Q1_lowest,Constrained Bayesian posterior estimate; not an observed or recovered true suppressed count.
19057,Des Moines County,19,Iowa,16.0,16.0,16.0,16.0,6.922720802343339,6.92272080234334,6.92272080234334,6.92272080234334,1.0,exact,exact,nonmetro_nonadjacent,Q2,Constrained Bayesian posterior estimate; not an observed or recovered true suppressed count.
19059,Dickinson County,19,Iowa,6.593416666666666,6.0,5.0,9.0,6.167835983785469,5.612722170252572,4.677268475210477,8.419083255378858,1.0,suppressed_1_9,suppressed_1_9,nonmetro_nonadjacent,Q1_lowest,Constrained Bayesian posterior estimate; not an observed or recovered true suppressed count.
19061,Dubuque County,19,Iowa,23.0,23.0,23.0,23.0,3.895499004954059,3.8954990049540585,3.8954990049540585,3.8954990049540585,1.0,exact,exact,metro_other,Q1_lowest,Constrained Bayesian posterior estimate; not an observed or recovered true suppressed count.
19063,Emmet County,19,Iowa,2.3595,2.0,2.0,4.0,4.275153557645268,3.623779239368737,3.623779239368737,7.247558478737474,1.0,suppressed_1_9,suppressed_1_9,nonmetro_nonadjacent,Q1_lowest,Constrained Bayesian posterior estimate; not an observed or recovered true suppressed count.
19065,Fayette County,19,Iowa,2.714277777777778,2.0,2.0,5.0,2.343490682061938,1.7267876569218283,1.7267876569218283,4.316969142304571,0.16541666666666666,suppressed_1_9,suppressed_1_9,nonmetro_adjacent,Q1_lowest,Constrained Bayesian posterior estimate; not an observed or recovered true suppressed count.
19067,Floyd County,19,Iowa,3.7992777777777778,4.0,3.0,6.0,4.120423592583757,4.338112487256795,3.253584365442596,6.507168730885192,1.0,suppressed_1_9,suppressed_1_9,nonmetro_nonadjacent,Q1_lowest,Constrained Bayesian posterior estimate; not an observed or recovered true suppressed count.
19069,Franklin County,19,Iowa,1.2108055555555555,1.0,1.0,2.0,2.0244876196421138,1.6720171214553237,1.6720171214553237,3.3440342429106473,0.18594444444444444,suppressed_1_9,suppressed_1_9,nonmetro_nonadjacent,Q1_lowest,Constrained Bayesian posterior estimate; not an observed or recovered true suppressed count.
19071,Fremont County,19,Iowa,2.2629444444444444,2.0,2.0,4.0,5.704135018260851,5.04133897963299,5.04133897963299,10.08267795926598,1.0,suppressed_1_9,suppressed_1_9,nonmetro_adjacent,Q1_lowest,Constrained Bayesian posterior estimate; not an observed or recovered true suppressed count.
19073,Greene County,19,Iowa,0.0,0.0,0.0,0.0,0.0,0.0,0.0,0.0,0.0,zero,zero,nonmetro_adjacent,Q1_lowest,Constrained Bayesian posterior estimate; not an observed or recovered true suppressed count.
19075,Grundy County,19,Iowa,1.1695277777777777,1.0,1.0,2.0,1.5817040312922168,1.352429639847987,1.352429639847987,2.704859279695974,0.017861111111111112,suppressed_1_9,suppressed_1_9,metro_other,Q1_lowest,Constrained Bayesian posterior estimate; not an observed or recovered true suppressed count.
19077,Guthrie County,19,Iowa,0.0,0.0,0.0,0.0,0.0,0.0,0.0,0.0,0.0,zero,zero,metro_other,Q1_lowest,Constrained Bayesian posterior estimate; not an observed or recovered true suppressed count.
19079,Hamilton County,19,Iowa,2.5838055555555557,2.0,2.0,5.0,2.9103136431844154,2.252734256203467,2.252734256203467,5.631835640508667,0.42433333333333334,suppressed_1_9,suppressed_1_9,nonmetro_adjacent,Q1_lowest,Constrained Bayesian posterior estimate; not an observed or recovered true suppressed count.
19081,Hancock County,19,Iowa,3.6646666666666667,3.0,3.0,6.0,5.751564232950385,4.708393496139117,4.708393496139117,9.416786992278235,1.0,suppressed_1_9,suppressed_1_9,nonmetro_nonadjacent,Q1_lowest,Constrained Bayesian posterior estimate; not an observed or recovered true suppressed count.
19083,Hardin County,19,Iowa,3.8794166666666667,4.0,3.0,6.0,3.8940974139171343,4.015137066741616,3.011352800056212,6.022705600112424,1.0,suppressed_1_9,suppressed_1_9,nonmetro_adjacent,Q1_lowest,Constrained Bayesian posterior estimate; not an observed or recovered true suppressed count.
19085,Harrison County,19,Iowa,1.2771944444444445,1.0,1.0,3.0,1.4748203746471642,1.1547344110854505,1.1547344110854505,3.464203233256351,0.03838888888888889,suppressed_1_9,suppressed_1_9,metro_other,Q1_lowest,Constrained Bayesian posterior estimate; not an observed or recovered true suppressed count.
19087,Henry County,19,Iowa,2.581638888888889,2.0,2.0,5.0,2.16685878102507,1.6786691510970102,1.6786691510970102,4.196672877742526,0.12377777777777778,suppressed_1_9,suppressed_1_9,nonmetro_adjacent,Q1_lowest,Constrained Bayesian posterior estimate; not an observed or recovered true suppressed count.
19089,Howard County,19,Iowa,2.355888888888889,2.0,2.0,4.0,4.200868188671543,3.5662702162942885,3.5662702162942885,7.132540432588577,1.0,suppressed_1_9,suppressed_1_9,nonmetro_adjacent,Q1_lowest,Constrained Bayesian posterior estimate; not an observed or recovered true suppressed count.
19091,Humboldt County,19,Iowa,1.140861111111111,1.0,1.0,2.0,1.9891570092950994,1.743557554834885,1.743557554834885,3.48711510966977,0.1269722222222222,suppressed_1_9,suppressed_1_9,nonmetro_nonadjacent,Q1_lowest,Constrained Bayesian posterior estimate; not an observed or recovered true suppressed count.
19093,Ida County,19,Iowa,1.1170833333333334,1.0,1.0,2.0,2.712684150882305,2.4283632831471587,2.4283632831471587,4.856726566294317,0.10761111111111112,suppressed_1_9,suppressed_1_9,nonmetro_adjacent,Q1_lowest,Constrained Bayesian posterior estimate; not an observed or recovered true suppressed count.
19095,Iowa County,19,Iowa,2.707222222222222,2.0,2.0,5.0,2.7577160022229243,2.0373030182644216,2.0373030182644216,5.093257545661054,0.4869722222222222,suppressed_1_9,suppressed_1_9,nonmetro_adjacent,Q1_lowest,Constrained Bayesian posterior estimate; not an observed or recovered true suppressed count.
19097,Jackson County,19,Iowa,4.101444444444445,4.0,3.0,7.0,3.5336565155292106,3.4462556432436156,2.5846917324327117,6.030947375676328,0.6474166666666666,suppressed_1_9,suppressed_1_9,nonmetro_adjacent,Q1_lowest,Constrained Bayesian posterior estimate; not an observed or recovered true suppressed count.
19099,Jasper County,19,Iowa,4.852777777777778,5.0,3.0,8.0,2.1466673941006085,2.211792392318887,1.3270754353913323,3.5388678277102197,0.13186111111111112,suppressed_1_9,suppressed_1_9,metro_other,Q1_lowest,Constrained Bayesian posterior estimate; not an observed or recovered true suppressed count.
19101,Jefferson County,19,Iowa,1.473861111111111,1.0,1.0,3.0,1.485627279162075,1.0079832271591,1.0079832271591,3.0239496814773004,0.09591666666666666,suppressed_1_9,suppressed_1_9,nonmetro_nonadjacent,Q3,Constrained Bayesian posterior estimate; not an observed or recovered true suppressed count.
19103,Johnson County,19,Iowa,22.0,22.0,22.0,22.0,2.3563282408081774,2.356328240808178,2.356328240808178,2.356328240808178,0.0,exact,exact,metro_other,Q2,Constrained Bayesian posterior estimate; not an observed or recovered true suppressed count.
19105,Jones County,19,Iowa,1.2770833333333333,1.0,1.0,3.0,1.02193645789155,0.8002112557715236,0.8002112557715236,2.400633767314571,0.005638888888888889,suppressed_1_9,suppressed_1_9,metro_other,Q1_lowest,Constrained Bayesian posterior estimate; not an observed or recovered true suppressed count.
19107,Keokuk County,19,Iowa,3.5524444444444443,3.0,3.0,5.0,5.9288434935152114,5.006842685002837,5.006842685002837,8.344737808338062,1.0,suppressed_1_9,suppressed_1_9,nonmetro_adjacent,Q1_lowest,Constrained Bayesian posterior estimate; not an observed or recovered true suppressed count.
19109,Kossuth County,19,Iowa,2.6437222222222223,2.0,2.0,5.0,3.028284008456056,2.2909245025830174,2.2909245025830174,5.7273112564575435,0.45911111111111114,suppressed_1_9,suppressed_1_9,nonmetro_nonadjacent,Q1_lowest,Constrained Bayesian posterior estimate; not an observed or recovered true suppressed count.
19111,Lee County,19,Iowa,14.0,14.0,14.0,14.0,7.0659607435409555,7.0659607435409555,7.0659607435409555,7.0659607435409555,1.0,exact,exact,nonmetro_nonadjacent,Q2,Constrained Bayesian posterior estimate; not an observed or recovered true suppressed count.
19113,Linn County,19,Iowa,31.0,31.0,31.0,31.0,2.2573922313666834,2.2573922313666834,2.2573922313666834,2.2573922313666834,0.0,exact,exact,metro_other,Q1_lowest,Constrained Bayesian posterior estimate; not an observed or recovered true suppressed count.
19115,Louisa County,19,Iowa,1.2141944444444444,1.0,1.0,2.0,1.879121634983277,1.547628259692022,1.547628259692022,3.095256519384044,0.18619444444444444,suppressed_1_9,suppressed_1_9,nonmetro_adjacent,Q2,Constrained Bayesian posterior estimate; not an observed or recovered true suppressed count.
19117,Lucas County,19,Iowa,3.4398333333333335,3.0,3.0,5.0,6.612266605154231,5.766790973049864,5.766790973049864,9.611318288416438,1.0,suppressed_1_9,suppressed_1_9,nonmetro_adjacent,Q2,Constrained Bayesian posterior estimate; not an observed or recovered true suppressed count.
19119,Lyon County,19,Iowa,2.362111111111111,2.0,2.0,4.0,3.2624492232519526,2.762316478598953,2.762316478598953,5.524632957197906,0.2956111111111111,suppressed_1_9,suppressed_1_9,nonmetro_adjacent,Q1_lowest,Constrained Bayesian posterior estimate; not an observed or recovered true suppressed count.
19121,Madison County,19,Iowa,1.2058333333333333,1.0,1.0,2.0,1.1962632275132277,0.9920634920634921,0.9920634920634921,1.9841269841269842,0.022722222222222224,suppressed_1_9,suppressed_1_9,metro_other,Q1_lowest,Constrained Bayesian posterior estimate; not an observed or recovered true suppressed count.
19123,Mahaska County,19,Iowa,4.3116111111111115,4.0,3.0,7.0,3.258891416756317,3.0233630378751806,2.2675222784063855,5.290885316281566,0.7056944444444444,suppressed_1_9,suppressed_1_9,nonmetro_nonadjacent,Q1_lowest,Constrained Bayesian posterior estimate; not an observed or recovered true suppressed count.
19125,Marion County,19,Iowa,4.971444444444445,5.0,3.0,8.0,2.470147939463902,2.4843362598814474,1.4906017559288685,3.974938015810316,0.3285,suppressed_1_9,suppressed_1_9,nonmetro_adjacent,Q1_lowest,Constrained Bayesian posterior estimate; not an observed or recovered true suppressed count.
19127,Marshall County,19,Iowa,10.0,10.0,10.0,10.0,4.184065405310415,4.184065405310416,4.184065405310416,4.184065405310416,1.0,exact,exact,nonmetro_adjacent,Q3,Constrained Bayesian posterior estimate; not an observed or recovered true suppressed count.
19129,Mills County,19,Iowa,13.0,13.0,13.0,13.0,14.732046734585175,14.732046734585179,14.732046734585179,14.732046734585179,1.0,exact,exact,metro_other,Q1_lowest,Constrained Bayesian posterior estimate; not an observed or recovered true suppressed count.
19131,Mitchell County,19,Iowa,2.445777777777778,2.0,2.0,4.0,3.8534390700768513,3.1510950055144162,3.1510950055144162,6.3021900110288325,1.0,suppressed_1_9,suppressed_1_9,nonmetro_nonadjacent,Q1_lowest,Constrained Bayesian posterior estimate; not an observed or recovered true suppressed count.
19133,Monona County,19,Iowa,2.3064722222222223,2.0,2.0,4.0,4.505268526657333,3.906631506983104,3.906631506983104,7.813263013966208,1.0,suppressed_1_9,suppressed_1_9,nonmetro_adjacent,Q1_lowest,Constrained Bayesian posterior estimate; not an observed or recovered true suppressed count.
19135,Monroe County,19,Iowa,2.2245,2.0,2.0,3.0,4.8875071406600155,4.394252317968098,4.394252317968098,6.591378476952147,1.0,suppressed_1_9,suppressed_1_9,nonmetro_nonadjacent,Q1_lowest,Constrained Bayesian posterior estimate; not an observed or recovered true suppressed count.
19137,Montgomery County,19,Iowa,0.0,0.0,0.0,0.0,0.0,0.0,0.0,0.0,0.0,zero,zero,nonmetro_adjacent,Q1_lowest,Constrained Bayesian posterior estimate; not an observed or recovered true suppressed count.
19139,Muscatine County,19,Iowa,17.0,17.0,17.0,17.0,6.680472977486804,6.680472977486806,6.680472977486806,6.680472977486806,1.0,exact,exact,nonmetro_adjacent,Q2,Constrained Bayesian posterior estimate; not an observed or recovered true suppressed count.
19141,O'Brien County,19,Iowa,5.1539166666666665,5.0,4.0,8.0,6.151800172676524,5.9680826937538045,4.774466155003044,9.548932310006087,1.0,suppressed_1_9,suppressed_1_9,nonmetro_nonadjacent,Q2,Constrained Bayesian posterior estimate; not an observed or recovered true suppressed count.
19143,Osceola County,19,Iowa,0.0,0.0,0.0,0.0,0.0,0.0,0.0,0.0,0.0,zero,zero,nonmetro_nonadjacent,Q2,Constrained Bayesian posterior estimate; not an observed or recovered true suppressed count.
19145,Page County,19,Iowa,1.2441666666666666,1.0,1.0,3.0,1.3736769273800584,1.1040939804796184,1.1040939804796184,3.3122819414388553,0.029638888888888888,suppressed_1_9,suppressed_1_9,nonmetro_adjacent,Q2,Constrained Bayesian posterior estimate; not an observed or recovered true suppressed count.
19147,Palo Alto County,19,Iowa,2.3376944444444443,2.0,2.0,4.0,4.4090804308646625,3.7721614485099964,3.7721614485099964,7.544322897019993,1.0,suppressed_1_9,suppressed_1_9,nonmetro_nonadjacent,Q1_lowest,Constrained Bayesian posterior estimate; not an observed or recovered true suppressed count.
19149,Plymouth County,19,Iowa,5.794222222222222,6.0,4.0,9.0,3.780303392762127,3.914558242102379,2.609705494734919,5.871837363153568,0.8295,suppressed_1_9,suppressed_1_9,nonmetro_adjacent,Q1_lowest,Constrained Bayesian posterior estimate; not an observed or recovered true suppressed count.
19151,Pocahontas County,19,Iowa,0.0,0.0,0.0,0.0,0.0,0.0,0.0,0.0,0.0,zero,zero,nonmetro_nonadjacent,Q1_lowest,Constrained Bayesian posterior estimate; not an observed or recovered true suppressed count.
19153,Polk County,19,Iowa,87.0,87.0,87.0,87.0,2.896316850405235,2.896316850405235,2.896316850405235,2.896316850405235,0.0,exact,exact,metro_other,Q2,Constrained Bayesian posterior estimate; not an observed or recovered true suppressed count.
19155,Pottawattamie County,19,Iowa,19.0,19.0,19.0,19.0,3.3945604848147024,3.394560484814702,3.394560484814702,3.394560484814702,1.0,exact,exact,metro_other,Q2,Constrained Bayesian posterior estimate; not an observed or recovered true suppressed count.
19157,Poweshiek County,19,Iowa,2.835277777777778,3.0,2.0,5.0,2.5578761132913326,2.7064820244485546,1.8043213496323696,4.510803374080924,0.20969444444444443,suppressed_1_9,suppressed_1_9,nonmetro_adjacent,Q1_lowest,Constrained Bayesian posterior estimate; not an observed or recovered true suppressed count.
19159,Ringgold County,19,Iowa,2.14625,2.0,2.0,3.0,7.596269554753311,7.078643731860976,7.078643731860976,10.617965597791464,1.0,suppressed_1_9,suppressed_1_9,nonmetro_nonadjacent,Q1_lowest,Constrained Bayesian posterior estimate; not an observed or recovered true suppressed count.
19161,Sac County,19,Iowa,1.1459444444444444,1.0,1.0,2.0,1.9768569632287545,1.7250897046646425,1.7250897046646425,3.450179409329285,0.1312222222222222,suppressed_1_9,suppressed_1_9,nonmetro_nonadjacent,Q1_lowest,Constrained Bayesian posterior estimate; not an observed or recovered true suppressed count.
19163,Scott County,19,Iowa,35.0,35.0,35.0,35.0,3.3520922802272533,3.352092280227253,3.352092280227253,3.352092280227253,1.0,exact,exact,metro_other,Q2,Constrained Bayesian posterior estimate; not an observed or recovered true suppressed count.
19165,Shelby County,19,Iowa,3.726916666666667,4.0,3.0,6.0,5.329801027753148,5.72033292337614,4.290249692532105,8.58049938506421,1.0,suppressed_1_9,suppressed_1_9,nonmetro_adjacent,Q1_lowest,Constrained Bayesian posterior estimate; not an observed or recovered true suppressed count.
19167,Sioux County,19,Iowa,6.281305555555556,6.0,4.0,9.0,2.9264239150747318,2.7953652843585335,1.8635768562390223,4.1930479265378,0.42191666666666666,suppressed_1_9,suppressed_1_9,nonmetro_adjacent,Q1_lowest,Constrained Bayesian posterior estimate; not an observed or recovered true suppressed count.
19169,Story County,19,Iowa,10.0,10.0,10.0,10.0,1.6790834890683266,1.679083489068327,1.679083489068327,1.679083489068327,0.0,exact,exact,metro_other,Q1_lowest,Constrained Bayesian posterior estimate; not an observed or recovered true suppressed count.
19171,Tama County,19,Iowa,1.400638888888889,1.0,1.0,3.0,1.3868261009236889,0.9901382232959721,0.9901382232959721,2.9704146698879166,0.06902777777777777,suppressed_1_9,suppressed_1_9,nonmetro_adjacent,Q2,Constrained Bayesian posterior estimate; not an observed or recovered true suppressed count.
19173,Taylor County,19,Iowa,0.0,0.0,0.0,0.0,0.0,0.0,0.0,0.0,0.0,zero,zero,nonmetro_nonadjacent,Q1_lowest,Constrained Bayesian posterior estimate; not an observed or recovered true suppressed count.
19175,Union County,19,Iowa,3.822277777777778,4.0,3.0,6.0,5.296654533808793,5.542929992794191,4.157197494595643,8.314394989191285,1.0,suppressed_1_9,suppressed_1_9,nonmetro_adjacent,Q2,Constrained Bayesian posterior estimate; not an observed or recovered true suppressed count.
19177,Van Buren County,19,Iowa,0.0,0.0,0.0,0.0,0.0,0.0,0.0,0.0,0.0,zero,zero,nonmetro_nonadjacent,Q2,Constrained Bayesian posterior estimate; not an observed or recovered true suppressed count.
19179,Wapello County,19,Iowa,7.745333333333333,8.0,5.0,9.0,3.669035212379599,3.7896731406916158,2.3685457129322596,4.263382283278068,0.8475,suppressed_1_9,suppressed_1_9,nonmetro_nonadjacent,Q4_highest,Constrained Bayesian posterior estimate; not an observed or recovered true suppressed count.
19181,Warren County,19,Iowa,7.041166666666666,7.0,4.0,9.0,2.1798737698963078,2.167128987517337,1.2383594214384783,2.786308698236576,0.0,suppressed_1_9,suppressed_1_9,metro_other,Q1_lowest,Constrained Bayesian posterior estimate; not an observed or recovered true suppressed count.
19183,Washington County,19,Iowa,6.61925,6.0,5.0,9.0,4.932009537292303,4.470605767081439,3.7255048059012,6.705908650622159,1.0,suppressed_1_9,suppressed_1_9,metro_other,Q1_lowest,Constrained Bayesian posterior estimate; not an observed or recovered true suppressed count.
19185,Wayne County,19,Iowa,0.0,0.0,0.0,0.0,0.0,0.0,0.0,0.0,0.0,zero,zero,nonmetro_nonadjacent,Q2,Constrained Bayesian posterior estimate; not an observed or recovered true suppressed count.
19187,Webster County,19,Iowa,6.406333333333333,6.0,4.0,9.0,2.9251995768741956,2.7396634780027855,1.8264423186685235,4.109495217004178,0.45855555555555555,suppressed_1_9,suppressed_1_9,nonmetro_nonadjacent,Q2,Constrained Bayesian posterior estimate; not an observed or recovered true suppressed count.
19189,Winnebago County,19,Iowa,1.1746388888888888,1.0,1.0,2.0,1.868718204347719,1.5908873969900412,1.5908873969900412,3.1817747939800824,0.15836111111111112,suppressed_1_9,suppressed_1_9,nonmetro_nonadjacent,Q1_lowest,Constrained Bayesian posterior estimate; not an observed or recovered true suppressed count.
19191,Winneshiek County,19,Iowa,4.156555555555555,4.0,3.0,7.0,3.4853765863266353,3.354100807499769,2.515575605624827,5.869676413124597,0.6642222222222223,suppressed_1_9,suppressed_1_9,nonmetro_nonadjacent,Q1_lowest,Constrained Bayesian posterior estimate; not an observed or recovered true suppressed count.
19193,Woodbury County,19,Iowa,19.0,19.0,19.0,19.0,3.0123777014289765,3.012377701428977,3.012377701428977,3.012377701428977,1.0,exact,exact,metro_other,Q3,Constrained Bayesian posterior estimate; not an observed or recovered true suppressed count.
19195,Worth County,19,Iowa,3.3521666666666667,3.0,3.0,5.0,7.610258505872381,6.810751907010534,6.810751907010534,11.351253178350891,1.0,suppressed_1_9,suppressed_1_9,nonmetro_nonadjacent,Q1_lowest,Constrained Bayesian posterior estimate; not an observed or recovered true suppressed count.
19197,Wright County,19,Iowa,2.542361111111111,2.0,2.0,4.0,3.3527556886034517,2.6375133524113465,2.6375133524113465,5.275026704822693,0.40447222222222223,suppressed_1_9,suppressed_1_9,nonmetro_nonadjacent,Q2,Constrained Bayesian posterior estimate; not an observed or recovered true suppressed count.
20001,Allen County,20,Kansas,0.0,0.0,0.0,0.0,0.0,0.0,0.0,0.0,0.0,zero,zero,nonmetro_nonadjacent,Q3,Constrained Bayesian posterior estimate; not an observed or recovered true suppressed count.
20003,Anderson County,20,Kansas,0.0,0.0,0.0,0.0,0.0,0.0,0.0,0.0,0.0,zero,zero,nonmetro_adjacent,Q2,Constrained Bayesian posterior estimate; not an observed or recovered true suppressed count.
20005,Atchison County,20,Kansas,1.2196944444444444,1.0,1.0,3.0,1.2613179363437894,1.0341261633919339,1.0341261633919339,3.102378490175801,0.025555555555555557,suppressed_1_9,suppressed_1_9,nonmetro_adjacent,Q2,Constrained Bayesian posterior estimate; not an observed or recovered true suppressed count.
20007,Barber County,20,Kansas,2.124138888888889,2.0,2.0,3.0,8.443194565899075,7.949757532395262,7.949757532395262,11.924636298592892,1.0,suppressed_1_9,suppressed_1_9,nonmetro_nonadjacent,Q3,Constrained Bayesian posterior estimate; not an observed or recovered true suppressed count.
20009,Barton County,20,Kansas,5.495777777777778,5.0,4.0,8.0,3.62836642818421,3.301049073395525,2.64083925871642,5.28167851743284,0.7694444444444445,suppressed_1_9,suppressed_1_9,nonmetro_nonadjacent,Q3,Constrained Bayesian posterior estimate; not an observed or recovered true suppressed count.
20011,Bourbon County,20,Kansas,2.4079722222222224,2.0,2.0,4.0,2.78002265400813,2.3090155512197374,2.3090155512197374,4.618031102439475,0.32666666666666666,suppressed_1_9,suppressed_1_9,nonmetro_adjacent,Q3,Constrained Bayesian posterior estimate; not an observed or recovered true suppressed count.
20013,Brown County,20,Kansas,2.2585555555555556,2.0,2.0,4.0,4.0147102681542854,3.5551131414757275,3.5551131414757275,7.110226282951455,1.0,suppressed_1_9,suppressed_1_9,nonmetro_adjacent,Q1_lowest,Constrained Bayesian posterior estimate; not an observed or recovered true suppressed count.
20015,Butler County,20,Kansas,7.536888888888889,8.0,5.0,9.0,1.8480829599405844,1.9616401273104442,1.2260250795690277,2.2068451432242497,0.0,suppressed_1_9,suppressed_1_9,metro_other,Q1_lowest,Constrained Bayesian posterior estimate; not an observed or recovered true suppressed count.
20017,Chase County,20,Kansas,0.0,0.0,0.0,0.0,0.0,0.0,0.0,0.0,0.0,zero,zero,nonmetro_adjacent,Q1_lowest,Constrained Bayesian posterior estimate; not an observed or recovered true suppressed count.
20019,Chautauqua County,20,Kansas,2.0876944444444443,2.0,2.0,3.0,10.451013438348237,10.012014417300762,10.012014417300762,15.01802162595114,1.0,suppressed_1_9,suppressed_1_9,nonmetro_nonadjacent,Q3,Constrained Bayesian posterior estimate; not an observed or recovered true suppressed count.
20021,Cherokee County,20,Kansas,6.1095,6.0,5.0,8.0,5.265675500969619,5.171299288946348,4.309416074121957,6.89506571859513,1.0,suppressed_1_9,suppressed_1_9,metro_other,Q2,Constrained Bayesian posterior estimate; not an observed or recovered true suppressed count.
20023,Cheyenne County,20,Kansas,1.0263333333333333,1.0,1.0,2.0,6.514334073838992,6.34719136781974,6.34719136781974,12.69438273563948,1.0,suppressed_1_9,suppressed_1_9,nonmetro_nonadjacent,Q2,Constrained Bayesian posterior estimate; not an observed or recovered true suppressed count.
20025,Clark County,20,Kansas,3.0630555555555556,3.0,3.0,4.0,26.435277082554197,25.89108483645465,25.89108483645465,34.5214464486062,1.0,suppressed_1_9,suppressed_1_9,nonmetro_nonadjacent,Q1_lowest,Constrained Bayesian posterior estimate; not an observed or recovered true suppressed count.
20027,Clay County,20,Kansas,0.0,0.0,0.0,0.0,0.0,0.0,0.0,0.0,0.0,zero,zero,nonmetro_adjacent,Q2,Constrained Bayesian posterior estimate; not an observed or recovered true suppressed count.
20029,Cloud County,20,Kansas,1.087361111111111,1.0,1.0,2.0,2.0563193538287616,1.8911098923958471,1.8911098923958471,3.7822197847916943,0.08216666666666667,suppressed_1_9,suppressed_1_9,nonmetro_nonadjacent,Q2,Constrained Bayesian posterior estimate; not an observed or recovered true suppressed count.
20031,Coffey County,20,Kansas,0.0,0.0,0.0,0.0,0.0,0.0,0.0,0.0,0.0,zero,zero,nonmetro_adjacent,Q2,Constrained Bayesian posterior estimate; not an observed or recovered true suppressed count.
20033,Comanche County,20,Kansas,0.0,0.0,0.0,0.0,0.0,0.0,0.0,0.0,0.0,zero,zero,nonmetro_nonadjacent,Q2,Constrained Bayesian posterior estimate; not an observed or recovered true suppressed count.
20035,Cowley County,20,Kansas,12.0,12.0,12.0,12.0,5.801922370278688,5.801922370278686,5.801922370278686,5.801922370278686,1.0,exact,exact,nonmetro_adjacent,Q4_highest,Constrained Bayesian posterior estimate; not an observed or recovered true suppressed count.
20037,Crawford County,20,Kansas,4.623055555555555,4.0,3.0,8.0,1.9807096517435667,1.7137666878031226,1.2853250158523417,3.427533375606245,0.09033333333333333,suppressed_1_9,suppressed_1_9,nonmetro_adjacent,Q3,Constrained Bayesian posterior estimate; not an observed or recovered true suppressed count.
20039,Decatur County,20,Kansas,0.0,0.0,0.0,0.0,0.0,0.0,0.0,0.0,0.0,zero,zero,nonmetro_nonadjacent,Q1_lowest,Constrained Bayesian posterior estimate; not an observed or recovered true suppressed count.
20041,Dickinson County,20,Kansas,6.04925,6.0,5.0,8.0,5.46518561348668,5.420690776694643,4.517242313912202,7.227587702259525,1.0,suppressed_1_9,suppressed_1_9,nonmetro_adjacent,Q1_lowest,Constrained Bayesian posterior estimate; not an observed or recovered true suppressed count.
20043,Doniphan County,20,Kansas,0.0,0.0,0.0,0.0,0.0,0.0,0.0,0.0,0.0,zero,zero,metro_other,Q1_lowest,Constrained Bayesian posterior estimate; not an observed or recovered true suppressed count.
20045,Douglas County,20,Kansas,22.0,22.0,22.0,22.0,3.0275590442821785,3.0275590442821794,3.0275590442821794,3.0275590442821794,1.0,exact,exact,metro_other,Q2,Constrained Bayesian posterior estimate; not an observed or recovered true suppressed count.
20047,Edwards County,20,Kansas,0.0,0.0,0.0,0.0,0.0,0.0,0.0,0.0,0.0,zero,zero,nonmetro_nonadjacent,Q2,Constrained Bayesian posterior estimate; not an observed or recovered true suppressed count.
20049,Elk County,20,Kansas,0.0,0.0,0.0,0.0,0.0,0.0,0.0,0.0,0.0,zero,zero,nonmetro_adjacent,Q2,Constrained Bayesian posterior estimate; not an observed or recovered true suppressed count.
20051,Ellis County,20,Kansas,2.6914444444444445,2.0,2.0,5.0,1.557801289818052,1.1575949806681638,1.1575949806681638,2.8939874516704096,0.0085,suppressed_1_9,suppressed_1_9,nonmetro_nonadjacent,Q1_lowest,Constrained Bayesian posterior estimate; not an observed or recovered true suppressed count.
20053,Ellsworth County,20,Kansas,0.0,0.0,0.0,0.0,0.0,0.0,0.0,0.0,0.0,zero,zero,nonmetro_nonadjacent,Q1_lowest,Constrained Bayesian posterior estimate; not an observed or recovered true suppressed count.
20055,Finney County,20,Kansas,4.649222222222222,4.0,3.0,8.0,2.075907065168589,1.7860252454668446,1.3395189341001335,3.572050490933689,0.09647222222222222,suppressed_1_9,suppressed_1_9,nonmetro_nonadjacent,Q4_highest,Constrained Bayesian posterior estimate; not an observed or recovered true suppressed count.
20057,Ford County,20,Kansas,5.629305555555556,5.0,4.0,8.0,2.776174992383345,2.465823683743318,1.9726589469946543,3.9453178939893085,0.4830833333333333,suppressed_1_9,suppressed_1_9,nonmetro_nonadjacent,Q3,Constrained Bayesian posterior estimate; not an observed or recovered true suppressed count.
20059,Franklin County,20,Kansas,3.935416666666667,4.0,3.0,6.0,2.5288142926602535,2.5703141566477963,1.927735617485847,3.855471234971694,0.24425,suppressed_1_9,suppressed_1_9,nonmetro_adjacent,Q1_lowest,Constrained Bayesian posterior estimate; not an observed or recovered true suppressed count.
20061,Geary County,20,Kansas,5.460638888888889,5.0,4.0,8.0,2.650551108824375,2.4269606201369776,1.941568496109582,3.883136992219164,0.18875,suppressed_1_9,suppressed_1_9,metro_other,Q3,Constrained Bayesian posterior estimate; not an observed or recovered true suppressed count.
20063,Gove County,20,Kansas,0.0,0.0,0.0,0.0,0.0,0.0,0.0,0.0,0.0,zero,zero,nonmetro_nonadjacent,Q1_lowest,Constrained Bayesian posterior estimate; not an observed or recovered true suppressed count.
20065,Graham County,20,Kansas,0.0,0.0,0.0,0.0,0.0,0.0,0.0,0.0,0.0,zero,zero,nonmetro_nonadjacent,Q2,Constrained Bayesian posterior estimate; not an observed or recovered true suppressed count.
20067,Grant County,20,Kansas,0.0,0.0,0.0,0.0,0.0,0.0,0.0,0.0,0.0,zero,zero,nonmetro_nonadjacent,Q2,Constrained Bayesian posterior estimate; not an observed or recovered true suppressed count.
20069,Gray County,20,Kansas,1.0712777777777778,1.0,1.0,2.0,3.0794462969350858,2.8745544440611703,2.8745544440611703,5.749108888122341,0.06819444444444445,suppressed_1_9,suppressed_1_9,nonmetro_nonadjacent,Q2,Constrained Bayesian posterior estimate; not an observed or recovered true suppressed count.
20071,Greeley County,20,Kansas,0.0,0.0,0.0,0.0,0.0,0.0,0.0,0.0,0.0,zero,zero,nonmetro_nonadjacent,Q2,Constrained Bayesian posterior estimate; not an observed or recovered true suppressed count.
20073,Greenwood County,20,Kansas,3.2369444444444446,3.0,3.0,5.0,9.12612265483787,8.45809016324114,8.45809016324114,14.096816938735234,1.0,suppressed_1_9,suppressed_1_9,nonmetro_adjacent,Q2,Constrained Bayesian posterior estimate; not an observed or recovered true suppressed count.
20075,Hamilton County,20,Kansas,1.0226944444444444,1.0,1.0,1.0,6.908697186005842,6.755387421468622,6.755387421468622,6.755387421468622,1.0,suppressed_1_9,suppressed_1_9,nonmetro_nonadjacent,Q2,Constrained Bayesian posterior estimate; not an observed or recovered true suppressed count.
20077,Harper County,20,Kansas,2.186916666666667,2.0,2.0,3.0,6.776094276094276,6.196938712276135,6.196938712276135,9.295408068414202,1.0,suppressed_1_9,suppressed_1_9,nonmetro_adjacent,Q3,Constrained Bayesian posterior estimate; not an observed or recovered true suppressed count.
20079,Harvey County,20,Kansas,4.320166666666666,4.0,3.0,7.0,2.1230989496307653,1.9657565213972599,1.4743173910479448,3.4400739124452047,0.15436111111111112,suppressed_1_9,suppressed_1_9,metro_other,Q2,Constrained Bayesian posterior estimate; not an observed or recovered true suppressed count.
20081,Haskell County,20,Kansas,2.085583333333333,2.0,2.0,3.0,9.32896463290988,8.946144211844695,8.946144211844695,13.419216317767042,1.0,suppressed_1_9,suppressed_1_9,nonmetro_nonadjacent,Q2,Constrained Bayesian posterior estimate; not an observed or recovered true suppressed count.
20083,Hodgeman County,20,Kansas,0.0,0.0,0.0,0.0,0.0,0.0,0.0,0.0,0.0,zero,zero,nonmetro_nonadjacent,Q1_lowest,Constrained Bayesian posterior estimate; not an observed or recovered true suppressed count.
20085,Jackson County,20,Kansas,2.256972222222222,2.0,2.0,4.0,2.828924095939211,2.5068311147877966,2.5068311147877966,5.013662229575593,0.22163888888888889,suppressed_1_9,suppressed_1_9,metro_other,Q1_lowest,Constrained Bayesian posterior estimate; not an observed or recovered true suppressed count.
20087,Jefferson County,20,Kansas,0.0,0.0,0.0,0.0,0.0,0.0,0.0,0.0,0.0,zero,zero,metro_other,Q1_lowest,Constrained Bayesian posterior estimate; not an observed or recovered true suppressed count.
20089,Jewell County,20,Kansas,0.0,0.0,0.0,0.0,0.0,0.0,0.0,0.0,0.0,zero,zero,nonmetro_nonadjacent,Q1_lowest,Constrained Bayesian posterior estimate; not an observed or recovered true suppressed count.
20091,Johnson County,20,Kansas,65.0,65.0,65.0,65.0,1.7583972939077208,1.7583972939077215,1.7583972939077215,1.7583972939077215,0.0,exact,exact,metro_large,Q1_lowest,Constrained Bayesian posterior estimate; not an observed or recovered true suppressed count.
20093,Kearny County,20,Kansas,1.0518611111111111,1.0,1.0,2.0,4.5812766163375915,4.355400696864112,4.355400696864112,8.710801393728223,1.0,suppressed_1_9,suppressed_1_9,nonmetro_nonadjacent,Q3,Constrained Bayesian posterior estimate; not an observed or recovered true suppressed count.
20095,Kingman County,20,Kansas,4.313166666666667,4.0,4.0,6.0,10.095654955566479,9.362638391498724,9.362638391498724,14.043957587248087,1.0,suppressed_1_9,suppressed_1_9,nonmetro_adjacent,Q1_lowest,Constrained Bayesian posterior estimate; not an observed or recovered true suppressed count.
20097,Kiowa County,20,Kansas,1.0283055555555556,1.0,1.0,2.0,7.073712289712841,6.878998417830364,6.878998417830364,13.757996835660729,1.0,suppressed_1_9,suppressed_1_9,nonmetro_nonadjacent,Q2,Constrained Bayesian posterior estimate; not an observed or recovered true suppressed count.
20099,Labette County,20,Kansas,4.973611111111111,5.0,4.0,7.0,4.204484721083335,4.226792794163645,3.381434235330916,5.917509911829102,1.0,suppressed_1_9,suppressed_1_9,nonmetro_nonadjacent,Q2,Constrained Bayesian posterior estimate; not an observed or recovered true suppressed count.
20101,Lane County,20,Kansas,2.0368333333333335,2.0,2.0,3.0,22.175648702594806,21.774632553075666,21.774632553075666,32.6619488296135,1.0,suppressed_1_9,suppressed_1_9,nonmetro_nonadjacent,Q1_lowest,Constrained Bayesian posterior estimate; not an observed or recovered true suppressed count.
20103,Leavenworth County,20,Kansas,7.46675,8.0,5.0,9.0,1.5015544937538714,1.608790430914517,1.0054940193215731,1.8098892347788316,0.0,suppressed_1_9,suppressed_1_9,metro_large,Q1_lowest,Constrained Bayesian posterior estimate; not an observed or recovered true suppressed count.
20105,Lincoln County,20,Kansas,1.0342222222222222,1.0,1.0,2.0,5.876930459269363,5.6824639163541315,5.6824639163541315,11.364927832708263,1.0,suppressed_1_9,suppressed_1_9,nonmetro_nonadjacent,Q1_lowest,Constrained Bayesian posterior estimate; not an observed or recovered true suppressed count.
20107,Linn County,20,Kansas,1.0783888888888888,1.0,1.0,2.0,1.8402226734849048,1.7064555212368389,1.7064555212368389,3.4129110424736777,0.07472222222222222,suppressed_1_9,suppressed_1_9,metro_large,Q2,Constrained Bayesian posterior estimate; not an observed or recovered true suppressed count.
20109,Logan County,20,Kansas,0.0,0.0,0.0,0.0,0.0,0.0,0.0,0.0,0.0,zero,zero,nonmetro_nonadjacent,Q2,Constrained Bayesian posterior estimate; not an observed or recovered true suppressed count.
20111,Lyon County,20,Kansas,5.854527777777778,6.0,4.0,9.0,3.0049724771479345,3.079639476871908,2.053092984581272,4.619459215307861,0.5569444444444445,suppressed_1_9,suppressed_1_9,nonmetro_adjacent,Q3,Constrained Bayesian posterior estimate; not an observed or recovered true suppressed count.
20113,McPherson County,20,Kansas,4.187194444444445,4.0,3.0,7.0,2.358013011237319,2.252594707528735,1.6894460306465509,3.9420407381752858,0.12975,suppressed_1_9,suppressed_1_9,nonmetro_nonadjacent,Q1_lowest,Constrained Bayesian posterior estimate; not an observed or recovered true suppressed count.
20115,Marion County,20,Kansas,1.1685277777777778,1.0,1.0,2.0,1.6580506523891503,1.4189227538452807,1.4189227538452807,2.8378455076905613,0.015833333333333335,suppressed_1_9,suppressed_1_9,nonmetro_adjacent,Q1_lowest,Constrained Bayesian posterior estimate; not an observed or recovered true suppressed count.
20117,Marshall County,20,Kansas,2.225972222222222,2.0,2.0,3.0,3.759897677857916,3.3782071854466835,3.3782071854466835,5.067310778170025,1.0,suppressed_1_9,suppressed_1_9,nonmetro_adjacent,Q1_lowest,Constrained Bayesian posterior estimate; not an observed or recovered true suppressed count.
20119,Meade County,20,Kansas,0.0,0.0,0.0,0.0,0.0,0.0,0.0,0.0,0.0,zero,zero,nonmetro_nonadjacent,Q2,Constrained Bayesian posterior estimate; not an observed or recovered true suppressed count.
20121,Miami County,20,Kansas,1.3300277777777778,1.0,1.0,3.0,0.6361090917593443,0.47826752372206915,0.47826752372206915,1.4348025711662076,0.0,suppressed_1_9,suppressed_1_9,metro_large,Q1_lowest,Constrained Bayesian posterior estimate; not an observed or recovered true suppressed count.
20123,Mitchell County,20,Kansas,0.0,0.0,0.0,0.0,0.0,0.0,0.0,0.0,0.0,zero,zero,nonmetro_nonadjacent,Q1_lowest,Constrained Bayesian posterior estimate; not an observed or recovered true suppressed count.
20125,Montgomery County,20,Kansas,12.0,12.0,12.0,12.0,6.433971368827411,6.433971368827408,6.433971368827408,6.433971368827408,1.0,exact,exact,nonmetro_nonadjacent,Q4_highest,Constrained Bayesian posterior estimate; not an observed or recovered true suppressed count.
20127,Morris County,20,Kansas,1.054361111111111,1.0,1.0,2.0,3.244487525344221,3.0772071268117056,3.0772071268117056,6.154414253623411,1.0,suppressed_1_9,suppressed_1_9,nonmetro_adjacent,Q1_lowest,Constrained Bayesian posterior estimate; not an observed or recovered true suppressed count.
20129,Morton County,20,Kansas,1.0358611111111111,1.0,1.0,2.0,6.691176998327697,6.459531038046638,6.459531038046638,12.919062076093276,1.0,suppressed_1_9,suppressed_1_9,nonmetro_nonadjacent,Q2,Constrained Bayesian posterior estimate; not an observed or recovered true suppressed count.
20131,Nemaha County,20,Kansas,1.1283055555555555,1.0,1.0,2.0,1.8539666369075332,1.6431423454213838,1.6431423454213838,3.2862846908427676,0.11858333333333333,suppressed_1_9,suppressed_1_9,nonmetro_nonadjacent,Q1_lowest,Constrained Bayesian posterior estimate; not an observed or recovered true suppressed count.
20133,Neosho County,20,Kansas,2.4950555555555556,2.0,2.0,4.0,2.6459262715599015,2.120935756855925,2.120935756855925,4.24187151371185,0.38155555555555554,suppressed_1_9,suppressed_1_9,nonmetro_nonadjacent,Q3,Constrained Bayesian posterior estimate; not an observed or recovered true suppressed count.
20135,Ness County,20,Kansas,0.0,0.0,0.0,0.0,0.0,0.0,0.0,0.0,0.0,zero,zero,nonmetro_nonadjacent,Q1_lowest,Constrained Bayesian posterior estimate; not an observed or recovered true suppressed count.
20137,Norton County,20,Kansas,2.1153055555555556,2.0,2.0,3.0,6.610949637639642,6.250585992436791,6.250585992436791,9.375878988655186,1.0,suppressed_1_9,suppressed_1_9,nonmetro_nonadjacent,Q1_lowest,Constrained Bayesian posterior estimate; not an observed or recovered true suppressed count.
20139,Osage County,20,Kansas,4.676833333333334,4.0,4.0,7.0,4.938473668278741,4.223775633038373,4.223775633038373,7.391607357817152,1.0,suppressed_1_9,suppressed_1_9,metro_other,Q1_lowest,Constrained Bayesian posterior estimate; not an observed or recovered true suppressed count.
20141,Osborne County,20,Kansas,0.0,0.0,0.0,0.0,0.0,0.0,0.0,0.0,0.0,zero,zero,nonmetro_nonadjacent,Q1_lowest,Constrained Bayesian posterior estimate; not an observed or recovered true suppressed count.
20143,Ottawa County,20,Kansas,0.0,0.0,0.0,0.0,0.0,0.0,0.0,0.0,0.0,zero,zero,nonmetro_nonadjacent,Q1_lowest,Constrained Bayesian posterior estimate; not an observed or recovered true suppressed count.
20145,Pawnee County,20,Kansas,0.0,0.0,0.0,0.0,0.0,0.0,0.0,0.0,0.0,zero,zero,nonmetro_nonadjacent,Q2,Constrained Bayesian posterior estimate; not an observed or recovered true suppressed count.
20147,Phillips County,20,Kansas,1.066888888888889,1.0,1.0,2.0,3.612531367923641,3.386042731859276,3.386042731859276,6.772085463718552,1.0,suppressed_1_9,suppressed_1_9,nonmetro_nonadjacent,Q2,Constrained Bayesian posterior estimate; not an observed or recovered true suppressed count.
20149,Pottawatomie County,20,Kansas,4.942666666666667,5.0,4.0,7.0,3.200670008072907,3.237796744071594,2.590237395257275,4.532915441700232,0.6038888888888889,suppressed_1_9,suppressed_1_9,metro_other,Q1_lowest,Constrained Bayesian posterior estimate; not an observed or recovered true suppressed count.
20151,Pratt County,20,Kansas,1.118638888888889,1.0,1.0,2.0,2.0428775501093694,1.8262171737463018,1.8262171737463018,3.6524343474926035,0.11002777777777778,suppressed_1_9,suppressed_1_9,nonmetro_nonadjacent,Q2,Constrained Bayesian posterior estimate; not an observed or recovered true suppressed count.
20153,Rawlins County,20,Kansas,0.0,0.0,0.0,0.0,0.0,0.0,0.0,0.0,0.0,zero,zero,nonmetro_nonadjacent,Q2,Constrained Bayesian posterior estimate; not an observed or recovered true suppressed count.
20155,Reno County,20,Kansas,14.0,14.0,14.0,14.0,3.787520121200643,3.787520121200644,3.787520121200644,3.787520121200644,1.0,exact,exact,nonmetro_adjacent,Q3,Constrained Bayesian posterior estimate; not an observed or recovered true suppressed count.
20157,Republic County,20,Kansas,2.1179166666666664,2.0,2.0,3.0,7.641494684177612,7.216048491845864,7.216048491845864,10.824072737768798,1.0,suppressed_1_9,suppressed_1_9,nonmetro_nonadjacent,Q1_lowest,Constrained Bayesian posterior estimate; not an observed or recovered true suppressed count.
20159,Rice County,20,Kansas,2.2271111111111113,2.0,2.0,3.0,3.9600126442231702,3.556187766714083,3.556187766714083,5.334281650071124,1.0,suppressed_1_9,suppressed_1_9,nonmetro_nonadjacent,Q1_lowest,Constrained Bayesian posterior estimate; not an observed or recovered true suppressed count.
20161,Riley County,20,Kansas,5.327444444444445,5.0,3.0,9.0,1.2255197027078906,1.150194727967445,0.690116836780467,2.0703505103414006,0.0,suppressed_1_9,suppressed_1_9,metro_other,Q3,Constrained Bayesian posterior estimate; not an observed or recovered true suppressed count.
20163,Rooks County,20,Kansas,0.0,0.0,0.0,0.0,0.0,0.0,0.0,0.0,0.0,zero,zero,nonmetro_nonadjacent,Q1_lowest,Constrained Bayesian posterior estimate; not an observed or recovered true suppressed count.
20165,Rush County,20,Kansas,0.0,0.0,0.0,0.0,0.0,0.0,0.0,0.0,0.0,zero,zero,nonmetro_nonadjacent,Q1_lowest,Constrained Bayesian posterior estimate; not an observed or recovered true suppressed count.
20167,Russell County,20,Kansas,2.205611111111111,2.0,2.0,3.0,5.466875972514837,4.957243772462511,4.957243772462511,7.435865658693766,1.0,suppressed_1_9,suppressed_1_9,nonmetro_nonadjacent,Q2,Constrained Bayesian posterior estimate; not an observed or recovered true suppressed count.
20169,Saline County,20,Kansas,15.0,15.0,15.0,15.0,4.65562352765906,4.65562352765906,4.65562352765906,4.65562352765906,1.0,exact,exact,nonmetro_nonadjacent,Q3,Constrained Bayesian posterior estimate; not an observed or recovered true suppressed count.
20171,Scott County,20,Kansas,1.0728888888888888,1.0,1.0,2.0,3.6253594947924865,3.379063323646685,3.379063323646685,6.75812664729337,1.0,suppressed_1_9,suppressed_1_9,nonmetro_nonadjacent,Q2,Constrained Bayesian posterior estimate; not an observed or recovered true suppressed count.
20173,Sedgwick County,20,Kansas,106.0,106.0,106.0,106.0,3.3652374778243566,3.3652374778243552,3.3652374778243552,3.3652374778243552,1.0,exact,exact,metro_other,Q3,Constrained Bayesian posterior estimate; not an observed or recovered true suppressed count.
20175,Seward County,20,Kansas,2.5314722222222223,2.0,2.0,4.0,1.9790423426851025,1.5635505104992418,1.5635505104992418,3.1271010209984835,0.10755555555555556,suppressed_1_9,suppressed_1_9,nonmetro_nonadjacent,Q4_highest,Constrained Bayesian posterior estimate; not an observed or recovered true suppressed count.
20177,Shawnee County,20,Kansas,20.0,20.0,20.0,20.0,1.8791588133487922,1.8791588133487926,1.8791588133487926,1.8791588133487926,0.0,exact,exact,metro_other,Q3,Constrained Bayesian posterior estimate; not an observed or recovered true suppressed count.
20179,Sheridan County,20,Kansas,0.0,0.0,0.0,0.0,0.0,0.0,0.0,0.0,0.0,zero,zero,nonmetro_nonadjacent,Q1_lowest,Constrained Bayesian posterior estimate; not an observed or recovered true suppressed count.
20181,Sherman County,20,Kansas,0.0,0.0,0.0,0.0,0.0,0.0,0.0,0.0,0.0,zero,zero,nonmetro_nonadjacent,Q2,Constrained Bayesian posterior estimate; not an observed or recovered true suppressed count.
20183,Smith County,20,Kansas,2.0871944444444446,2.0,2.0,3.0,9.768308346723662,9.360228389572706,9.360228389572706,14.040342584359058,1.0,suppressed_1_9,suppressed_1_9,nonmetro_nonadjacent,Q1_lowest,Constrained Bayesian posterior estimate; not an observed or recovered true suppressed count.
20185,Stafford County,20,Kansas,0.0,0.0,0.0,0.0,0.0,0.0,0.0,0.0,0.0,zero,zero,nonmetro_nonadjacent,Q1_lowest,Constrained Bayesian posterior estimate; not an observed or recovered true suppressed count.
20187,Stanton County,20,Kansas,1.0240277777777778,1.0,1.0,1.0,8.56640269180005,8.365400702693659,8.365400702693659,8.365400702693659,1.0,suppressed_1_9,suppressed_1_9,nonmetro_nonadjacent,Q2,Constrained Bayesian posterior estimate; not an observed or recovered true suppressed count.
20189,Stevens County,20,Kansas,0.0,0.0,0.0,0.0,0.0,0.0,0.0,0.0,0.0,zero,zero,nonmetro_nonadjacent,Q3,Constrained Bayesian posterior estimate; not an observed or recovered true suppressed count.
20191,Sumner County,20,Kansas,5.002277777777778,5.0,4.0,7.0,3.706983576483065,3.705295608483645,2.9642364867869158,5.187413851877103,1.0,suppressed_1_9,suppressed_1_9,metro_other,Q2,Constrained Bayesian posterior estimate; not an observed or recovered true suppressed count.
20193,Thomas County,20,Kansas,0.0,0.0,0.0,0.0,0.0,0.0,0.0,0.0,0.0,zero,zero,nonmetro_nonadjacent,Q1_lowest,Constrained Bayesian posterior estimate; not an observed or recovered true suppressed count.
20195,Trego County,20,Kansas,0.0,0.0,0.0,0.0,0.0,0.0,0.0,0.0,0.0,zero,zero,nonmetro_nonadjacent,Q1_lowest,Constrained Bayesian posterior estimate; not an observed or recovered true suppressed count.
20197,Wabaunsee County,20,Kansas,0.0,0.0,0.0,0.0,0.0,0.0,0.0,0.0,0.0,zero,zero,metro_other,Q1_lowest,Constrained Bayesian posterior estimate; not an observed or recovered true suppressed count.
20199,Wallace County,20,Kansas,0.0,0.0,0.0,0.0,0.0,0.0,0.0,0.0,0.0,zero,zero,nonmetro_nonadjacent,Q1_lowest,Constrained Bayesian posterior estimate; not an observed or recovered true suppressed count.
20201,Washington County,20,Kansas,0.0,0.0,0.0,0.0,0.0,0.0,0.0,0.0,0.0,zero,zero,nonmetro_nonadjacent,Q1_lowest,Constrained Bayesian posterior estimate; not an observed or recovered true suppressed count.
20203,Wichita County,20,Kansas,0.0,0.0,0.0,0.0,0.0,0.0,0.0,0.0,0.0,zero,zero,nonmetro_nonadjacent,Q2,Constrained Bayesian posterior estimate; not an observed or recovered true suppressed count.
20205,Wilson County,20,Kansas,3.3395,3.0,3.0,5.0,6.571878382367411,5.903768572271967,5.903768572271967,9.839614287119945,1.0,suppressed_1_9,suppressed_1_9,nonmetro_nonadjacent,Q2,Constrained Bayesian posterior estimate; not an observed or recovered true suppressed count.
20207,Woodson County,20,Kansas,1.045388888888889,1.0,1.0,2.0,5.623393700316776,5.3792361484669176,5.3792361484669176,10.758472296933835,1.0,suppressed_1_9,suppressed_1_9,nonmetro_nonadjacent,Q1_lowest,Constrained Bayesian posterior estimate; not an observed or recovered true suppressed count.
20209,Wyandotte County,20,Kansas,35.0,35.0,35.0,35.0,3.5063640507521168,3.5063640507521154,3.5063640507521154,3.5063640507521154,1.0,exact,exact,metro_large,Q4_highest,Constrained Bayesian posterior estimate; not an observed or recovered true suppressed count.
21001,Adair County,21,Kentucky,5.595972222222223,5.0,4.0,8.0,4.8551282088359455,4.338056030331688,3.4704448242653503,6.940889648530701,1.0,suppressed_1_9,suppressed_1_9,nonmetro_nonadjacent,Q3,Constrained Bayesian posterior estimate; not an observed or recovered true suppressed count.
21003,Allen County,21,Kentucky,4.163222222222222,4.0,3.0,7.0,3.239483501709701,3.112477142745983,2.334357857059487,5.44683499980547,0.6666944444444445,suppressed_1_9,suppressed_1_9,metro_other,Q3,Constrained Bayesian posterior estimate; not an observed or recovered true suppressed count.
21005,Anderson County,21,Kentucky,5.504,5.0,4.0,8.0,3.839955349356402,3.4883315310287086,2.7906652248229675,5.581330449645935,0.76675,suppressed_1_9,suppressed_1_9,nonmetro_adjacent,Q1_lowest,Constrained Bayesian posterior estimate; not an observed or recovered true suppressed count.
21007,Ballard County,21,Kentucky,0.0,0.0,0.0,0.0,0.0,0.0,0.0,0.0,0.0,zero,zero,metro_other,Q2,Constrained Bayesian posterior estimate; not an observed or recovered true suppressed count.
21009,Barren County,21,Kentucky,7.411555555555555,8.0,5.0,9.0,2.759698081483578,2.9788057967560806,1.8617536229725504,3.3511565213505907,0.5165277777777778,suppressed_1_9,suppressed_1_9,nonmetro_adjacent,Q4_highest,Constrained Bayesian posterior estimate; not an observed or recovered true suppressed count.
21011,Bath County,21,Kentucky,2.542111111111111,2.0,2.0,4.0,3.3224130369750786,2.6139007240505006,2.6139007240505006,5.227801448101001,0.4013611111111111,suppressed_1_9,suppressed_1_9,nonmetro_adjacent,Q3,Constrained Bayesian posterior estimate; not an observed or recovered true suppressed count.
21013,Bell County,21,Kentucky,6.180166666666667,6.0,4.0,9.0,4.253149631587158,4.129160128829796,2.752773419219864,6.193740193244695,0.8794166666666666,suppressed_1_9,suppressed_1_9,nonmetro_nonadjacent,Q4_highest,Constrained Bayesian posterior estimate; not an observed or recovered true suppressed count.
21015,Boone County,21,Kentucky,22.0,22.0,22.0,22.0,2.6502415936143633,2.6502415936143633,2.6502415936143633,2.6502415936143633,0.0,exact,exact,metro_large,Q1_lowest,Constrained Bayesian posterior estimate; not an observed or recovered true suppressed count.
21017,Bourbon County,21,Kentucky,10.0,10.0,10.0,10.0,8.300270588821194,8.300270588821196,8.300270588821196,8.300270588821196,1.0,exact,exact,metro_other,Q3,Constrained Bayesian posterior estimate; not an observed or recovered true suppressed count.
21019,Boyd County,21,Kentucky,8.351861111111111,9.0,6.0,9.0,2.9320619250792053,3.1596020305709054,2.1064013537139368,3.1596020305709054,0.5303888888888889,suppressed_1_9,suppressed_1_9,metro_other,Q3,Constrained Bayesian posterior estimate; not an observed or recovered true suppressed count.
21021,Boyle County,21,Kentucky,4.8846944444444444,5.0,3.0,8.0,2.648104979098149,2.710614767429253,1.6263688604575517,4.336983627886805,0.29927777777777775,suppressed_1_9,suppressed_1_9,nonmetro_nonadjacent,Q3,Constrained Bayesian posterior estimate; not an observed or recovered true suppressed count.
21023,Bracken County,21,Kentucky,1.1321388888888888,1.0,1.0,2.0,2.246173618413366,1.9840088883598197,1.9840088883598197,3.9680177767196394,0.12133333333333333,suppressed_1_9,suppressed_1_9,metro_large,Q2,Constrained Bayesian posterior estimate; not an observed or recovered true suppressed count.
21025,Breathitt County,21,Kentucky,2.5023055555555556,2.0,2.0,4.0,3.214636959385871,2.5693400650043037,2.5693400650043037,5.138680130008607,0.38330555555555557,suppressed_1_9,suppressed_1_9,nonmetro_nonadjacent,Q3,Constrained Bayesian posterior estimate; not an observed or recovered true suppressed count.
21027,Breckinridge County,21,Kentucky,2.96925,3.0,2.0,5.0,2.3762934863508685,2.400902739430026,1.6006018262866837,4.00150456571671,0.25422222222222224,suppressed_1_9,suppressed_1_9,nonmetro_adjacent,Q3,Constrained Bayesian posterior estimate; not an observed or recovered true suppressed count.
21029,Bullitt County,21,Kentucky,11.0,11.0,11.0,11.0,2.1943955138576077,2.1943955138576077,2.1943955138576077,2.1943955138576077,0.0,exact,exact,metro_large,Q1_lowest,Constrained Bayesian posterior estimate; not an observed or recovered true suppressed count.
21031,Butler County,21,Kentucky,4.999805555555556,5.0,4.0,7.0,6.657796657064272,6.658055581447994,5.326444465158395,9.321277814027193,1.0,suppressed_1_9,suppressed_1_9,metro_other,Q4_highest,Constrained Bayesian posterior estimate; not an observed or recovered true suppressed count.
21033,Caldwell County,21,Kentucky,2.565472222222222,2.0,2.0,5.0,3.3849745642198474,2.6388705633988656,2.6388705633988656,6.5971764084971625,0.41755555555555557,suppressed_1_9,suppressed_1_9,nonmetro_nonadjacent,Q3,Constrained Bayesian posterior estimate; not an observed or recovered true suppressed count.
21035,Calloway County,21,Kentucky,7.678388888888889,8.0,5.0,9.0,3.326843856347628,3.4661894879138306,2.1663684299461443,3.8994631739030594,0.8283055555555555,suppressed_1_9,suppressed_1_9,nonmetro_nonadjacent,Q3,Constrained Bayesian posterior estimate; not an observed or recovered true suppressed count.
21037,Campbell County,21,Kentucky,18.0,18.0,18.0,18.0,3.204762989972652,3.204762989972653,3.204762989972653,3.204762989972653,1.0,exact,exact,metro_large,Q1_lowest,Constrained Bayesian posterior estimate; not an observed or recovered true suppressed count.
21039,Carlisle County,21,Kentucky,3.2301944444444444,3.0,3.0,5.0,11.356329786402913,10.547039797496836,10.547039797496836,17.57839966249473,1.0,suppressed_1_9,suppressed_1_9,metro_other,Q2,Constrained Bayesian posterior estimate; not an observed or recovered true suppressed count.
21041,Carroll County,21,Kentucky,4.993166666666666,5.0,4.0,7.0,7.651190111349474,7.661661048115231,6.129328838492186,10.726325467361324,1.0,suppressed_1_9,suppressed_1_9,nonmetro_adjacent,Q4_highest,Constrained Bayesian posterior estimate; not an observed or recovered true suppressed count.
21043,Carter County,21,Kentucky,4.59925,4.0,3.0,8.0,2.8997225900006303,2.5219090851774792,1.8914318138831094,5.0438181703549585,0.4667222222222222,suppressed_1_9,suppressed_1_9,metro_other,Q3,Constrained Bayesian posterior estimate; not an observed or recovered true suppressed count.
21045,Casey County,21,Kentucky,4.169277777777777,4.0,3.0,7.0,4.348569289587468,4.172012057114845,3.129009042836134,7.301021099950979,1.0,suppressed_1_9,suppressed_1_9,nonmetro_nonadjacent,Q4_highest,Constrained Bayesian posterior estimate; not an observed or recovered true suppressed count.
21047,Christian County,21,Kentucky,14.0,14.0,14.0,14.0,3.2530072890599033,3.253007289059904,3.253007289059904,3.253007289059904,1.0,exact,exact,metro_other,Q4_highest,Constrained Bayesian posterior estimate; not an observed or recovered true suppressed count.
21049,Clark County,21,Kentucky,6.57125,7.0,4.0,9.0,2.964897240959235,3.1583459291176936,1.8047691023529675,4.060730480294177,0.5096944444444444,suppressed_1_9,suppressed_1_9,metro_other,Q3,Constrained Bayesian posterior estimate; not an observed or recovered true suppressed count.
21051,Clay County,21,Kentucky,5.625472222222222,5.0,4.0,8.0,4.731621588027876,4.2055327989502995,3.3644262391602395,6.728852478320479,1.0,suppressed_1_9,suppressed_1_9,nonmetro_nonadjacent,Q4_highest,Constrained Bayesian posterior estimate; not an observed or recovered true suppressed count.
21053,Clinton County,21,Kentucky,3.54975,3.0,3.0,5.0,6.222500744999738,5.2588216733570565,5.2588216733570565,8.764702788928428,1.0,suppressed_1_9,suppressed_1_9,nonmetro_nonadjacent,Q3,Constrained Bayesian posterior estimate; not an observed or recovered true suppressed count.
21055,Crittenden County,21,Kentucky,0.0,0.0,0.0,0.0,0.0,0.0,0.0,0.0,0.0,zero,zero,nonmetro_adjacent,Q3,Constrained Bayesian posterior estimate; not an observed or recovered true suppressed count.
21057,Cumberland County,21,Kentucky,0.0,0.0,0.0,0.0,0.0,0.0,0.0,0.0,0.0,zero,zero,nonmetro_nonadjacent,Q4_highest,Constrained Bayesian posterior estimate; not an observed or recovered true suppressed count.
21059,Daviess County,21,Kentucky,8.439194444444444,9.0,6.0,9.0,1.3662529921116362,1.4570439169225937,0.9713626112817292,1.4570439169225937,0.0,suppressed_1_9,suppressed_1_9,metro_other,Q3,Constrained Bayesian posterior estimate; not an observed or recovered true suppressed count.
21061,Edmonson County,21,Kentucky,3.6513055555555556,3.0,3.0,6.0,4.932330409514718,4.052520667855406,4.052520667855406,8.105041335710812,1.0,suppressed_1_9,suppressed_1_9,metro_other,Q2,Constrained Bayesian posterior estimate; not an observed or recovered true suppressed count.
21063,Elliott County,21,Kentucky,1.1385833333333333,1.0,1.0,2.0,2.583520531263945,2.2690658255996006,2.2690658255996006,4.538131651199201,0.12588888888888888,suppressed_1_9,suppressed_1_9,nonmetro_adjacent,Q4_highest,Constrained Bayesian posterior estimate; not an observed or recovered true suppressed count.
21065,Estill County,21,Kentucky,1.3395555555555556,1.0,1.0,3.0,1.5892412480342102,1.186394428691763,1.186394428691763,3.5591832860752883,0.05458333333333333,suppressed_1_9,suppressed_1_9,nonmetro_adjacent,Q4_highest,Constrained Bayesian posterior estimate; not an observed or recovered true suppressed count.
21067,Fayette County,21,Kentucky,53.0,53.0,53.0,53.0,2.7324968112277768,2.7324968112277777,2.7324968112277777,2.7324968112277777,0.0,exact,exact,metro_other,Q3,Constrained Bayesian posterior estimate; not an observed or recovered true suppressed count.
21069,Fleming County,21,Kentucky,2.666361111111111,2.0,2.0,5.0,2.938819022706203,2.204366850731299,2.204366850731299,5.510917126828247,0.4711666666666667,suppressed_1_9,suppressed_1_9,nonmetro_nonadjacent,Q3,Constrained Bayesian posterior estimate; not an observed or recovered true suppressed count.
21071,Floyd County,21,Kentucky,10.0,10.0,10.0,10.0,4.767125899795014,4.767125899795014,4.767125899795014,4.767125899795014,1.0,exact,exact,nonmetro_nonadjacent,Q3,Constrained Bayesian posterior estimate; not an observed or recovered true suppressed count.
21073,Franklin County,21,Kentucky,13.0,13.0,13.0,13.0,4.200540254100374,4.200540254100373,4.200540254100373,4.200540254100373,1.0,exact,exact,nonmetro_adjacent,Q3,Constrained Bayesian posterior estimate; not an observed or recovered true suppressed count.
21075,Fulton County,21,Kentucky,2.276388888888889,2.0,2.0,4.0,6.080910615437127,5.342593829304127,5.342593829304127,10.685187658608253,1.0,suppressed_1_9,suppressed_1_9,nonmetro_nonadjacent,Q4_highest,Constrained Bayesian posterior estimate; not an observed or recovered true suppressed count.
21077,Gallatin County,21,Kentucky,2.2642777777777776,2.0,2.0,4.0,4.2897860632737395,3.789098762859254,3.789098762859254,7.578197525718508,1.0,suppressed_1_9,suppressed_1_9,metro_large,Q3,Constrained Bayesian posterior estimate; not an observed or recovered true suppressed count.
21079,Garrard County,21,Kentucky,5.280694444444444,5.0,4.0,8.0,4.972171220229221,4.70787627701144,3.7663010216091526,7.532602043218305,1.0,suppressed_1_9,suppressed_1_9,nonmetro_adjacent,Q2,Constrained Bayesian posterior estimate; not an observed or recovered true suppressed count.
21081,Grant County,21,Kentucky,5.355555555555555,5.0,4.0,8.0,3.5108497640373892,3.277764302524534,2.622211442019627,5.244422884039254,0.7288888888888889,suppressed_1_9,suppressed_1_9,metro_large,Q2,Constrained Bayesian posterior estimate; not an observed or recovered true suppressed count.
21083,Graves County,21,Kentucky,6.7491666666666665,7.0,4.0,9.0,3.0623325907205157,3.1761444328994113,1.814939675942521,4.083614270870672,0.5633611111111111,suppressed_1_9,suppressed_1_9,nonmetro_adjacent,Q3,Constrained Bayesian posterior estimate; not an observed or recovered true suppressed count.
21085,Grayson County,21,Kentucky,11.0,11.0,11.0,11.0,6.876848152941104,6.876848152941103,6.876848152941103,6.876848152941103,1.0,exact,exact,nonmetro_adjacent,Q3,Constrained Bayesian posterior estimate; not an observed or recovered true suppressed count.
21087,Green County,21,Kentucky,6.185138888888889,6.0,5.0,9.0,9.147989837438455,8.874164349523753,7.395136957936462,13.311246524285629,1.0,suppressed_1_9,suppressed_1_9,nonmetro_adjacent,Q3,Constrained Bayesian posterior estimate; not an observed or recovered true suppressed count.
21089,Greenup County,21,Kentucky,4.762722222222222,5.0,3.0,8.0,2.2517822987306553,2.363965599572595,1.418379359743557,3.782344959316152,0.11697222222222223,suppressed_1_9,suppressed_1_9,metro_other,Q1_lowest,Constrained Bayesian posterior estimate; not an observed or recovered true suppressed count.
21091,Hancock County,21,Kentucky,2.2863333333333333,2.0,2.0,4.0,4.274958553033419,3.739575932089301,3.739575932089301,7.479151864178602,1.0,suppressed_1_9,suppressed_1_9,nonmetro_adjacent,Q1_lowest,Constrained Bayesian posterior estimate; not an observed or recovered true suppressed count.
21093,Hardin County,21,Kentucky,30.0,30.0,30.0,30.0,4.47203857878614,4.47203857878614,4.47203857878614,4.47203857878614,1.0,exact,exact,metro_other,Q3,Constrained Bayesian posterior estimate; not an observed or recovered true suppressed count.
21095,Harlan County,21,Kentucky,7.42025,7.0,5.0,9.0,4.825300107947821,4.552016543328695,3.251440388091925,5.852592698565465,1.0,suppressed_1_9,suppressed_1_9,nonmetro_nonadjacent,Q4_highest,Constrained Bayesian posterior estimate; not an observed or recovered true suppressed count.
21097,Harrison County,21,Kentucky,4.125472222222222,4.0,3.0,7.0,3.5936482218679804,3.4843509089800433,2.6132631817350327,6.097614090715076,0.6516111111111111,suppressed_1_9,suppressed_1_9,nonmetro_adjacent,Q2,Constrained Bayesian posterior estimate; not an observed or recovered true suppressed count.
21099,Hart County,21,Kentucky,2.9624444444444444,3.0,2.0,5.0,2.537316983807498,2.5694831056485805,1.7129887370990535,4.282471842747634,0.25833333333333336,suppressed_1_9,suppressed_1_9,nonmetro_adjacent,Q4_highest,Constrained Bayesian posterior estimate; not an observed or recovered true suppressed count.
21101,Henderson County,21,Kentucky,7.917,8.0,6.0,9.0,2.9694057812834047,3.0005363458718244,2.2504022594038684,3.375603389105802,0.6810833333333334,suppressed_1_9,suppressed_1_9,nonmetro_adjacent,Q3,Constrained Bayesian posterior estimate; not an observed or recovered true suppressed count.
21103,Henry County,21,Kentucky,3.7472777777777777,4.0,3.0,6.0,3.911890113765009,4.175714047102055,3.1317855353265407,6.263571070653081,1.0,suppressed_1_9,suppressed_1_9,metro_large,Q3,Constrained Bayesian posterior estimate; not an observed or recovered true suppressed count.
21105,Hickman County,21,Kentucky,1.0805,1.0,1.0,2.0,4.088157396897466,3.7835792659856224,3.7835792659856224,7.567158531971245,1.0,suppressed_1_9,suppressed_1_9,nonmetro_adjacent,Q1_lowest,Constrained Bayesian posterior estimate; not an observed or recovered true suppressed count.
21107,Hopkins County,21,Kentucky,10.0,10.0,10.0,10.0,3.7113325539534965,3.7113325539534965,3.7113325539534965,3.7113325539534965,1.0,exact,exact,nonmetro_nonadjacent,Q3,Constrained Bayesian posterior estimate; not an observed or recovered true suppressed count.
21109,Jackson County,21,Kentucky,1.2439166666666666,1.0,1.0,3.0,1.572826050306831,1.2644143232854541,1.2644143232854541,3.7932429698563626,0.03336111111111111,suppressed_1_9,suppressed_1_9,nonmetro_nonadjacent,Q3,Constrained Bayesian posterior estimate; not an observed or recovered true suppressed count.
21111,Jefferson County,21,Kentucky,158.0,158.0,158.0,158.0,3.396748623618109,3.396748623618109,3.396748623618109,3.396748623618109,1.0,exact,exact,metro_large,Q3,Constrained Bayesian posterior estimate; not an observed or recovered true suppressed count.
21113,Jessamine County,21,Kentucky,14.0,14.0,14.0,14.0,4.273973940970314,4.273973940970314,4.273973940970314,4.273973940970314,1.0,exact,exact,metro_other,Q2,Constrained Bayesian posterior estimate; not an observed or recovered true suppressed count.
21115,Johnson County,21,Kentucky,4.603611111111111,4.0,3.0,8.0,3.4560607122241906,3.0029128254406774,2.2521846190805084,6.005825650881355,0.7796666666666666,suppressed_1_9,suppressed_1_9,nonmetro_nonadjacent,Q4_highest,Constrained Bayesian posterior estimate; not an observed or recovered true suppressed count.
21117,Kenton County,21,Kentucky,25.0,25.0,25.0,25.0,2.4487285222021318,2.4487285222021318,2.4487285222021318,2.4487285222021318,0.0,exact,exact,metro_large,Q2,Constrained Bayesian posterior estimate; not an observed or recovered true suppressed count.
21119,Knott County,21,Kentucky,3.889361111111111,4.0,3.0,6.0,4.611416745051234,4.742595622584241,3.5569467169381803,7.113893433876361,1.0,suppressed_1_9,suppressed_1_9,nonmetro_nonadjacent,Q3,Constrained Bayesian posterior estimate; not an observed or recovered true suppressed count.
21121,Knox County,21,Kentucky,14.0,14.0,14.0,14.0,7.721241134360625,7.721241134360627,7.721241134360627,7.721241134360627,1.0,exact,exact,nonmetro_nonadjacent,Q4_highest,Constrained Bayesian posterior estimate; not an observed or recovered true suppressed count.
21123,Larue County,21,Kentucky,1.2572777777777777,1.0,1.0,3.0,1.405549158508879,1.1179304870823132,1.1179304870823132,3.35379146124694,0.033916666666666664,suppressed_1_9,suppressed_1_9,metro_other,Q2,Constrained Bayesian posterior estimate; not an observed or recovered true suppressed count.
21125,Laurel County,21,Kentucky,12.0,12.0,12.0,12.0,3.2073041005382925,3.2073041005382925,3.2073041005382925,3.2073041005382925,1.0,exact,exact,nonmetro_nonadjacent,Q3,Constrained Bayesian posterior estimate; not an observed or recovered true suppressed count.
21127,Lawrence County,21,Kentucky,3.82,4.0,3.0,6.0,4.0231700895208,4.21274354923644,3.1595576619273302,6.3191153238546605,1.0,suppressed_1_9,suppressed_1_9,metro_other,Q2,Constrained Bayesian posterior estimate; not an observed or recovered true suppressed count.
21129,Lee County,21,Kentucky,0.0,0.0,0.0,0.0,0.0,0.0,0.0,0.0,0.0,zero,zero,nonmetro_nonadjacent,Q4_highest,Constrained Bayesian posterior estimate; not an observed or recovered true suppressed count.
21131,Leslie County,21,Kentucky,2.3851944444444446,2.0,2.0,4.0,4.010212926534929,3.3625878476075184,3.3625878476075184,6.725175695215037,1.0,suppressed_1_9,suppressed_1_9,nonmetro_nonadjacent,Q3,Constrained Bayesian posterior estimate; not an observed or recovered true suppressed count.
21133,Letcher County,21,Kentucky,0.0,0.0,0.0,0.0,0.0,0.0,0.0,0.0,0.0,zero,zero,nonmetro_nonadjacent,Q3,Constrained Bayesian posterior estimate; not an observed or recovered true suppressed count.
21135,Lewis County,21,Kentucky,2.567222222222222,2.0,2.0,5.0,3.277611804793072,2.5534305339223247,2.5534305339223247,6.383576334805812,0.41741666666666666,suppressed_1_9,suppressed_1_9,nonmetro_adjacent,Q3,Constrained Bayesian posterior estimate; not an observed or recovered true suppressed count.
21137,Lincoln County,21,Kentucky,4.539416666666667,4.0,3.0,8.0,3.0816655804775617,2.715472763808179,2.036604572856134,5.430945527616358,0.44755555555555554,suppressed_1_9,suppressed_1_9,nonmetro_nonadjacent,Q3,Constrained Bayesian posterior estimate; not an observed or recovered true suppressed count.
21139,Livingston County,21,Kentucky,2.297277777777778,2.0,2.0,4.0,4.264959486443222,3.7130551017377096,3.7130551017377096,7.426110203475419,1.0,suppressed_1_9,suppressed_1_9,metro_other,Q1_lowest,Constrained Bayesian posterior estimate; not an observed or recovered true suppressed count.
21141,Logan County,21,Kentucky,10.0,10.0,10.0,10.0,5.991037408037575,5.991037408037576,5.991037408037576,5.991037408037576,1.0,exact,exact,nonmetro_adjacent,Q2,Constrained Bayesian posterior estimate; not an observed or recovered true suppressed count.
21143,Lyon County,21,Kentucky,3.3895,3.0,3.0,5.0,6.454715112736137,5.712979890310786,5.712979890310786,9.521633150517976,1.0,suppressed_1_9,suppressed_1_9,nonmetro_adjacent,Q1_lowest,Constrained Bayesian posterior estimate; not an observed or recovered true suppressed count.
21145,McCracken County,21,Kentucky,23.0,23.0,23.0,23.0,5.735889711310178,5.735889711310177,5.735889711310177,5.735889711310177,1.0,exact,exact,metro_other,Q3,Constrained Bayesian posterior estimate; not an observed or recovered true suppressed count.
21147,McCreary County,21,Kentucky,3.8425833333333332,4.0,3.0,6.0,3.775789615043218,3.93046998594857,2.947852489461427,5.895704978922854,1.0,suppressed_1_9,suppressed_1_9,nonmetro_nonadjacent,Q3,Constrained Bayesian posterior estimate; not an observed or recovered true suppressed count.
21149,McLean County,21,Kentucky,0.0,0.0,0.0,0.0,0.0,0.0,0.0,0.0,0.0,zero,zero,metro_other,Q1_lowest,Constrained Bayesian posterior estimate; not an observed or recovered true suppressed count.
21151,Madison County,21,Kentucky,19.0,19.0,19.0,19.0,3.313441060859191,3.3134410608591924,3.3134410608591924,3.3134410608591924,1.0,exact,exact,nonmetro_adjacent,Q2,Constrained Bayesian posterior estimate; not an observed or recovered true suppressed count.
21153,Magoffin County,21,Kentucky,2.5259722222222223,2.0,2.0,4.0,3.640883597426017,2.8827582230678312,2.8827582230678312,5.7655164461356625,0.3968055555555556,suppressed_1_9,suppressed_1_9,nonmetro_nonadjacent,Q4_highest,Constrained Bayesian posterior estimate; not an observed or recovered true suppressed count.
21155,Marion County,21,Kentucky,2.968166666666667,3.0,2.0,6.0,2.520265145082589,2.5472947729511257,1.6981965153007506,5.094589545902251,0.2545277777777778,suppressed_1_9,suppressed_1_9,nonmetro_adjacent,Q4_highest,Constrained Bayesian posterior estimate; not an observed or recovered true suppressed count.
21157,Marshall County,21,Kentucky,6.181444444444445,6.0,4.0,9.0,3.266008921012989,3.170141493982015,2.113427662654676,4.755212240973022,0.6458055555555555,suppressed_1_9,suppressed_1_9,nonmetro_adjacent,Q1_lowest,Constrained Bayesian posterior estimate; not an observed or recovered true suppressed count.
21159,Martin County,21,Kentucky,2.3910555555555555,2.0,2.0,4.0,3.618151706976705,3.0264053870015886,3.0264053870015886,6.052810774003177,1.0,suppressed_1_9,suppressed_1_9,nonmetro_adjacent,Q3,Constrained Bayesian posterior estimate; not an observed or recovered true suppressed count.
21161,Mason County,21,Kentucky,1.3786666666666667,1.0,1.0,3.0,1.3547818624319912,0.9826754321315213,0.9826754321315213,2.9480262963945636,0.0675,suppressed_1_9,suppressed_1_9,nonmetro_adjacent,Q3,Constrained Bayesian posterior estimate; not an observed or recovered true suppressed count.
21163,Meade County,21,Kentucky,6.661527777777778,7.0,5.0,9.0,3.744682352750123,3.934949660751126,2.810678329107947,5.059220992394304,0.8141666666666667,suppressed_1_9,suppressed_1_9,metro_large,Q1_lowest,Constrained Bayesian posterior estimate; not an observed or recovered true suppressed count.
21165,Menifee County,21,Kentucky,0.0,0.0,0.0,0.0,0.0,0.0,0.0,0.0,0.0,zero,zero,nonmetro_nonadjacent,Q3,Constrained Bayesian posterior estimate; not an observed or recovered true suppressed count.
21167,Mercer County,21,Kentucky,4.167333333333334,4.0,3.0,7.0,3.0600306443638368,2.9371594730735904,2.202869604805193,5.140029077878784,0.6707777777777778,suppressed_1_9,suppressed_1_9,nonmetro_adjacent,Q1_lowest,Constrained Bayesian posterior estimate; not an observed or recovered true suppressed count.
21169,Metcalfe County,21,Kentucky,1.230388888888889,1.0,1.0,3.0,1.9880895955417675,1.6158221302998967,1.6158221302998967,4.847466390899689,0.19566666666666666,suppressed_1_9,suppressed_1_9,nonmetro_nonadjacent,Q3,Constrained Bayesian posterior estimate; not an observed or recovered true suppressed count.
21171,Monroe County,21,Kentucky,1.2351388888888888,1.0,1.0,3.0,1.8641917545413076,1.5092972711905337,1.5092972711905337,4.527891813571601,0.19977777777777778,suppressed_1_9,suppressed_1_9,nonmetro_adjacent,Q3,Constrained Bayesian posterior estimate; not an observed or recovered true suppressed count.
21173,Montgomery County,21,Kentucky,3.25525,3.0,2.0,6.0,1.912299458957745,1.7623526232618798,1.1749017488412532,3.5247052465237596,0.14813888888888888,suppressed_1_9,suppressed_1_9,nonmetro_adjacent,Q3,Constrained Bayesian posterior estimate; not an observed or recovered true suppressed count.
21175,Morgan County,21,Kentucky,1.2093888888888888,1.0,1.0,2.0,1.457551629292174,1.2051968086388507,1.2051968086388507,2.4103936172777014,0.02411111111111111,suppressed_1_9,suppressed_1_9,nonmetro_nonadjacent,Q3,Constrained Bayesian posterior estimate; not an observed or recovered true suppressed count.
21177,Muhlenberg County,21,Kentucky,4.829611111111111,5.0,3.0,8.0,2.634697400610509,2.7276496388591878,1.6365897833155125,4.3642394221747,0.28530555555555553,suppressed_1_9,suppressed_1_9,nonmetro_adjacent,Q2,Constrained Bayesian posterior estimate; not an observed or recovered true suppressed count.
21179,Nelson County,21,Kentucky,6.284416666666667,6.0,4.0,9.0,2.2158734971974328,2.1155887154497917,1.410392476966528,3.173383073174688,0.07747222222222222,suppressed_1_9,suppressed_1_9,metro_large,Q1_lowest,Constrained Bayesian posterior estimate; not an observed or recovered true suppressed count.
21181,Nicholas County,21,Kentucky,1.121388888888889,1.0,1.0,2.0,2.463399870148255,2.1967400377839286,2.1967400377839286,4.393480075567857,0.11058333333333334,suppressed_1_9,suppressed_1_9,nonmetro_adjacent,Q2,Constrained Bayesian posterior estimate; not an observed or recovered true suppressed count.
21183,Ohio County,21,Kentucky,2.91225,3.0,2.0,5.0,2.041291959598226,2.1027988252363894,1.4018658834909266,3.504664708727316,0.07769444444444444,suppressed_1_9,suppressed_1_9,nonmetro_adjacent,Q2,Constrained Bayesian posterior estimate; not an observed or recovered true suppressed count.
21185,Oldham County,21,Kentucky,17.0,17.0,17.0,17.0,4.119993601892289,4.119993601892289,4.119993601892289,4.119993601892289,1.0,exact,exact,metro_large,Q1_lowest,Constrained Bayesian posterior estimate; not an observed or recovered true suppressed count.
21187,Owen County,21,Kentucky,2.4039444444444444,2.0,2.0,4.0,3.574638579099545,2.9739776951672865,2.9739776951672865,5.947955390334573,1.0,suppressed_1_9,suppressed_1_9,nonmetro_adjacent,Q2,Constrained Bayesian posterior estimate; not an observed or recovered true suppressed count.
21189,Owsley County,21,Kentucky,1.0747777777777778,1.0,1.0,2.0,4.376665626003899,4.072158651301055,4.072158651301055,8.14431730260211,1.0,suppressed_1_9,suppressed_1_9,nonmetro_nonadjacent,Q3,Constrained Bayesian posterior estimate; not an observed or recovered true suppressed count.
21191,Pendleton County,21,Kentucky,3.674861111111111,3.0,3.0,6.0,4.170623076176173,3.4047189404514655,3.4047189404514655,6.809437880902931,1.0,suppressed_1_9,suppressed_1_9,metro_large,Q3,Constrained Bayesian posterior estimate; not an observed or recovered true suppressed count.
21193,Perry County,21,Kentucky,3.123361111111111,3.0,2.0,6.0,1.9475240130138622,1.8706040804110342,1.2470693869406895,3.7412081608220684,0.12297222222222222,suppressed_1_9,suppressed_1_9,nonmetro_nonadjacent,Q3,Constrained Bayesian posterior estimate; not an observed or recovered true suppressed count.
21195,Pike County,21,Kentucky,12.0,12.0,12.0,12.0,3.529276821768578,3.5292768217685793,3.5292768217685793,3.5292768217685793,1.0,exact,exact,nonmetro_nonadjacent,Q4_highest,Constrained Bayesian posterior estimate; not an observed or recovered true suppressed count.
21197,Powell County,21,Kentucky,2.5652222222222223,2.0,2.0,5.0,3.3447931652461405,2.607799929589402,2.607799929589402,6.519499823973505,0.418,suppressed_1_9,suppressed_1_9,nonmetro_adjacent,Q4_highest,Constrained Bayesian posterior estimate; not an observed or recovered true suppressed count.
21199,Pulaski County,21,Kentucky,8.243305555555555,9.0,6.0,9.0,2.0881815674221187,2.279866247846793,1.519910831897862,2.279866247846793,0.0,suppressed_1_9,suppressed_1_9,nonmetro_nonadjacent,Q3,Constrained Bayesian posterior estimate; not an observed or recovered true suppressed count.
21201,Robertson County,21,Kentucky,1.0498055555555557,1.0,1.0,2.0,7.819780674529279,7.4487895716946,7.4487895716946,14.8975791433892,1.0,suppressed_1_9,suppressed_1_9,nonmetro_adjacent,Q3,Constrained Bayesian posterior estimate; not an observed or recovered true suppressed count.
21203,Rockcastle County,21,Kentucky,1.3319166666666666,1.0,1.0,3.0,1.3560820487758525,1.018143313852858,1.018143313852858,3.054429941558574,0.05286111111111111,suppressed_1_9,suppressed_1_9,nonmetro_nonadjacent,Q3,Constrained Bayesian posterior estimate; not an observed or recovered true suppressed count.
21205,Rowan County,21,Kentucky,4.510305555555555,4.0,3.0,8.0,3.0583526398071235,2.7123241227326664,2.0342430920495,5.424648245465333,0.4361388888888889,suppressed_1_9,suppressed_1_9,nonmetro_adjacent,Q3,Constrained Bayesian posterior estimate; not an observed or recovered true suppressed count.
21207,Russell County,21,Kentucky,4.207722222222222,4.0,3.0,7.0,3.8605789619625495,3.669994128009395,2.7524955960070465,6.422489724016441,0.6794166666666667,suppressed_1_9,suppressed_1_9,nonmetro_nonadjacent,Q3,Constrained Bayesian posterior estimate; not an observed or recovered true suppressed count.
21209,Scott County,21,Kentucky,7.7354722222222225,8.0,5.0,9.0,2.1808922708432985,2.255471633215203,1.4096697707595018,2.5374055873671035,0.0,suppressed_1_9,suppressed_1_9,metro_other,Q1_lowest,Constrained Bayesian posterior estimate; not an observed or recovered true suppressed count.
21211,Shelby County,21,Kentucky,5.249472222222222,5.0,3.0,9.0,1.7757440175840766,1.6913548090291284,1.0148128854174772,3.044438656252431,0.030166666666666668,suppressed_1_9,suppressed_1_9,metro_large,Q2,Constrained Bayesian posterior estimate; not an observed or recovered true suppressed count.
21213,Simpson County,21,Kentucky,3.89025,4.0,3.0,6.0,3.3131350122211902,3.4066037012749213,2.554952775956191,5.109905551912382,0.5706388888888889,suppressed_1_9,suppressed_1_9,nonmetro_adjacent,Q1_lowest,Constrained Bayesian posterior estimate; not an observed or recovered true suppressed count.
21215,Spencer County,21,Kentucky,2.53925,2.0,2.0,4.0,2.1088364753757984,1.6609916119923593,1.6609916119923593,3.3219832239847187,0.11008333333333334,suppressed_1_9,suppressed_1_9,metro_large,Q1_lowest,Constrained Bayesian posterior estimate; not an observed or recovered true suppressed count.
21217,Taylor County,21,Kentucky,5.890472222222222,6.0,4.0,9.0,3.743071882965128,3.812670775878503,2.5417805172523353,5.719006163817754,0.8386666666666667,suppressed_1_9,suppressed_1_9,nonmetro_nonadjacent,Q2,Constrained Bayesian posterior estimate; not an observed or recovered true suppressed count.
21219,Todd County,21,Kentucky,1.2351666666666667,1.0,1.0,3.0,1.6539014309561428,1.3390107388661256,1.3390107388661256,4.017032216598378,0.02861111111111111,suppressed_1_9,suppressed_1_9,nonmetro_adjacent,Q4_highest,Constrained Bayesian posterior estimate; not an observed or recovered true suppressed count.
21221,Trigg County,21,Kentucky,2.598388888888889,2.0,2.0,5.0,2.9908135324864333,2.30205227960727,2.30205227960727,5.755130699018175,0.4315555555555556,suppressed_1_9,suppressed_1_9,metro_other,Q3,Constrained Bayesian posterior estimate; not an observed or recovered true suppressed count.
21223,Trimble County,21,Kentucky,2.325138888888889,2.0,2.0,4.0,4.539602274329621,3.9048009527714327,3.9048009527714327,7.809601905542865,1.0,suppressed_1_9,suppressed_1_9,nonmetro_adjacent,Q2,Constrained Bayesian posterior estimate; not an observed or recovered true suppressed count.
21225,Union County,21,Kentucky,0.0,0.0,0.0,0.0,0.0,0.0,0.0,0.0,0.0,zero,zero,nonmetro_adjacent,Q1_lowest,Constrained Bayesian posterior estimate; not an observed or recovered true suppressed count.
21227,Warren County,21,Kentucky,31.0,31.0,31.0,31.0,3.7142384732802474,3.714238473280248,3.714238473280248,3.714238473280248,1.0,exact,exact,metro_other,Q4_highest,Constrained Bayesian posterior estimate; not an observed or recovered true suppressed count.
21229,Washington County,21,Kentucky,4.932388888888889,5.0,4.0,7.0,6.764944780470557,6.857675796519044,5.486140637215235,9.600746115126661,1.0,suppressed_1_9,suppressed_1_9,nonmetro_adjacent,Q2,Constrained Bayesian posterior estimate; not an observed or recovered true suppressed count.
21231,Wayne County,21,Kentucky,4.360388888888889,4.0,3.0,7.0,3.665054709418089,3.362135628551256,2.521601721413442,5.883737349964697,0.7199722222222222,suppressed_1_9,suppressed_1_9,nonmetro_nonadjacent,Q3,Constrained Bayesian posterior estimate; not an observed or recovered true suppressed count.
21233,Webster County,21,Kentucky,1.2339166666666668,1.0,1.0,3.0,1.6028222314593512,1.29897121479788,1.29897121479788,3.8969136443936403,0.03,suppressed_1_9,suppressed_1_9,nonmetro_nonadjacent,Q3,Constrained Bayesian posterior estimate; not an observed or recovered true suppressed count.
21235,Whitley County,21,Kentucky,8.287027777777778,8.0,6.0,9.0,3.7568410262609775,3.6267198585579252,2.720039893918444,4.0800598408776665,0.9671944444444445,suppressed_1_9,suppressed_1_9,nonmetro_nonadjacent,Q4_highest,Constrained Bayesian posterior estimate; not an observed or recovered true suppressed count.
21237,Wolfe County,21,Kentucky,0.0,0.0,0.0,0.0,0.0,0.0,0.0,0.0,0.0,zero,zero,nonmetro_nonadjacent,Q4_highest,Constrained Bayesian posterior estimate; not an observed or recovered true suppressed count.
21239,Woodford County,21,Kentucky,1.4825555555555556,1.0,1.0,3.0,0.9116013795289707,0.6148851394559496,0.6148851394559496,1.844655418367849,0.0032222222222222222,suppressed_1_9,suppressed_1_9,metro_other,Q1_lowest,Constrained Bayesian posterior estimate; not an observed or recovered true suppressed count.
22001,Acadia Parish,22,Louisiana,8.403416666666667,9.0,7.0,9.0,2.3935357137431827,2.5634598733081164,1.9938021236840906,2.5634598733081164,0.0,suppressed_1_9,suppressed_1_9,metro_other,Q4_highest,Constrained Bayesian posterior estimate; not an observed or recovered true suppressed count.
22003,Allen Parish,22,Louisiana,2.6574166666666668,2.0,2.0,5.0,1.8888857297878745,1.4215954565809208,1.4215954565809208,3.553988641452302,0.036555555555555556,suppressed_1_9,suppressed_1_9,nonmetro_adjacent,Q4_highest,Constrained Bayesian posterior estimate; not an observed or recovered true suppressed count.
22005,Ascension Parish,22,Louisiana,7.857833333333334,8.0,5.0,9.0,1.0083686017454119,1.0266123588728824,0.6416327242955514,1.1549389037319926,0.0,suppressed_1_9,suppressed_1_9,metro_other,Q2,Constrained Bayesian posterior estimate; not an observed or recovered true suppressed count.
22007,Assumption Parish,22,Louisiana,2.7294444444444443,3.0,2.0,5.0,2.183293560328316,2.3997120345558534,1.5998080230372356,3.999520057593089,0.17219444444444446,suppressed_1_9,suppressed_1_9,metro_other,Q3,Constrained Bayesian posterior estimate; not an observed or recovered true suppressed count.
22009,Avoyelles Parish,22,Louisiana,11.0,11.0,11.0,11.0,4.6832823848976926,4.683282384897692,4.683282384897692,4.683282384897692,1.0,exact,exact,nonmetro_adjacent,Q4_highest,Constrained Bayesian posterior estimate; not an observed or recovered true suppressed count.
22011,Beauregard Parish,22,Louisiana,6.1963888888888885,6.0,4.0,9.0,2.7904873989610137,2.702045448404442,1.801363632269628,4.053068172606663,0.3969722222222222,suppressed_1_9,suppressed_1_9,nonmetro_adjacent,Q3,Constrained Bayesian posterior estimate; not an observed or recovered true suppressed count.
22013,Bienville Parish,22,Louisiana,1.25825,1.0,1.0,3.0,1.6465146102409083,1.308575092581688,1.308575092581688,3.9257252777450637,0.03219444444444444,suppressed_1_9,suppressed_1_9,nonmetro_adjacent,Q4_highest,Constrained Bayesian posterior estimate; not an observed or recovered true suppressed count.
22015,Bossier Parish,22,Louisiana,25.0,25.0,25.0,25.0,3.231514766083571,3.231514766083572,3.231514766083572,3.231514766083572,1.0,exact,exact,metro_other,Q4_highest,Constrained Bayesian posterior estimate; not an observed or recovered true suppressed count.
22017,Caddo Parish,22,Louisiana,72.0,72.0,72.0,72.0,5.175838324063549,5.17583832406355,5.17583832406355,5.17583832406355,1.0,exact,exact,metro_other,Q4_highest,Constrained Bayesian posterior estimate; not an observed or recovered true suppressed count.
22019,Calcasieu Parish,22,Louisiana,8.412027777777778,9.0,6.0,9.0,0.6866580285974145,0.7346530968076874,0.48976873120512493,0.7346530968076874,0.0,suppressed_1_9,suppressed_1_9,metro_other,Q3,Constrained Bayesian posterior estimate; not an observed or recovered true suppressed count.
22021,Caldwell Parish,22,Louisiana,1.1303611111111111,1.0,1.0,2.0,1.960254424096683,1.7341842397336293,1.7341842397336293,3.4683684794672587,0.12066666666666667,suppressed_1_9,suppressed_1_9,nonmetro_adjacent,Q4_highest,Constrained Bayesian posterior estimate; not an observed or recovered true suppressed count.
22023,Cameron Parish,22,Louisiana,0.0,0.0,0.0,0.0,0.0,0.0,0.0,0.0,0.0,zero,zero,metro_other,Q2,Constrained Bayesian posterior estimate; not an observed or recovered true suppressed count.
22025,Catahoula Parish,22,Louisiana,0.0,0.0,0.0,0.0,0.0,0.0,0.0,0.0,0.0,zero,zero,nonmetro_nonadjacent,Q4_highest,Constrained Bayesian posterior estimate; not an observed or recovered true suppressed count.
22027,Claiborne Parish,22,Louisiana,2.4978611111111113,2.0,2.0,4.0,2.898860481519735,2.3210741931365835,2.3210741931365835,4.642148386273167,0.3821111111111111,suppressed_1_9,suppressed_1_9,nonmetro_nonadjacent,Q4_highest,Constrained Bayesian posterior estimate; not an observed or recovered true suppressed count.
22029,Concordia Parish,22,Louisiana,0.0,0.0,0.0,0.0,0.0,0.0,0.0,0.0,0.0,zero,zero,nonmetro_adjacent,Q4_highest,Constrained Bayesian posterior estimate; not an observed or recovered true suppressed count.
22031,De Soto Parish,22,Louisiana,2.9116666666666666,3.0,2.0,5.0,1.7833117947650052,1.8374134118929646,1.2249422745953098,3.062355686488274,0.07622222222222222,suppressed_1_9,suppressed_1_9,metro_other,Q4_highest,Constrained Bayesian posterior estimate; not an observed or recovered true suppressed count.
22033,East Baton Rouge Parish,22,Louisiana,52.0,52.0,52.0,52.0,1.9365972942756424,1.936597294275642,1.936597294275642,1.936597294275642,0.0,exact,exact,metro_other,Q4_highest,Constrained Bayesian posterior estimate; not an observed or recovered true suppressed count.
22035,East Carroll Parish,22,Louisiana,2.2164166666666665,2.0,2.0,3.0,5.356121569480358,4.833135980280805,4.833135980280805,7.249703970421208,1.0,suppressed_1_9,suppressed_1_9,nonmetro_adjacent,Q4_highest,Constrained Bayesian posterior estimate; not an observed or recovered true suppressed count.
22037,East Feliciana Parish,22,Louisiana,3.7540555555555555,4.0,3.0,6.0,3.2692004385188285,3.483379923539811,2.612534942654858,5.225069885309716,0.5171666666666667,suppressed_1_9,suppressed_1_9,metro_other,Q3,Constrained Bayesian posterior estimate; not an observed or recovered true suppressed count.
22039,Evangeline Parish,22,Louisiana,3.40075,3.0,2.0,6.0,1.7496179985697453,1.5434401222404575,1.0289600814936384,3.086880244480915,0.06780555555555555,suppressed_1_9,suppressed_1_9,nonmetro_adjacent,Q4_highest,Constrained Bayesian posterior estimate; not an observed or recovered true suppressed count.
22041,Franklin Parish,22,Louisiana,2.932361111111111,3.0,2.0,5.0,2.504022945972974,2.5617816337335406,1.7078544224890269,4.269636056222568,0.24238888888888888,suppressed_1_9,suppressed_1_9,nonmetro_adjacent,Q4_highest,Constrained Bayesian posterior estimate; not an observed or recovered true suppressed count.
22043,Grant Parish,22,Louisiana,5.118111111111111,5.0,4.0,8.0,3.8511283840443573,3.762255547445805,3.0098044379566438,6.0196088759132875,1.0,suppressed_1_9,suppressed_1_9,metro_other,Q3,Constrained Bayesian posterior estimate; not an observed or recovered true suppressed count.
22045,Iberia Parish,22,Louisiana,19.0,19.0,19.0,19.0,4.619252070154284,4.619252070154283,4.619252070154283,4.619252070154283,1.0,exact,exact,nonmetro_adjacent,Q4_highest,Constrained Bayesian posterior estimate; not an observed or recovered true suppressed count.
22047,Iberville Parish,22,Louisiana,2.9237777777777776,3.0,2.0,5.0,1.59513010670168,1.6367147860813773,1.0911431907209184,2.7278579768022957,0.022,suppressed_1_9,suppressed_1_9,metro_other,Q4_highest,Constrained Bayesian posterior estimate; not an observed or recovered true suppressed count.
22049,Jackson Parish,22,Louisiana,3.9126944444444445,4.0,3.0,6.0,4.3197916053308205,4.416180886769122,3.3121356650768417,6.624271330153683,1.0,suppressed_1_9,suppressed_1_9,nonmetro_adjacent,Q4_highest,Constrained Bayesian posterior estimate; not an observed or recovered true suppressed count.
22051,Jefferson Parish,22,Louisiana,82.0,82.0,82.0,82.0,3.1863951806161475,3.186395180616148,3.186395180616148,3.186395180616148,1.0,exact,exact,metro_large,Q4_highest,Constrained Bayesian posterior estimate; not an observed or recovered true suppressed count.
22053,Jefferson Davis Parish,22,Louisiana,1.4645277777777779,1.0,1.0,3.0,0.7710638203277829,0.5264931345295257,0.5264931345295257,1.579479403588577,0.0006666666666666666,suppressed_1_9,suppressed_1_9,metro_other,Q3,Constrained Bayesian posterior estimate; not an observed or recovered true suppressed count.
22055,Lafayette Parish,22,Louisiana,52.0,52.0,52.0,52.0,3.49704432503682,3.49704432503682,3.49704432503682,3.49704432503682,1.0,exact,exact,metro_other,Q3,Constrained Bayesian posterior estimate; not an observed or recovered true suppressed count.
22057,Lafourche Parish,22,Louisiana,30.0,30.0,30.0,30.0,5.181508233416581,5.181508233416583,5.181508233416583,5.181508233416583,1.0,exact,exact,metro_other,Q3,Constrained Bayesian posterior estimate; not an observed or recovered true suppressed count.
22059,LaSalle Parish,22,Louisiana,1.1907777777777777,1.0,1.0,2.0,1.338283370920652,1.1238733169997077,1.1238733169997077,2.2477466339994154,0.019305555555555555,suppressed_1_9,suppressed_1_9,nonmetro_adjacent,Q2,Constrained Bayesian posterior estimate; not an observed or recovered true suppressed count.
22061,Lincoln Parish,22,Louisiana,7.0776666666666666,7.0,4.0,9.0,2.4766137121795317,2.4494366295751977,1.3996780740429702,3.1492756665966826,0.18155555555555555,suppressed_1_9,suppressed_1_9,nonmetro_adjacent,Q4_highest,Constrained Bayesian posterior estimate; not an observed or recovered true suppressed count.
22063,Livingston Parish,22,Louisiana,16.0,16.0,16.0,16.0,1.8144457095163136,1.814445709516314,1.814445709516314,1.814445709516314,0.0,exact,exact,metro_other,Q2,Constrained Bayesian posterior estimate; not an observed or recovered true suppressed count.
22065,Madison Parish,22,Louisiana,2.4073611111111113,2.0,2.0,4.0,4.066350986640841,3.378264247829465,3.378264247829465,6.75652849565893,1.0,suppressed_1_9,suppressed_1_9,nonmetro_adjacent,Q4_highest,Constrained Bayesian posterior estimate; not an observed or recovered true suppressed count.
22067,Morehouse Parish,22,Louisiana,3.023111111111111,3.0,2.0,6.0,2.0661803457708157,2.050384788878713,1.3669231925858087,4.100769577757426,0.09655555555555556,suppressed_1_9,suppressed_1_9,metro_other,Q4_highest,Constrained Bayesian posterior estimate; not an observed or recovered true suppressed count.
22069,Natchitoches Parish,22,Louisiana,19.0,19.0,19.0,19.0,8.567241573667005,8.567241573667005,8.567241573667005,8.567241573667005,1.0,exact,exact,nonmetro_adjacent,Q4_highest,Constrained Bayesian posterior estimate; not an observed or recovered true suppressed count.
22071,Orleans Parish,22,Louisiana,69.0,69.0,69.0,69.0,3.0623426388605965,3.0623426388605957,3.0623426388605957,3.0623426388605957,1.0,exact,exact,metro_large,Q4_highest,Constrained Bayesian posterior estimate; not an observed or recovered true suppressed count.
22073,Ouachita Parish,22,Louisiana,43.0,43.0,43.0,43.0,4.586030737071126,4.586030737071126,4.586030737071126,4.586030737071126,1.0,exact,exact,metro_other,Q4_highest,Constrained Bayesian posterior estimate; not an observed or recovered true suppressed count.
22075,Plaquemines Parish,22,Louisiana,2.5215,2.0,2.0,4.0,1.8431478611736496,1.4619455571474518,1.4619455571474518,2.9238911142949036,0.019833333333333335,suppressed_1_9,suppressed_1_9,metro_large,Q3,Constrained Bayesian posterior estimate; not an observed or recovered true suppressed count.
22077,Pointe Coupee Parish,22,Louisiana,4.12825,4.0,3.0,7.0,3.339710867155836,3.235957964906036,2.426968473679527,5.662926438585562,0.6596388888888889,suppressed_1_9,suppressed_1_9,metro_other,Q3,Constrained Bayesian posterior estimate; not an observed or recovered true suppressed count.
22079,Rapides Parish,22,Louisiana,19.0,19.0,19.0,19.0,2.4797152764817274,2.479715276481728,2.479715276481728,2.479715276481728,0.0,exact,exact,metro_other,Q4_highest,Constrained Bayesian posterior estimate; not an observed or recovered true suppressed count.
22081,Red River Parish,22,Louisiana,1.1448888888888888,1.0,1.0,2.0,2.4724417762037083,2.15954735887358,2.15954735887358,4.31909471774716,0.13,suppressed_1_9,suppressed_1_9,nonmetro_adjacent,Q3,Constrained Bayesian posterior estimate; not an observed or recovered true suppressed count.
22083,Richland Parish,22,Louisiana,1.3615555555555556,1.0,1.0,3.0,1.142992524937086,0.8394754957102802,0.8394754957102802,2.518426487130841,0.009277777777777777,suppressed_1_9,suppressed_1_9,metro_other,Q4_highest,Constrained Bayesian posterior estimate; not an observed or recovered true suppressed count.
22085,Sabine Parish,22,Louisiana,3.097777777777778,3.0,2.0,6.0,2.2868748313347784,2.2146922685092907,1.476461512339527,4.429384537018581,0.3010277777777778,suppressed_1_9,suppressed_1_9,nonmetro_adjacent,Q4_highest,Constrained Bayesian posterior estimate; not an observed or recovered true suppressed count.
22087,St. Bernard Parish,22,Louisiana,10.0,10.0,10.0,10.0,3.664695060723998,3.6646950607239974,3.6646950607239974,3.6646950607239974,1.0,exact,exact,metro_large,Q4_highest,Constrained Bayesian posterior estimate; not an observed or recovered true suppressed count.
22089,St. Charles Parish,22,Louisiana,7.29075,7.0,5.0,9.0,2.348922474201561,2.2552490922622406,1.6108922087587432,2.8996059757657378,0.0,suppressed_1_9,suppressed_1_9,metro_large,Q2,Constrained Bayesian posterior estimate; not an observed or recovered true suppressed count.
22091,St. Helena Parish,22,Louisiana,1.2333611111111111,1.0,1.0,3.0,1.939918070891049,1.572871118940514,1.572871118940514,4.718613356821542,0.19958333333333333,suppressed_1_9,suppressed_1_9,metro_other,Q4_highest,Constrained Bayesian posterior estimate; not an observed or recovered true suppressed count.
22093,St. James Parish,22,Louisiana,3.7135833333333332,3.0,3.0,6.0,3.1130978827329696,2.5149007871639464,2.5149007871639464,5.029801574327893,0.4989166666666667,suppressed_1_9,suppressed_1_9,metro_large,Q2,Constrained Bayesian posterior estimate; not an observed or recovered true suppressed count.
22095,St. John the Baptist Parish,22,Louisiana,4.7579722222222225,5.0,3.0,8.0,1.9294525976480748,2.027599686938608,1.2165598121631649,3.2441594991017735,0.0405,suppressed_1_9,suppressed_1_9,metro_large,Q3,Constrained Bayesian posterior estimate; not an observed or recovered true suppressed count.
22097,St. Landry Parish,22,Louisiana,45.0,45.0,45.0,45.0,9.188530263955844,9.188530263955846,9.188530263955846,9.188530263955846,1.0,exact,exact,nonmetro_adjacent,Q4_highest,Constrained Bayesian posterior estimate; not an observed or recovered true suppressed count.
22099,St. Martin Parish,22,Louisiana,16.0,16.0,16.0,16.0,5.137492133215171,5.137492133215171,5.137492133215171,5.137492133215171,1.0,exact,exact,metro_other,Q3,Constrained Bayesian posterior estimate; not an observed or recovered true suppressed count.
22101,St. Mary Parish,22,Louisiana,12.0,12.0,12.0,12.0,4.17314373350304,4.173143733503041,4.173143733503041,4.173143733503041,1.0,exact,exact,nonmetro_adjacent,Q4_highest,Constrained Bayesian posterior estimate; not an observed or recovered true suppressed count.
22103,St. Tammany Parish,22,Louisiana,45.0,45.0,45.0,45.0,2.7782682621746795,2.7782682621746804,2.7782682621746804,2.7782682621746804,0.0,exact,exact,metro_other,Q2,Constrained Bayesian posterior estimate; not an observed or recovered true suppressed count.
22105,Tangipahoa Parish,22,Louisiana,44.0,44.0,44.0,44.0,5.354915264551068,5.35491526455107,5.35491526455107,5.35491526455107,1.0,exact,exact,metro_other,Q4_highest,Constrained Bayesian posterior estimate; not an observed or recovered true suppressed count.
22107,Tensas Parish,22,Louisiana,1.0826666666666667,1.0,1.0,2.0,4.509420078581643,4.165104752384522,4.165104752384522,8.330209504769044,1.0,suppressed_1_9,suppressed_1_9,nonmetro_nonadjacent,Q4_highest,Constrained Bayesian posterior estimate; not an observed or recovered true suppressed count.
22109,Terrebonne Parish,22,Louisiana,24.0,24.0,24.0,24.0,3.742433267736793,3.7424332677367946,3.7424332677367946,3.7424332677367946,1.0,exact,exact,metro_other,Q4_highest,Constrained Bayesian posterior estimate; not an observed or recovered true suppressed count.
22111,Union Parish,22,Louisiana,5.608,5.0,4.0,8.0,4.403370054256931,3.9259718743374923,3.1407774994699937,6.2815549989399875,1.0,suppressed_1_9,suppressed_1_9,metro_other,Q4_highest,Constrained Bayesian posterior estimate; not an observed or recovered true suppressed count.
22113,Vermilion Parish,22,Louisiana,7.223166666666667,7.0,4.0,9.0,2.0775449314212193,2.0133571868222897,1.1504898210413081,2.5886020973429438,0.0,suppressed_1_9,suppressed_1_9,metro_other,Q4_highest,Constrained Bayesian posterior estimate; not an observed or recovered true suppressed count.
22115,Vernon Parish,22,Louisiana,10.0,10.0,10.0,10.0,3.5377441927929074,3.5377441927929074,3.5377441927929074,3.5377441927929074,1.0,exact,exact,nonmetro_adjacent,Q4_highest,Constrained Bayesian posterior estimate; not an observed or recovered true suppressed count.
22117,Washington Parish,22,Louisiana,16.0,16.0,16.0,16.0,5.880623346074684,5.880623346074684,5.880623346074684,5.880623346074684,1.0,exact,exact,nonmetro_adjacent,Q4_highest,Constrained Bayesian posterior estimate; not an observed or recovered true suppressed count.
22119,Webster Parish,22,Louisiana,7.641944444444444,8.0,5.0,9.0,3.4969452732068733,3.6607910969560526,2.2879944355975326,4.1183899840755585,0.8219444444444445,suppressed_1_9,suppressed_1_9,nonmetro_adjacent,Q4_highest,Constrained Bayesian posterior estimate; not an observed or recovered true suppressed count.
22121,West Baton Rouge Parish,22,Louisiana,4.3566666666666665,4.0,3.0,7.0,2.6280759749216807,2.412923618902844,1.8096927141771326,4.222616333079976,0.3878611111111111,suppressed_1_9,suppressed_1_9,metro_other,Q3,Constrained Bayesian posterior estimate; not an observed or recovered true suppressed count.
22123,West Carroll Parish,22,Louisiana,0.0,0.0,0.0,0.0,0.0,0.0,0.0,0.0,0.0,zero,zero,nonmetro_adjacent,Q3,Constrained Bayesian posterior estimate; not an observed or recovered true suppressed count.
22125,West Feliciana Parish,22,Louisiana,1.1474444444444445,1.0,1.0,2.0,1.2413662120479958,1.081852997814657,1.081852997814657,2.163705995629314,0.01275,suppressed_1_9,suppressed_1_9,metro_other,Q2,Constrained Bayesian posterior estimate; not an observed or recovered true suppressed count.
22127,Winn Parish,22,Louisiana,1.2141944444444444,1.0,1.0,2.0,1.4979513730392744,1.233699742156754,1.233699742156754,2.467399484313508,0.02461111111111111,suppressed_1_9,suppressed_1_9,nonmetro_adjacent,Q3,Constrained Bayesian posterior estimate; not an observed or recovered true suppressed count.
23001,Androscoggin County,23,Maine,45.0,45.0,45.0,45.0,6.717240020420409,6.71724002042041,6.71724002042041,6.71724002042041,1.0,exact,exact,metro_other,Q3,Constrained Bayesian posterior estimate; not an observed or recovered true suppressed count.
23003,Aroostook County,23,Maine,18.0,18.0,18.0,18.0,4.476498383486694,4.476498383486695,4.476498383486695,4.476498383486695,1.0,exact,exact,nonmetro_nonadjacent,Q3,Constrained Bayesian posterior estimate; not an observed or recovered true suppressed count.
23005,Cumberland County,23,Maine,63.0,63.0,63.0,63.0,3.442933379239113,3.4429333792391117,3.4429333792391117,3.4429333792391117,1.0,exact,exact,metro_other,Q1_lowest,Constrained Bayesian posterior estimate; not an observed or recovered true suppressed count.
23007,Franklin County,23,Maine,5.729361111111111,6.0,4.0,8.0,3.146686609498842,3.295327225993541,2.1968848173290274,4.393769634658055,0.5322777777777777,suppressed_1_9,suppressed_1_9,nonmetro_adjacent,Q2,Constrained Bayesian posterior estimate; not an observed or recovered true suppressed count.
23009,Hancock County,23,Maine,20.0,20.0,20.0,20.0,5.944596361907028,5.944596361907027,5.944596361907027,5.944596361907027,1.0,exact,exact,nonmetro_adjacent,Q1_lowest,Constrained Bayesian posterior estimate; not an observed or recovered true suppressed count.
23011,Kennebec County,23,Maine,25.0,25.0,25.0,25.0,3.328881509128458,3.3288815091284594,3.3288815091284594,3.3288815091284594,1.0,exact,exact,nonmetro_adjacent,Q2,Constrained Bayesian posterior estimate; not an observed or recovered true suppressed count.
23013,Knox County,23,Maine,11.0,11.0,11.0,11.0,4.5095089144792135,4.5095089144792135,4.5095089144792135,4.5095089144792135,1.0,exact,exact,nonmetro_nonadjacent,Q1_lowest,Constrained Bayesian posterior estimate; not an observed or recovered true suppressed count.
23015,Lincoln County,23,Maine,3.045611111111111,3.0,2.0,5.0,1.420196367969742,1.3989274889251573,0.932618325950105,2.331545814875262,0.004194444444444444,suppressed_1_9,suppressed_1_9,nonmetro_adjacent,Q1_lowest,Constrained Bayesian posterior estimate; not an observed or recovered true suppressed count.
23017,Oxford County,23,Maine,16.0,16.0,16.0,16.0,4.517540763746737,4.5175407637467355,4.5175407637467355,4.5175407637467355,1.0,exact,exact,nonmetro_adjacent,Q2,Constrained Bayesian posterior estimate; not an observed or recovered true suppressed count.
23019,Penobscot County,23,Maine,34.0,34.0,34.0,34.0,3.6859405219291763,3.6859405219291776,3.6859405219291776,3.6859405219291776,1.0,exact,exact,metro_other,Q2,Constrained Bayesian posterior estimate; not an observed or recovered true suppressed count.
23021,Piscataquis County,23,Maine,7.375611111111111,7.0,6.0,9.0,7.141304897426546,6.777626088051045,5.8093937897580386,8.714090684637057,1.0,suppressed_1_9,suppressed_1_9,nonmetro_adjacent,Q2,Constrained Bayesian posterior estimate; not an observed or recovered true suppressed count.
23023,Sagadahoc County,23,Maine,4.3052222222222225,4.0,3.0,7.0,1.9440267599068999,1.8062034055965213,1.3546525541973908,3.160855959793912,0.0405,suppressed_1_9,suppressed_1_9,metro_other,Q1_lowest,Constrained Bayesian posterior estimate; not an observed or recovered true suppressed count.
23025,Somerset County,23,Maine,16.0,16.0,16.0,16.0,5.238190336193606,5.238190336193604,5.238190336193604,5.238190336193604,1.0,exact,exact,nonmetro_adjacent,Q2,Constrained Bayesian posterior estimate; not an observed or recovered true suppressed count.
23027,Waldo County,23,Maine,6.3935,6.0,4.0,9.0,2.6525963788439513,2.4893373384005177,1.6595582256003452,3.7340060076007764,0.21288888888888888,suppressed_1_9,suppressed_1_9,nonmetro_adjacent,Q2,Constrained Bayesian posterior estimate; not an observed or recovered true suppressed count.
23029,Washington County,23,Maine,7.1506944444444445,7.0,5.0,9.0,3.796533249328076,3.716524730817423,2.654660522012445,4.778388939622402,0.9173333333333333,suppressed_1_9,suppressed_1_9,nonmetro_nonadjacent,Q3,Constrained Bayesian posterior estimate; not an observed or recovered true suppressed count.
23031,York County,23,Maine,58.0,58.0,58.0,58.0,4.507448558743322,4.507448558743324,4.507448558743324,4.507448558743324,1.0,exact,exact,metro_other,Q1_lowest,Constrained Bayesian posterior estimate; not an observed or recovered true suppressed count.
24001,Allegany County,24,Maryland,12.0,12.0,12.0,12.0,2.927979035670105,2.9279790356701048,2.9279790356701048,2.9279790356701048,0.0,exact,exact,nonmetro_adjacent,Q3,Constrained Bayesian posterior estimate; not an observed or recovered true suppressed count.
24003,Anne Arundel County,24,Maryland,120.0,120.0,120.0,120.0,3.387376096133735,3.3873760961337336,3.3873760961337336,3.3873760961337336,1.0,exact,exact,metro_large,Q1_lowest,Constrained Bayesian posterior estimate; not an observed or recovered true suppressed count.
24005,Baltimore County,24,Maryland,215.0,215.0,215.0,215.0,4.2608073893101714,4.26080738931017,4.26080738931017,4.26080738931017,1.0,exact,exact,metro_large,Q3,Constrained Bayesian posterior estimate; not an observed or recovered true suppressed count.
24009,Calvert County,24,Maryland,28.0,28.0,28.0,28.0,4.966837490398926,4.966837490398926,4.966837490398926,4.966837490398926,1.0,exact,exact,metro_other,Q1_lowest,Constrained Bayesian posterior estimate; not an observed or recovered true suppressed count.
24011,Caroline County,24,Maryland,10.0,10.0,10.0,10.0,4.96135107512478,4.961351075124778,4.961351075124778,4.961351075124778,1.0,exact,exact,nonmetro_adjacent,Q4_highest,Constrained Bayesian posterior estimate; not an observed or recovered true suppressed count.
24013,Carroll County,24,Maryland,38.0,38.0,38.0,38.0,3.652216703316981,3.6522167033169812,3.6522167033169812,3.6522167033169812,1.0,exact,exact,metro_large,Q1_lowest,Constrained Bayesian posterior estimate; not an observed or recovered true suppressed count.
24015,Cecil County,24,Maryland,18.0,18.0,18.0,18.0,2.8703647595750588,2.8703647595750583,2.8703647595750583,2.8703647595750583,0.0,exact,exact,metro_large,Q2,Constrained Bayesian posterior estimate; not an observed or recovered true suppressed count.
24017,Charles County,24,Maryland,40.0,40.0,40.0,40.0,3.9488856244767723,3.9488856244767727,3.9488856244767727,3.9488856244767727,1.0,exact,exact,metro_large,Q1_lowest,Constrained Bayesian posterior estimate; not an observed or recovered true suppressed count.
24019,Dorchester County,24,Maryland,6.602333333333333,7.0,4.0,9.0,3.385568899326885,3.5894858830648055,2.051134790322746,4.615053278226179,0.7713333333333333,suppressed_1_9,suppressed_1_9,nonmetro_adjacent,Q4_highest,Constrained Bayesian posterior estimate; not an observed or recovered true suppressed count.
24021,Frederick County,24,Maryland,38.0,38.0,38.0,38.0,2.2560899586185603,2.2560899586185603,2.2560899586185603,2.2560899586185603,0.0,exact,exact,metro_large,Q1_lowest,Constrained Bayesian posterior estimate; not an observed or recovered true suppressed count.
24023,Garrett County,24,Maryland,5.897083333333334,6.0,4.0,9.0,3.42927451447889,3.489122660107116,2.326081773404744,5.233683990160674,0.5827222222222223,suppressed_1_9,suppressed_1_9,nonmetro_adjacent,Q2,Constrained Bayesian posterior estimate; not an observed or recovered true suppressed count.
24025,Harford County,24,Maryland,32.0,32.0,32.0,32.0,2.0391932951324456,2.0391932951324456,2.0391932951324456,2.0391932951324456,0.0,exact,exact,metro_large,Q1_lowest,Constrained Bayesian posterior estimate; not an observed or recovered true suppressed count.
24027,Howard County,24,Maryland,24.0,24.0,24.0,24.0,1.2003006753191674,1.2003006753191674,1.2003006753191674,1.2003006753191674,0.0,exact,exact,metro_large,Q1_lowest,Constrained Bayesian posterior estimate; not an observed or recovered true suppressed count.
24029,Kent County,24,Maryland,3.9368333333333334,4.0,3.0,6.0,3.3919504181600955,3.4463744141163497,2.584780810587262,5.169561621174524,0.6057222222222223,suppressed_1_9,suppressed_1_9,nonmetro_adjacent,Q2,Constrained Bayesian posterior estimate; not an observed or recovered true suppressed count.
24031,Montgomery County,24,Maryland,149.0,149.0,149.0,149.0,2.346235370868165,2.3462353708681656,2.3462353708681656,2.3462353708681656,0.0,exact,exact,metro_large,Q2,Constrained Bayesian posterior estimate; not an observed or recovered true suppressed count.
24033,Prince George's County,24,Maryland,201.0,201.0,201.0,201.0,3.5668179458855165,3.5668179458855156,3.5668179458855156,3.5668179458855156,1.0,exact,exact,metro_large,Q4_highest,Constrained Bayesian posterior estimate; not an observed or recovered true suppressed count.
24035,Queen Anne's County,24,Maryland,6.006944444444445,6.0,4.0,9.0,1.9361438711130734,1.9339055544990702,1.2892703696660468,2.900858331748605,0.0,suppressed_1_9,suppressed_1_9,metro_large,Q1_lowest,Constrained Bayesian posterior estimate; not an observed or recovered true suppressed count.
24037,St. Mary's County,24,Maryland,20.0,20.0,20.0,20.0,2.901527944615635,2.9015279446156343,2.9015279446156343,2.9015279446156343,0.0,exact,exact,metro_other,Q1_lowest,Constrained Bayesian posterior estimate; not an observed or recovered true suppressed count.
24039,Somerset County,24,Maryland,2.742472222222222,3.0,2.0,5.0,1.8240586778997154,1.9953441968739607,1.3302294645826405,3.3255736614566014,0.042388888888888886,suppressed_1_9,suppressed_1_9,metro_other,Q4_highest,Constrained Bayesian posterior estimate; not an observed or recovered true suppressed count.
24041,Talbot County,24,Maryland,4.91325,5.0,3.0,8.0,2.176142051041288,2.2145647494441443,1.3287388496664865,3.5433035991106308,0.12633333333333333,suppressed_1_9,suppressed_1_9,nonmetro_adjacent,Q2,Constrained Bayesian posterior estimate; not an observed or recovered true suppressed count.
24043,Washington County,24,Maryland,21.0,21.0,21.0,21.0,2.2683991475139966,2.2683991475139966,2.2683991475139966,2.2683991475139966,0.0,exact,exact,metro_other,Q3,Constrained Bayesian posterior estimate; not an observed or recovered true suppressed count.
24045,Wicomico County,24,Maryland,18.0,18.0,18.0,18.0,2.8691111493659274,2.8691111493659265,2.8691111493659265,2.8691111493659265,0.0,exact,exact,metro_other,Q4_highest,Constrained Bayesian posterior estimate; not an observed or recovered true suppressed count.
24047,Worcester County,24,Maryland,7.901083333333333,8.0,6.0,9.0,2.467661924616498,2.4985555225885037,1.8739166419413777,2.8108749629120666,0.0,suppressed_1_9,suppressed_1_9,nonmetro_adjacent,Q2,Constrained Bayesian posterior estimate; not an observed or recovered true suppressed count.
24510,Baltimore City,24,Maryland,208.0,208.0,208.0,208.0,6.0123252667969345,6.012325266796934,6.012325266796934,6.012325266796934,1.0,exact,exact,metro_large,Q4_highest,Constrained Bayesian posterior estimate; not an observed or recovered true suppressed count.
25001,Barnstable County,25,Massachusetts,42.0,42.0,42.0,42.0,3.0988831477569625,3.098883147756962,3.098883147756962,3.098883147756962,1.0,exact,exact,metro_other,Q1_lowest,Constrained Bayesian posterior estimate; not an observed or recovered true suppressed count.
25003,Berkshire County,25,Massachusetts,15.0,15.0,15.0,15.0,1.9696024685684275,1.9696024685684272,1.9696024685684272,1.9696024685684272,0.0,exact,exact,metro_other,Q2,Constrained Bayesian posterior estimate; not an observed or recovered true suppressed count.
25005,Bristol County,25,Massachusetts,72.0,72.0,72.0,72.0,2.079333504300755,2.0793335043007546,2.0793335043007546,2.0793335043007546,0.0,exact,exact,metro_large,Q3,Constrained Bayesian posterior estimate; not an observed or recovered true suppressed count.
25007,Dukes County,25,Massachusetts,3.0,3.0,3.0,3.0,2.528700753552825,2.5287007535528248,2.5287007535528248,2.5287007535528248,0.0,suppressed_1_9,suppressed_1_9,nonmetro_nonadjacent,Q1_lowest,Constrained Bayesian posterior estimate; not an observed or recovered true suppressed count.
25009,Essex County,25,Massachusetts,91.0,91.0,91.0,91.0,1.8847748097982597,1.8847748097982606,1.8847748097982606,1.8847748097982606,0.0,exact,exact,metro_large,Q3,Constrained Bayesian posterior estimate; not an observed or recovered true suppressed count.
25011,Franklin County,25,Massachusetts,15.0,15.0,15.0,15.0,3.537210273001889,3.5372102730018886,3.5372102730018886,3.5372102730018886,1.0,exact,exact,nonmetro_adjacent,Q2,Constrained Bayesian posterior estimate; not an observed or recovered true suppressed count.
25013,Hampden County,25,Massachusetts,70.0,70.0,70.0,70.0,2.5192914744657218,2.5192914744657213,2.5192914744657213,2.5192914744657213,0.0,exact,exact,metro_other,Q4_highest,Constrained Bayesian posterior estimate; not an observed or recovered true suppressed count.
25015,Hampshire County,25,Massachusetts,20.0,20.0,20.0,20.0,2.052772680058955,2.0527726800589554,2.0527726800589554,2.0527726800589554,0.0,exact,exact,metro_other,Q2,Constrained Bayesian posterior estimate; not an observed or recovered true suppressed count.
25017,Middlesex County,25,Massachusetts,141.0,141.0,141.0,141.0,1.4467721743231186,1.4467721743231183,1.4467721743231183,1.4467721743231183,0.0,exact,exact,metro_large,Q2,Constrained Bayesian posterior estimate; not an observed or recovered true suppressed count.
25019,Nantucket County,25,Massachusetts,1.0,1.0,1.0,1.0,1.2376084454400316,1.2376084454400318,1.2376084454400318,1.2376084454400318,0.0,suppressed_1_9,suppressed_1_9,nonmetro_nonadjacent,Q1_lowest,Constrained Bayesian posterior estimate; not an observed or recovered true suppressed count.
25021,Norfolk County,25,Massachusetts,68.0,68.0,68.0,68.0,1.56882758054257,1.5688275805425698,1.5688275805425698,1.5688275805425698,0.0,exact,exact,metro_large,Q2,Constrained Bayesian posterior estimate; not an observed or recovered true suppressed count.
25023,Plymouth County,25,Massachusetts,47.0,47.0,47.0,47.0,1.4740889659736356,1.4740889659736358,1.4740889659736358,1.4740889659736358,0.0,exact,exact,metro_large,Q2,Constrained Bayesian posterior estimate; not an observed or recovered true suppressed count.
25025,Suffolk County,25,Massachusetts,96.0,96.0,96.0,96.0,2.040519618320805,2.0405196183208054,2.0405196183208054,2.0405196183208054,0.0,exact,exact,metro_large,Q4_highest,Constrained Bayesian posterior estimate; not an observed or recovered true suppressed count.
25027,Worcester County,25,Massachusetts,126.0,126.0,126.0,126.0,2.4547507609727357,2.4547507609727357,2.4547507609727357,2.4547507609727357,0.0,exact,exact,metro_other,Q3,Constrained Bayesian posterior estimate; not an observed or recovered true suppressed count.
26001,Alcona County,26,Michigan,0.0,0.0,0.0,0.0,0.0,0.0,0.0,0.0,0.0,zero,zero,nonmetro_nonadjacent,Q1_lowest,Constrained Bayesian posterior estimate; not an observed or recovered true suppressed count.
26003,Alger County,26,Michigan,3.2838055555555554,3.0,3.0,5.0,6.172218776301251,5.638779768058192,5.638779768058192,9.397966280096988,1.0,suppressed_1_9,suppressed_1_9,nonmetro_nonadjacent,Q2,Constrained Bayesian posterior estimate; not an observed or recovered true suppressed count.
26005,Allegan County,26,Michigan,20.0,20.0,20.0,20.0,2.7642024723026917,2.7642024723026912,2.7642024723026912,2.7642024723026912,0.0,exact,exact,nonmetro_adjacent,Q1_lowest,Constrained Bayesian posterior estimate; not an observed or recovered true suppressed count.
26007,Alpena County,26,Michigan,11.0,11.0,11.0,11.0,6.3882920030199175,6.388292003019919,6.388292003019919,6.388292003019919,1.0,exact,exact,nonmetro_nonadjacent,Q2,Constrained Bayesian posterior estimate; not an observed or recovered true suppressed count.
26009,Antrim County,26,Michigan,3.8658888888888887,4.0,3.0,6.0,2.6887528786262966,2.782028098483795,2.086521073862846,4.173042147725692,0.216,suppressed_1_9,suppressed_1_9,nonmetro_adjacent,Q1_lowest,Constrained Bayesian posterior estimate; not an observed or recovered true suppressed count.
26011,Arenac County,26,Michigan,0.0,0.0,0.0,0.0,0.0,0.0,0.0,0.0,0.0,zero,zero,nonmetro_adjacent,Q2,Constrained Bayesian posterior estimate; not an observed or recovered true suppressed count.
26013,Baraga County,26,Michigan,1.0551944444444445,1.0,1.0,2.0,2.1384452911082277,2.0265888456549934,2.0265888456549934,4.053177691309987,0.05311111111111111,suppressed_1_9,suppressed_1_9,nonmetro_nonadjacent,Q2,Constrained Bayesian posterior estimate; not an observed or recovered true suppressed count.
26015,Barry County,26,Michigan,7.0537777777777775,7.0,5.0,9.0,1.8661281456593506,1.8519008439376703,1.322786317098336,2.3810153707770048,0.0,suppressed_1_9,suppressed_1_9,metro_large,Q1_lowest,Constrained Bayesian posterior estimate; not an observed or recovered true suppressed count.
26017,Bay County,26,Michigan,33.0,33.0,33.0,33.0,5.353058542994792,5.353058542994793,5.353058542994793,5.353058542994793,1.0,exact,exact,metro_other,Q2,Constrained Bayesian posterior estimate; not an observed or recovered true suppressed count.
26019,Benzie County,26,Michigan,3.607666666666667,3.0,3.0,6.0,3.3067825247405263,2.7497960567924546,2.7497960567924546,5.499592113584909,0.44208333333333333,suppressed_1_9,suppressed_1_9,metro_other,Q1_lowest,Constrained Bayesian posterior estimate; not an observed or recovered true suppressed count.
26021,Berrien County,26,Michigan,34.0,34.0,34.0,34.0,3.706162366973297,3.7061623669732975,3.7061623669732975,3.7061623669732975,1.0,exact,exact,metro_other,Q3,Constrained Bayesian posterior estimate; not an observed or recovered true suppressed count.
26023,Branch County,26,Michigan,1.353388888888889,1.0,1.0,3.0,0.505261682037523,0.3733307449068353,0.3733307449068353,1.1199922347205058,0.0,suppressed_1_9,suppressed_1_9,nonmetro_adjacent,Q3,Constrained Bayesian posterior estimate; not an observed or recovered true suppressed count.
26025,Calhoun County,26,Michigan,22.0,22.0,22.0,22.0,2.7431489854089413,2.7431489854089413,2.7431489854089413,2.7431489854089413,0.0,exact,exact,metro_other,Q3,Constrained Bayesian posterior estimate; not an observed or recovered true suppressed count.
26027,Cass County,26,Michigan,16.0,16.0,16.0,16.0,5.170480434578879,5.170480434578881,5.170480434578881,5.170480434578881,1.0,exact,exact,metro_other,Q1_lowest,Constrained Bayesian posterior estimate; not an observed or recovered true suppressed count.
26029,Charlevoix County,26,Michigan,2.5166944444444446,2.0,2.0,4.0,1.6041037691419162,1.274770381984945,1.274770381984945,2.54954076396989,0.01927777777777778,suppressed_1_9,suppressed_1_9,nonmetro_nonadjacent,Q1_lowest,Constrained Bayesian posterior estimate; not an observed or recovered true suppressed count.
26031,Cheboygan County,26,Michigan,4.043888888888889,4.0,3.0,7.0,2.6200323229705456,2.5915967475460815,1.9436975606595615,4.535294308205644,0.2793333333333333,suppressed_1_9,suppressed_1_9,nonmetro_nonadjacent,Q2,Constrained Bayesian posterior estimate; not an observed or recovered true suppressed count.
26033,Chippewa County,26,Michigan,4.297805555555556,4.0,3.0,7.0,1.954143105198199,1.8187357058740616,1.3640517794055462,3.1827874852796083,0.05397222222222222,suppressed_1_9,suppressed_1_9,nonmetro_nonadjacent,Q3,Constrained Bayesian posterior estimate; not an observed or recovered true suppressed count.
26035,Clare County,26,Michigan,4.308638888888889,4.0,3.0,7.0,2.3058235829630305,2.1406515072862424,1.605488630464682,3.7461401377509245,0.15344444444444444,suppressed_1_9,suppressed_1_9,nonmetro_adjacent,Q3,Constrained Bayesian posterior estimate; not an observed or recovered true suppressed count.
26037,Clinton County,26,Michigan,10.0,10.0,10.0,10.0,2.090773000593779,2.0907730005937792,2.0907730005937792,2.0907730005937792,0.0,exact,exact,metro_other,Q1_lowest,Constrained Bayesian posterior estimate; not an observed or recovered true suppressed count.
26039,Crawford County,26,Michigan,0.0,0.0,0.0,0.0,0.0,0.0,0.0,0.0,0.0,zero,zero,nonmetro_nonadjacent,Q2,Constrained Bayesian posterior estimate; not an observed or recovered true suppressed count.
26041,Delta County,26,Michigan,5.696722222222222,6.0,4.0,9.0,2.607911656391788,2.7467496795458706,1.8311664530305805,4.120124519318806,0.2529722222222222,suppressed_1_9,suppressed_1_9,nonmetro_nonadjacent,Q2,Constrained Bayesian posterior estimate; not an observed or recovered true suppressed count.
26043,Dickinson County,26,Michigan,2.5615,2.0,2.0,5.0,1.6634305047763154,1.2987940697062776,1.2987940697062776,3.2469851742656943,0.025611111111111112,suppressed_1_9,suppressed_1_9,nonmetro_nonadjacent,Q1_lowest,Constrained Bayesian posterior estimate; not an observed or recovered true suppressed count.
26045,Eaton County,26,Michigan,14.0,14.0,14.0,14.0,2.1319818598800606,2.131981859880061,2.131981859880061,2.131981859880061,0.0,exact,exact,metro_other,Q1_lowest,Constrained Bayesian posterior estimate; not an observed or recovered true suppressed count.
26047,Emmet County,26,Michigan,5.582888888888889,5.0,4.0,8.0,2.74725485017931,2.4604240786942038,1.9683392629553629,3.9366785259107258,0.47194444444444444,suppressed_1_9,suppressed_1_9,nonmetro_nonadjacent,Q1_lowest,Constrained Bayesian posterior estimate; not an observed or recovered true suppressed count.
26049,Genesee County,26,Michigan,82.0,82.0,82.0,82.0,3.387591253239385,3.387591253239384,3.387591253239384,3.387591253239384,1.0,exact,exact,metro_other,Q3,Constrained Bayesian posterior estimate; not an observed or recovered true suppressed count.
26051,Gladwin County,26,Michigan,0.0,0.0,0.0,0.0,0.0,0.0,0.0,0.0,0.0,zero,zero,nonmetro_adjacent,Q3,Constrained Bayesian posterior estimate; not an observed or recovered true suppressed count.
26053,Gogebic County,26,Michigan,2.2482777777777776,2.0,2.0,4.0,2.646963405987636,2.3546586922225625,2.3546586922225625,4.709317384445125,0.21533333333333332,suppressed_1_9,suppressed_1_9,nonmetro_nonadjacent,Q1_lowest,Constrained Bayesian posterior estimate; not an observed or recovered true suppressed count.
26055,Grand Traverse County,26,Michigan,13.0,13.0,13.0,13.0,2.2725286251201813,2.2725286251201817,2.2725286251201817,2.2725286251201817,0.0,exact,exact,metro_other,Q1_lowest,Constrained Bayesian posterior estimate; not an observed or recovered true suppressed count.
26057,Gratiot County,26,Michigan,4.128361111111111,4.0,3.0,7.0,1.675620839162227,1.623521580660611,1.217641185495458,2.841162766156069,0.008194444444444445,suppressed_1_9,suppressed_1_9,nonmetro_adjacent,Q2,Constrained Bayesian posterior estimate; not an observed or recovered true suppressed count.
26059,Hillsdale County,26,Michigan,17.0,17.0,17.0,17.0,6.210091032628551,6.21009103262855,6.21009103262855,6.21009103262855,1.0,exact,exact,nonmetro_adjacent,Q2,Constrained Bayesian posterior estimate; not an observed or recovered true suppressed count.
26061,Houghton County,26,Michigan,5.226083333333333,5.0,4.0,8.0,2.3669070070079132,2.2645132655187097,1.8116106124149673,3.6232212248299347,0.134,suppressed_1_9,suppressed_1_9,nonmetro_nonadjacent,Q2,Constrained Bayesian posterior estimate; not an observed or recovered true suppressed count.
26063,Huron County,26,Michigan,2.706916666666667,2.0,2.0,5.0,1.4565766793477575,1.0761887850366711,1.0761887850366711,2.6904719625916775,0.010055555555555555,suppressed_1_9,suppressed_1_9,nonmetro_nonadjacent,Q1_lowest,Constrained Bayesian posterior estimate; not an observed or recovered true suppressed count.
26065,Ingham County,26,Michigan,52.0,52.0,52.0,52.0,3.0123605262593847,3.0123605262593838,3.0123605262593838,3.0123605262593838,1.0,exact,exact,metro_other,Q3,Constrained Bayesian posterior estimate; not an observed or recovered true suppressed count.
26067,Ionia County,26,Michigan,11.0,11.0,11.0,11.0,2.7794061167148434,2.779406116714843,2.779406116714843,2.779406116714843,0.0,exact,exact,metro_large,Q2,Constrained Bayesian posterior estimate; not an observed or recovered true suppressed count.
26069,Iosco County,26,Michigan,4.012972222222222,4.0,3.0,7.0,2.6420079018652998,2.6334674207161712,1.9751005655371288,4.6085679862533,0.2717777777777778,suppressed_1_9,suppressed_1_9,nonmetro_nonadjacent,Q2,Constrained Bayesian posterior estimate; not an observed or recovered true suppressed count.
26071,Iron County,26,Michigan,3.4153055555555554,3.0,3.0,5.0,4.961366622440449,4.358058049333217,4.358058049333217,7.263430082222028,1.0,suppressed_1_9,suppressed_1_9,nonmetro_nonadjacent,Q2,Constrained Bayesian posterior estimate; not an observed or recovered true suppressed count.
26073,Isabella County,26,Michigan,6.807305555555556,7.0,4.0,9.0,1.7111263606590708,1.7595632261340384,1.005464700648022,2.2622955764580492,0.0,suppressed_1_9,suppressed_1_9,nonmetro_adjacent,Q3,Constrained Bayesian posterior estimate; not an observed or recovered true suppressed count.
26075,Jackson County,26,Michigan,35.0,35.0,35.0,35.0,3.6641425958670557,3.6641425958670566,3.6641425958670566,3.6641425958670566,1.0,exact,exact,metro_other,Q3,Constrained Bayesian posterior estimate; not an observed or recovered true suppressed count.
26077,Kalamazoo County,26,Michigan,47.0,47.0,47.0,47.0,2.9740623793764605,2.9740623793764596,2.9740623793764596,2.9740623793764596,1.0,exact,exact,metro_other,Q2,Constrained Bayesian posterior estimate; not an observed or recovered true suppressed count.
26079,Kalkaska County,26,Michigan,2.370361111111111,2.0,2.0,4.0,2.168475995893433,1.8296587686396488,1.8296587686396488,3.6593175372792976,0.05925,suppressed_1_9,suppressed_1_9,metro_other,Q2,Constrained Bayesian posterior estimate; not an observed or recovered true suppressed count.
26081,Kent County,26,Michigan,143.0,143.0,143.0,143.0,3.6046046177253785,3.6046046177253785,3.6046046177253785,3.6046046177253785,1.0,exact,exact,metro_large,Q2,Constrained Bayesian posterior estimate; not an observed or recovered true suppressed count.
26083,Keweenaw County,26,Michigan,0.0,0.0,0.0,0.0,0.0,0.0,0.0,0.0,0.0,zero,zero,nonmetro_nonadjacent,Q1_lowest,Constrained Bayesian posterior estimate; not an observed or recovered true suppressed count.
26085,Lake County,26,Michigan,2.322138888888889,2.0,2.0,4.0,3.1345944154221583,2.699747573601868,2.699747573601868,5.399495147203736,0.2697222222222222,suppressed_1_9,suppressed_1_9,nonmetro_nonadjacent,Q3,Constrained Bayesian posterior estimate; not an observed or recovered true suppressed count.
26087,Lapeer County,26,Michigan,7.449222222222223,8.0,5.0,9.0,1.4037126370359205,1.5074998115625236,0.9421873822265772,1.695937288007839,0.0,suppressed_1_9,suppressed_1_9,metro_large,Q1_lowest,Constrained Bayesian posterior estimate; not an observed or recovered true suppressed count.
26089,Leelanau County,26,Michigan,2.427722222222222,2.0,2.0,4.0,1.799819272592779,1.4827225751925688,1.4827225751925688,2.9654451503851376,0.07397222222222222,suppressed_1_9,suppressed_1_9,metro_other,Q1_lowest,Constrained Bayesian posterior estimate; not an observed or recovered true suppressed count.
26091,Lenawee County,26,Michigan,21.0,21.0,21.0,21.0,3.5650744930803597,3.5650744930803597,3.5650744930803597,3.5650744930803597,1.0,exact,exact,nonmetro_adjacent,Q2,Constrained Bayesian posterior estimate; not an observed or recovered true suppressed count.
26093,Livingston County,26,Michigan,19.0,19.0,19.0,19.0,1.6249899507200423,1.6249899507200418,1.6249899507200418,1.6249899507200418,0.0,exact,exact,metro_large,Q1_lowest,Constrained Bayesian posterior estimate; not an observed or recovered true suppressed count.
26095,Luce County,26,Michigan,2.149277777777778,2.0,2.0,3.0,6.010788874284133,5.59331040076069,5.59331040076069,8.389965601141036,1.0,suppressed_1_9,suppressed_1_9,nonmetro_nonadjacent,Q3,Constrained Bayesian posterior estimate; not an observed or recovered true suppressed count.
26097,Mackinac County,26,Michigan,1.1057777777777777,1.0,1.0,2.0,1.6887259892757756,1.5271838729383018,1.5271838729383018,3.0543677458766036,0.09825,suppressed_1_9,suppressed_1_9,nonmetro_nonadjacent,Q3,Constrained Bayesian posterior estimate; not an observed or recovered true suppressed count.
26099,Macomb County,26,Michigan,144.0,144.0,144.0,144.0,2.7391913222418913,2.7391913222418913,2.7391913222418913,2.7391913222418913,0.0,exact,exact,metro_large,Q2,Constrained Bayesian posterior estimate; not an observed or recovered true suppressed count.
26101,Manistee County,26,Michigan,7.483416666666667,7.0,6.0,9.0,4.955445631972312,4.6353318235395395,3.973141563033891,5.959712344550836,1.0,suppressed_1_9,suppressed_1_9,nonmetro_adjacent,Q2,Constrained Bayesian posterior estimate; not an observed or recovered true suppressed count.
26103,Marquette County,26,Michigan,11.0,11.0,11.0,11.0,2.7481106739116847,2.7481106739116856,2.7481106739116856,2.7481106739116856,0.0,exact,exact,nonmetro_nonadjacent,Q1_lowest,Constrained Bayesian posterior estimate; not an observed or recovered true suppressed count.
26105,Mason County,26,Michigan,10.0,10.0,10.0,10.0,5.702814909439298,5.702814909439299,5.702814909439299,5.702814909439299,1.0,exact,exact,nonmetro_nonadjacent,Q2,Constrained Bayesian posterior estimate; not an observed or recovered true suppressed count.
26107,Mecosta County,26,Michigan,4.482833333333334,4.0,3.0,7.0,1.7848729413607163,1.5926293115461645,1.1944719836596231,2.7871012952057876,0.023583333333333335,suppressed_1_9,suppressed_1_9,nonmetro_adjacent,Q3,Constrained Bayesian posterior estimate; not an observed or recovered true suppressed count.
26109,Menominee County,26,Michigan,3.7904444444444443,4.0,3.0,6.0,2.747734250909361,2.8996433438687044,2.174732507901528,4.349465015803056,0.19186111111111112,suppressed_1_9,suppressed_1_9,nonmetro_nonadjacent,Q1_lowest,Constrained Bayesian posterior estimate; not an observed or recovered true suppressed count.
26111,Midland County,26,Michigan,5.4558333333333335,5.0,3.0,9.0,1.0872763917370316,0.9964347564414525,0.5978608538648714,1.7935825615946144,0.0,suppressed_1_9,suppressed_1_9,metro_other,Q1_lowest,Constrained Bayesian posterior estimate; not an observed or recovered true suppressed count.
26113,Missaukee County,26,Michigan,1.2017222222222221,1.0,1.0,2.0,1.3182126764391495,1.0969362570341037,1.0969362570341037,2.1938725140682074,0.020416666666666666,suppressed_1_9,suppressed_1_9,nonmetro_adjacent,Q2,Constrained Bayesian posterior estimate; not an observed or recovered true suppressed count.
26115,Monroe County,26,Michigan,33.0,33.0,33.0,33.0,3.575139132497908,3.5751391324979065,3.5751391324979065,3.5751391324979065,1.0,exact,exact,metro_other,Q1_lowest,Constrained Bayesian posterior estimate; not an observed or recovered true suppressed count.
26117,Montcalm County,26,Michigan,18.0,18.0,18.0,18.0,4.505801219069553,4.505801219069553,4.505801219069553,4.505801219069553,1.0,exact,exact,metro_large,Q2,Constrained Bayesian posterior estimate; not an observed or recovered true suppressed count.
26119,Montmorency County,26,Michigan,4.471694444444444,4.0,4.0,6.0,7.839988857135623,7.01299156687764,7.01299156687764,10.519487350316462,1.0,suppressed_1_9,suppressed_1_9,nonmetro_nonadjacent,Q2,Constrained Bayesian posterior estimate; not an observed or recovered true suppressed count.
26121,Muskegon County,26,Michigan,53.0,53.0,53.0,53.0,5.0259976842478595,5.0259976842478595,5.0259976842478595,5.0259976842478595,1.0,exact,exact,metro_other,Q3,Constrained Bayesian posterior estimate; not an observed or recovered true suppressed count.
26123,Newaygo County,26,Michigan,6.297055555555556,6.0,4.0,9.0,2.084275741440728,1.9859526946068145,1.3239684630712096,2.978929041910222,0.07708333333333334,suppressed_1_9,suppressed_1_9,nonmetro_adjacent,Q3,Constrained Bayesian posterior estimate; not an observed or recovered true suppressed count.
26125,Oakland County,26,Michigan,219.0,219.0,219.0,219.0,2.8748438690672704,2.8748438690672704,2.8748438690672704,2.8748438690672704,0.0,exact,exact,metro_large,Q1_lowest,Constrained Bayesian posterior estimate; not an observed or recovered true suppressed count.
26127,Oceana County,26,Michigan,6.652,7.0,5.0,9.0,4.1299070584656254,4.345963531157454,3.104259665112467,5.587667397202441,1.0,suppressed_1_9,suppressed_1_9,nonmetro_adjacent,Q3,Constrained Bayesian posterior estimate; not an observed or recovered true suppressed count.
26129,Ogemaw County,26,Michigan,2.4715833333333332,2.0,2.0,4.0,1.967962141660894,1.5924707980667403,1.5924707980667403,3.1849415961334806,0.08847222222222222,suppressed_1_9,suppressed_1_9,nonmetro_nonadjacent,Q2,Constrained Bayesian posterior estimate; not an observed or recovered true suppressed count.
26131,Ontonagon County,26,Michigan,2.143638888888889,2.0,2.0,3.0,6.15333952087978,5.7410224761029935,5.7410224761029935,8.61153371415449,1.0,suppressed_1_9,suppressed_1_9,nonmetro_nonadjacent,Q1_lowest,Constrained Bayesian posterior estimate; not an observed or recovered true suppressed count.
26133,Osceola County,26,Michigan,2.657611111111111,2.0,2.0,5.0,1.8966814715428393,1.4273581741234238,1.4273581741234238,3.5683954353085587,0.03641666666666667,suppressed_1_9,suppressed_1_9,nonmetro_nonadjacent,Q3,Constrained Bayesian posterior estimate; not an observed or recovered true suppressed count.
26135,Oscoda County,26,Michigan,1.1373055555555556,1.0,1.0,2.0,2.2536521461518984,1.9815713861091848,1.9815713861091848,3.9631427722183696,0.12597222222222224,suppressed_1_9,suppressed_1_9,nonmetro_nonadjacent,Q3,Constrained Bayesian posterior estimate; not an observed or recovered true suppressed count.
26137,Otsego County,26,Michigan,3.9326944444444445,4.0,3.0,6.0,2.5839670191361432,2.6281899655707113,1.9711424741780337,3.9422849483560674,0.2406388888888889,suppressed_1_9,suppressed_1_9,nonmetro_nonadjacent,Q2,Constrained Bayesian posterior estimate; not an observed or recovered true suppressed count.
26139,Ottawa County,26,Michigan,51.0,51.0,51.0,51.0,2.8394823901983295,2.8394823901983295,2.8394823901983295,2.8394823901983295,0.0,exact,exact,metro_large,Q1_lowest,Constrained Bayesian posterior estimate; not an observed or recovered true suppressed count.
26141,Presque Isle County,26,Michigan,2.3749444444444445,2.0,2.0,4.0,3.0360039429913894,2.556694705085266,2.556694705085266,5.113389410170532,0.3045555555555556,suppressed_1_9,suppressed_1_9,nonmetro_nonadjacent,Q1_lowest,Constrained Bayesian posterior estimate; not an observed or recovered true suppressed count.
26143,Roscommon County,26,Michigan,6.535527777777777,6.0,5.0,9.0,4.5657972053973195,4.1916711494260905,3.4930592911884086,6.287506724139135,1.0,suppressed_1_9,suppressed_1_9,nonmetro_nonadjacent,Q2,Constrained Bayesian posterior estimate; not an observed or recovered true suppressed count.
26145,Saginaw County,26,Michigan,48.0,48.0,48.0,48.0,4.233461277940846,4.233461277940845,4.233461277940845,4.233461277940845,1.0,exact,exact,metro_other,Q3,Constrained Bayesian posterior estimate; not an observed or recovered true suppressed count.
26147,St. Clair County,26,Michigan,25.0,25.0,25.0,25.0,2.6074069129658004,2.6074069129658004,2.6074069129658004,2.6074069129658004,0.0,exact,exact,metro_large,Q2,Constrained Bayesian posterior estimate; not an observed or recovered true suppressed count.
26149,St. Joseph County,26,Michigan,10.0,10.0,10.0,10.0,2.7360305122122734,2.7360305122122726,2.7360305122122726,2.7360305122122726,0.0,exact,exact,nonmetro_adjacent,Q3,Constrained Bayesian posterior estimate; not an observed or recovered true suppressed count.
26151,Sanilac County,26,Michigan,5.885527777777778,6.0,4.0,9.0,2.4146646554243145,2.4616293524683988,1.6410862349789326,3.692444028702598,0.13130555555555556,suppressed_1_9,suppressed_1_9,nonmetro_adjacent,Q2,Constrained Bayesian posterior estimate; not an observed or recovered true suppressed count.
26153,Schoolcraft County,26,Michigan,2.239361111111111,2.0,2.0,4.0,4.594220936567529,4.103153273290523,4.103153273290523,8.206306546581047,1.0,suppressed_1_9,suppressed_1_9,nonmetro_nonadjacent,Q3,Constrained Bayesian posterior estimate; not an observed or recovered true suppressed count.
26155,Shiawassee County,26,Michigan,10.0,10.0,10.0,10.0,2.452386908177729,2.452386908177729,2.452386908177729,2.452386908177729,0.0,exact,exact,nonmetro_adjacent,Q1_lowest,Constrained Bayesian posterior estimate; not an observed or recovered true suppressed count.
26157,Tuscola County,26,Michigan,6.183194444444444,6.0,4.0,9.0,1.9568371456471618,1.8988603673028905,1.2659069115352604,2.848290550954336,0.0,suppressed_1_9,suppressed_1_9,nonmetro_adjacent,Q2,Constrained Bayesian posterior estimate; not an observed or recovered true suppressed count.
26159,Van Buren County,26,Michigan,12.0,12.0,12.0,12.0,2.64068235231984,2.6406823523198395,2.6406823523198395,2.6406823523198395,0.0,exact,exact,nonmetro_adjacent,Q3,Constrained Bayesian posterior estimate; not an observed or recovered true suppressed count.
26161,Washtenaw County,26,Michigan,58.0,58.0,58.0,58.0,2.62532414831995,2.625324148319951,2.625324148319951,2.625324148319951,0.0,exact,exact,metro_other,Q2,Constrained Bayesian posterior estimate; not an observed or recovered true suppressed count.
26163,Wayne County,26,Michigan,406.0,406.0,406.0,406.0,3.8505102921958785,3.850510292195879,3.850510292195879,3.850510292195879,1.0,exact,exact,metro_large,Q4_highest,Constrained Bayesian posterior estimate; not an observed or recovered true suppressed count.
26165,Wexford County,26,Michigan,3.0060277777777777,3.0,2.0,6.0,1.4731602955005703,1.4702062699396725,0.980137513293115,2.940412539879345,0.028416666666666666,suppressed_1_9,suppressed_1_9,nonmetro_adjacent,Q3,Constrained Bayesian posterior estimate; not an observed or recovered true suppressed count.
27001,Aitkin County,27,Minnesota,1.575888888888889,1.0,1.0,4.0,1.6384106388680952,1.0396739582466938,1.0396739582466938,4.158695832986775,0.12583333333333332,suppressed_1_9,suppressed_1_9,nonmetro_adjacent,Q2,Constrained Bayesian posterior estimate; not an observed or recovered true suppressed count.
27003,Anoka County,27,Minnesota,76.0,76.0,76.0,76.0,3.451399974114501,3.4513999741145005,3.4513999741145005,3.4513999741145005,1.0,exact,exact,metro_large,Q1_lowest,Constrained Bayesian posterior estimate; not an observed or recovered true suppressed count.
27005,Becker County,27,Minnesota,4.1650277777777776,4.0,2.0,8.0,1.9814971634939664,1.9029857846961882,0.9514928923480941,3.8059715693923764,0.08969444444444444,suppressed_1_9,suppressed_1_9,nonmetro_adjacent,Q2,Constrained Bayesian posterior estimate; not an observed or recovered true suppressed count.
27007,Beltrami County,27,Minnesota,7.735666666666667,8.0,5.0,9.0,2.7500779151216963,2.8440500695014737,1.777531293438421,3.1995563281891575,0.3428888888888889,suppressed_1_9,suppressed_1_9,nonmetro_nonadjacent,Q4_highest,Constrained Bayesian posterior estimate; not an observed or recovered true suppressed count.
27009,Benton County,27,Minnesota,6.940666666666667,7.0,4.0,9.0,2.795837529372273,2.8197381671701915,1.6112789526686806,3.625377643504532,0.3804166666666667,suppressed_1_9,suppressed_1_9,metro_other,Q2,Constrained Bayesian posterior estimate; not an observed or recovered true suppressed count.
27011,Big Stone County,27,Minnesota,2.241861111111111,2.0,2.0,4.0,7.3806127114769104,6.584362139917696,6.584362139917696,13.168724279835391,1.0,suppressed_1_9,suppressed_1_9,nonmetro_nonadjacent,Q1_lowest,Constrained Bayesian posterior estimate; not an observed or recovered true suppressed count.
27013,Blue Earth County,27,Minnesota,16.0,16.0,16.0,16.0,3.8506802467323378,3.8506802467323364,3.8506802467323364,3.8506802467323364,1.0,exact,exact,metro_other,Q2,Constrained Bayesian posterior estimate; not an observed or recovered true suppressed count.
27015,Brown County,27,Minnesota,7.379888888888889,7.0,5.0,9.0,4.831857274011608,4.583131457304857,3.2736653266463263,5.892597587963388,1.0,suppressed_1_9,suppressed_1_9,nonmetro_adjacent,Q1_lowest,Constrained Bayesian posterior estimate; not an observed or recovered true suppressed count.
27017,Carlton County,27,Minnesota,5.377166666666667,5.0,3.0,9.0,2.4628958702618853,2.290142767500126,1.3740856605000755,4.122256981500227,0.23294444444444445,suppressed_1_9,suppressed_1_9,metro_other,Q2,Constrained Bayesian posterior estimate; not an observed or recovered true suppressed count.
27019,Carver County,27,Minnesota,18.0,18.0,18.0,18.0,2.752297786388053,2.7522977863880524,2.7522977863880524,2.7522977863880524,0.0,exact,exact,metro_large,Q1_lowest,Constrained Bayesian posterior estimate; not an observed or recovered true suppressed count.
27021,Cass County,27,Minnesota,5.636138888888889,6.0,3.0,9.0,3.054685373473719,3.251891516898996,1.625945758449498,4.877837275348495,0.5011388888888889,suppressed_1_9,suppressed_1_9,nonmetro_nonadjacent,Q2,Constrained Bayesian posterior estimate; not an observed or recovered true suppressed count.
27023,Chippewa County,27,Minnesota,4.060277777777777,4.0,3.0,7.0,5.587281928963503,5.504334663547544,4.128250997660658,9.632585661208202,1.0,suppressed_1_9,suppressed_1_9,nonmetro_nonadjacent,Q3,Constrained Bayesian posterior estimate; not an observed or recovered true suppressed count.
27025,Chisago County,27,Minnesota,16.0,16.0,16.0,16.0,4.61800444482928,4.618004444829278,4.618004444829278,4.618004444829278,1.0,exact,exact,metro_large,Q1_lowest,Constrained Bayesian posterior estimate; not an observed or recovered true suppressed count.
27027,Clay County,27,Minnesota,18.0,18.0,18.0,18.0,4.574088803392955,4.574088803392957,4.574088803392957,4.574088803392957,1.0,exact,exact,metro_other,Q2,Constrained Bayesian posterior estimate; not an observed or recovered true suppressed count.
27029,Clearwater County,27,Minnesota,2.582027777777778,2.0,2.0,5.0,4.933748190044288,3.821607368059006,3.821607368059006,9.554018420147514,1.0,suppressed_1_9,suppressed_1_9,nonmetro_adjacent,Q4_highest,Constrained Bayesian posterior estimate; not an observed or recovered true suppressed count.
27031,Cook County,27,Minnesota,0.0,0.0,0.0,0.0,0.0,0.0,0.0,0.0,0.0,zero,zero,nonmetro_nonadjacent,Q1_lowest,Constrained Bayesian posterior estimate; not an observed or recovered true suppressed count.
27033,Cottonwood County,27,Minnesota,2.6181944444444443,2.0,2.0,5.0,3.8491538436407597,2.940311673037342,2.940311673037342,7.350779182593354,1.0,suppressed_1_9,suppressed_1_9,nonmetro_nonadjacent,Q2,Constrained Bayesian posterior estimate; not an observed or recovered true suppressed count.
27035,Crow Wing County,27,Minnesota,8.3905,9.0,6.0,9.0,2.082717946299362,2.2340100729031955,1.4893400486021302,2.2340100729031955,0.0,suppressed_1_9,suppressed_1_9,nonmetro_adjacent,Q1_lowest,Constrained Bayesian posterior estimate; not an observed or recovered true suppressed count.
27037,Dakota County,27,Minnesota,94.0,94.0,94.0,94.0,3.551454339442716,3.5514543394427163,3.5514543394427163,3.5514543394427163,1.0,exact,exact,metro_large,Q1_lowest,Constrained Bayesian posterior estimate; not an observed or recovered true suppressed count.
27039,Dodge County,27,Minnesota,5.560444444444444,5.0,4.0,8.0,4.407209844447792,3.9630014187545077,3.1704011350036065,6.340802270007213,1.0,suppressed_1_9,suppressed_1_9,metro_other,Q1_lowest,Constrained Bayesian posterior estimate; not an observed or recovered true suppressed count.
27041,Douglas County,27,Minnesota,6.040638888888889,6.0,3.0,9.0,2.567632922111565,2.5503589630240455,1.2751794815120228,3.8255384445360683,0.39158333333333334,suppressed_1_9,suppressed_1_9,nonmetro_adjacent,Q1_lowest,Constrained Bayesian posterior estimate; not an observed or recovered true suppressed count.
27043,Faribault County,27,Minnesota,11.0,11.0,11.0,11.0,13.277327153341055,13.277327153341059,13.277327153341059,13.277327153341059,1.0,exact,exact,nonmetro_adjacent,Q1_lowest,Constrained Bayesian posterior estimate; not an observed or recovered true suppressed count.
27045,Fillmore County,27,Minnesota,5.828666666666667,6.0,4.0,9.0,4.556814243236834,4.690761545136853,3.127174363424569,7.036142317705279,1.0,suppressed_1_9,suppressed_1_9,metro_other,Q1_lowest,Constrained Bayesian posterior estimate; not an observed or recovered true suppressed count.
27047,Freeborn County,27,Minnesota,5.610277777777778,5.0,3.0,9.0,3.066714283718673,2.7331216075128046,1.6398729645076828,4.919618893523048,0.4978611111111111,suppressed_1_9,suppressed_1_9,nonmetro_nonadjacent,Q2,Constrained Bayesian posterior estimate; not an observed or recovered true suppressed count.
27049,Goodhue County,27,Minnesota,8.054361111111112,8.0,6.0,9.0,2.829506882381229,2.8104097577426788,2.107807318307009,3.1617109774605137,0.42133333333333334,suppressed_1_9,suppressed_1_9,nonmetro_adjacent,Q1_lowest,Constrained Bayesian posterior estimate; not an observed or recovered true suppressed count.
27051,Grant County,27,Minnesota,2.2468055555555555,2.0,2.0,4.0,6.149734653224458,5.474202819214452,5.474202819214452,10.948405638428904,1.0,suppressed_1_9,suppressed_1_9,nonmetro_nonadjacent,Q1_lowest,Constrained Bayesian posterior estimate; not an observed or recovered true suppressed count.
27053,Hennepin County,27,Minnesota,290.0,290.0,290.0,290.0,3.8188872947594987,3.8188872947594987,3.8188872947594987,3.8188872947594987,1.0,exact,exact,metro_large,Q2,Constrained Bayesian posterior estimate; not an observed or recovered true suppressed count.
27055,Houston County,27,Minnesota,4.360027777777778,4.0,3.0,7.0,3.9018003452335495,3.579610538373425,2.6847079037800685,6.264318442153493,0.7205555555555555,suppressed_1_9,suppressed_1_9,metro_other,Q1_lowest,Constrained Bayesian posterior estimate; not an observed or recovered true suppressed count.
27057,Hubbard County,27,Minnesota,3.4249444444444443,3.0,2.0,6.0,2.611849558414444,2.287788547330532,1.5251923648870214,4.575577094661064,0.40744444444444444,suppressed_1_9,suppressed_1_9,nonmetro_nonadjacent,Q2,Constrained Bayesian posterior estimate; not an observed or recovered true suppressed count.
27059,Isanti County,27,Minnesota,3.738611111111111,4.0,2.0,7.0,1.4746402202176145,1.577741226772691,0.7888706133863455,2.761047146852209,0.016,suppressed_1_9,suppressed_1_9,metro_large,Q1_lowest,Constrained Bayesian posterior estimate; not an observed or recovered true suppressed count.
27061,Itasca County,27,Minnesota,11.0,11.0,11.0,11.0,4.051863857374392,4.051863857374392,4.051863857374392,4.051863857374392,1.0,exact,exact,nonmetro_adjacent,Q2,Constrained Bayesian posterior estimate; not an observed or recovered true suppressed count.
27063,Jackson County,27,Minnesota,0.0,0.0,0.0,0.0,0.0,0.0,0.0,0.0,0.0,zero,zero,nonmetro_nonadjacent,Q1_lowest,Constrained Bayesian posterior estimate; not an observed or recovered true suppressed count.
27065,Kanabec County,27,Minnesota,2.9585,3.0,2.0,5.0,3.0009636354414972,3.0430592889384798,2.028706192625653,5.071765481564132,0.5905,suppressed_1_9,suppressed_1_9,nonmetro_adjacent,Q2,Constrained Bayesian posterior estimate; not an observed or recovered true suppressed count.
27067,Kandiyohi County,27,Minnesota,19.0,19.0,19.0,19.0,7.24024662566401,7.240246625664007,7.240246625664007,7.240246625664007,1.0,exact,exact,nonmetro_adjacent,Q3,Constrained Bayesian posterior estimate; not an observed or recovered true suppressed count.
27069,Kittson County,27,Minnesota,1.0985833333333332,1.0,1.0,2.0,4.435315649938766,4.037304695385361,4.037304695385361,8.074609390770721,1.0,suppressed_1_9,suppressed_1_9,nonmetro_nonadjacent,Q1_lowest,Constrained Bayesian posterior estimate; not an observed or recovered true suppressed count.
27071,Koochiching County,27,Minnesota,4.041138888888889,4.0,3.0,7.0,5.658431892364515,5.600828922680557,4.200621692010418,9.801450614690975,1.0,suppressed_1_9,suppressed_1_9,nonmetro_nonadjacent,Q2,Constrained Bayesian posterior estimate; not an observed or recovered true suppressed count.
27073,Lac qui Parle County,27,Minnesota,2.3171666666666666,2.0,2.0,4.0,5.823636348404501,5.026514865917716,5.026514865917716,10.053029731835432,1.0,suppressed_1_9,suppressed_1_9,nonmetro_nonadjacent,Q1_lowest,Constrained Bayesian posterior estimate; not an observed or recovered true suppressed count.
27075,Lake County,27,Minnesota,2.587666666666667,2.0,2.0,5.0,3.995902694133027,3.08842150776738,3.08842150776738,7.721053769418451,1.0,suppressed_1_9,suppressed_1_9,nonmetro_adjacent,Q1_lowest,Constrained Bayesian posterior estimate; not an observed or recovered true suppressed count.
27077,Lake of the Woods County,27,Minnesota,2.1735,2.0,2.0,3.0,9.548389931028419,8.786188112287483,8.786188112287483,13.179282168431227,1.0,suppressed_1_9,suppressed_1_9,nonmetro_nonadjacent,Q1_lowest,Constrained Bayesian posterior estimate; not an observed or recovered true suppressed count.
27079,Le Sueur County,27,Minnesota,6.057305555555556,6.0,4.0,9.0,3.47452063874469,3.4416496974216306,2.2944331316144204,5.162474546132446,0.6135833333333334,suppressed_1_9,suppressed_1_9,metro_large,Q1_lowest,Constrained Bayesian posterior estimate; not an observed or recovered true suppressed count.
27081,Lincoln County,27,Minnesota,0.0,0.0,0.0,0.0,0.0,0.0,0.0,0.0,0.0,zero,zero,nonmetro_nonadjacent,Q1_lowest,Constrained Bayesian posterior estimate; not an observed or recovered true suppressed count.
27083,Lyon County,27,Minnesota,6.642166666666666,7.0,4.0,9.0,4.362900294706235,4.597942749044285,2.6273958565967344,5.911640677342652,0.9356388888888889,suppressed_1_9,suppressed_1_9,nonmetro_nonadjacent,Q3,Constrained Bayesian posterior estimate; not an observed or recovered true suppressed count.
27085,McLeod County,27,Minnesota,5.660388888888889,6.0,3.0,9.0,2.5891805709935136,2.7445258145523908,1.3722629072761954,4.116788721828586,0.3025,suppressed_1_9,suppressed_1_9,nonmetro_adjacent,Q1_lowest,Constrained Bayesian posterior estimate; not an observed or recovered true suppressed count.
27087,Mahnomen County,27,Minnesota,2.3403055555555556,2.0,2.0,4.0,7.241492529103148,6.188501763723003,6.188501763723003,12.377003527446005,1.0,suppressed_1_9,suppressed_1_9,nonmetro_adjacent,Q4_highest,Constrained Bayesian posterior estimate; not an observed or recovered true suppressed count.
27089,Marshall County,27,Minnesota,1.2315277777777778,1.0,1.0,3.0,2.276938594815349,1.8488731118383346,1.8488731118383346,5.546619335515003,0.19908333333333333,suppressed_1_9,suppressed_1_9,nonmetro_adjacent,Q1_lowest,Constrained Bayesian posterior estimate; not an observed or recovered true suppressed count.
27091,Martin County,27,Minnesota,6.111694444444445,6.0,4.0,9.0,5.181597663793509,5.0869012293344635,3.3912674862229757,7.630351844001695,1.0,suppressed_1_9,suppressed_1_9,nonmetro_adjacent,Q2,Constrained Bayesian posterior estimate; not an observed or recovered true suppressed count.
27093,Meeker County,27,Minnesota,6.058777777777777,6.0,4.0,9.0,4.314877063709106,4.273017319963537,2.8486782133090247,6.409525979945306,0.8648333333333333,suppressed_1_9,suppressed_1_9,nonmetro_adjacent,Q1_lowest,Constrained Bayesian posterior estimate; not an observed or recovered true suppressed count.
27095,Mille Lacs County,27,Minnesota,4.991777777777778,5.0,3.0,8.0,3.0894684650858295,3.094557292633716,1.8567343755802297,4.951291668213945,0.5778055555555556,suppressed_1_9,suppressed_1_9,metro_large,Q3,Constrained Bayesian posterior estimate; not an observed or recovered true suppressed count.
27097,Morrison County,27,Minnesota,7.675166666666667,8.0,5.0,9.0,3.770080050037414,3.929639799391888,2.4560248746199305,4.420844774315874,0.9610833333333333,suppressed_1_9,suppressed_1_9,nonmetro_adjacent,Q1_lowest,Constrained Bayesian posterior estimate; not an observed or recovered true suppressed count.
27099,Mower County,27,Minnesota,13.0,13.0,13.0,13.0,5.383736147232758,5.383736147232759,5.383736147232759,5.383736147232759,1.0,exact,exact,nonmetro_adjacent,Q3,Constrained Bayesian posterior estimate; not an observed or recovered true suppressed count.
27101,Murray County,27,Minnesota,1.1821388888888889,1.0,1.0,2.0,2.430084465092482,2.055667475229207,2.055667475229207,4.111334950458414,0.16105555555555556,suppressed_1_9,suppressed_1_9,nonmetro_nonadjacent,Q1_lowest,Constrained Bayesian posterior estimate; not an observed or recovered true suppressed count.
27103,Nicollet County,27,Minnesota,5.231833333333333,5.0,3.0,9.0,2.536474291846049,2.4240778807741536,1.4544467284644922,4.363340185393477,0.206,suppressed_1_9,suppressed_1_9,metro_other,Q1_lowest,Constrained Bayesian posterior estimate; not an observed or recovered true suppressed count.
27105,Nobles County,27,Minnesota,6.506194444444445,6.0,4.0,9.0,4.979370169401012,4.5919655908711725,3.061310393914115,6.887948386306759,1.0,suppressed_1_9,suppressed_1_9,nonmetro_nonadjacent,Q4_highest,Constrained Bayesian posterior estimate; not an observed or recovered true suppressed count.
27107,Norman County,27,Minnesota,3.48225,3.0,3.0,5.0,9.135208163907762,7.870091030719589,7.870091030719589,13.116818384532648,1.0,suppressed_1_9,suppressed_1_9,nonmetro_adjacent,Q2,Constrained Bayesian posterior estimate; not an observed or recovered true suppressed count.
27109,Olmsted County,27,Minnesota,39.0,39.0,39.0,39.0,3.9948579008558203,3.994857900855821,3.994857900855821,3.994857900855821,1.0,exact,exact,metro_other,Q1_lowest,Constrained Bayesian posterior estimate; not an observed or recovered true suppressed count.
27111,Otter Tail County,27,Minnesota,18.0,18.0,18.0,18.0,5.006090743738214,5.0060907437382145,5.0060907437382145,5.0060907437382145,1.0,exact,exact,nonmetro_adjacent,Q2,Constrained Bayesian posterior estimate; not an observed or recovered true suppressed count.
27113,Pennington County,27,Minnesota,2.6284722222222223,2.0,2.0,5.0,3.1674445944064185,2.4101031524149232,2.4101031524149232,6.025257881037308,0.4512777777777778,suppressed_1_9,suppressed_1_9,nonmetro_adjacent,Q1_lowest,Constrained Bayesian posterior estimate; not an observed or recovered true suppressed count.
27115,Pine County,27,Minnesota,7.659527777777778,8.0,5.0,9.0,4.298227729081479,4.489287437851427,2.805804648657142,5.050448367582855,0.9582222222222222,suppressed_1_9,suppressed_1_9,nonmetro_adjacent,Q2,Constrained Bayesian posterior estimate; not an observed or recovered true suppressed count.
27117,Pipestone County,27,Minnesota,1.2539166666666666,1.0,1.0,3.0,2.269121727590783,1.8096272167933405,1.8096272167933405,5.428881650380022,0.2118611111111111,suppressed_1_9,suppressed_1_9,nonmetro_adjacent,Q1_lowest,Constrained Bayesian posterior estimate; not an observed or recovered true suppressed count.
27119,Polk County,27,Minnesota,7.509972222222222,8.0,5.0,9.0,4.068747580804879,4.334234492921653,2.708896558076033,4.87601380453686,0.9464444444444444,suppressed_1_9,suppressed_1_9,metro_other,Q2,Constrained Bayesian posterior estimate; not an observed or recovered true suppressed count.
27121,Pope County,27,Minnesota,1.2952777777777778,1.0,1.0,3.0,1.8977038719182149,1.4650941322980002,1.4650941322980002,4.395282396894,0.2430277777777778,suppressed_1_9,suppressed_1_9,nonmetro_adjacent,Q1_lowest,Constrained Bayesian posterior estimate; not an observed or recovered true suppressed count.
27123,Ramsey County,27,Minnesota,129.0,129.0,129.0,129.0,3.961935930889096,3.961935930889095,3.961935930889095,3.961935930889095,1.0,exact,exact,metro_large,Q3,Constrained Bayesian posterior estimate; not an observed or recovered true suppressed count.
27125,Red Lake County,27,Minnesota,2.1781111111111113,2.0,2.0,3.0,9.189954479182779,8.43846251213029,8.43846251213029,12.657693768195434,1.0,suppressed_1_9,suppressed_1_9,nonmetro_adjacent,Q1_lowest,Constrained Bayesian posterior estimate; not an observed or recovered true suppressed count.
27127,Redwood County,27,Minnesota,5.399388888888889,5.0,4.0,8.0,5.8998108447397115,5.463406105902664,4.370724884722131,8.741449769444262,1.0,suppressed_1_9,suppressed_1_9,nonmetro_nonadjacent,Q1_lowest,Constrained Bayesian posterior estimate; not an observed or recovered true suppressed count.
27129,Renville County,27,Minnesota,5.381277777777778,5.0,4.0,8.0,6.19356365054702,5.754733268113023,4.603786614490419,9.207573228980838,1.0,suppressed_1_9,suppressed_1_9,nonmetro_nonadjacent,Q1_lowest,Constrained Bayesian posterior estimate; not an observed or recovered true suppressed count.
27131,Rice County,27,Minnesota,18.0,18.0,18.0,18.0,4.433672262946323,4.433672262946323,4.433672262946323,4.433672262946323,1.0,exact,exact,nonmetro_adjacent,Q2,Constrained Bayesian posterior estimate; not an observed or recovered true suppressed count.
27133,Rock County,27,Minnesota,3.607666666666667,3.0,3.0,6.0,6.339360499510917,5.271573916252263,5.271573916252263,10.543147832504525,1.0,suppressed_1_9,suppressed_1_9,metro_other,Q1_lowest,Constrained Bayesian posterior estimate; not an observed or recovered true suppressed count.
27135,Roseau County,27,Minnesota,1.4077222222222223,1.0,1.0,3.0,1.5410373646369664,1.0947027334727255,1.0947027334727255,3.2841082004181765,0.07452777777777778,suppressed_1_9,suppressed_1_9,nonmetro_nonadjacent,Q2,Constrained Bayesian posterior estimate; not an observed or recovered true suppressed count.
27137,St. Louis County,27,Minnesota,50.0,50.0,50.0,50.0,4.174912118099913,4.174912118099914,4.174912118099914,4.174912118099914,1.0,exact,exact,metro_other,Q2,Constrained Bayesian posterior estimate; not an observed or recovered true suppressed count.
27139,Scott County,27,Minnesota,21.0,21.0,21.0,21.0,2.2813440375444043,2.2813440375444047,2.2813440375444047,2.2813440375444047,0.0,exact,exact,metro_large,Q1_lowest,Constrained Bayesian posterior estimate; not an observed or recovered true suppressed count.
27141,Sherburne County,27,Minnesota,12.0,12.0,12.0,12.0,1.9959681443484172,1.9959681443484163,1.9959681443484163,1.9959681443484163,0.0,exact,exact,metro_large,Q1_lowest,Constrained Bayesian posterior estimate; not an observed or recovered true suppressed count.
27143,Sibley County,27,Minnesota,2.6478333333333333,2.0,2.0,5.0,2.950889706155503,2.2289089490694303,2.2289089490694303,5.572272372673576,0.45425,suppressed_1_9,suppressed_1_9,nonmetro_adjacent,Q1_lowest,Constrained Bayesian posterior estimate; not an observed or recovered true suppressed count.
27145,Stearns County,27,Minnesota,33.0,33.0,33.0,33.0,3.4110677779167484,3.411067777916747,3.411067777916747,3.411067777916747,1.0,exact,exact,metro_other,Q2,Constrained Bayesian posterior estimate; not an observed or recovered true suppressed count.
27147,Steele County,27,Minnesota,11.0,11.0,11.0,11.0,4.936122092736271,4.936122092736272,4.936122092736272,4.936122092736272,1.0,exact,exact,nonmetro_nonadjacent,Q2,Constrained Bayesian posterior estimate; not an observed or recovered true suppressed count.
27149,Stevens County,27,Minnesota,1.17775,1.0,1.0,2.0,2.014832175727923,1.7107469121018237,1.7107469121018237,3.4214938242036474,0.15652777777777777,suppressed_1_9,suppressed_1_9,nonmetro_nonadjacent,Q1_lowest,Constrained Bayesian posterior estimate; not an observed or recovered true suppressed count.
27151,Swift County,27,Minnesota,6.328916666666666,6.0,5.0,9.0,11.039257411638845,10.46554220229893,8.721285168582442,15.698313303448396,1.0,suppressed_1_9,suppressed_1_9,nonmetro_nonadjacent,Q3,Constrained Bayesian posterior estimate; not an observed or recovered true suppressed count.
27153,Todd County,27,Minnesota,3.7432777777777777,4.0,2.0,7.0,2.4660411071510397,2.635167629600838,1.317583814800419,4.611543351801466,0.26316666666666666,suppressed_1_9,suppressed_1_9,nonmetro_adjacent,Q3,Constrained Bayesian posterior estimate; not an observed or recovered true suppressed count.
27155,Traverse County,27,Minnesota,0.0,0.0,0.0,0.0,0.0,0.0,0.0,0.0,0.0,zero,zero,nonmetro_nonadjacent,Q1_lowest,Constrained Bayesian posterior estimate; not an observed or recovered true suppressed count.
27157,Wabasha County,27,Minnesota,1.4474722222222223,1.0,1.0,3.0,1.1160758269314626,0.7710516373281519,0.7710516373281519,2.3131549119844554,0.017055555555555556,suppressed_1_9,suppressed_1_9,metro_other,Q1_lowest,Constrained Bayesian posterior estimate; not an observed or recovered true suppressed count.
27159,Wadena County,27,Minnesota,2.7151944444444442,2.0,2.0,5.0,3.2075160889350918,2.36264190617949,2.36264190617949,5.906604765448725,0.49480555555555555,suppressed_1_9,suppressed_1_9,nonmetro_nonadjacent,Q3,Constrained Bayesian posterior estimate; not an observed or recovered true suppressed count.
27161,Waseca County,27,Minnesota,5.785444444444445,6.0,4.0,9.0,5.132580238151567,5.322924059616749,3.5486160397445,7.984386089425125,1.0,suppressed_1_9,suppressed_1_9,nonmetro_adjacent,Q1_lowest,Constrained Bayesian posterior estimate; not an observed or recovered true suppressed count.
27163,Washington County,27,Minnesota,54.0,54.0,54.0,54.0,3.29473208947028,3.29473208947028,3.29473208947028,3.29473208947028,1.0,exact,exact,metro_large,Q1_lowest,Constrained Bayesian posterior estimate; not an observed or recovered true suppressed count.
27165,Watonwan County,27,Minnesota,2.709,2.0,2.0,5.0,4.093381686310064,3.022061045633122,3.022061045633122,7.555152614082805,1.0,suppressed_1_9,suppressed_1_9,nonmetro_adjacent,Q3,Constrained Bayesian posterior estimate; not an observed or recovered true suppressed count.
27167,Wilkin County,27,Minnesota,2.2740555555555555,2.0,2.0,4.0,6.034058310705429,5.306869742882161,5.306869742882161,10.613739485764322,1.0,suppressed_1_9,suppressed_1_9,nonmetro_adjacent,Q1_lowest,Constrained Bayesian posterior estimate; not an observed or recovered true suppressed count.
27169,Winona County,27,Minnesota,7.497055555555556,8.0,5.0,9.0,2.500927559889234,2.6687037772166087,1.6679398607603804,3.002291749368685,0.2787222222222222,suppressed_1_9,suppressed_1_9,nonmetro_adjacent,Q1_lowest,Constrained Bayesian posterior estimate; not an observed or recovered true suppressed count.
27171,Wright County,27,Minnesota,25.0,25.0,25.0,25.0,2.849921969136486,2.849921969136485,2.849921969136485,2.849921969136485,0.0,exact,exact,metro_large,Q1_lowest,Constrained Bayesian posterior estimate; not an observed or recovered true suppressed count.
27173,Yellow Medicine County,27,Minnesota,2.4365,2.0,2.0,4.0,4.2726124925472595,3.507172167081682,3.507172167081682,7.014344334163364,1.0,suppressed_1_9,suppressed_1_9,nonmetro_nonadjacent,Q1_lowest,Constrained Bayesian posterior estimate; not an observed or recovered true suppressed count.
28001,Adams County,28,Mississippi,5.7107777777777775,6.0,3.0,9.0,3.2533000135456587,3.4180633253198742,1.7090316626599371,5.1270949879798104,0.5227222222222222,suppressed_1_9,suppressed_1_9,nonmetro_nonadjacent,Q4_highest,Constrained Bayesian posterior estimate; not an observed or recovered true suppressed count.
28003,Alcorn County,28,Mississippi,4.373777777777778,4.0,2.0,8.0,2.075260620131989,1.8979113485609085,0.9489556742804542,3.795822697121817,0.12008333333333333,suppressed_1_9,suppressed_1_9,nonmetro_nonadjacent,Q4_highest,Constrained Bayesian posterior estimate; not an observed or recovered true suppressed count.
28005,Amite County,28,Mississippi,6.921305555555556,7.0,5.0,9.0,9.271551024843008,9.376967488714149,6.6978339205101065,12.056101056918193,1.0,suppressed_1_9,suppressed_1_9,nonmetro_adjacent,Q4_highest,Constrained Bayesian posterior estimate; not an observed or recovered true suppressed count.
28007,Attala County,28,Mississippi,0.0,0.0,0.0,0.0,0.0,0.0,0.0,0.0,0.0,zero,zero,nonmetro_adjacent,Q4_highest,Constrained Bayesian posterior estimate; not an observed or recovered true suppressed count.
28009,Benton County,28,Mississippi,2.3719166666666665,2.0,2.0,4.0,5.067115288755965,4.272591326639607,4.272591326639607,8.545182653279214,1.0,suppressed_1_9,suppressed_1_9,metro_large,Q4_highest,Constrained Bayesian posterior estimate; not an observed or recovered true suppressed count.
28011,Bolivar County,28,Mississippi,10.0,10.0,10.0,10.0,5.623949024526042,5.623949024526042,5.623949024526042,5.623949024526042,1.0,exact,exact,nonmetro_nonadjacent,Q4_highest,Constrained Bayesian posterior estimate; not an observed or recovered true suppressed count.
28013,Calhoun County,28,Mississippi,11.0,11.0,11.0,11.0,13.777555110220446,13.77755511022044,13.77755511022044,13.77755511022044,1.0,exact,exact,nonmetro_nonadjacent,Q4_highest,Constrained Bayesian posterior estimate; not an observed or recovered true suppressed count.
28015,Carroll County,28,Mississippi,0.0,0.0,0.0,0.0,0.0,0.0,0.0,0.0,0.0,zero,zero,nonmetro_adjacent,Q3,Constrained Bayesian posterior estimate; not an observed or recovered true suppressed count.
28017,Chickasaw County,28,Mississippi,5.935555555555555,6.0,4.0,9.0,5.846858708940921,5.910340140075061,3.9402267600500407,8.865510210112593,1.0,suppressed_1_9,suppressed_1_9,nonmetro_nonadjacent,Q4_highest,Constrained Bayesian posterior estimate; not an observed or recovered true suppressed count.
28019,Choctaw County,28,Mississippi,1.2776666666666667,1.0,1.0,3.0,2.6292142538669956,2.0578248791027884,2.0578248791027884,6.173474637308365,0.23030555555555557,suppressed_1_9,suppressed_1_9,nonmetro_nonadjacent,Q4_highest,Constrained Bayesian posterior estimate; not an observed or recovered true suppressed count.
28021,Claiborne County,28,Mississippi,1.2897777777777777,1.0,1.0,3.0,2.4637118255196238,1.9101831865675918,1.9101831865675918,5.730549559702776,0.23952777777777778,suppressed_1_9,suppressed_1_9,nonmetro_adjacent,Q4_highest,Constrained Bayesian posterior estimate; not an observed or recovered true suppressed count.
28023,Clarke County,28,Mississippi,3.0207777777777776,3.0,2.0,6.0,3.286490537755294,3.2638851112440843,2.175923407496056,6.527770222488169,0.6111666666666666,suppressed_1_9,suppressed_1_9,nonmetro_nonadjacent,Q4_highest,Constrained Bayesian posterior estimate; not an observed or recovered true suppressed count.
28025,Clay County,28,Mississippi,7.298694444444444,7.0,5.0,9.0,6.516575100841452,6.249888394850092,4.4642059963214935,8.035570793378689,1.0,suppressed_1_9,suppressed_1_9,nonmetro_nonadjacent,Q4_highest,Constrained Bayesian posterior estimate; not an observed or recovered true suppressed count.
28027,Coahoma County,28,Mississippi,6.308,6.0,4.0,9.0,5.0513705486198415,4.804727852206571,3.2031519014710472,7.207091778309857,1.0,suppressed_1_9,suppressed_1_9,nonmetro_adjacent,Q4_highest,Constrained Bayesian posterior estimate; not an observed or recovered true suppressed count.
28029,Copiah County,28,Mississippi,7.589555555555555,8.0,5.0,9.0,4.547040090320381,4.792944785276074,2.995590490797546,5.392062883435583,1.0,suppressed_1_9,suppressed_1_9,metro_other,Q4_highest,Constrained Bayesian posterior estimate; not an observed or recovered true suppressed count.
28031,Covington County,28,Mississippi,4.698305555555556,4.0,3.0,8.0,4.286579586292191,3.6494685461429683,2.737101409607226,7.298937092285937,0.7912222222222223,suppressed_1_9,suppressed_1_9,nonmetro_adjacent,Q4_highest,Constrained Bayesian posterior estimate; not an observed or recovered true suppressed count.
28033,DeSoto County,28,Mississippi,22.0,22.0,22.0,22.0,1.925274832982409,1.9252748329824083,1.9252748329824083,1.9252748329824083,0.0,exact,exact,metro_large,Q2,Constrained Bayesian posterior estimate; not an observed or recovered true suppressed count.
28035,Forrest County,28,Mississippi,29.0,29.0,29.0,29.0,6.269809354555558,6.269809354555557,6.269809354555557,6.269809354555557,1.0,exact,exact,metro_other,Q4_highest,Constrained Bayesian posterior estimate; not an observed or recovered true suppressed count.
28037,Franklin County,28,Mississippi,2.362611111111111,2.0,2.0,4.0,5.15696317962001,4.365477801545379,4.365477801545379,8.730955603090758,1.0,suppressed_1_9,suppressed_1_9,nonmetro_nonadjacent,Q3,Constrained Bayesian posterior estimate; not an observed or recovered true suppressed count.
28039,George County,28,Mississippi,3.469638888888889,3.0,2.0,7.0,2.3070634667328638,1.994786956753019,1.329857971168679,4.654502899090377,0.19719444444444445,suppressed_1_9,suppressed_1_9,nonmetro_adjacent,Q4_highest,Constrained Bayesian posterior estimate; not an observed or recovered true suppressed count.
28041,Greene County,28,Mississippi,3.81325,4.0,3.0,6.0,4.677629077170301,4.9067111541811315,3.680033365635848,7.360066731271696,1.0,suppressed_1_9,suppressed_1_9,nonmetro_adjacent,Q4_highest,Constrained Bayesian posterior estimate; not an observed or recovered true suppressed count.
28043,Grenada County,28,Mississippi,6.295583333333333,6.0,4.0,9.0,5.003762077726646,4.768830921099692,3.179220614066461,7.153246381649539,1.0,suppressed_1_9,suppressed_1_9,nonmetro_nonadjacent,Q4_highest,Constrained Bayesian posterior estimate; not an observed or recovered true suppressed count.
28045,Hancock County,28,Mississippi,7.942277777777778,8.0,6.0,9.0,2.8321581623273295,2.8527414845666685,2.1395561134250016,3.209334170137502,0.3853888888888889,suppressed_1_9,suppressed_1_9,metro_other,Q2,Constrained Bayesian posterior estimate; not an observed or recovered true suppressed count.
28047,Harrison County,28,Mississippi,13.0,13.0,13.0,13.0,1.0303860856662992,1.0303860856662992,1.0303860856662992,1.0303860856662992,0.0,exact,exact,metro_other,Q4_highest,Constrained Bayesian posterior estimate; not an observed or recovered true suppressed count.
28049,Hinds County,28,Mississippi,60.0,60.0,60.0,60.0,4.521272587524302,4.521272587524302,4.521272587524302,4.521272587524302,1.0,exact,exact,metro_other,Q4_highest,Constrained Bayesian posterior estimate; not an observed or recovered true suppressed count.
28051,Holmes County,28,Mississippi,6.863972222222222,7.0,5.0,9.0,7.026279273438656,7.165523595045552,5.118231139318252,9.212816050772853,1.0,suppressed_1_9,suppressed_1_9,metro_other,Q4_highest,Constrained Bayesian posterior estimate; not an observed or recovered true suppressed count.
28053,Humphreys County,28,Mississippi,1.20225,1.0,1.0,2.0,2.6650336939173607,2.2167050895548854,2.2167050895548854,4.433410179109771,0.1783611111111111,suppressed_1_9,suppressed_1_9,nonmetro_adjacent,Q4_highest,Constrained Bayesian posterior estimate; not an observed or recovered true suppressed count.
28055,Issaquena County,28,Mississippi,1.0241944444444444,1.0,1.0,1.0,13.386412814592138,13.070186903672724,13.070186903672724,13.070186903672724,1.0,suppressed_1_9,suppressed_1_9,nonmetro_nonadjacent,Q4_highest,Constrained Bayesian posterior estimate; not an observed or recovered true suppressed count.
28057,Itawamba County,28,Mississippi,13.0,13.0,13.0,13.0,9.111106438748834,9.111106438748834,9.111106438748834,9.111106438748834,1.0,exact,exact,nonmetro_nonadjacent,Q1_lowest,Constrained Bayesian posterior estimate; not an observed or recovered true suppressed count.
28059,Jackson County,28,Mississippi,20.0,20.0,20.0,20.0,2.29945319003141,2.2994531900314104,2.2994531900314104,2.2994531900314104,0.0,exact,exact,metro_other,Q4_highest,Constrained Bayesian posterior estimate; not an observed or recovered true suppressed count.
28061,Jasper County,28,Mississippi,4.41875,4.0,3.0,7.0,4.556116925297727,4.124349126153529,3.0932618446151467,7.217610970768675,1.0,suppressed_1_9,suppressed_1_9,nonmetro_adjacent,Q3,Constrained Bayesian posterior estimate; not an observed or recovered true suppressed count.
28063,Jefferson County,28,Mississippi,4.786972222222222,5.0,4.0,7.0,11.365081249340511,11.870845204178538,9.49667616334283,16.619183285849953,1.0,suppressed_1_9,suppressed_1_9,nonmetro_nonadjacent,Q4_highest,Constrained Bayesian posterior estimate; not an observed or recovered true suppressed count.
28065,Jefferson Davis County,28,Mississippi,5.48125,5.0,4.0,8.0,8.271337598841068,7.5451198165026865,6.0360958532021485,12.072191706404297,1.0,suppressed_1_9,suppressed_1_9,nonmetro_adjacent,Q4_highest,Constrained Bayesian posterior estimate; not an observed or recovered true suppressed count.
28067,Jones County,28,Mississippi,33.0,33.0,33.0,33.0,8.219362326926383,8.219362326926381,8.219362326926381,8.219362326926381,1.0,exact,exact,nonmetro_adjacent,Q4_highest,Constrained Bayesian posterior estimate; not an observed or recovered true suppressed count.
28069,Kemper County,28,Mississippi,2.5208333333333335,2.0,2.0,4.0,4.677565006556321,3.711125955614934,3.711125955614934,7.422251911229868,1.0,suppressed_1_9,suppressed_1_9,nonmetro_nonadjacent,Q4_highest,Constrained Bayesian posterior estimate; not an observed or recovered true suppressed count.
28071,Lafayette County,28,Mississippi,12.0,12.0,12.0,12.0,3.5166277883927823,3.5166277883927837,3.5166277883927837,3.5166277883927837,1.0,exact,exact,nonmetro_adjacent,Q2,Constrained Bayesian posterior estimate; not an observed or recovered true suppressed count.
28073,Lamar County,28,Mississippi,6.811194444444444,7.0,4.0,9.0,1.7393466322206477,1.7875611282064379,1.0214635018322502,2.2982928791225627,0.0,suppressed_1_9,suppressed_1_9,metro_other,Q3,Constrained Bayesian posterior estimate; not an observed or recovered true suppressed count.
28075,Lauderdale County,28,Mississippi,8.446694444444445,9.0,6.0,9.0,1.9553302894892728,2.0834153195843355,1.388943546389557,2.0834153195843355,0.0,suppressed_1_9,suppressed_1_9,nonmetro_nonadjacent,Q4_highest,Constrained Bayesian posterior estimate; not an observed or recovered true suppressed count.
28077,Lawrence County,28,Mississippi,6.603083333333333,6.0,5.0,9.0,9.170439605207116,8.332870396089106,6.9440586634075885,12.499305594133657,1.0,suppressed_1_9,suppressed_1_9,nonmetro_adjacent,Q4_highest,Constrained Bayesian posterior estimate; not an observed or recovered true suppressed count.
28079,Leake County,28,Mississippi,5.010166666666667,5.0,3.0,8.0,3.8369148452776627,3.8291289497465115,2.297477369847907,6.126606319594418,0.8476666666666667,suppressed_1_9,suppressed_1_9,nonmetro_adjacent,Q4_highest,Constrained Bayesian posterior estimate; not an observed or recovered true suppressed count.
28081,Lee County,28,Mississippi,48.0,48.0,48.0,48.0,9.551193401717226,9.551193401717226,9.551193401717226,9.551193401717226,1.0,exact,exact,nonmetro_nonadjacent,Q3,Constrained Bayesian posterior estimate; not an observed or recovered true suppressed count.
28083,Leflore County,28,Mississippi,6.838333333333333,7.0,4.0,9.0,4.203057998717467,4.302423493690804,2.458527710680459,5.531687349031032,0.9470555555555555,suppressed_1_9,suppressed_1_9,nonmetro_adjacent,Q4_highest,Constrained Bayesian posterior estimate; not an observed or recovered true suppressed count.
28085,Lincoln County,28,Mississippi,10.0,10.0,10.0,10.0,4.821438042110442,4.82143804211044,4.82143804211044,4.82143804211044,1.0,exact,exact,nonmetro_adjacent,Q3,Constrained Bayesian posterior estimate; not an observed or recovered true suppressed count.
28087,Lowndes County,28,Mississippi,17.0,17.0,17.0,17.0,4.8970185798646115,4.8970185798646115,4.8970185798646115,4.8970185798646115,1.0,exact,exact,nonmetro_nonadjacent,Q4_highest,Constrained Bayesian posterior estimate; not an observed or recovered true suppressed count.
28089,Madison County,28,Mississippi,12.0,12.0,12.0,12.0,1.8159064323945595,1.8159064323945602,1.8159064323945602,1.8159064323945602,0.0,exact,exact,metro_other,Q2,Constrained Bayesian posterior estimate; not an observed or recovered true suppressed count.
28091,Marion County,28,Mississippi,7.647055555555555,8.0,5.0,9.0,5.24943061600255,5.491714375935308,3.432321484959567,6.178178672927221,1.0,suppressed_1_9,suppressed_1_9,nonmetro_adjacent,Q4_highest,Constrained Bayesian posterior estimate; not an observed or recovered true suppressed count.
28093,Marshall County,28,Mississippi,12.0,12.0,12.0,12.0,5.799146558931411,5.799146558931411,5.799146558931411,5.799146558931411,1.0,exact,exact,metro_large,Q4_highest,Constrained Bayesian posterior estimate; not an observed or recovered true suppressed count.
28095,Monroe County,28,Mississippi,30.0,30.0,30.0,30.0,14.639359381633454,14.63935938163346,14.63935938163346,14.63935938163346,1.0,exact,exact,nonmetro_nonadjacent,Q3,Constrained Bayesian posterior estimate; not an observed or recovered true suppressed count.
28097,Montgomery County,28,Mississippi,3.8935833333333334,4.0,3.0,6.0,6.747276424173109,6.931688212664194,5.198766159498146,10.397532318996292,1.0,suppressed_1_9,suppressed_1_9,nonmetro_nonadjacent,Q4_highest,Constrained Bayesian posterior estimate; not an observed or recovered true suppressed count.
28099,Neshoba County,28,Mississippi,6.876361111111111,7.0,4.0,9.0,3.962361336800954,4.033605697756163,2.3049175415749503,5.186064468543638,0.8121666666666667,suppressed_1_9,suppressed_1_9,nonmetro_nonadjacent,Q4_highest,Constrained Bayesian posterior estimate; not an observed or recovered true suppressed count.
28101,Newton County,28,Mississippi,4.459611111111111,4.0,3.0,7.0,3.5379418736155297,3.1733187360671473,2.3799890520503606,5.553307788117508,0.7439166666666667,suppressed_1_9,suppressed_1_9,nonmetro_adjacent,Q3,Constrained Bayesian posterior estimate; not an observed or recovered true suppressed count.
28103,Noxubee County,28,Mississippi,3.963111111111111,4.0,3.0,6.0,6.550055550964568,6.611023882323774,4.958267911742831,9.916535823485662,1.0,suppressed_1_9,suppressed_1_9,nonmetro_nonadjacent,Q4_highest,Constrained Bayesian posterior estimate; not an observed or recovered true suppressed count.
28105,Oktibbeha County,28,Mississippi,6.119472222222222,6.0,3.0,9.0,2.001050387727867,1.9619833035220873,0.9809916517610436,2.9429749552831304,0.08777777777777777,suppressed_1_9,suppressed_1_9,nonmetro_nonadjacent,Q3,Constrained Bayesian posterior estimate; not an observed or recovered true suppressed count.
28107,Panola County,28,Mississippi,11.0,11.0,11.0,11.0,5.528054878508429,5.5280548785084305,5.5280548785084305,5.5280548785084305,1.0,exact,exact,nonmetro_adjacent,Q4_highest,Constrained Bayesian posterior estimate; not an observed or recovered true suppressed count.
28109,Pearl River County,28,Mississippi,20.0,20.0,20.0,20.0,5.844825721909036,5.844825721909037,5.844825721909037,5.844825721909037,1.0,exact,exact,nonmetro_adjacent,Q3,Constrained Bayesian posterior estimate; not an observed or recovered true suppressed count.
28111,Perry County,28,Mississippi,6.244194444444444,6.0,5.0,9.0,8.98509884803863,8.633714655730628,7.194762213108857,12.950571983595943,1.0,suppressed_1_9,suppressed_1_9,metro_other,Q3,Constrained Bayesian posterior estimate; not an observed or recovered true suppressed count.
28113,Pike County,28,Mississippi,13.0,13.0,13.0,13.0,5.502039987133689,5.502039987133691,5.502039987133691,5.502039987133691,1.0,exact,exact,nonmetro_adjacent,Q4_highest,Constrained Bayesian posterior estimate; not an observed or recovered true suppressed count.
28115,Pontotoc County,28,Mississippi,16.0,16.0,16.0,16.0,8.37617397313342,8.376173973133422,8.376173973133422,8.376173973133422,1.0,exact,exact,nonmetro_nonadjacent,Q3,Constrained Bayesian posterior estimate; not an observed or recovered true suppressed count.
28117,Prentiss County,28,Mississippi,6.408444444444444,6.0,4.0,9.0,4.256660164624908,3.9853604426406997,2.6569069617604666,5.97804066396105,0.9085,suppressed_1_9,suppressed_1_9,nonmetro_nonadjacent,Q3,Constrained Bayesian posterior estimate; not an observed or recovered true suppressed count.
28119,Quitman County,28,Mississippi,3.5382777777777776,3.0,3.0,5.0,9.75377047573541,8.269930532583526,8.269930532583526,13.783217554305876,1.0,suppressed_1_9,suppressed_1_9,nonmetro_adjacent,Q4_highest,Constrained Bayesian posterior estimate; not an observed or recovered true suppressed count.
28121,Rankin County,28,Mississippi,23.0,23.0,23.0,23.0,2.4228098062700214,2.422809806270021,2.422809806270021,2.422809806270021,0.0,exact,exact,metro_other,Q2,Constrained Bayesian posterior estimate; not an observed or recovered true suppressed count.
28123,Scott County,28,Mississippi,4.950027777777778,5.0,3.0,8.0,2.970082008470853,3.0000660014520317,1.8000396008712192,4.800105602323251,0.5661388888888889,suppressed_1_9,suppressed_1_9,metro_other,Q4_highest,Constrained Bayesian posterior estimate; not an observed or recovered true suppressed count.
28125,Sharkey County,28,Mississippi,2.184,2.0,2.0,3.0,9.83695162597964,9.008197459688315,9.008197459688315,13.512296189532476,1.0,suppressed_1_9,suppressed_1_9,nonmetro_adjacent,Q4_highest,Constrained Bayesian posterior estimate; not an observed or recovered true suppressed count.
28127,Simpson County,28,Mississippi,3.4245555555555556,3.0,2.0,6.0,2.196128896185329,1.9238662015185717,1.2825774676790478,3.8477324030371434,0.18405555555555556,suppressed_1_9,suppressed_1_9,metro_other,Q4_highest,Constrained Bayesian posterior estimate; not an observed or recovered true suppressed count.
28129,Smith County,28,Mississippi,4.2050833333333335,4.0,3.0,7.0,4.771563332122974,4.538852578068265,3.4041394335511987,7.942992011619462,1.0,suppressed_1_9,suppressed_1_9,nonmetro_adjacent,Q3,Constrained Bayesian posterior estimate; not an observed or recovered true suppressed count.
28131,Stone County,28,Mississippi,2.9709166666666667,3.0,2.0,6.0,2.644717242034172,2.6706072960991327,1.7804048640660888,5.341214592198265,0.2545277777777778,suppressed_1_9,suppressed_1_9,metro_other,Q4_highest,Constrained Bayesian posterior estimate; not an observed or recovered true suppressed count.
28133,Sunflower County,28,Mississippi,16.0,16.0,16.0,16.0,10.84304689617783,10.843046896177826,10.843046896177826,10.843046896177826,1.0,exact,exact,nonmetro_nonadjacent,Q4_highest,Constrained Bayesian posterior estimate; not an observed or recovered true suppressed count.
28135,Tallahatchie County,28,Mississippi,3.9331111111111112,4.0,3.0,6.0,5.266971692147454,5.356545028456646,4.017408771342484,8.034817542684968,1.0,suppressed_1_9,suppressed_1_9,nonmetro_nonadjacent,Q4_highest,Constrained Bayesian posterior estimate; not an observed or recovered true suppressed count.
28137,Tate County,28,Mississippi,14.0,14.0,14.0,14.0,8.22552026415671,8.225520264156708,8.225520264156708,8.225520264156708,1.0,exact,exact,metro_large,Q4_highest,Constrained Bayesian posterior estimate; not an observed or recovered true suppressed count.
28139,Tippah County,28,Mississippi,7.36725,7.0,5.0,9.0,5.68728336639931,5.4037780127992345,3.8598414377137384,6.947714587884729,1.0,suppressed_1_9,suppressed_1_9,nonmetro_adjacent,Q4_highest,Constrained Bayesian posterior estimate; not an observed or recovered true suppressed count.
28141,Tishomingo County,28,Mississippi,5.965083333333333,6.0,4.0,9.0,5.274773699305254,5.305649632583763,3.5370997550558423,7.958474448875644,1.0,suppressed_1_9,suppressed_1_9,nonmetro_adjacent,Q3,Constrained Bayesian posterior estimate; not an observed or recovered true suppressed count.
28143,Tunica County,28,Mississippi,3.572722222222222,3.0,3.0,6.0,6.315689197656352,5.303257968145097,5.303257968145097,10.606515936290194,1.0,suppressed_1_9,suppressed_1_9,metro_large,Q4_highest,Constrained Bayesian posterior estimate; not an observed or recovered true suppressed count.
28145,Union County,28,Mississippi,7.551805555555555,8.0,5.0,9.0,4.431654727859086,4.694670375456264,2.9341689846601646,5.2815041723882965,1.0,suppressed_1_9,suppressed_1_9,nonmetro_nonadjacent,Q3,Constrained Bayesian posterior estimate; not an observed or recovered true suppressed count.
28147,Walthall County,28,Mississippi,5.638,5.0,4.0,9.0,6.721587048009632,5.9609675842582766,4.768774067406621,10.729741651664899,1.0,suppressed_1_9,suppressed_1_9,nonmetro_nonadjacent,Q4_highest,Constrained Bayesian posterior estimate; not an observed or recovered true suppressed count.
28149,Warren County,28,Mississippi,4.646444444444445,4.0,2.0,8.0,1.7812501464213348,1.533430706183176,0.766715353091588,3.066861412366352,0.06961111111111111,suppressed_1_9,suppressed_1_9,nonmetro_adjacent,Q4_highest,Constrained Bayesian posterior estimate; not an observed or recovered true suppressed count.
28151,Washington County,28,Mississippi,13.0,13.0,13.0,13.0,5.076657528683115,5.076657528683115,5.076657528683115,5.076657528683115,1.0,exact,exact,nonmetro_nonadjacent,Q4_highest,Constrained Bayesian posterior estimate; not an observed or recovered true suppressed count.
28153,Wayne County,28,Mississippi,7.308888888888889,7.0,5.0,9.0,6.124322442131763,5.865495801980861,4.189639858557758,7.541351745403965,1.0,suppressed_1_9,suppressed_1_9,nonmetro_nonadjacent,Q4_highest,Constrained Bayesian posterior estimate; not an observed or recovered true suppressed count.
28155,Webster County,28,Mississippi,3.799472222222222,4.0,3.0,6.0,6.399865621584393,6.737636437137851,5.0532273278533895,10.106454655706779,1.0,suppressed_1_9,suppressed_1_9,nonmetro_nonadjacent,Q3,Constrained Bayesian posterior estimate; not an observed or recovered true suppressed count.
28157,Wilkinson County,28,Mississippi,6.039055555555556,6.0,5.0,8.0,12.24538304348512,12.166190157552162,10.138491797960135,16.221586876736218,1.0,suppressed_1_9,suppressed_1_9,nonmetro_adjacent,Q4_highest,Constrained Bayesian posterior estimate; not an observed or recovered true suppressed count.
28159,Winston County,28,Mississippi,3.0898055555555555,3.0,2.0,6.0,2.9211666073152474,2.836262562279599,1.8908417081863993,5.672525124559198,0.2955277777777778,suppressed_1_9,suppressed_1_9,nonmetro_nonadjacent,Q4_highest,Constrained Bayesian posterior estimate; not an observed or recovered true suppressed count.
28161,Yalobusha County,28,Mississippi,6.5165,6.0,5.0,9.0,8.840367370748712,8.139676854828863,6.78306404569072,12.209515282243295,1.0,suppressed_1_9,suppressed_1_9,nonmetro_nonadjacent,Q3,Constrained Bayesian posterior estimate; not an observed or recovered true suppressed count.
28163,Yazoo County,28,Mississippi,11.0,11.0,11.0,11.0,6.970274945663538,6.9702749456635384,6.9702749456635384,6.9702749456635384,1.0,exact,exact,metro_other,Q4_highest,Constrained Bayesian posterior estimate; not an observed or recovered true suppressed count.
29001,Adair County,29,Missouri,4.2098611111111115,4.0,3.0,7.0,2.7719432629094585,2.6337621976111776,1.975321648208383,4.609083845819561,0.3383611111111111,suppressed_1_9,suppressed_1_9,nonmetro_nonadjacent,Q2,Constrained Bayesian posterior estimate; not an observed or recovered true suppressed count.
29003,Andrew County,29,Missouri,2.6815,2.0,2.0,5.0,2.4939314180485677,1.8601017475655919,1.8601017475655919,4.65025436891398,0.15344444444444444,suppressed_1_9,suppressed_1_9,metro_other,Q1_lowest,Constrained Bayesian posterior estimate; not an observed or recovered true suppressed count.
29005,Atchison County,29,Missouri,0.0,0.0,0.0,0.0,0.0,0.0,0.0,0.0,0.0,zero,zero,nonmetro_nonadjacent,Q1_lowest,Constrained Bayesian posterior estimate; not an observed or recovered true suppressed count.
29007,Audrain County,29,Missouri,3.3711944444444444,3.0,2.0,6.0,2.27265917771321,2.0224219176604623,1.3482812784403082,4.044843835320925,0.17377777777777778,suppressed_1_9,suppressed_1_9,nonmetro_adjacent,Q3,Constrained Bayesian posterior estimate; not an observed or recovered true suppressed count.
29009,Barry County,29,Missouri,10.0,10.0,10.0,10.0,4.714134861970132,4.714134861970131,4.714134861970131,4.714134861970131,1.0,exact,exact,nonmetro_adjacent,Q3,Constrained Bayesian posterior estimate; not an observed or recovered true suppressed count.
29011,Barton County,29,Missouri,2.5965,2.0,2.0,5.0,3.7015653066461383,2.8511960767541984,2.8511960767541984,7.1279901918854955,0.43069444444444444,suppressed_1_9,suppressed_1_9,nonmetro_adjacent,Q3,Constrained Bayesian posterior estimate; not an observed or recovered true suppressed count.
29013,Bates County,29,Missouri,1.343388888888889,1.0,1.0,3.0,1.3802129709539397,1.0274113344018412,1.0274113344018412,3.082234003205523,0.05563888888888889,suppressed_1_9,suppressed_1_9,metro_large,Q3,Constrained Bayesian posterior estimate; not an observed or recovered true suppressed count.
29015,Benton County,29,Missouri,4.382638888888889,4.0,3.0,7.0,3.641033238808395,3.3231423634188486,2.4923567725641367,5.815499135982985,0.7249166666666667,suppressed_1_9,suppressed_1_9,nonmetro_nonadjacent,Q3,Constrained Bayesian posterior estimate; not an observed or recovered true suppressed count.
29017,Bollinger County,29,Missouri,1.234888888888889,1.0,1.0,3.0,1.8577579866543639,1.5043928270550007,1.5043928270550007,4.513178481165002,0.20152777777777778,suppressed_1_9,suppressed_1_9,metro_other,Q2,Constrained Bayesian posterior estimate; not an observed or recovered true suppressed count.
29019,Boone County,29,Missouri,25.0,25.0,25.0,25.0,2.234934529827883,2.2349345298278833,2.2349345298278833,2.2349345298278833,0.0,exact,exact,metro_other,Q2,Constrained Bayesian posterior estimate; not an observed or recovered true suppressed count.
29021,Buchanan County,29,Missouri,16.0,16.0,16.0,16.0,3.1546487692926486,3.1546487692926486,3.1546487692926486,3.1546487692926486,1.0,exact,exact,metro_other,Q4_highest,Constrained Bayesian posterior estimate; not an observed or recovered true suppressed count.
29023,Butler County,29,Missouri,8.077416666666666,8.0,6.0,9.0,3.196470358557118,3.1658343160610687,2.374375737045802,3.5615636055687028,0.7443888888888889,suppressed_1_9,suppressed_1_9,nonmetro_nonadjacent,Q4_highest,Constrained Bayesian posterior estimate; not an observed or recovered true suppressed count.
29025,Caldwell County,29,Missouri,2.270166666666667,2.0,2.0,4.0,4.21525302040008,3.7136066547831255,3.7136066547831255,7.427213309566251,1.0,suppressed_1_9,suppressed_1_9,metro_large,Q2,Constrained Bayesian posterior estimate; not an observed or recovered true suppressed count.
29027,Callaway County,29,Missouri,6.236583333333333,6.0,4.0,9.0,2.3194067892212464,2.2314206339466023,1.4876137559644014,3.347130950919903,0.2023611111111111,suppressed_1_9,suppressed_1_9,metro_other,Q1_lowest,Constrained Bayesian posterior estimate; not an observed or recovered true suppressed count.
29029,Camden County,29,Missouri,6.292611111111111,6.0,3.0,9.0,2.347095922861863,2.2379542114568336,1.1189771057284168,3.35693131718525,0.2628333333333333,suppressed_1_9,suppressed_1_9,nonmetro_nonadjacent,Q2,Constrained Bayesian posterior estimate; not an observed or recovered true suppressed count.
29031,Cape Girardeau County,29,Missouri,7.715583333333333,8.0,5.0,9.0,1.5744899534797032,1.6325297885669856,1.0203311178543661,1.8365960121378588,0.0,suppressed_1_9,suppressed_1_9,metro_other,Q2,Constrained Bayesian posterior estimate; not an observed or recovered true suppressed count.
29033,Carroll County,29,Missouri,1.1528333333333334,1.0,1.0,2.0,2.2677052802748654,1.967071227649153,1.967071227649153,3.934142455298306,0.1368611111111111,suppressed_1_9,suppressed_1_9,nonmetro_adjacent,Q1_lowest,Constrained Bayesian posterior estimate; not an observed or recovered true suppressed count.
29035,Carter County,29,Missouri,0.0,0.0,0.0,0.0,0.0,0.0,0.0,0.0,0.0,zero,zero,nonmetro_nonadjacent,Q2,Constrained Bayesian posterior estimate; not an observed or recovered true suppressed count.
29037,Cass County,29,Missouri,20.0,20.0,20.0,20.0,3.0384839180642436,3.0384839180642427,3.0384839180642427,3.0384839180642427,1.0,exact,exact,metro_large,Q1_lowest,Constrained Bayesian posterior estimate; not an observed or recovered true suppressed count.
29039,Cedar County,29,Missouri,2.51925,2.0,2.0,4.0,2.8803608382973374,2.2866812252038002,2.2866812252038002,4.5733624504076005,0.3892777777777778,suppressed_1_9,suppressed_1_9,nonmetro_adjacent,Q3,Constrained Bayesian posterior estimate; not an observed or recovered true suppressed count.
29041,Chariton County,29,Missouri,2.2142222222222223,2.0,2.0,3.0,4.995537907729949,4.51222813825467,4.51222813825467,6.7683422073820045,1.0,suppressed_1_9,suppressed_1_9,nonmetro_adjacent,Q1_lowest,Constrained Bayesian posterior estimate; not an observed or recovered true suppressed count.
29043,Christian County,29,Missouri,13.0,13.0,13.0,13.0,2.345173452636516,2.345173452636516,2.345173452636516,2.345173452636516,0.0,exact,exact,metro_other,Q1_lowest,Constrained Bayesian posterior estimate; not an observed or recovered true suppressed count.
29045,Clark County,29,Missouri,1.1244166666666666,1.0,1.0,2.0,2.7866584056175134,2.4783147459727384,2.4783147459727384,4.956629491945477,0.11477777777777778,suppressed_1_9,suppressed_1_9,nonmetro_nonadjacent,Q2,Constrained Bayesian posterior estimate; not an observed or recovered true suppressed count.
29047,Clay County,29,Missouri,23.0,23.0,23.0,23.0,1.4943759486038635,1.494375948603863,1.494375948603863,1.494375948603863,0.0,exact,exact,metro_large,Q2,Constrained Bayesian posterior estimate; not an observed or recovered true suppressed count.
29049,Clinton County,29,Missouri,3.8514444444444442,4.0,3.0,6.0,3.0368419577086705,3.153977165205324,2.365482873903993,4.730965747807986,0.5521666666666667,suppressed_1_9,suppressed_1_9,metro_large,Q1_lowest,Constrained Bayesian posterior estimate; not an observed or recovered true suppressed count.
29051,Cole County,29,Missouri,14.0,14.0,14.0,14.0,3.0302177644352,3.0302177644352,3.0302177644352,3.0302177644352,1.0,exact,exact,metro_other,Q1_lowest,Constrained Bayesian posterior estimate; not an observed or recovered true suppressed count.
29053,Cooper County,29,Missouri,2.462388888888889,2.0,2.0,4.0,2.3960891033978697,1.9461500287057127,1.9461500287057127,3.8923000574114255,0.08622222222222223,suppressed_1_9,suppressed_1_9,metro_other,Q2,Constrained Bayesian posterior estimate; not an observed or recovered true suppressed count.
29055,Crawford County,29,Missouri,3.188,3.0,2.0,6.0,2.299281654790411,2.1636903903297466,1.4424602602198309,4.327380780659493,0.1371388888888889,suppressed_1_9,suppressed_1_9,nonmetro_adjacent,Q3,Constrained Bayesian posterior estimate; not an observed or recovered true suppressed count.
29057,Dade County,29,Missouri,2.404861111111111,2.0,2.0,4.0,5.259285988520996,4.373879193456677,4.373879193456677,8.747758386913354,1.0,suppressed_1_9,suppressed_1_9,nonmetro_adjacent,Q3,Constrained Bayesian posterior estimate; not an observed or recovered true suppressed count.
29059,Dallas County,29,Missouri,4.162111111111111,4.0,3.0,7.0,3.974931582873593,3.8201109742238013,2.865083230667851,6.685194204891652,0.6691388888888888,suppressed_1_9,suppressed_1_9,metro_other,Q3,Constrained Bayesian posterior estimate; not an observed or recovered true suppressed count.
29061,Daviess County,29,Missouri,1.19325,1.0,1.0,2.0,2.3634797076475134,1.980707905005249,1.980707905005249,3.961415810010498,0.16858333333333334,suppressed_1_9,suppressed_1_9,nonmetro_adjacent,Q3,Constrained Bayesian posterior estimate; not an observed or recovered true suppressed count.
29063,DeKalb County,29,Missouri,3.4427222222222222,3.0,3.0,5.0,5.239426283287002,4.565654106044926,4.565654106044926,7.609423510074877,1.0,suppressed_1_9,suppressed_1_9,metro_other,Q1_lowest,Constrained Bayesian posterior estimate; not an observed or recovered true suppressed count.
29065,Dent County,29,Missouri,4.076444444444444,4.0,3.0,7.0,4.563814158422368,4.478230203423607,3.3586726525677055,7.836902855991312,1.0,suppressed_1_9,suppressed_1_9,nonmetro_nonadjacent,Q3,Constrained Bayesian posterior estimate; not an observed or recovered true suppressed count.
29067,Douglas County,29,Missouri,2.650611111111111,2.0,2.0,5.0,3.5457783009753476,2.675442116809803,2.675442116809803,6.688605292024508,0.4628055555555556,suppressed_1_9,suppressed_1_9,nonmetro_adjacent,Q3,Constrained Bayesian posterior estimate; not an observed or recovered true suppressed count.
29069,Dunklin County,29,Missouri,3.6332222222222224,3.0,2.0,7.0,2.1734217617351743,1.7946233085675318,1.196415539045021,4.187454386657573,0.2408888888888889,suppressed_1_9,suppressed_1_9,nonmetro_nonadjacent,Q4_highest,Constrained Bayesian posterior estimate; not an observed or recovered true suppressed count.
29071,Franklin County,29,Missouri,11.0,11.0,11.0,11.0,1.7371913721600871,1.7371913721600871,1.7371913721600871,1.7371913721600871,0.0,exact,exact,metro_large,Q1_lowest,Constrained Bayesian posterior estimate; not an observed or recovered true suppressed count.
29073,Gasconade County,29,Missouri,1.2830833333333334,1.0,1.0,3.0,1.4548914666273585,1.1339025524146455,1.1339025524146455,3.4017076572439366,0.04044444444444444,suppressed_1_9,suppressed_1_9,nonmetro_adjacent,Q1_lowest,Constrained Bayesian posterior estimate; not an observed or recovered true suppressed count.
29075,Gentry County,29,Missouri,2.2773333333333334,2.0,2.0,4.0,5.982591639082996,5.254032469920664,5.254032469920664,10.508064939841328,1.0,suppressed_1_9,suppressed_1_9,nonmetro_adjacent,Q2,Constrained Bayesian posterior estimate; not an observed or recovered true suppressed count.
29077,Greene County,29,Missouri,84.0,84.0,84.0,84.0,4.654270792123642,4.6542707921236435,4.6542707921236435,4.6542707921236435,1.0,exact,exact,metro_other,Q3,Constrained Bayesian posterior estimate; not an observed or recovered true suppressed count.
29079,Grundy County,29,Missouri,1.1143055555555557,1.0,1.0,2.0,1.902064651706192,1.7069507032636897,1.7069507032636897,3.4139014065273794,0.10636111111111111,suppressed_1_9,suppressed_1_9,nonmetro_nonadjacent,Q3,Constrained Bayesian posterior estimate; not an observed or recovered true suppressed count.
29081,Harrison County,29,Missouri,3.419027777777778,3.0,3.0,5.0,6.915229516964881,6.067715707293394,6.067715707293394,10.112859512155657,1.0,suppressed_1_9,suppressed_1_9,nonmetro_nonadjacent,Q2,Constrained Bayesian posterior estimate; not an observed or recovered true suppressed count.
29083,Henry County,29,Missouri,10.0,10.0,10.0,10.0,7.484805844136402,7.484805844136402,7.484805844136402,7.484805844136402,1.0,exact,exact,nonmetro_adjacent,Q3,Constrained Bayesian posterior estimate; not an observed or recovered true suppressed count.
29085,Hickory County,29,Missouri,2.5260833333333332,2.0,2.0,4.0,4.6908754402579955,3.7139514586544355,3.7139514586544355,7.427902917308871,1.0,suppressed_1_9,suppressed_1_9,nonmetro_adjacent,Q3,Constrained Bayesian posterior estimate; not an observed or recovered true suppressed count.
29087,Holt County,29,Missouri,0.0,0.0,0.0,0.0,0.0,0.0,0.0,0.0,0.0,zero,zero,nonmetro_adjacent,Q1_lowest,Constrained Bayesian posterior estimate; not an observed or recovered true suppressed count.
29089,Howard County,29,Missouri,2.4085277777777776,2.0,2.0,4.0,3.975189849275905,3.300929211573058,3.300929211573058,6.601858423146116,1.0,suppressed_1_9,suppressed_1_9,metro_other,Q2,Constrained Bayesian posterior estimate; not an observed or recovered true suppressed count.
29091,Howell County,29,Missouri,13.0,13.0,13.0,13.0,5.361222688694419,5.3612226886944185,5.3612226886944185,5.3612226886944185,1.0,exact,exact,nonmetro_nonadjacent,Q4_highest,Constrained Bayesian posterior estimate; not an observed or recovered true suppressed count.
29093,Iron County,29,Missouri,2.4391666666666665,2.0,2.0,4.0,4.212359324180411,3.4539331663932304,3.4539331663932304,6.907866332786461,1.0,suppressed_1_9,suppressed_1_9,nonmetro_nonadjacent,Q3,Constrained Bayesian posterior estimate; not an observed or recovered true suppressed count.
29095,Jackson County,29,Missouri,159.0,159.0,159.0,159.0,3.7078053500133286,3.7078053500133272,3.7078053500133272,3.7078053500133272,1.0,exact,exact,metro_large,Q3,Constrained Bayesian posterior estimate; not an observed or recovered true suppressed count.
29097,Jasper County,29,Missouri,22.0,22.0,22.0,22.0,2.9659948688288775,2.965994868828877,2.965994868828877,2.965994868828877,1.0,exact,exact,metro_other,Q3,Constrained Bayesian posterior estimate; not an observed or recovered true suppressed count.
29099,Jefferson County,29,Missouri,46.0,46.0,46.0,46.0,3.353138720077794,3.3531387200777925,3.3531387200777925,3.3531387200777925,1.0,exact,exact,metro_large,Q1_lowest,Constrained Bayesian posterior estimate; not an observed or recovered true suppressed count.
29101,Johnson County,29,Missouri,7.956972222222222,8.0,6.0,9.0,2.428564258509229,2.4416968572309328,1.8312726429231994,2.7469089643847995,0.0,suppressed_1_9,suppressed_1_9,nonmetro_adjacent,Q2,Constrained Bayesian posterior estimate; not an observed or recovered true suppressed count.
29103,Knox County,29,Missouri,0.0,0.0,0.0,0.0,0.0,0.0,0.0,0.0,0.0,zero,zero,nonmetro_nonadjacent,Q2,Constrained Bayesian posterior estimate; not an observed or recovered true suppressed count.
29105,Laclede County,29,Missouri,6.6355,7.0,4.0,9.0,3.051057098978306,3.2186571762260785,1.8392326721291876,4.138273512290673,0.5282777777777777,suppressed_1_9,suppressed_1_9,nonmetro_adjacent,Q3,Constrained Bayesian posterior estimate; not an observed or recovered true suppressed count.
29107,Lafayette County,29,Missouri,5.8350277777777775,6.0,4.0,9.0,2.9440248325056015,3.0272604806280556,2.018173653752037,4.540890720942084,0.5468888888888889,suppressed_1_9,suppressed_1_9,metro_large,Q1_lowest,Constrained Bayesian posterior estimate; not an observed or recovered true suppressed count.
29109,Lawrence County,29,Missouri,4.079861111111111,4.0,2.0,8.0,1.761925189526169,1.727436441135444,0.863718220567722,3.454872882270888,0.07908333333333334,suppressed_1_9,suppressed_1_9,nonmetro_adjacent,Q3,Constrained Bayesian posterior estimate; not an observed or recovered true suppressed count.
29111,Lewis County,29,Missouri,0.0,0.0,0.0,0.0,0.0,0.0,0.0,0.0,0.0,zero,zero,nonmetro_nonadjacent,Q2,Constrained Bayesian posterior estimate; not an observed or recovered true suppressed count.
29113,Lincoln County,29,Missouri,6.7235,7.0,4.0,9.0,1.795518880521284,1.8693585429685413,1.0682048816963092,2.403460983816696,0.0,suppressed_1_9,suppressed_1_9,metro_large,Q1_lowest,Constrained Bayesian posterior estimate; not an observed or recovered true suppressed count.
29115,Linn County,29,Missouri,3.6622222222222223,3.0,3.0,6.0,5.149790789749166,4.2185786202435525,4.2185786202435525,8.437157240487105,1.0,suppressed_1_9,suppressed_1_9,nonmetro_nonadjacent,Q1_lowest,Constrained Bayesian posterior estimate; not an observed or recovered true suppressed count.
29117,Livingston County,29,Missouri,3.995416666666667,4.0,3.0,6.0,4.539627172052296,4.544834795255192,3.4086260964413944,6.817252192882789,1.0,suppressed_1_9,suppressed_1_9,nonmetro_nonadjacent,Q2,Constrained Bayesian posterior estimate; not an observed or recovered true suppressed count.
29119,McDonald County,29,Missouri,4.855194444444445,5.0,3.0,8.0,3.451600927341161,3.5545444851242314,2.132726691074539,5.68727117619877,0.5340555555555555,suppressed_1_9,suppressed_1_9,nonmetro_adjacent,Q4_highest,Constrained Bayesian posterior estimate; not an observed or recovered true suppressed count.
29121,Macon County,29,Missouri,2.6505555555555556,2.0,2.0,5.0,2.9196928417038124,2.2030799057081802,2.2030799057081802,5.50769976427045,0.46066666666666667,suppressed_1_9,suppressed_1_9,nonmetro_nonadjacent,Q2,Constrained Bayesian posterior estimate; not an observed or recovered true suppressed count.
29123,Madison County,29,Missouri,0.0,0.0,0.0,0.0,0.0,0.0,0.0,0.0,0.0,zero,zero,nonmetro_nonadjacent,Q3,Constrained Bayesian posterior estimate; not an observed or recovered true suppressed count.
29125,Maries County,29,Missouri,1.1735555555555555,1.0,1.0,2.0,2.2891944905014245,1.9506485906563933,1.9506485906563933,3.9012971813127866,0.15638888888888888,suppressed_1_9,suppressed_1_9,nonmetro_adjacent,Q2,Constrained Bayesian posterior estimate; not an observed or recovered true suppressed count.
29127,Marion County,29,Missouri,5.958916666666667,6.0,4.0,9.0,3.4914845413175524,3.515556336790297,2.343704224526865,5.273334505185446,0.586,suppressed_1_9,suppressed_1_9,nonmetro_nonadjacent,Q2,Constrained Bayesian posterior estimate; not an observed or recovered true suppressed count.
29129,Mercer County,29,Missouri,0.0,0.0,0.0,0.0,0.0,0.0,0.0,0.0,0.0,zero,zero,nonmetro_nonadjacent,Q2,Constrained Bayesian posterior estimate; not an observed or recovered true suppressed count.
29131,Miller County,29,Missouri,3.243611111111111,3.0,2.0,6.0,2.1202844235266776,1.9610406589096614,1.3073604392731075,3.922081317819323,0.14577777777777778,suppressed_1_9,suppressed_1_9,nonmetro_adjacent,Q2,Constrained Bayesian posterior estimate; not an observed or recovered true suppressed count.
29133,Mississippi County,29,Missouri,1.2794166666666666,1.0,1.0,3.0,1.7367096969779239,1.3574230680476183,1.3574230680476183,4.072269204142855,0.03936111111111111,suppressed_1_9,suppressed_1_9,nonmetro_adjacent,Q4_highest,Constrained Bayesian posterior estimate; not an observed or recovered true suppressed count.
29135,Moniteau County,29,Missouri,1.2851944444444445,1.0,1.0,3.0,1.3823605688273164,1.075604220670962,1.075604220670962,3.2268126620128856,0.04080555555555555,suppressed_1_9,suppressed_1_9,metro_other,Q3,Constrained Bayesian posterior estimate; not an observed or recovered true suppressed count.
29137,Monroe County,29,Missouri,0.0,0.0,0.0,0.0,0.0,0.0,0.0,0.0,0.0,zero,zero,nonmetro_nonadjacent,Q3,Constrained Bayesian posterior estimate; not an observed or recovered true suppressed count.
29139,Montgomery County,29,Missouri,3.5881666666666665,3.0,3.0,6.0,5.222950024260068,4.366812227074235,4.366812227074235,8.73362445414847,1.0,suppressed_1_9,suppressed_1_9,nonmetro_adjacent,Q2,Constrained Bayesian posterior estimate; not an observed or recovered true suppressed count.
29141,Morgan County,29,Missouri,7.291055555555555,7.0,5.0,9.0,5.657419190194882,5.431577640522673,3.879698314659052,6.983456966386294,1.0,suppressed_1_9,suppressed_1_9,nonmetro_adjacent,Q4_highest,Constrained Bayesian posterior estimate; not an observed or recovered true suppressed count.
29143,New Madrid County,29,Missouri,4.361611111111111,4.0,3.0,7.0,4.5369648006564836,4.160815519841889,3.120611639881417,7.2814271597233065,1.0,suppressed_1_9,suppressed_1_9,nonmetro_nonadjacent,Q4_highest,Constrained Bayesian posterior estimate; not an observed or recovered true suppressed count.
29145,Newton County,29,Missouri,8.06161111111111,8.0,6.0,9.0,2.2500868346296508,2.232890476722117,1.6746678575415874,2.5120017863123816,0.0,suppressed_1_9,suppressed_1_9,metro_other,Q3,Constrained Bayesian posterior estimate; not an observed or recovered true suppressed count.
29147,Nodaway County,29,Missouri,1.3564722222222223,1.0,1.0,3.0,1.0692417980200866,0.7882518937751748,0.7882518937751748,2.3647556813255246,0.008277777777777778,suppressed_1_9,suppressed_1_9,nonmetro_adjacent,Q1_lowest,Constrained Bayesian posterior estimate; not an observed or recovered true suppressed count.
29149,Oregon County,29,Missouri,1.1944166666666667,1.0,1.0,2.0,2.1435279901415356,1.7946233085675318,1.7946233085675318,3.5892466171350637,0.17077777777777778,suppressed_1_9,suppressed_1_9,nonmetro_nonadjacent,Q3,Constrained Bayesian posterior estimate; not an observed or recovered true suppressed count.
29151,Osage County,29,Missouri,3.5355833333333333,3.0,3.0,5.0,4.371718145922464,3.709473996587284,3.709473996587284,6.182456660978807,1.0,suppressed_1_9,suppressed_1_9,metro_other,Q1_lowest,Constrained Bayesian posterior estimate; not an observed or recovered true suppressed count.
29153,Ozark County,29,Missouri,0.0,0.0,0.0,0.0,0.0,0.0,0.0,0.0,0.0,zero,zero,nonmetro_nonadjacent,Q3,Constrained Bayesian posterior estimate; not an observed or recovered true suppressed count.
29155,Pemiscot County,29,Missouri,5.396055555555556,5.0,4.0,8.0,5.962360561706432,5.524739784756138,4.41979182780491,8.83958365560982,1.0,suppressed_1_9,suppressed_1_9,nonmetro_nonadjacent,Q4_highest,Constrained Bayesian posterior estimate; not an observed or recovered true suppressed count.
29157,Perry County,29,Missouri,1.3837222222222223,1.0,1.0,3.0,1.2120902437125283,0.8759635599159075,0.8759635599159075,2.6278906797477224,0.010416666666666666,suppressed_1_9,suppressed_1_9,nonmetro_adjacent,Q2,Constrained Bayesian posterior estimate; not an observed or recovered true suppressed count.
29159,Pettis County,29,Missouri,8.318777777777777,9.0,6.0,9.0,3.215719827043762,3.479054161142057,2.3193694407613714,3.479054161142057,0.8330277777777778,suppressed_1_9,suppressed_1_9,nonmetro_nonadjacent,Q3,Constrained Bayesian posterior estimate; not an observed or recovered true suppressed count.
29161,Phelps County,29,Missouri,5.565861111111111,5.0,3.0,9.0,2.059957552975507,1.8505290662600438,1.1103174397560263,3.3309523192680786,0.13594444444444445,suppressed_1_9,suppressed_1_9,nonmetro_nonadjacent,Q3,Constrained Bayesian posterior estimate; not an observed or recovered true suppressed count.
29163,Pike County,29,Missouri,5.295861111111111,5.0,4.0,8.0,4.941321307311511,4.665267086540704,3.732213669232564,7.464427338465128,1.0,suppressed_1_9,suppressed_1_9,nonmetro_adjacent,Q3,Constrained Bayesian posterior estimate; not an observed or recovered true suppressed count.
29165,Platte County,29,Missouri,12.0,12.0,12.0,12.0,1.8315018315018319,1.8315018315018314,1.8315018315018314,1.8315018315018314,0.0,exact,exact,metro_large,Q1_lowest,Constrained Bayesian posterior estimate; not an observed or recovered true suppressed count.
29167,Polk County,29,Missouri,10.0,10.0,10.0,10.0,5.1222947880650525,5.1222947880650525,5.1222947880650525,5.1222947880650525,1.0,exact,exact,metro_other,Q3,Constrained Bayesian posterior estimate; not an observed or recovered true suppressed count.
29169,Pulaski County,29,Missouri,7.096638888888889,7.0,4.0,9.0,2.2118313876274787,2.181711646288441,1.2466923693076806,2.8050578309422813,0.0,suppressed_1_9,suppressed_1_9,nonmetro_nonadjacent,Q3,Constrained Bayesian posterior estimate; not an observed or recovered true suppressed count.
29171,Putnam County,29,Missouri,0.0,0.0,0.0,0.0,0.0,0.0,0.0,0.0,0.0,zero,zero,nonmetro_nonadjacent,Q2,Constrained Bayesian posterior estimate; not an observed or recovered true suppressed count.
29173,Ralls County,29,Missouri,1.1999166666666667,1.0,1.0,2.0,1.9236524146186365,1.603155009057826,1.603155009057826,3.206310018115652,0.1736388888888889,suppressed_1_9,suppressed_1_9,nonmetro_nonadjacent,Q1_lowest,Constrained Bayesian posterior estimate; not an observed or recovered true suppressed count.
29175,Randolph County,29,Missouri,4.356305555555555,4.0,3.0,7.0,2.9690274701349835,2.7261884477764524,2.044641335832339,4.770829783608792,0.3889444444444444,suppressed_1_9,suppressed_1_9,nonmetro_adjacent,Q3,Constrained Bayesian posterior estimate; not an observed or recovered true suppressed count.
29177,Ray County,29,Missouri,4.035805555555555,4.0,3.0,7.0,2.915433583682288,2.889567937354167,2.1671759530156254,5.056743890369792,0.2791111111111111,suppressed_1_9,suppressed_1_9,metro_large,Q1_lowest,Constrained Bayesian posterior estimate; not an observed or recovered true suppressed count.
29179,Reynolds County,29,Missouri,0.0,0.0,0.0,0.0,0.0,0.0,0.0,0.0,0.0,zero,zero,nonmetro_nonadjacent,Q3,Constrained Bayesian posterior estimate; not an observed or recovered true suppressed count.
29181,Ripley County,29,Missouri,0.0,0.0,0.0,0.0,0.0,0.0,0.0,0.0,0.0,zero,zero,nonmetro_nonadjacent,Q2,Constrained Bayesian posterior estimate; not an observed or recovered true suppressed count.
29183,St. Charles County,29,Missouri,35.0,35.0,35.0,35.0,1.4156314019402243,1.415631401940224,1.415631401940224,1.415631401940224,0.0,exact,exact,metro_large,Q1_lowest,Constrained Bayesian posterior estimate; not an observed or recovered true suppressed count.
29185,St. Clair County,29,Missouri,0.0,0.0,0.0,0.0,0.0,0.0,0.0,0.0,0.0,zero,zero,nonmetro_adjacent,Q3,Constrained Bayesian posterior estimate; not an observed or recovered true suppressed count.
29186,Ste. Genevieve County,29,Missouri,2.7437222222222224,2.0,2.0,5.0,2.4889078377893483,1.8142564270033927,1.8142564270033927,4.5356410675084815,0.17855555555555555,suppressed_1_9,suppressed_1_9,nonmetro_adjacent,Q1_lowest,Constrained Bayesian posterior estimate; not an observed or recovered true suppressed count.
29187,St. Francois County,29,Missouri,6.929333333333333,7.0,4.0,9.0,1.7204151573309232,1.7379602801591971,0.9931201600909698,2.234520360204682,0.0,suppressed_1_9,suppressed_1_9,nonmetro_adjacent,Q3,Constrained Bayesian posterior estimate; not an observed or recovered true suppressed count.
29189,St. Louis County,29,Missouri,188.0,188.0,188.0,188.0,3.1565794364968416,3.1565794364968416,3.1565794364968416,3.1565794364968416,1.0,exact,exact,metro_large,Q2,Constrained Bayesian posterior estimate; not an observed or recovered true suppressed count.
29195,Saline County,29,Missouri,2.9635833333333332,3.0,2.0,6.0,2.1430362019635205,2.169369942656321,1.4462466284375475,4.338739885312642,0.08630555555555555,suppressed_1_9,suppressed_1_9,nonmetro_nonadjacent,Q2,Constrained Bayesian posterior estimate; not an observed or recovered true suppressed count.
29197,Schuyler County,29,Missouri,1.0415833333333333,1.0,1.0,2.0,4.109944889450078,3.9458627628931064,3.9458627628931064,7.891725525786213,1.0,suppressed_1_9,suppressed_1_9,nonmetro_nonadjacent,Q1_lowest,Constrained Bayesian posterior estimate; not an observed or recovered true suppressed count.
29199,Scotland County,29,Missouri,0.0,0.0,0.0,0.0,0.0,0.0,0.0,0.0,0.0,zero,zero,nonmetro_nonadjacent,Q2,Constrained Bayesian posterior estimate; not an observed or recovered true suppressed count.
29201,Scott County,29,Missouri,4.169888888888889,4.0,2.0,8.0,1.8281449266043335,1.753662963515042,0.876831481757521,3.507325927030084,0.09169444444444444,suppressed_1_9,suppressed_1_9,nonmetro_adjacent,Q3,Constrained Bayesian posterior estimate; not an observed or recovered true suppressed count.
29203,Shannon County,29,Missouri,2.305138888888889,2.0,2.0,4.0,5.102009448416123,4.426639516610964,4.426639516610964,8.853279033221929,1.0,suppressed_1_9,suppressed_1_9,nonmetro_nonadjacent,Q2,Constrained Bayesian posterior estimate; not an observed or recovered true suppressed count.
29205,Shelby County,29,Missouri,0.0,0.0,0.0,0.0,0.0,0.0,0.0,0.0,0.0,zero,zero,nonmetro_nonadjacent,Q2,Constrained Bayesian posterior estimate; not an observed or recovered true suppressed count.
29207,Stoddard County,29,Missouri,5.0315,5.0,3.0,8.0,2.930111753641165,2.9117676176499705,1.7470605705899824,4.658828188239953,0.34102777777777776,suppressed_1_9,suppressed_1_9,nonmetro_adjacent,Q2,Constrained Bayesian posterior estimate; not an observed or recovered true suppressed count.
29209,Stone County,29,Missouri,7.699361111111111,8.0,5.0,9.0,3.981281826324719,4.1367399386728305,2.585462461670519,4.653832431006934,0.9625277777777778,suppressed_1_9,suppressed_1_9,nonmetro_adjacent,Q2,Constrained Bayesian posterior estimate; not an observed or recovered true suppressed count.
29211,Sullivan County,29,Missouri,3.3994166666666668,3.0,3.0,5.0,9.591221585832653,8.464294783172981,8.464294783172981,14.10715797195497,1.0,suppressed_1_9,suppressed_1_9,nonmetro_nonadjacent,Q3,Constrained Bayesian posterior estimate; not an observed or recovered true suppressed count.
29213,Taney County,29,Missouri,13.0,13.0,13.0,13.0,3.837536419696598,3.8375364196965984,3.8375364196965984,3.8375364196965984,1.0,exact,exact,nonmetro_adjacent,Q4_highest,Constrained Bayesian posterior estimate; not an observed or recovered true suppressed count.
29215,Texas County,29,Missouri,12.0,12.0,12.0,12.0,7.886072538723906,7.8860725387239015,7.8860725387239015,7.8860725387239015,1.0,exact,exact,nonmetro_nonadjacent,Q4_highest,Constrained Bayesian posterior estimate; not an observed or recovered true suppressed count.
29217,Vernon County,29,Missouri,5.7460555555555555,6.0,4.0,9.0,4.800621213724628,5.012782595618828,3.3418550637458853,7.519173893428242,1.0,suppressed_1_9,suppressed_1_9,nonmetro_adjacent,Q3,Constrained Bayesian posterior estimate; not an observed or recovered true suppressed count.
29219,Warren County,29,Missouri,6.124305555555556,6.0,4.0,9.0,2.75491129554241,2.698994624502373,1.7993297496682485,4.0484919367535595,0.3794722222222222,suppressed_1_9,suppressed_1_9,metro_large,Q1_lowest,Constrained Bayesian posterior estimate; not an observed or recovered true suppressed count.
29221,Washington County,29,Missouri,4.497083333333333,4.0,3.0,7.0,3.136172596714879,2.789516995132293,2.0921377463492195,4.881654741481513,0.43733333333333335,suppressed_1_9,suppressed_1_9,nonmetro_adjacent,Q4_highest,Constrained Bayesian posterior estimate; not an observed or recovered true suppressed count.
29223,Wayne County,29,Missouri,2.4143055555555555,2.0,2.0,4.0,3.500058794061317,2.8994331608170603,2.8994331608170603,5.7988663216341205,0.32911111111111113,suppressed_1_9,suppressed_1_9,nonmetro_nonadjacent,Q3,Constrained Bayesian posterior estimate; not an observed or recovered true suppressed count.
29225,Webster County,29,Missouri,13.0,13.0,13.0,13.0,5.3490458125200595,5.349045812520059,5.349045812520059,5.349045812520059,1.0,exact,exact,metro_other,Q3,Constrained Bayesian posterior estimate; not an observed or recovered true suppressed count.
29227,Worth County,29,Missouri,0.0,0.0,0.0,0.0,0.0,0.0,0.0,0.0,0.0,zero,zero,nonmetro_nonadjacent,Q1_lowest,Constrained Bayesian posterior estimate; not an observed or recovered true suppressed count.
29229,Wright County,29,Missouri,5.606277777777778,5.0,4.0,8.0,4.948695164340246,4.4135301179295245,3.5308240943436195,7.061648188687239,1.0,suppressed_1_9,suppressed_1_9,nonmetro_adjacent,Q3,Constrained Bayesian posterior estimate; not an observed or recovered true suppressed count.
29510,St. Louis City,29,Missouri,84.0,84.0,84.0,84.0,4.82881283636418,4.82881283636418,4.82881283636418,4.82881283636418,1.0,exact,exact,metro_large,Q4_highest,Constrained Bayesian posterior estimate; not an observed or recovered true suppressed count.
30001,Beaverhead County,30,Montana,1.2511944444444445,1.0,1.0,3.0,2.154631383579205,1.7220595832615808,1.7220595832615808,5.166178749784743,0.21563888888888888,suppressed_1_9,suppressed_1_9,nonmetro_nonadjacent,Q1_lowest,Constrained Bayesian posterior estimate; not an observed or recovered true suppressed count.
30003,Big Horn County,30,Montana,2.7614722222222223,3.0,2.0,5.0,3.5523267198659876,3.8591661628310843,2.5727774418873897,6.431943604718473,0.5149166666666667,suppressed_1_9,suppressed_1_9,nonmetro_adjacent,Q4_highest,Constrained Bayesian posterior estimate; not an observed or recovered true suppressed count.
30005,Blaine County,30,Montana,0.0,0.0,0.0,0.0,0.0,0.0,0.0,0.0,0.0,zero,zero,nonmetro_nonadjacent,Q4_highest,Constrained Bayesian posterior estimate; not an observed or recovered true suppressed count.
30007,Broadwater County,30,Montana,0.0,0.0,0.0,0.0,0.0,0.0,0.0,0.0,0.0,zero,zero,metro_other,Q1_lowest,Constrained Bayesian posterior estimate; not an observed or recovered true suppressed count.
30009,Carbon County,30,Montana,0.0,0.0,0.0,0.0,0.0,0.0,0.0,0.0,0.0,zero,zero,metro_other,Q1_lowest,Constrained Bayesian posterior estimate; not an observed or recovered true suppressed count.
30011,Carter County,30,Montana,1.04125,1.0,1.0,2.0,12.832758195711119,12.324377618930244,12.324377618930244,24.648755237860488,1.0,suppressed_1_9,suppressed_1_9,nonmetro_nonadjacent,Q2,Constrained Bayesian posterior estimate; not an observed or recovered true suppressed count.
30013,Cascade County,30,Montana,35.0,35.0,35.0,35.0,6.978923650575265,6.978923650575262,6.978923650575262,6.978923650575262,1.0,exact,exact,metro_other,Q2,Constrained Bayesian posterior estimate; not an observed or recovered true suppressed count.
30015,Chouteau County,30,Montana,1.1277222222222223,1.0,1.0,2.0,3.2336121067303867,2.867383512544803,2.867383512544803,5.734767025089606,0.11786111111111111,suppressed_1_9,suppressed_1_9,nonmetro_adjacent,Q2,Constrained Bayesian posterior estimate; not an observed or recovered true suppressed count.
30017,Custer County,30,Montana,1.291111111111111,1.0,1.0,3.0,1.8290024381452465,1.4166111827286765,1.4166111827286765,4.24983354818603,0.03963888888888889,suppressed_1_9,suppressed_1_9,nonmetro_nonadjacent,Q2,Constrained Bayesian posterior estimate; not an observed or recovered true suppressed count.
30019,Daniels County,30,Montana,1.0420277777777778,1.0,1.0,2.0,10.525533108866444,10.1010101010101,10.1010101010101,20.2020202020202,1.0,suppressed_1_9,suppressed_1_9,nonmetro_nonadjacent,Q1_lowest,Constrained Bayesian posterior estimate; not an observed or recovered true suppressed count.
30021,Dawson County,30,Montana,1.2049166666666666,1.0,1.0,2.0,2.2975738738566953,1.9068321796998646,1.9068321796998646,3.8136643593997293,0.1817777777777778,suppressed_1_9,suppressed_1_9,nonmetro_nonadjacent,Q1_lowest,Constrained Bayesian posterior estimate; not an observed or recovered true suppressed count.
30023,Deer Lodge County,30,Montana,3.8962777777777777,4.0,3.0,6.0,6.856143479170454,7.038659839166622,5.278994879374967,10.557989758749933,1.0,suppressed_1_9,suppressed_1_9,nonmetro_nonadjacent,Q3,Constrained Bayesian posterior estimate; not an observed or recovered true suppressed count.
30025,Fallon County,30,Montana,0.0,0.0,0.0,0.0,0.0,0.0,0.0,0.0,0.0,zero,zero,nonmetro_nonadjacent,Q1_lowest,Constrained Bayesian posterior estimate; not an observed or recovered true suppressed count.
30027,Fergus County,30,Montana,2.5874722222222224,2.0,2.0,5.0,3.7462677683185013,2.89569699426652,2.89569699426652,7.2392424856663,0.43344444444444447,suppressed_1_9,suppressed_1_9,nonmetro_nonadjacent,Q2,Constrained Bayesian posterior estimate; not an observed or recovered true suppressed count.
30029,Flathead County,30,Montana,19.0,19.0,19.0,19.0,2.8869632337634905,2.886963233763491,2.886963233763491,2.886963233763491,0.0,exact,exact,nonmetro_nonadjacent,Q1_lowest,Constrained Bayesian posterior estimate; not an observed or recovered true suppressed count.
30031,Gallatin County,30,Montana,14.0,14.0,14.0,14.0,1.9120380550202607,1.9120380550202607,1.9120380550202607,1.9120380550202607,0.0,exact,exact,metro_other,Q1_lowest,Constrained Bayesian posterior estimate; not an observed or recovered true suppressed count.
30033,Garfield County,30,Montana,0.0,0.0,0.0,0.0,0.0,0.0,0.0,0.0,0.0,zero,zero,nonmetro_nonadjacent,Q1_lowest,Constrained Bayesian posterior estimate; not an observed or recovered true suppressed count.
30035,Glacier County,30,Montana,5.487583333333333,5.0,4.0,8.0,6.69830129183196,6.103143118706134,4.882514494964907,9.765028989929814,1.0,suppressed_1_9,suppressed_1_9,nonmetro_nonadjacent,Q4_highest,Constrained Bayesian posterior estimate; not an observed or recovered true suppressed count.
30037,Golden Valley County,30,Montana,0.0,0.0,0.0,0.0,0.0,0.0,0.0,0.0,0.0,zero,zero,nonmetro_adjacent,Q1_lowest,Constrained Bayesian posterior estimate; not an observed or recovered true suppressed count.
30039,Granite County,30,Montana,1.1059722222222221,1.0,1.0,2.0,5.332813646859647,4.8218332610058345,4.8218332610058345,9.643666522011669,1.0,suppressed_1_9,suppressed_1_9,nonmetro_adjacent,Q1_lowest,Constrained Bayesian posterior estimate; not an observed or recovered true suppressed count.
30041,Hill County,30,Montana,5.579722222222222,5.0,4.0,8.0,5.726903645922428,5.131889561736632,4.105511649389305,8.21102329877861,1.0,suppressed_1_9,suppressed_1_9,nonmetro_nonadjacent,Q2,Constrained Bayesian posterior estimate; not an observed or recovered true suppressed count.
30043,Jefferson County,30,Montana,3.90575,4.0,3.0,6.0,5.123706201052093,5.2473468102690575,3.9355101077017935,7.871020215403587,1.0,suppressed_1_9,suppressed_1_9,metro_other,Q1_lowest,Constrained Bayesian posterior estimate; not an observed or recovered true suppressed count.
30045,Judith Basin County,30,Montana,0.0,0.0,0.0,0.0,0.0,0.0,0.0,0.0,0.0,zero,zero,nonmetro_adjacent,Q1_lowest,Constrained Bayesian posterior estimate; not an observed or recovered true suppressed count.
30047,Lake County,30,Montana,7.679222222222222,8.0,5.0,9.0,3.9774084260309537,4.143553407813706,2.5897208798835663,4.661497583790419,0.9434444444444444,suppressed_1_9,suppressed_1_9,nonmetro_adjacent,Q4_highest,Constrained Bayesian posterior estimate; not an observed or recovered true suppressed count.
30049,Lewis and Clark County,30,Montana,10.0,10.0,10.0,10.0,2.294335743915421,2.2943357439154215,2.2943357439154215,2.2943357439154215,0.0,exact,exact,metro_other,Q1_lowest,Constrained Bayesian posterior estimate; not an observed or recovered true suppressed count.
30051,Liberty County,30,Montana,1.0468333333333333,1.0,1.0,2.0,8.353282264070646,7.979572294924992,7.979572294924992,15.959144589849984,1.0,suppressed_1_9,suppressed_1_9,nonmetro_nonadjacent,Q3,Constrained Bayesian posterior estimate; not an observed or recovered true suppressed count.
30053,Lincoln County,30,Montana,5.091722222222222,5.0,3.0,8.0,4.026604737151031,3.9540695283585863,2.372441717015152,6.326511245373739,0.8686944444444444,suppressed_1_9,suppressed_1_9,nonmetro_nonadjacent,Q3,Constrained Bayesian posterior estimate; not an observed or recovered true suppressed count.
30055,McCone County,30,Montana,0.0,0.0,0.0,0.0,0.0,0.0,0.0,0.0,0.0,zero,zero,nonmetro_nonadjacent,Q1_lowest,Constrained Bayesian posterior estimate; not an observed or recovered true suppressed count.
30057,Madison County,30,Montana,0.0,0.0,0.0,0.0,0.0,0.0,0.0,0.0,0.0,zero,zero,nonmetro_adjacent,Q1_lowest,Constrained Bayesian posterior estimate; not an observed or recovered true suppressed count.
30059,Meagher County,30,Montana,0.0,0.0,0.0,0.0,0.0,0.0,0.0,0.0,0.0,zero,zero,nonmetro_adjacent,Q1_lowest,Constrained Bayesian posterior estimate; not an observed or recovered true suppressed count.
30061,Mineral County,30,Montana,2.190777777777778,2.0,2.0,3.0,7.517079940220208,6.862475981334065,6.862475981334065,10.293713972001099,1.0,suppressed_1_9,suppressed_1_9,metro_other,Q1_lowest,Constrained Bayesian posterior estimate; not an observed or recovered true suppressed count.
30063,Missoula County,30,Montana,18.0,18.0,18.0,18.0,2.4786594308171734,2.4786594308171725,2.4786594308171725,2.4786594308171725,0.0,exact,exact,metro_other,Q2,Constrained Bayesian posterior estimate; not an observed or recovered true suppressed count.
30065,Musselshell County,30,Montana,0.0,0.0,0.0,0.0,0.0,0.0,0.0,0.0,0.0,zero,zero,nonmetro_adjacent,Q1_lowest,Constrained Bayesian posterior estimate; not an observed or recovered true suppressed count.
30067,Park County,30,Montana,1.34775,1.0,1.0,3.0,1.2884060187752135,0.955968108903887,0.955968108903887,2.867904326711661,0.007083333333333333,suppressed_1_9,suppressed_1_9,nonmetro_adjacent,Q1_lowest,Constrained Bayesian posterior estimate; not an observed or recovered true suppressed count.
30069,Petroleum County,30,Montana,1.00975,1.0,1.0,1.0,32.47828883885494,32.1646831778707,32.1646831778707,32.1646831778707,1.0,suppressed_1_9,suppressed_1_9,nonmetro_nonadjacent,Q1_lowest,Constrained Bayesian posterior estimate; not an observed or recovered true suppressed count.
30071,Phillips County,30,Montana,0.0,0.0,0.0,0.0,0.0,0.0,0.0,0.0,0.0,zero,zero,nonmetro_nonadjacent,Q1_lowest,Constrained Bayesian posterior estimate; not an observed or recovered true suppressed count.
30073,Pondera County,30,Montana,1.217861111111111,1.0,1.0,3.0,3.38595727066034,2.7802491103202844,2.7802491103202844,8.340747330960854,0.18963888888888888,suppressed_1_9,suppressed_1_9,nonmetro_nonadjacent,Q4_highest,Constrained Bayesian posterior estimate; not an observed or recovered true suppressed count.
30075,Powder River County,30,Montana,0.0,0.0,0.0,0.0,0.0,0.0,0.0,0.0,0.0,zero,zero,nonmetro_nonadjacent,Q1_lowest,Constrained Bayesian posterior estimate; not an observed or recovered true suppressed count.
30077,Powell County,30,Montana,1.0708055555555556,1.0,1.0,2.0,2.548930148906345,2.38038562247084,2.38038562247084,4.76077124494168,0.068,suppressed_1_9,suppressed_1_9,nonmetro_adjacent,Q1_lowest,Constrained Bayesian posterior estimate; not an observed or recovered true suppressed count.
30079,Prairie County,30,Montana,0.0,0.0,0.0,0.0,0.0,0.0,0.0,0.0,0.0,zero,zero,nonmetro_nonadjacent,Q2,Constrained Bayesian posterior estimate; not an observed or recovered true suppressed count.
30081,Ravalli County,30,Montana,7.482194444444445,8.0,5.0,9.0,2.691533668277436,2.8778013597611425,1.798625849850714,3.2375265297312854,0.2653888888888889,suppressed_1_9,suppressed_1_9,nonmetro_adjacent,Q1_lowest,Constrained Bayesian posterior estimate; not an observed or recovered true suppressed count.
30083,Richland County,30,Montana,0.0,0.0,0.0,0.0,0.0,0.0,0.0,0.0,0.0,zero,zero,nonmetro_nonadjacent,Q2,Constrained Bayesian posterior estimate; not an observed or recovered true suppressed count.
30085,Roosevelt County,30,Montana,1.19125,1.0,1.0,2.0,1.8649122532366895,1.5655087120559825,1.5655087120559825,3.131017424111965,0.1711111111111111,suppressed_1_9,suppressed_1_9,nonmetro_nonadjacent,Q4_highest,Constrained Bayesian posterior estimate; not an observed or recovered true suppressed count.
30087,Rosebud County,30,Montana,3.684222222222222,3.0,3.0,6.0,7.318822825686292,5.959593952998669,5.959593952998669,11.919187905997338,1.0,suppressed_1_9,suppressed_1_9,nonmetro_adjacent,Q4_highest,Constrained Bayesian posterior estimate; not an observed or recovered true suppressed count.
30089,Sanders County,30,Montana,4.232111111111111,4.0,3.0,7.0,5.408448704295349,5.111821086261981,3.8338658146964857,8.945686900958465,1.0,suppressed_1_9,suppressed_1_9,nonmetro_adjacent,Q3,Constrained Bayesian posterior estimate; not an observed or recovered true suppressed count.
30091,Sheridan County,30,Montana,0.0,0.0,0.0,0.0,0.0,0.0,0.0,0.0,0.0,zero,zero,nonmetro_nonadjacent,Q1_lowest,Constrained Bayesian posterior estimate; not an observed or recovered true suppressed count.
30093,Silver Bow County,30,Montana,5.331416666666667,5.0,3.0,9.0,2.490524817659186,2.335706411046957,1.401423846628174,4.204271539884522,0.215,suppressed_1_9,suppressed_1_9,nonmetro_nonadjacent,Q2,Constrained Bayesian posterior estimate; not an observed or recovered true suppressed count.
30095,Stillwater County,30,Montana,2.3348333333333335,2.0,2.0,4.0,4.1416847009850875,3.5477347713484937,3.5477347713484937,7.095469542696987,1.0,suppressed_1_9,suppressed_1_9,metro_other,Q1_lowest,Constrained Bayesian posterior estimate; not an observed or recovered true suppressed count.
30097,Sweet Grass County,30,Montana,2.215222222222222,2.0,2.0,3.0,9.89866491899648,8.936949819026767,8.936949819026767,13.405424728540147,1.0,suppressed_1_9,suppressed_1_9,nonmetro_adjacent,Q1_lowest,Constrained Bayesian posterior estimate; not an observed or recovered true suppressed count.
30099,Teton County,30,Montana,1.1781944444444445,1.0,1.0,2.0,3.10811840674399,2.638035191389453,2.638035191389453,5.276070382778906,0.1595,suppressed_1_9,suppressed_1_9,nonmetro_adjacent,Q2,Constrained Bayesian posterior estimate; not an observed or recovered true suppressed count.
30101,Toole County,30,Montana,2.1953055555555556,2.0,2.0,3.0,7.3665499666305,6.711184188450052,6.711184188450052,10.066776282675079,1.0,suppressed_1_9,suppressed_1_9,nonmetro_nonadjacent,Q3,Constrained Bayesian posterior estimate; not an observed or recovered true suppressed count.
30103,Treasure County,30,Montana,0.0,0.0,0.0,0.0,0.0,0.0,0.0,0.0,0.0,zero,zero,nonmetro_adjacent,Q1_lowest,Constrained Bayesian posterior estimate; not an observed or recovered true suppressed count.
30105,Valley County,30,Montana,1.1402777777777777,1.0,1.0,2.0,2.550215323905302,2.2364860331447227,2.2364860331447227,4.472972066289445,0.12861111111111112,suppressed_1_9,suppressed_1_9,nonmetro_nonadjacent,Q1_lowest,Constrained Bayesian posterior estimate; not an observed or recovered true suppressed count.
30107,Wheatland County,30,Montana,1.0625,1.0,1.0,2.0,8.507486588197612,8.007046200656577,8.007046200656577,16.014092401313153,1.0,suppressed_1_9,suppressed_1_9,nonmetro_nonadjacent,Q1_lowest,Constrained Bayesian posterior estimate; not an observed or recovered true suppressed count.
30109,Wibaux County,30,Montana,1.0152777777777777,1.0,1.0,1.0,18.188423106015364,17.914725904693658,17.914725904693658,17.914725904693658,1.0,suppressed_1_9,suppressed_1_9,nonmetro_nonadjacent,Q2,Constrained Bayesian posterior estimate; not an observed or recovered true suppressed count.
30111,Yellowstone County,30,Montana,20.0,20.0,20.0,20.0,1.9925994855108122,1.992599485510813,1.992599485510813,1.992599485510813,0.0,exact,exact,metro_other,Q2,Constrained Bayesian posterior estimate; not an observed or recovered true suppressed count.
31001,Adams County,31,Nebraska,5.509611111111111,5.0,3.0,9.0,2.9498496118939856,2.6770034693964964,1.606202081637898,4.818606244913694,0.46944444444444444,suppressed_1_9,suppressed_1_9,nonmetro_adjacent,Q2,Constrained Bayesian posterior estimate; not an observed or recovered true suppressed count.
31003,Antelope County,31,Nebraska,0.0,0.0,0.0,0.0,0.0,0.0,0.0,0.0,0.0,zero,zero,nonmetro_nonadjacent,Q1_lowest,Constrained Bayesian posterior estimate; not an observed or recovered true suppressed count.
31005,Arthur County,31,Nebraska,0.0,0.0,0.0,0.0,0.0,0.0,0.0,0.0,0.0,zero,zero,nonmetro_nonadjacent,Q1_lowest,Constrained Bayesian posterior estimate; not an observed or recovered true suppressed count.
31007,Banner County,31,Nebraska,0.0,0.0,0.0,0.0,0.0,0.0,0.0,0.0,0.0,zero,zero,nonmetro_adjacent,Q1_lowest,Constrained Bayesian posterior estimate; not an observed or recovered true suppressed count.
31009,Blaine County,31,Nebraska,0.0,0.0,0.0,0.0,0.0,0.0,0.0,0.0,0.0,zero,zero,nonmetro_nonadjacent,Q1_lowest,Constrained Bayesian posterior estimate; not an observed or recovered true suppressed count.
31011,Boone County,31,Nebraska,1.0210833333333333,1.0,1.0,1.0,3.2187477014574077,3.1522869842070422,3.1522869842070422,3.1522869842070422,1.0,suppressed_1_9,suppressed_1_9,nonmetro_nonadjacent,Q1_lowest,Constrained Bayesian posterior estimate; not an observed or recovered true suppressed count.
31013,Box Butte County,31,Nebraska,2.4985833333333334,2.0,2.0,4.0,3.894907768251494,3.1176929072486357,3.1176929072486357,6.235385814497271,1.0,suppressed_1_9,suppressed_1_9,nonmetro_nonadjacent,Q2,Constrained Bayesian posterior estimate; not an observed or recovered true suppressed count.
31015,Boyd County,31,Nebraska,0.0,0.0,0.0,0.0,0.0,0.0,0.0,0.0,0.0,zero,zero,nonmetro_nonadjacent,Q1_lowest,Constrained Bayesian posterior estimate; not an observed or recovered true suppressed count.
31017,Brown County,31,Nebraska,0.0,0.0,0.0,0.0,0.0,0.0,0.0,0.0,0.0,zero,zero,nonmetro_nonadjacent,Q1_lowest,Constrained Bayesian posterior estimate; not an observed or recovered true suppressed count.
31019,Buffalo County,31,Nebraska,7.0448611111111115,7.0,4.0,9.0,2.3284871347677285,2.3136595152552792,1.3220911515744453,2.974705091042502,0.18119444444444444,suppressed_1_9,suppressed_1_9,nonmetro_adjacent,Q2,Constrained Bayesian posterior estimate; not an observed or recovered true suppressed count.
31021,Burt County,31,Nebraska,1.1309444444444445,1.0,1.0,2.0,2.837718784675176,2.5091584282631607,2.5091584282631607,5.018316856526321,0.11988888888888889,suppressed_1_9,suppressed_1_9,nonmetro_adjacent,Q1_lowest,Constrained Bayesian posterior estimate; not an observed or recovered true suppressed count.
31023,Butler County,31,Nebraska,1.1784166666666667,1.0,1.0,2.0,2.3689147988072503,2.010252286661976,2.010252286661976,4.020504573323952,0.15969444444444444,suppressed_1_9,suppressed_1_9,nonmetro_adjacent,Q1_lowest,Constrained Bayesian posterior estimate; not an observed or recovered true suppressed count.
31025,Cass County,31,Nebraska,7.193527777777778,7.0,5.0,9.0,4.452625251631175,4.33283608881076,3.0948829205791144,5.570789257042406,1.0,suppressed_1_9,suppressed_1_9,metro_other,Q1_lowest,Constrained Bayesian posterior estimate; not an observed or recovered true suppressed count.
31027,Cedar County,31,Nebraska,1.155861111111111,1.0,1.0,2.0,2.3098281631284565,1.9983613436981673,1.9983613436981673,3.9967226873963346,0.14041666666666666,suppressed_1_9,suppressed_1_9,nonmetro_nonadjacent,Q1_lowest,Constrained Bayesian posterior estimate; not an observed or recovered true suppressed count.
31029,Chase County,31,Nebraska,0.0,0.0,0.0,0.0,0.0,0.0,0.0,0.0,0.0,zero,zero,nonmetro_nonadjacent,Q2,Constrained Bayesian posterior estimate; not an observed or recovered true suppressed count.
31031,Cherry County,31,Nebraska,1.1178055555555555,1.0,1.0,2.0,3.3425200512994304,2.9902517791998084,2.9902517791998084,5.980503558399617,1.0,suppressed_1_9,suppressed_1_9,nonmetro_nonadjacent,Q2,Constrained Bayesian posterior estimate; not an observed or recovered true suppressed count.
31033,Cheyenne County,31,Nebraska,2.5088333333333335,2.0,2.0,4.0,4.463798543401419,3.5584655896377484,3.5584655896377484,7.116931179275497,1.0,suppressed_1_9,suppressed_1_9,nonmetro_nonadjacent,Q2,Constrained Bayesian posterior estimate; not an observed or recovered true suppressed count.
31035,Clay County,31,Nebraska,1.1630833333333332,1.0,1.0,2.0,3.1635613581758015,2.7199782401740786,2.7199782401740786,5.439956480348157,0.14708333333333334,suppressed_1_9,suppressed_1_9,nonmetro_nonadjacent,Q1_lowest,Constrained Bayesian posterior estimate; not an observed or recovered true suppressed count.
31037,Colfax County,31,Nebraska,1.1906388888888888,1.0,1.0,2.0,1.8711910873627045,1.5715857300015714,1.5715857300015714,3.143171460003143,0.1686111111111111,suppressed_1_9,suppressed_1_9,nonmetro_nonadjacent,Q2,Constrained Bayesian posterior estimate; not an observed or recovered true suppressed count.
31039,Cuming County,31,Nebraska,0.0,0.0,0.0,0.0,0.0,0.0,0.0,0.0,0.0,zero,zero,nonmetro_nonadjacent,Q1_lowest,Constrained Bayesian posterior estimate; not an observed or recovered true suppressed count.
31041,Custer County,31,Nebraska,3.655972222222222,3.0,3.0,6.0,5.765881089189239,4.731338811172268,4.731338811172268,9.462677622344536,1.0,suppressed_1_9,suppressed_1_9,nonmetro_nonadjacent,Q1_lowest,Constrained Bayesian posterior estimate; not an observed or recovered true suppressed count.
31043,Dakota County,31,Nebraska,2.9125277777777776,3.0,2.0,5.0,2.3303577937445215,2.400345649773567,1.6002304331823782,4.000576082955946,0.23502777777777778,suppressed_1_9,suppressed_1_9,metro_other,Q3,Constrained Bayesian posterior estimate; not an observed or recovered true suppressed count.
31045,Dawes County,31,Nebraska,0.0,0.0,0.0,0.0,0.0,0.0,0.0,0.0,0.0,zero,zero,nonmetro_nonadjacent,Q2,Constrained Bayesian posterior estimate; not an observed or recovered true suppressed count.
31047,Dawson County,31,Nebraska,5.9968055555555555,6.0,4.0,9.0,4.17820154923537,4.180427239663894,2.7869514931092625,6.270640859495841,0.8597777777777778,suppressed_1_9,suppressed_1_9,nonmetro_nonadjacent,Q3,Constrained Bayesian posterior estimate; not an observed or recovered true suppressed count.
31049,Deuel County,31,Nebraska,0.0,0.0,0.0,0.0,0.0,0.0,0.0,0.0,0.0,zero,zero,nonmetro_nonadjacent,Q1_lowest,Constrained Bayesian posterior estimate; not an observed or recovered true suppressed count.
31051,Dixon County,31,Nebraska,0.0,0.0,0.0,0.0,0.0,0.0,0.0,0.0,0.0,zero,zero,nonmetro_adjacent,Q2,Constrained Bayesian posterior estimate; not an observed or recovered true suppressed count.
31053,Dodge County,31,Nebraska,6.748277777777778,7.0,4.0,9.0,3.0403399642174542,3.1537498085223326,1.8021427477270475,4.054821182385857,0.5591944444444444,suppressed_1_9,suppressed_1_9,nonmetro_adjacent,Q3,Constrained Bayesian posterior estimate; not an observed or recovered true suppressed count.
31055,Douglas County,31,Nebraska,124.0,124.0,124.0,124.0,3.5350880293936857,3.535088029393687,3.535088029393687,3.535088029393687,1.0,exact,exact,metro_other,Q3,Constrained Bayesian posterior estimate; not an observed or recovered true suppressed count.
31057,Dundy County,31,Nebraska,4.107944444444445,4.0,4.0,5.0,42.215028716929865,41.10574452779776,41.10574452779776,51.3821806597472,1.0,suppressed_1_9,suppressed_1_9,nonmetro_nonadjacent,Q1_lowest,Constrained Bayesian posterior estimate; not an observed or recovered true suppressed count.
31059,Fillmore County,31,Nebraska,0.0,0.0,0.0,0.0,0.0,0.0,0.0,0.0,0.0,zero,zero,nonmetro_adjacent,Q1_lowest,Constrained Bayesian posterior estimate; not an observed or recovered true suppressed count.
31061,Franklin County,31,Nebraska,1.0650277777777777,1.0,1.0,2.0,6.143091525510629,5.768010613139528,5.768010613139528,11.536021226279056,1.0,suppressed_1_9,suppressed_1_9,nonmetro_nonadjacent,Q1_lowest,Constrained Bayesian posterior estimate; not an observed or recovered true suppressed count.
31063,Frontier County,31,Nebraska,0.0,0.0,0.0,0.0,0.0,0.0,0.0,0.0,0.0,zero,zero,nonmetro_nonadjacent,Q2,Constrained Bayesian posterior estimate; not an observed or recovered true suppressed count.
31065,Furnas County,31,Nebraska,0.0,0.0,0.0,0.0,0.0,0.0,0.0,0.0,0.0,zero,zero,nonmetro_nonadjacent,Q1_lowest,Constrained Bayesian posterior estimate; not an observed or recovered true suppressed count.
31067,Gage County,31,Nebraska,4.2715555555555556,4.0,3.0,7.0,3.299415710587928,3.089661990978187,2.31724649323364,5.406908484211827,0.6978055555555556,suppressed_1_9,suppressed_1_9,nonmetro_adjacent,Q1_lowest,Constrained Bayesian posterior estimate; not an observed or recovered true suppressed count.
31069,Garden County,31,Nebraska,1.0704444444444445,1.0,1.0,2.0,9.761484994021927,9.119095385737735,9.119095385737735,18.23819077147547,1.0,suppressed_1_9,suppressed_1_9,nonmetro_nonadjacent,Q2,Constrained Bayesian posterior estimate; not an observed or recovered true suppressed count.
31071,Garfield County,31,Nebraska,0.0,0.0,0.0,0.0,0.0,0.0,0.0,0.0,0.0,zero,zero,nonmetro_nonadjacent,Q1_lowest,Constrained Bayesian posterior estimate; not an observed or recovered true suppressed count.
31073,Gosper County,31,Nebraska,0.0,0.0,0.0,0.0,0.0,0.0,0.0,0.0,0.0,zero,zero,nonmetro_nonadjacent,Q1_lowest,Constrained Bayesian posterior estimate; not an observed or recovered true suppressed count.
31075,Grant County,31,Nebraska,0.0,0.0,0.0,0.0,0.0,0.0,0.0,0.0,0.0,zero,zero,nonmetro_nonadjacent,Q1_lowest,Constrained Bayesian posterior estimate; not an observed or recovered true suppressed count.
31077,Greeley County,31,Nebraska,0.0,0.0,0.0,0.0,0.0,0.0,0.0,0.0,0.0,zero,zero,nonmetro_adjacent,Q1_lowest,Constrained Bayesian posterior estimate; not an observed or recovered true suppressed count.
31079,Hall County,31,Nebraska,19.0,19.0,19.0,19.0,5.1140844577590086,5.1140844577590086,5.1140844577590086,5.1140844577590086,1.0,exact,exact,metro_other,Q3,Constrained Bayesian posterior estimate; not an observed or recovered true suppressed count.
31081,Hamilton County,31,Nebraska,2.472138888888889,2.0,2.0,4.0,4.377248948932996,3.541264585583512,3.541264585583512,7.082529171167024,1.0,suppressed_1_9,suppressed_1_9,nonmetro_adjacent,Q1_lowest,Constrained Bayesian posterior estimate; not an observed or recovered true suppressed count.
31083,Harlan County,31,Nebraska,0.0,0.0,0.0,0.0,0.0,0.0,0.0,0.0,0.0,zero,zero,nonmetro_nonadjacent,Q2,Constrained Bayesian posterior estimate; not an observed or recovered true suppressed count.
31085,Hayes County,31,Nebraska,0.0,0.0,0.0,0.0,0.0,0.0,0.0,0.0,0.0,zero,zero,nonmetro_nonadjacent,Q1_lowest,Constrained Bayesian posterior estimate; not an observed or recovered true suppressed count.
31087,Hitchcock County,31,Nebraska,0.0,0.0,0.0,0.0,0.0,0.0,0.0,0.0,0.0,zero,zero,nonmetro_nonadjacent,Q2,Constrained Bayesian posterior estimate; not an observed or recovered true suppressed count.
31089,Holt County,31,Nebraska,1.2115,1.0,1.0,2.0,2.0081885691552848,1.6576050921628431,1.6576050921628431,3.3152101843256863,0.18619444444444444,suppressed_1_9,suppressed_1_9,nonmetro_nonadjacent,Q1_lowest,Constrained Bayesian posterior estimate; not an observed or recovered true suppressed count.
31091,Hooker County,31,Nebraska,0.0,0.0,0.0,0.0,0.0,0.0,0.0,0.0,0.0,zero,zero,nonmetro_nonadjacent,Q1_lowest,Constrained Bayesian posterior estimate; not an observed or recovered true suppressed count.
31093,Howard County,31,Nebraska,0.0,0.0,0.0,0.0,0.0,0.0,0.0,0.0,0.0,zero,zero,metro_other,Q1_lowest,Constrained Bayesian posterior estimate; not an observed or recovered true suppressed count.
31095,Jefferson County,31,Nebraska,1.1840277777777777,1.0,1.0,2.0,2.775173509381876,2.3438415563107933,2.3438415563107933,4.6876831126215865,0.16416666666666666,suppressed_1_9,suppressed_1_9,nonmetro_nonadjacent,Q2,Constrained Bayesian posterior estimate; not an observed or recovered true suppressed count.
31097,Johnson County,31,Nebraska,1.0934166666666667,1.0,1.0,2.0,3.510391250374557,3.2104790034673174,3.2104790034673174,6.420958006934635,1.0,suppressed_1_9,suppressed_1_9,nonmetro_adjacent,Q2,Constrained Bayesian posterior estimate; not an observed or recovered true suppressed count.
31099,Kearney County,31,Nebraska,1.121388888888889,1.0,1.0,2.0,2.8013711938268524,2.498126405196103,2.498126405196103,4.996252810392206,0.11230555555555556,suppressed_1_9,suppressed_1_9,nonmetro_nonadjacent,Q1_lowest,Constrained Bayesian posterior estimate; not an observed or recovered true suppressed count.
31101,Keith County,31,Nebraska,1.0438888888888889,1.0,1.0,2.0,2.1379774892247747,2.048089132839061,2.048089132839061,4.096178265678122,0.04275,suppressed_1_9,suppressed_1_9,nonmetro_nonadjacent,Q2,Constrained Bayesian posterior estimate; not an observed or recovered true suppressed count.
31103,Keya Paha County,31,Nebraska,0.0,0.0,0.0,0.0,0.0,0.0,0.0,0.0,0.0,zero,zero,nonmetro_nonadjacent,Q1_lowest,Constrained Bayesian posterior estimate; not an observed or recovered true suppressed count.
31105,Kimball County,31,Nebraska,1.086111111111111,1.0,1.0,2.0,5.31157624760911,4.890453834115806,4.890453834115806,9.780907668231611,1.0,suppressed_1_9,suppressed_1_9,nonmetro_adjacent,Q2,Constrained Bayesian posterior estimate; not an observed or recovered true suppressed count.
31107,Knox County,31,Nebraska,2.404361111111111,2.0,2.0,4.0,4.810935252438343,4.0018408467895235,4.0018408467895235,8.003681693579047,1.0,suppressed_1_9,suppressed_1_9,nonmetro_nonadjacent,Q2,Constrained Bayesian posterior estimate; not an observed or recovered true suppressed count.
31109,Lancaster County,31,Nebraska,61.0,61.0,61.0,61.0,3.1304799436308324,3.1304799436308333,3.1304799436308333,3.1304799436308333,1.0,exact,exact,metro_other,Q2,Constrained Bayesian posterior estimate; not an observed or recovered true suppressed count.
31111,Lincoln County,31,Nebraska,4.814055555555556,5.0,3.0,8.0,2.362575911993618,2.453831166600413,1.4722986999602479,3.9261298665606614,0.2846111111111111,suppressed_1_9,suppressed_1_9,nonmetro_nonadjacent,Q2,Constrained Bayesian posterior estimate; not an observed or recovered true suppressed count.
31113,Logan County,31,Nebraska,0.0,0.0,0.0,0.0,0.0,0.0,0.0,0.0,0.0,zero,zero,nonmetro_nonadjacent,Q1_lowest,Constrained Bayesian posterior estimate; not an observed or recovered true suppressed count.
31115,Loup County,31,Nebraska,0.0,0.0,0.0,0.0,0.0,0.0,0.0,0.0,0.0,zero,zero,nonmetro_nonadjacent,Q1_lowest,Constrained Bayesian posterior estimate; not an observed or recovered true suppressed count.
31117,McPherson County,31,Nebraska,2.0131666666666668,2.0,2.0,2.0,81.24159268227062,80.71025020177562,80.71025020177562,80.71025020177562,1.0,suppressed_1_9,suppressed_1_9,nonmetro_nonadjacent,Q1_lowest,Constrained Bayesian posterior estimate; not an observed or recovered true suppressed count.
31119,Madison County,31,Nebraska,7.581944444444445,8.0,5.0,9.0,3.5793773312834047,3.776738125699287,2.3604613285620544,4.248830391411698,0.8045555555555556,suppressed_1_9,suppressed_1_9,nonmetro_nonadjacent,Q2,Constrained Bayesian posterior estimate; not an observed or recovered true suppressed count.
31121,Merrick County,31,Nebraska,3.4866111111111113,3.0,3.0,5.0,7.491322055586591,6.445790898543251,6.445790898543251,10.742984830905419,1.0,suppressed_1_9,suppressed_1_9,metro_other,Q1_lowest,Constrained Bayesian posterior estimate; not an observed or recovered true suppressed count.
31123,Morrill County,31,Nebraska,2.120361111111111,2.0,2.0,3.0,7.7507077205509045,7.310743137039879,7.310743137039879,10.96611470555982,1.0,suppressed_1_9,suppressed_1_9,nonmetro_nonadjacent,Q2,Constrained Bayesian posterior estimate; not an observed or recovered true suppressed count.
31125,Nance County,31,Nebraska,1.0677222222222222,1.0,1.0,2.0,5.258938197420196,4.925380485642516,4.925380485642516,9.850760971285032,1.0,suppressed_1_9,suppressed_1_9,nonmetro_adjacent,Q1_lowest,Constrained Bayesian posterior estimate; not an observed or recovered true suppressed count.
31127,Nemaha County,31,Nebraska,2.3629166666666666,2.0,2.0,4.0,5.5944235307116195,4.735184790586453,4.735184790586453,9.470369581172905,1.0,suppressed_1_9,suppressed_1_9,nonmetro_nonadjacent,Q2,Constrained Bayesian posterior estimate; not an observed or recovered true suppressed count.
31129,Nuckolls County,31,Nebraska,2.225611111111111,2.0,2.0,3.0,9.057508998498742,8.139345596614032,8.139345596614032,12.20901839492105,1.0,suppressed_1_9,suppressed_1_9,nonmetro_nonadjacent,Q1_lowest,Constrained Bayesian posterior estimate; not an observed or recovered true suppressed count.
31131,Otoe County,31,Nebraska,4.277555555555556,4.0,3.0,7.0,4.40844220461044,4.122393874122704,3.0917954055920274,7.21418927971473,1.0,suppressed_1_9,suppressed_1_9,nonmetro_adjacent,Q2,Constrained Bayesian posterior estimate; not an observed or recovered true suppressed count.
31133,Pawnee County,31,Nebraska,1.0661666666666667,1.0,1.0,2.0,6.957949922774042,6.52613717940351,6.52613717940351,13.05227435880702,1.0,suppressed_1_9,suppressed_1_9,nonmetro_nonadjacent,Q2,Constrained Bayesian posterior estimate; not an observed or recovered true suppressed count.
31135,Perkins County,31,Nebraska,0.0,0.0,0.0,0.0,0.0,0.0,0.0,0.0,0.0,zero,zero,nonmetro_nonadjacent,Q1_lowest,Constrained Bayesian posterior estimate; not an observed or recovered true suppressed count.
31137,Phelps County,31,Nebraska,1.27775,1.0,1.0,3.0,2.3634026339153595,1.8496596626220776,1.8496596626220776,5.548978987866232,0.2355,suppressed_1_9,suppressed_1_9,nonmetro_nonadjacent,Q2,Constrained Bayesian posterior estimate; not an observed or recovered true suppressed count.
31139,Pierce County,31,Nebraska,0.0,0.0,0.0,0.0,0.0,0.0,0.0,0.0,0.0,zero,zero,nonmetro_nonadjacent,Q1_lowest,Constrained Bayesian posterior estimate; not an observed or recovered true suppressed count.
31141,Platte County,31,Nebraska,5.639916666666666,6.0,3.0,9.0,2.744765482928507,2.920006424014133,1.4600032120070665,4.3800096360211995,0.28641666666666665,suppressed_1_9,suppressed_1_9,nonmetro_nonadjacent,Q2,Constrained Bayesian posterior estimate; not an observed or recovered true suppressed count.
31143,Polk County,31,Nebraska,0.0,0.0,0.0,0.0,0.0,0.0,0.0,0.0,0.0,zero,zero,nonmetro_adjacent,Q1_lowest,Constrained Bayesian posterior estimate; not an observed or recovered true suppressed count.
31145,Red Willow County,31,Nebraska,2.2936111111111113,2.0,2.0,4.0,3.6169414963983897,3.153927428129879,3.153927428129879,6.307854856259758,1.0,suppressed_1_9,suppressed_1_9,nonmetro_nonadjacent,Q2,Constrained Bayesian posterior estimate; not an observed or recovered true suppressed count.
31147,Richardson County,31,Nebraska,2.227333333333333,2.0,2.0,3.0,4.792540792540795,4.303388918773535,4.303388918773535,6.455083378160301,1.0,suppressed_1_9,suppressed_1_9,nonmetro_nonadjacent,Q2,Constrained Bayesian posterior estimate; not an observed or recovered true suppressed count.
31149,Rock County,31,Nebraska,0.0,0.0,0.0,0.0,0.0,0.0,0.0,0.0,0.0,zero,zero,nonmetro_nonadjacent,Q1_lowest,Constrained Bayesian posterior estimate; not an observed or recovered true suppressed count.
31151,Saline County,31,Nebraska,1.0564166666666666,1.0,1.0,2.0,1.2310539849752566,1.1653110215116416,1.1653110215116416,2.330622043023283,0.0010277777777777778,suppressed_1_9,suppressed_1_9,nonmetro_adjacent,Q2,Constrained Bayesian posterior estimate; not an observed or recovered true suppressed count.
31153,Sarpy County,31,Nebraska,50.0,50.0,50.0,50.0,4.270814025694926,4.270814025694926,4.270814025694926,4.270814025694926,1.0,exact,exact,metro_other,Q1_lowest,Constrained Bayesian posterior estimate; not an observed or recovered true suppressed count.
31155,Saunders County,31,Nebraska,6.687611111111111,7.0,5.0,9.0,4.907293941921434,5.136521400949523,3.668943857821088,6.604098944077958,1.0,suppressed_1_9,suppressed_1_9,metro_other,Q1_lowest,Constrained Bayesian posterior estimate; not an observed or recovered true suppressed count.
31157,Scotts Bluff County,31,Nebraska,6.7900277777777776,7.0,4.0,9.0,3.1773941626864914,3.2756506846109934,1.871800391206282,4.211550880214134,0.5734444444444444,suppressed_1_9,suppressed_1_9,nonmetro_nonadjacent,Q3,Constrained Bayesian posterior estimate; not an observed or recovered true suppressed count.
31159,Seward County,31,Nebraska,2.3678055555555555,2.0,2.0,4.0,2.2506587667464055,1.901050330307495,1.901050330307495,3.80210066061499,0.057194444444444444,suppressed_1_9,suppressed_1_9,metro_other,Q1_lowest,Constrained Bayesian posterior estimate; not an observed or recovered true suppressed count.
31161,Sheridan County,31,Nebraska,2.250861111111111,2.0,2.0,4.0,7.418301730641064,6.5915233010348695,6.5915233010348695,13.183046602069739,1.0,suppressed_1_9,suppressed_1_9,nonmetro_nonadjacent,Q2,Constrained Bayesian posterior estimate; not an observed or recovered true suppressed count.
31163,Sherman County,31,Nebraska,0.0,0.0,0.0,0.0,0.0,0.0,0.0,0.0,0.0,zero,zero,nonmetro_adjacent,Q2,Constrained Bayesian posterior estimate; not an observed or recovered true suppressed count.
31165,Sioux County,31,Nebraska,1.0275555555555556,1.0,1.0,2.0,14.915888453412038,14.515894904920888,14.515894904920888,29.031789809841776,1.0,suppressed_1_9,suppressed_1_9,nonmetro_nonadjacent,Q2,Constrained Bayesian posterior estimate; not an observed or recovered true suppressed count.
31167,Stanton County,31,Nebraska,0.0,0.0,0.0,0.0,0.0,0.0,0.0,0.0,0.0,zero,zero,nonmetro_nonadjacent,Q1_lowest,Constrained Bayesian posterior estimate; not an observed or recovered true suppressed count.
31169,Thayer County,31,Nebraska,6.581583333333334,6.0,6.0,8.0,22.39624096822858,20.417191275053593,20.417191275053593,27.222921700071463,1.0,suppressed_1_9,suppressed_1_9,nonmetro_nonadjacent,Q1_lowest,Constrained Bayesian posterior estimate; not an observed or recovered true suppressed count.
31171,Thomas County,31,Nebraska,1.0187777777777778,1.0,1.0,1.0,24.7516466904222,24.295432458697764,24.295432458697764,24.295432458697764,1.0,suppressed_1_9,suppressed_1_9,nonmetro_nonadjacent,Q1_lowest,Constrained Bayesian posterior estimate; not an observed or recovered true suppressed count.
31173,Thurston County,31,Nebraska,2.3436944444444445,2.0,2.0,4.0,5.74928110988457,4.906169508156507,4.906169508156507,9.812339016313015,1.0,suppressed_1_9,suppressed_1_9,nonmetro_adjacent,Q4_highest,Constrained Bayesian posterior estimate; not an observed or recovered true suppressed count.
31175,Valley County,31,Nebraska,1.0899722222222221,1.0,1.0,2.0,4.45905834651539,4.090983472426771,4.090983472426771,8.181966944853542,1.0,suppressed_1_9,suppressed_1_9,nonmetro_nonadjacent,Q1_lowest,Constrained Bayesian posterior estimate; not an observed or recovered true suppressed count.
31177,Washington County,31,Nebraska,4.331611111111111,4.0,3.0,7.0,3.433100141957891,3.1702754969406843,2.377706622705513,5.547982119646197,0.7161666666666666,suppressed_1_9,suppressed_1_9,metro_other,Q1_lowest,Constrained Bayesian posterior estimate; not an observed or recovered true suppressed count.
31179,Wayne County,31,Nebraska,0.0,0.0,0.0,0.0,0.0,0.0,0.0,0.0,0.0,zero,zero,nonmetro_nonadjacent,Q1_lowest,Constrained Bayesian posterior estimate; not an observed or recovered true suppressed count.
31181,Webster County,31,Nebraska,3.2303611111111112,3.0,3.0,4.0,15.889626714761981,14.756517461878996,14.756517461878996,19.675356615838663,1.0,suppressed_1_9,suppressed_1_9,nonmetro_nonadjacent,Q1_lowest,Constrained Bayesian posterior estimate; not an observed or recovered true suppressed count.
31183,Wheeler County,31,Nebraska,0.0,0.0,0.0,0.0,0.0,0.0,0.0,0.0,0.0,zero,zero,nonmetro_nonadjacent,Q1_lowest,Constrained Bayesian posterior estimate; not an observed or recovered true suppressed count.
31185,York County,31,Nebraska,2.610361111111111,2.0,2.0,5.0,3.0884902934382925,2.3663318307126207,2.3663318307126207,5.915829576781552,0.4419444444444444,suppressed_1_9,suppressed_1_9,nonmetro_adjacent,Q1_lowest,Constrained Bayesian posterior estimate; not an observed or recovered true suppressed count.
32001,Churchill County,32,Nevada,3.2976111111111113,3.0,3.0,5.0,2.1458484266116007,1.9521844944492888,1.9521844944492888,3.253640824082148,0.03,suppressed_1_9,suppressed_1_9,nonmetro_adjacent,Q3,Constrained Bayesian posterior estimate; not an observed or recovered true suppressed count.
32003,Clark County,32,Nevada,234.0,234.0,234.0,234.0,1.6793957447987358,1.6793957447987355,1.6793957447987355,1.6793957447987355,0.0,exact,exact,metro_large,Q4_highest,Constrained Bayesian posterior estimate; not an observed or recovered true suppressed count.
32005,Douglas County,32,Nevada,2.791638888888889,3.0,2.0,4.0,0.9412133812841835,1.0114632501685772,0.6743088334457181,1.3486176668914363,0.0,suppressed_1_9,suppressed_1_9,nonmetro_adjacent,Q1_lowest,Constrained Bayesian posterior estimate; not an observed or recovered true suppressed count.
32007,Elko County,32,Nevada,10.0,10.0,10.0,10.0,3.1017273519623085,3.101727351962308,3.101727351962308,3.101727351962308,1.0,exact,exact,nonmetro_nonadjacent,Q3,Constrained Bayesian posterior estimate; not an observed or recovered true suppressed count.
32009,Esmeralda County,32,Nevada,0.0,0.0,0.0,0.0,0.0,0.0,0.0,0.0,0.0,zero,zero,nonmetro_nonadjacent,Q4_highest,Constrained Bayesian posterior estimate; not an observed or recovered true suppressed count.
32011,Eureka County,32,Nevada,1.0024444444444445,1.0,1.0,1.0,8.601719962626087,8.58074480864939,8.58074480864939,8.58074480864939,1.0,suppressed_1_9,suppressed_1_9,nonmetro_nonadjacent,Q2,Constrained Bayesian posterior estimate; not an observed or recovered true suppressed count.
32013,Humboldt County,32,Nevada,1.0832222222222223,1.0,1.0,2.0,1.0520295461780431,0.9712038071189238,0.9712038071189238,1.9424076142378477,0.0,suppressed_1_9,suppressed_1_9,nonmetro_nonadjacent,Q3,Constrained Bayesian posterior estimate; not an observed or recovered true suppressed count.
32015,Lander County,32,Nevada,1.0259166666666666,1.0,1.0,2.0,3.0029173008625065,2.9270577215782696,2.9270577215782696,5.854115443156539,0.02575,suppressed_1_9,suppressed_1_9,nonmetro_nonadjacent,Q3,Constrained Bayesian posterior estimate; not an observed or recovered true suppressed count.
32017,Lincoln County,32,Nevada,0.0,0.0,0.0,0.0,0.0,0.0,0.0,0.0,0.0,zero,zero,nonmetro_adjacent,Q3,Constrained Bayesian posterior estimate; not an observed or recovered true suppressed count.
32019,Lyon County,32,Nevada,12.0,12.0,12.0,12.0,3.2911156333477787,3.291115633347778,3.291115633347778,3.291115633347778,1.0,exact,exact,metro_other,Q3,Constrained Bayesian posterior estimate; not an observed or recovered true suppressed count.
32021,Mineral County,32,Nevada,2.0969444444444445,2.0,2.0,3.0,7.727252255018775,7.370011423517707,7.370011423517707,11.05501713527656,1.0,suppressed_1_9,suppressed_1_9,nonmetro_adjacent,Q3,Constrained Bayesian posterior estimate; not an observed or recovered true suppressed count.
32023,Nye County,32,Nevada,3.6651944444444444,4.0,3.0,5.0,1.1654962856966196,1.271961205183242,0.9539709038874313,1.5899515064790524,0.0,suppressed_1_9,suppressed_1_9,nonmetro_adjacent,Q4_highest,Constrained Bayesian posterior estimate; not an observed or recovered true suppressed count.
32027,Pershing County,32,Nevada,0.0,0.0,0.0,0.0,0.0,0.0,0.0,0.0,0.0,zero,zero,nonmetro_adjacent,Q3,Constrained Bayesian posterior estimate; not an observed or recovered true suppressed count.
32029,Storey County,32,Nevada,0.0,0.0,0.0,0.0,0.0,0.0,0.0,0.0,0.0,zero,zero,metro_other,Q1_lowest,Constrained Bayesian posterior estimate; not an observed or recovered true suppressed count.
32031,Washoe County,32,Nevada,94.0,94.0,94.0,94.0,3.192891400932053,3.1928914009320524,3.1928914009320524,3.1928914009320524,1.0,exact,exact,metro_other,Q3,Constrained Bayesian posterior estimate; not an observed or recovered true suppressed count.
32033,White Pine County,32,Nevada,1.0370277777777779,1.0,1.0,2.0,1.9178646578224927,1.849386003846723,1.849386003846723,3.698772007693446,0.036583333333333336,suppressed_1_9,suppressed_1_9,nonmetro_nonadjacent,Q1_lowest,Constrained Bayesian posterior estimate; not an observed or recovered true suppressed count.
32510,Carson City,32,Nevada,14.0,14.0,14.0,14.0,4.0549503703038585,4.05495037030386,4.05495037030386,4.05495037030386,1.0,exact,exact,metro_other,Q4_highest,Constrained Bayesian posterior estimate; not an observed or recovered true suppressed count.
33001,Belknap County,33,New Hampshire,13.0,13.0,13.0,13.0,3.399768292714818,3.3997682927148194,3.3997682927148194,3.3997682927148194,1.0,exact,exact,nonmetro_adjacent,Q1_lowest,Constrained Bayesian posterior estimate; not an observed or recovered true suppressed count.
33003,Carroll County,33,New Hampshire,7.669777777777778,8.0,5.0,9.0,2.4998949745693593,2.6075279331429835,1.6297049582143648,2.9334689247858567,0.27697222222222223,suppressed_1_9,suppressed_1_9,nonmetro_adjacent,Q1_lowest,Constrained Bayesian posterior estimate; not an observed or recovered true suppressed count.
33005,Cheshire County,33,New Hampshire,10.0,10.0,10.0,10.0,2.1608866550122845,2.1608866550122845,2.1608866550122845,2.1608866550122845,0.0,exact,exact,nonmetro_adjacent,Q1_lowest,Constrained Bayesian posterior estimate; not an observed or recovered true suppressed count.
33007,Coos County,33,New Hampshire,7.667027777777778,8.0,6.0,9.0,4.078293036967689,4.2554096895678635,3.1915572671758974,4.787335900763845,0.9763611111111111,suppressed_1_9,suppressed_1_9,nonmetro_nonadjacent,Q2,Constrained Bayesian posterior estimate; not an observed or recovered true suppressed count.
33009,Grafton County,33,New Hampshire,25.0,25.0,25.0,25.0,4.544669557076504,4.544669557076505,4.544669557076505,4.544669557076505,1.0,exact,exact,nonmetro_nonadjacent,Q2,Constrained Bayesian posterior estimate; not an observed or recovered true suppressed count.
33011,Hillsborough County,33,New Hampshire,61.0,61.0,61.0,61.0,2.397564074899902,2.397564074899902,2.397564074899902,2.397564074899902,0.0,exact,exact,metro_other,Q1_lowest,Constrained Bayesian posterior estimate; not an observed or recovered true suppressed count.
33013,Merrimack County,33,New Hampshire,29.0,29.0,29.0,29.0,3.117465006455303,3.1174650064553027,3.1174650064553027,3.1174650064553027,1.0,exact,exact,nonmetro_adjacent,Q1_lowest,Constrained Bayesian posterior estimate; not an observed or recovered true suppressed count.
33015,Rockingham County,33,New Hampshire,35.0,35.0,35.0,35.0,1.8415537662668386,1.841553766266839,1.841553766266839,1.841553766266839,0.0,exact,exact,metro_large,Q1_lowest,Constrained Bayesian posterior estimate; not an observed or recovered true suppressed count.
33017,Strafford County,33,New Hampshire,8.512166666666667,9.0,7.0,9.0,1.0716536867169755,1.1330702931630539,0.8812768946823752,1.1330702931630539,0.0,suppressed_1_9,suppressed_1_9,metro_large,Q1_lowest,Constrained Bayesian posterior estimate; not an observed or recovered true suppressed count.
33019,Sullivan County,33,New Hampshire,7.151027777777778,7.0,5.0,9.0,2.730598460308067,2.672928957366783,1.9092349695477022,3.436622945185864,0.407,suppressed_1_9,suppressed_1_9,nonmetro_nonadjacent,Q1_lowest,Constrained Bayesian posterior estimate; not an observed or recovered true suppressed count.
34001,Atlantic County,34,New Jersey,37.0,37.0,37.0,37.0,2.2677877301651317,2.2677877301651317,2.2677877301651317,2.2677877301651317,0.0,exact,exact,metro_other,Q4_highest,Constrained Bayesian posterior estimate; not an observed or recovered true suppressed count.
34003,Bergen County,34,New Jersey,96.0,96.0,96.0,96.0,1.6825017539204483,1.6825017539204483,1.6825017539204483,1.6825017539204483,0.0,exact,exact,metro_large,Q2,Constrained Bayesian posterior estimate; not an observed or recovered true suppressed count.
34005,Burlington County,34,New Jersey,63.0,63.0,63.0,63.0,2.27683493922477,2.27683493922477,2.27683493922477,2.27683493922477,0.0,exact,exact,metro_large,Q1_lowest,Constrained Bayesian posterior estimate; not an observed or recovered true suppressed count.
34007,Camden County,34,New Jersey,88.0,88.0,88.0,88.0,2.8176752770127016,2.8176752770127007,2.8176752770127007,2.8176752770127007,0.0,exact,exact,metro_large,Q4_highest,Constrained Bayesian posterior estimate; not an observed or recovered true suppressed count.
34009,Cape May County,34,New Jersey,25.0,25.0,25.0,25.0,4.4376203704525485,4.4376203704525485,4.4376203704525485,4.4376203704525485,1.0,exact,exact,metro_other,Q2,Constrained Bayesian posterior estimate; not an observed or recovered true suppressed count.
34011,Cumberland County,34,New Jersey,31.0,31.0,31.0,31.0,3.408383744428392,3.408383744428392,3.408383744428392,3.408383744428392,1.0,exact,exact,metro_other,Q4_highest,Constrained Bayesian posterior estimate; not an observed or recovered true suppressed count.
34013,Essex County,34,New Jersey,115.0,115.0,115.0,115.0,2.2833253317671702,2.2833253317671707,2.2833253317671707,2.2833253317671707,0.0,exact,exact,metro_large,Q4_highest,Constrained Bayesian posterior estimate; not an observed or recovered true suppressed count.
34015,Gloucester County,34,New Jersey,41.0,41.0,41.0,41.0,2.2575041364633717,2.257504136463372,2.257504136463372,2.257504136463372,0.0,exact,exact,metro_large,Q1_lowest,Constrained Bayesian posterior estimate; not an observed or recovered true suppressed count.
34017,Hudson County,34,New Jersey,70.0,70.0,70.0,70.0,1.6700293901315104,1.6700293901315102,1.6700293901315102,1.6700293901315102,0.0,exact,exact,metro_large,Q4_highest,Constrained Bayesian posterior estimate; not an observed or recovered true suppressed count.
34019,Hunterdon County,34,New Jersey,9.0,9.0,9.0,9.0,1.1676786548341895,1.1676786548341895,1.1676786548341895,1.1676786548341895,0.0,suppressed_1_9,suppressed_1_9,metro_large,Q1_lowest,Constrained Bayesian posterior estimate; not an observed or recovered true suppressed count.
34021,Mercer County,34,New Jersey,54.0,54.0,54.0,54.0,2.3735596009606756,2.373559600960676,2.373559600960676,2.373559600960676,0.0,exact,exact,metro_other,Q3,Constrained Bayesian posterior estimate; not an observed or recovered true suppressed count.
34023,Middlesex County,34,New Jersey,77.0,77.0,77.0,77.0,1.5028011628167957,1.5028011628167959,1.5028011628167959,1.5028011628167959,0.0,exact,exact,metro_large,Q3,Constrained Bayesian posterior estimate; not an observed or recovered true suppressed count.
34025,Monmouth County,34,New Jersey,67.0,67.0,67.0,67.0,1.7553295867089593,1.7553295867089587,1.7553295867089587,1.7553295867089587,0.0,exact,exact,metro_large,Q1_lowest,Constrained Bayesian posterior estimate; not an observed or recovered true suppressed count.
34027,Morris County,34,New Jersey,49.0,49.0,49.0,49.0,1.610496493061718,1.6104964930617183,1.6104964930617183,1.6104964930617183,0.0,exact,exact,metro_large,Q1_lowest,Constrained Bayesian posterior estimate; not an observed or recovered true suppressed count.
34029,Ocean County,34,New Jersey,69.0,69.0,69.0,69.0,1.7913763144223713,1.7913763144223707,1.7913763144223707,1.7913763144223707,0.0,exact,exact,metro_large,Q2,Constrained Bayesian posterior estimate; not an observed or recovered true suppressed count.
34031,Passaic County,34,New Jersey,82.0,82.0,82.0,82.0,2.667314628952139,2.667314628952139,2.667314628952139,2.667314628952139,0.0,exact,exact,metro_large,Q4_highest,Constrained Bayesian posterior estimate; not an observed or recovered true suppressed count.
34033,Salem County,34,New Jersey,10.0,10.0,10.0,10.0,2.589258203417303,2.589258203417303,2.589258203417303,2.589258203417303,0.0,exact,exact,metro_large,Q3,Constrained Bayesian posterior estimate; not an observed or recovered true suppressed count.
34035,Somerset County,34,New Jersey,29.0,29.0,29.0,29.0,1.4097543332931473,1.4097543332931473,1.4097543332931473,1.4097543332931473,0.0,exact,exact,metro_large,Q1_lowest,Constrained Bayesian posterior estimate; not an observed or recovered true suppressed count.
34037,Sussex County,34,New Jersey,21.0,21.0,21.0,21.0,2.425802218569401,2.4258022185694004,2.4258022185694004,2.4258022185694004,0.0,exact,exact,metro_large,Q1_lowest,Constrained Bayesian posterior estimate; not an observed or recovered true suppressed count.
34039,Union County,34,New Jersey,49.0,49.0,49.0,49.0,1.4325181622838428,1.4325181622838432,1.4325181622838432,1.4325181622838432,0.0,exact,exact,metro_large,Q4_highest,Constrained Bayesian posterior estimate; not an observed or recovered true suppressed count.
34041,Warren County,34,New Jersey,13.0,13.0,13.0,13.0,1.982217979936905,1.9822179799369046,1.9822179799369046,1.9822179799369046,0.0,exact,exact,metro_other,Q1_lowest,Constrained Bayesian posterior estimate; not an observed or recovered true suppressed count.
35001,Bernalillo County,35,New Mexico,187.0,187.0,187.0,187.0,4.616120232405607,4.616120232405608,4.616120232405608,4.616120232405608,1.0,exact,exact,metro_other,Q4_highest,Constrained Bayesian posterior estimate; not an observed or recovered true suppressed count.
35003,Catron County,35,New Mexico,1.1115555555555556,1.0,1.0,2.0,4.978303276404316,4.478681476173414,4.478681476173414,8.957362952346829,1.0,suppressed_1_9,suppressed_1_9,nonmetro_nonadjacent,Q2,Constrained Bayesian posterior estimate; not an observed or recovered true suppressed count.
35005,Chaves County,35,New Mexico,18.0,18.0,18.0,18.0,4.674025660400874,4.674025660400876,4.674025660400876,4.674025660400876,1.0,exact,exact,nonmetro_nonadjacent,Q4_highest,Constrained Bayesian posterior estimate; not an observed or recovered true suppressed count.
35006,Cibola County,35,New Mexico,11.0,11.0,11.0,11.0,6.848078491430567,6.848078491430564,6.848078491430564,6.848078491430564,1.0,exact,exact,nonmetro_adjacent,Q4_highest,Constrained Bayesian posterior estimate; not an observed or recovered true suppressed count.
35007,Colfax County,35,New Mexico,2.788527777777778,3.0,2.0,5.0,3.817547782569345,4.107057293449244,2.738038195632829,6.845095489082072,0.5337222222222222,suppressed_1_9,suppressed_1_9,nonmetro_nonadjacent,Q4_highest,Constrained Bayesian posterior estimate; not an observed or recovered true suppressed count.
35009,Curry County,35,New Mexico,13.0,13.0,13.0,13.0,4.519286926050561,4.519286926050561,4.519286926050561,4.519286926050561,1.0,exact,exact,nonmetro_nonadjacent,Q4_highest,Constrained Bayesian posterior estimate; not an observed or recovered true suppressed count.
35011,De Baca County,35,New Mexico,1.0242777777777778,1.0,1.0,1.0,10.133337730290636,9.893153937475267,9.893153937475267,9.893153937475267,1.0,suppressed_1_9,suppressed_1_9,nonmetro_nonadjacent,Q3,Constrained Bayesian posterior estimate; not an observed or recovered true suppressed count.
35013,Doña Ana County,35,New Mexico,24.0,24.0,24.0,24.0,1.7925456987119057,1.7925456987119064,1.7925456987119064,1.7925456987119064,0.0,exact,exact,metro_other,Q4_highest,Constrained Bayesian posterior estimate; not an observed or recovered true suppressed count.
35015,Eddy County,35,New Mexico,20.0,20.0,20.0,20.0,5.5570991942206165,5.5570991942206165,5.5570991942206165,5.5570991942206165,1.0,exact,exact,nonmetro_nonadjacent,Q3,Constrained Bayesian posterior estimate; not an observed or recovered true suppressed count.
35017,Grant County,35,New Mexico,10.0,10.0,10.0,10.0,6.075592522160723,6.075592522160724,6.075592522160724,6.075592522160724,1.0,exact,exact,nonmetro_nonadjacent,Q3,Constrained Bayesian posterior estimate; not an observed or recovered true suppressed count.
35019,Guadalupe County,35,New Mexico,2.153,2.0,2.0,3.0,8.277267309984238,7.6890546307331515,7.6890546307331515,11.533581946099728,1.0,suppressed_1_9,suppressed_1_9,nonmetro_nonadjacent,Q4_highest,Constrained Bayesian posterior estimate; not an observed or recovered true suppressed count.
35021,Harding County,35,New Mexico,0.0,0.0,0.0,0.0,0.0,0.0,0.0,0.0,0.0,zero,zero,nonmetro_nonadjacent,Q3,Constrained Bayesian posterior estimate; not an observed or recovered true suppressed count.
35023,Hidalgo County,35,New Mexico,1.0851388888888889,1.0,1.0,2.0,4.463387993126394,4.113195129976966,4.113195129976966,8.226390259953932,1.0,suppressed_1_9,suppressed_1_9,nonmetro_nonadjacent,Q4_highest,Constrained Bayesian posterior estimate; not an observed or recovered true suppressed count.
35025,Lea County,35,New Mexico,12.0,12.0,12.0,12.0,2.7547703439789903,2.7547703439789903,2.7547703439789903,2.7547703439789903,0.0,exact,exact,nonmetro_nonadjacent,Q4_highest,Constrained Bayesian posterior estimate; not an observed or recovered true suppressed count.
35027,Lincoln County,35,New Mexico,3.50725,3.0,2.0,6.0,2.912708035743946,2.491446035278876,1.6609640235192504,4.982892070557752,0.4443611111111111,suppressed_1_9,suppressed_1_9,nonmetro_nonadjacent,Q4_highest,Constrained Bayesian posterior estimate; not an observed or recovered true suppressed count.
35028,Los Alamos County,35,New Mexico,3.9544722222222224,4.0,3.0,6.0,3.395358532650642,3.434449243133248,2.575836932349936,5.151673864699872,0.6083611111111111,suppressed_1_9,suppressed_1_9,nonmetro_adjacent,Q1_lowest,Constrained Bayesian posterior estimate; not an observed or recovered true suppressed count.
35029,Luna County,35,New Mexico,1.5611944444444446,1.0,1.0,4.0,1.0401791233497755,0.6662713456682369,0.6662713456682369,2.6650853826729475,0.004388888888888889,suppressed_1_9,suppressed_1_9,nonmetro_adjacent,Q4_highest,Constrained Bayesian posterior estimate; not an observed or recovered true suppressed count.
35031,McKinley County,35,New Mexico,17.0,17.0,17.0,17.0,4.032803296460857,4.032803296460859,4.032803296460859,4.032803296460859,1.0,exact,exact,nonmetro_nonadjacent,Q4_highest,Constrained Bayesian posterior estimate; not an observed or recovered true suppressed count.
35033,Mora County,35,New Mexico,2.2457777777777777,2.0,2.0,4.0,8.778398849930724,7.817691435719032,7.817691435719032,15.635382871438065,1.0,suppressed_1_9,suppressed_1_9,nonmetro_adjacent,Q3,Constrained Bayesian posterior estimate; not an observed or recovered true suppressed count.
35035,Otero County,35,New Mexico,23.0,23.0,23.0,23.0,5.591168870316484,5.591168870316484,5.591168870316484,5.591168870316484,1.0,exact,exact,nonmetro_adjacent,Q4_highest,Constrained Bayesian posterior estimate; not an observed or recovered true suppressed count.
35037,Quay County,35,New Mexico,2.4483888888888887,2.0,2.0,4.0,4.84206247184592,3.9553050529022054,3.9553050529022054,7.910610105804411,1.0,suppressed_1_9,suppressed_1_9,nonmetro_nonadjacent,Q4_highest,Constrained Bayesian posterior estimate; not an observed or recovered true suppressed count.
35039,Rio Arriba County,35,New Mexico,11.0,11.0,11.0,11.0,4.631578947368423,4.631578947368421,4.631578947368421,4.631578947368421,1.0,exact,exact,nonmetro_adjacent,Q4_highest,Constrained Bayesian posterior estimate; not an observed or recovered true suppressed count.
35041,Roosevelt County,35,New Mexico,2.948611111111111,3.0,2.0,5.0,2.6255853459935277,2.6713444876806496,1.780896325120433,4.452240812801083,0.24766666666666667,suppressed_1_9,suppressed_1_9,nonmetro_nonadjacent,Q4_highest,Constrained Bayesian posterior estimate; not an observed or recovered true suppressed count.
35043,Sandoval County,35,New Mexico,30.0,30.0,30.0,30.0,3.281503803809826,3.281503803809826,3.281503803809826,3.281503803809826,1.0,exact,exact,metro_other,Q2,Constrained Bayesian posterior estimate; not an observed or recovered true suppressed count.
35045,San Juan County,35,New Mexico,41.0,41.0,41.0,41.0,5.615107652570008,5.615107652570008,5.615107652570008,5.615107652570008,1.0,exact,exact,metro_other,Q4_highest,Constrained Bayesian posterior estimate; not an observed or recovered true suppressed count.
35047,San Miguel County,35,New Mexico,11.0,11.0,11.0,11.0,6.806088355401557,6.806088355401559,6.806088355401559,6.806088355401559,1.0,exact,exact,nonmetro_adjacent,Q4_highest,Constrained Bayesian posterior estimate; not an observed or recovered true suppressed count.
35049,Santa Fe County,35,New Mexico,26.0,26.0,26.0,26.0,2.8050793513793435,2.805079351379344,2.805079351379344,2.805079351379344,0.0,exact,exact,metro_other,Q4_highest,Constrained Bayesian posterior estimate; not an observed or recovered true suppressed count.
35051,Sierra County,35,New Mexico,4.292972222222223,4.0,3.0,7.0,6.362503849276333,5.928297244823855,4.446222933617891,10.374520178441747,1.0,suppressed_1_9,suppressed_1_9,nonmetro_adjacent,Q4_highest,Constrained Bayesian posterior estimate; not an observed or recovered true suppressed count.
35053,Socorro County,35,New Mexico,5.6322222222222225,5.0,4.0,8.0,5.7746244614413635,5.126417454426148,4.101133963540919,8.202267927081838,1.0,suppressed_1_9,suppressed_1_9,nonmetro_adjacent,Q4_highest,Constrained Bayesian posterior estimate; not an observed or recovered true suppressed count.
35055,Taos County,35,New Mexico,5.906166666666667,6.0,3.0,9.0,2.9036344388398896,2.9497654936432554,1.4748827468216277,4.424648240464883,0.5816388888888889,suppressed_1_9,suppressed_1_9,nonmetro_nonadjacent,Q3,Constrained Bayesian posterior estimate; not an observed or recovered true suppressed count.
35057,Torrance County,35,New Mexico,4.177083333333333,4.0,3.0,7.0,4.475750140188084,4.28600512177612,3.2145038413320903,7.500508963108212,1.0,suppressed_1_9,suppressed_1_9,metro_other,Q4_highest,Constrained Bayesian posterior estimate; not an observed or recovered true suppressed count.
35059,Union County,35,New Mexico,2.163361111111111,2.0,2.0,3.0,8.990778451962063,8.311861025683651,8.311861025683651,12.467791538525475,1.0,suppressed_1_9,suppressed_1_9,nonmetro_nonadjacent,Q4_highest,Constrained Bayesian posterior estimate; not an observed or recovered true suppressed count.
35061,Valencia County,35,New Mexico,18.0,18.0,18.0,18.0,3.8339801399828755,3.8339801399828746,3.8339801399828746,3.8339801399828746,1.0,exact,exact,metro_other,Q4_highest,Constrained Bayesian posterior estimate; not an observed or recovered true suppressed count.
36001,Albany County,36,New York,51.0,51.0,51.0,51.0,2.719511213184617,2.719511213184617,2.719511213184617,2.719511213184617,0.0,exact,exact,metro_other,Q2,Constrained Bayesian posterior estimate; not an observed or recovered true suppressed count.
36003,Allegany County,36,New York,5.911638888888889,6.0,3.0,9.0,2.1232199667019445,2.1549556797448535,1.0774778398724267,3.2324335196172798,0.06705555555555555,suppressed_1_9,suppressed_1_9,nonmetro_nonadjacent,Q2,Constrained Bayesian posterior estimate; not an observed or recovered true suppressed count.
36005,Bronx County,36,New York,203.0,203.0,203.0,203.0,2.4266497303251007,2.4266497303251007,2.4266497303251007,2.4266497303251007,0.0,exact,exact,metro_large,Q4_highest,Constrained Bayesian posterior estimate; not an observed or recovered true suppressed count.
36007,Broome County,36,New York,47.0,47.0,47.0,47.0,4.028321672627726,4.028321672627726,4.028321672627726,4.028321672627726,1.0,exact,exact,metro_other,Q3,Constrained Bayesian posterior estimate; not an observed or recovered true suppressed count.
36009,Cattaraugus County,36,New York,19.0,19.0,19.0,19.0,4.167397789085804,4.167397789085804,4.167397789085804,4.167397789085804,1.0,exact,exact,nonmetro_adjacent,Q3,Constrained Bayesian posterior estimate; not an observed or recovered true suppressed count.
36011,Cayuga County,36,New York,13.0,13.0,13.0,13.0,2.8727059785430957,2.872705978543096,2.872705978543096,2.872705978543096,0.0,exact,exact,nonmetro_adjacent,Q3,Constrained Bayesian posterior estimate; not an observed or recovered true suppressed count.
36013,Chautauqua County,36,New York,46.0,46.0,46.0,46.0,6.094612230296847,6.094612230296848,6.094612230296848,6.094612230296848,1.0,exact,exact,nonmetro_adjacent,Q3,Constrained Bayesian posterior estimate; not an observed or recovered true suppressed count.
36015,Chemung County,36,New York,23.0,23.0,23.0,23.0,4.6654184981815,4.665418498181501,4.665418498181501,4.665418498181501,1.0,exact,exact,metro_other,Q3,Constrained Bayesian posterior estimate; not an observed or recovered true suppressed count.
36017,Chenango County,36,New York,5.748555555555556,6.0,3.0,9.0,2.0631650643709736,2.1534088462035403,1.0767044231017702,3.23011326930531,0.05411111111111111,suppressed_1_9,suppressed_1_9,nonmetro_adjacent,Q2,Constrained Bayesian posterior estimate; not an observed or recovered true suppressed count.
36019,Clinton County,36,New York,13.0,13.0,13.0,13.0,2.7391602998748406,2.7391602998748414,2.7391602998748414,2.7391602998748414,0.0,exact,exact,nonmetro_adjacent,Q2,Constrained Bayesian posterior estimate; not an observed or recovered true suppressed count.
36021,Columbia County,36,New York,22.0,22.0,22.0,22.0,6.063479114070578,6.063479114070579,6.063479114070579,6.063479114070579,1.0,exact,exact,nonmetro_adjacent,Q2,Constrained Bayesian posterior estimate; not an observed or recovered true suppressed count.
36023,Cortland County,36,New York,7.906361111111111,8.0,6.0,9.0,2.834959234929833,2.8685350391555033,2.1514012793666275,3.2271019190499413,0.36330555555555555,suppressed_1_9,suppressed_1_9,nonmetro_adjacent,Q2,Constrained Bayesian posterior estimate; not an observed or recovered true suppressed count.
36025,Delaware County,36,New York,14.0,14.0,14.0,14.0,5.267276667469299,5.267276667469299,5.267276667469299,5.267276667469299,1.0,exact,exact,nonmetro_adjacent,Q3,Constrained Bayesian posterior estimate; not an observed or recovered true suppressed count.
36027,Dutchess County,36,New York,66.0,66.0,66.0,66.0,3.7093635013244115,3.7093635013244115,3.7093635013244115,3.7093635013244115,1.0,exact,exact,metro_other,Q2,Constrained Bayesian posterior estimate; not an observed or recovered true suppressed count.
36029,Erie County,36,New York,280.0,280.0,280.0,280.0,4.970102172875419,4.970102172875419,4.970102172875419,4.970102172875419,1.0,exact,exact,metro_large,Q2,Constrained Bayesian posterior estimate; not an observed or recovered true suppressed count.
36031,Essex County,36,New York,14.0,14.0,14.0,14.0,6.321312304434401,6.321312304434401,6.321312304434401,6.321312304434401,1.0,exact,exact,nonmetro_adjacent,Q2,Constrained Bayesian posterior estimate; not an observed or recovered true suppressed count.
36033,Franklin County,36,New York,14.0,14.0,14.0,14.0,4.871191771861213,4.871191771861213,4.871191771861213,4.871191771861213,1.0,exact,exact,nonmetro_nonadjacent,Q3,Constrained Bayesian posterior estimate; not an observed or recovered true suppressed count.
36035,Fulton County,36,New York,12.0,12.0,12.0,12.0,3.7940225175236417,3.7940225175236413,3.7940225175236413,3.7940225175236413,1.0,exact,exact,nonmetro_adjacent,Q2,Constrained Bayesian posterior estimate; not an observed or recovered true suppressed count.
36037,Genesee County,36,New York,7.648138888888889,8.0,5.0,9.0,2.218169894832839,2.320219260720138,1.4501370379500864,2.6102466683101553,0.0,suppressed_1_9,suppressed_1_9,nonmetro_adjacent,Q1_lowest,Constrained Bayesian posterior estimate; not an observed or recovered true suppressed count.
36039,Greene County,36,New York,7.325694444444444,7.0,5.0,9.0,2.5714115779579645,2.4570887009021027,1.755063357787216,3.1591140440169894,0.2333611111111111,suppressed_1_9,suppressed_1_9,nonmetro_adjacent,Q2,Constrained Bayesian posterior estimate; not an observed or recovered true suppressed count.
36041,Hamilton County,36,New York,0.0,0.0,0.0,0.0,0.0,0.0,0.0,0.0,0.0,zero,zero,nonmetro_adjacent,Q1_lowest,Constrained Bayesian posterior estimate; not an observed or recovered true suppressed count.
36043,Herkimer County,36,New York,10.0,10.0,10.0,10.0,2.7693773332004032,2.7693773332004032,2.7693773332004032,2.7693773332004032,0.0,exact,exact,metro_other,Q2,Constrained Bayesian posterior estimate; not an observed or recovered true suppressed count.
36045,Jefferson County,36,New York,27.0,27.0,27.0,27.0,3.977677861128953,3.977677861128953,3.977677861128953,3.977677861128953,1.0,exact,exact,metro_other,Q3,Constrained Bayesian posterior estimate; not an observed or recovered true suppressed count.
36047,Kings County,36,New York,322.0,322.0,322.0,322.0,2.076178871449774,2.0761788714497746,2.0761788714497746,2.0761788714497746,0.0,exact,exact,metro_large,Q4_highest,Constrained Bayesian posterior estimate; not an observed or recovered true suppressed count.
36049,Lewis County,36,New York,4.416416666666667,4.0,3.0,7.0,2.7798409211550528,2.5177342909116085,1.8883007181837064,4.406035009095315,0.40930555555555553,suppressed_1_9,suppressed_1_9,nonmetro_adjacent,Q1_lowest,Constrained Bayesian posterior estimate; not an observed or recovered true suppressed count.
36051,Livingston County,36,New York,8.001472222222223,8.0,6.0,9.0,2.1560046405448894,2.1556079488043114,1.6167059616032335,2.42505894240485,0.0,suppressed_1_9,suppressed_1_9,metro_large,Q1_lowest,Constrained Bayesian posterior estimate; not an observed or recovered true suppressed count.
36053,Madison County,36,New York,21.0,21.0,21.0,21.0,5.119865810755131,5.119865810755131,5.119865810755131,5.119865810755131,1.0,exact,exact,metro_other,Q1_lowest,Constrained Bayesian posterior estimate; not an observed or recovered true suppressed count.
36055,Monroe County,36,New York,98.0,98.0,98.0,98.0,2.1823612213116936,2.1823612213116927,2.1823612213116927,2.1823612213116927,0.0,exact,exact,metro_large,Q3,Constrained Bayesian posterior estimate; not an observed or recovered true suppressed count.
36057,Montgomery County,36,New York,11.0,11.0,11.0,11.0,3.7088486385153825,3.708848638515381,3.708848638515381,3.708848638515381,1.0,exact,exact,nonmetro_adjacent,Q4_highest,Constrained Bayesian posterior estimate; not an observed or recovered true suppressed count.
36059,Nassau County,36,New York,100.0,100.0,100.0,100.0,1.211087163880924,1.211087163880924,1.211087163880924,1.211087163880924,0.0,exact,exact,metro_large,Q2,Constrained Bayesian posterior estimate; not an observed or recovered true suppressed count.
36061,New York County,36,New York,173.0,173.0,173.0,173.0,1.7886759031960329,1.7886759031960329,1.7886759031960329,1.7886759031960329,0.0,exact,exact,metro_large,Q3,Constrained Bayesian posterior estimate; not an observed or recovered true suppressed count.
36063,Niagara County,36,New York,59.0,59.0,59.0,59.0,4.6853769385747075,4.685376938574708,4.685376938574708,4.685376938574708,1.0,exact,exact,metro_large,Q2,Constrained Bayesian posterior estimate; not an observed or recovered true suppressed count.
36065,Oneida County,36,New York,60.0,60.0,60.0,60.0,4.376243126563139,4.376243126563139,4.376243126563139,4.376243126563139,1.0,exact,exact,metro_other,Q3,Constrained Bayesian posterior estimate; not an observed or recovered true suppressed count.
36067,Onondaga County,36,New York,135.0,135.0,135.0,135.0,4.823302769075984,4.823302769075984,4.823302769075984,4.823302769075984,1.0,exact,exact,metro_other,Q3,Constrained Bayesian posterior estimate; not an observed or recovered true suppressed count.
36069,Ontario County,36,New York,15.0,15.0,15.0,15.0,2.23683955448121,2.2368395544812096,2.2368395544812096,2.2368395544812096,0.0,exact,exact,metro_large,Q2,Constrained Bayesian posterior estimate; not an observed or recovered true suppressed count.
36071,Orange County,36,New York,35.0,35.0,35.0,35.0,1.458408076747266,1.4584080767472665,1.4584080767472665,1.4584080767472665,0.0,exact,exact,metro_other,Q3,Constrained Bayesian posterior estimate; not an observed or recovered true suppressed count.
36073,Orleans County,36,New York,5.533666666666667,5.0,3.0,9.0,2.318747058092289,2.0951271532669318,1.2570762919601592,3.7712288758804773,0.2708611111111111,suppressed_1_9,suppressed_1_9,metro_large,Q3,Constrained Bayesian posterior estimate; not an observed or recovered true suppressed count.
36075,Oswego County,36,New York,32.0,32.0,32.0,32.0,4.535076692398504,4.535076692398503,4.535076692398503,4.535076692398503,1.0,exact,exact,metro_other,Q3,Constrained Bayesian posterior estimate; not an observed or recovered true suppressed count.
36077,Otsego County,36,New York,19.0,19.0,19.0,19.0,5.313154531701357,5.313154531701356,5.313154531701356,5.313154531701356,1.0,exact,exact,nonmetro_nonadjacent,Q2,Constrained Bayesian posterior estimate; not an observed or recovered true suppressed count.
36079,Putnam County,36,New York,7.814055555555556,8.0,5.0,9.0,1.3259849034205815,1.3575382401553024,0.8484614000970641,1.5272305201747152,0.0,suppressed_1_9,suppressed_1_9,metro_large,Q1_lowest,Constrained Bayesian posterior estimate; not an observed or recovered true suppressed count.
36081,Queens County,36,New York,213.0,213.0,213.0,213.0,1.5595383415063884,1.5595383415063881,1.5595383415063881,1.5595383415063881,0.0,exact,exact,metro_large,Q4_highest,Constrained Bayesian posterior estimate; not an observed or recovered true suppressed count.
36083,Rensselaer County,36,New York,25.0,25.0,25.0,25.0,2.6124366614731422,2.6124366614731422,2.6124366614731422,2.6124366614731422,0.0,exact,exact,metro_other,Q2,Constrained Bayesian posterior estimate; not an observed or recovered true suppressed count.
36085,Richmond County,36,New York,63.0,63.0,63.0,63.0,2.1538490992808197,2.1538490992808197,2.1538490992808197,2.1538490992808197,0.0,exact,exact,metro_large,Q3,Constrained Bayesian posterior estimate; not an observed or recovered true suppressed count.
36087,Rockland County,36,New York,52.0,52.0,52.0,52.0,2.575259482154938,2.5752594821549377,2.5752594821549377,2.5752594821549377,0.0,exact,exact,metro_large,Q3,Constrained Bayesian posterior estimate; not an observed or recovered true suppressed count.
36089,St. Lawrence County,36,New York,18.0,18.0,18.0,18.0,2.7956952505797186,2.7956952505797186,2.7956952505797186,2.7956952505797186,0.0,exact,exact,nonmetro_adjacent,Q3,Constrained Bayesian posterior estimate; not an observed or recovered true suppressed count.
36091,Saratoga County,36,New York,26.0,26.0,26.0,26.0,1.8369521290275168,1.8369521290275175,1.8369521290275175,1.8369521290275175,0.0,exact,exact,metro_other,Q1_lowest,Constrained Bayesian posterior estimate; not an observed or recovered true suppressed count.
36093,Schenectady County,36,New York,33.0,33.0,33.0,33.0,3.4700242481088357,3.4700242481088366,3.4700242481088366,3.4700242481088366,1.0,exact,exact,metro_other,Q2,Constrained Bayesian posterior estimate; not an observed or recovered true suppressed count.
36095,Schoharie County,36,New York,1.6405277777777778,1.0,1.0,4.0,0.8998413595178499,0.5485072375529995,0.5485072375529995,2.194028950211998,0.0015277777777777779,suppressed_1_9,suppressed_1_9,metro_other,Q2,Constrained Bayesian posterior estimate; not an observed or recovered true suppressed count.
36097,Schuyler County,36,New York,2.937,3.0,2.0,5.0,2.783305850912606,2.8430090407687496,1.8953393605124997,4.738348401281249,0.24488888888888888,suppressed_1_9,suppressed_1_9,nonmetro_adjacent,Q2,Constrained Bayesian posterior estimate; not an observed or recovered true suppressed count.
36099,Seneca County,36,New York,7.677527777777778,8.0,5.0,9.0,3.8469193579276957,4.008498015793482,2.5053112598709264,4.509560267767667,0.96125,suppressed_1_9,suppressed_1_9,nonmetro_adjacent,Q3,Constrained Bayesian posterior estimate; not an observed or recovered true suppressed count.
36101,Steuben County,36,New York,17.0,17.0,17.0,17.0,3.0370158639416895,3.037015863941689,3.037015863941689,3.037015863941689,1.0,exact,exact,nonmetro_adjacent,Q2,Constrained Bayesian posterior estimate; not an observed or recovered true suppressed count.
36103,Suffolk County,36,New York,171.0,171.0,171.0,171.0,1.887050222682962,1.8870502226829617,1.8870502226829617,1.8870502226829617,0.0,exact,exact,metro_large,Q2,Constrained Bayesian posterior estimate; not an observed or recovered true suppressed count.
36105,Sullivan County,36,New York,10.0,10.0,10.0,10.0,2.1228357689335726,2.122835768933572,2.122835768933572,2.122835768933572,0.0,exact,exact,nonmetro_adjacent,Q4_highest,Constrained Bayesian posterior estimate; not an observed or recovered true suppressed count.
36107,Tioga County,36,New York,7.0792222222222225,7.0,4.0,9.0,2.4653566182673123,2.4377672837700417,1.393009876440024,3.134272221990054,0.18272222222222223,suppressed_1_9,suppressed_1_9,metro_other,Q1_lowest,Constrained Bayesian posterior estimate; not an observed or recovered true suppressed count.
36109,Tompkins County,36,New York,23.0,23.0,23.0,23.0,3.6957468381278953,3.6957468381278953,3.6957468381278953,3.6957468381278953,1.0,exact,exact,metro_other,Q2,Constrained Bayesian posterior estimate; not an observed or recovered true suppressed count.
36111,Ulster County,36,New York,30.0,30.0,30.0,30.0,2.7627642008382223,2.7627642008382227,2.7627642008382227,2.7627642008382227,0.0,exact,exact,metro_other,Q3,Constrained Bayesian posterior estimate; not an observed or recovered true suppressed count.
36113,Warren County,36,New York,11.0,11.0,11.0,11.0,2.8235173325461718,2.823517332546171,2.823517332546171,2.823517332546171,0.0,exact,exact,metro_other,Q1_lowest,Constrained Bayesian posterior estimate; not an observed or recovered true suppressed count.
36115,Washington County,36,New York,6.1787222222222224,6.0,3.0,9.0,1.6998187646590779,1.6506507690657042,0.8253253845328521,2.4759761535985563,0.0,suppressed_1_9,suppressed_1_9,metro_other,Q2,Constrained Bayesian posterior estimate; not an observed or recovered true suppressed count.
36117,Wayne County,36,New York,15.0,15.0,15.0,15.0,2.762985571689344,2.7629855716893448,2.7629855716893448,2.7629855716893448,0.0,exact,exact,metro_large,Q2,Constrained Bayesian posterior estimate; not an observed or recovered true suppressed count.
36119,Westchester County,36,New York,105.0,105.0,105.0,105.0,1.77398007127683,1.7739800712768297,1.7739800712768297,1.7739800712768297,0.0,exact,exact,metro_large,Q3,Constrained Bayesian posterior estimate; not an observed or recovered true suppressed count.
36121,Wyoming County,36,New York,6.791083333333333,7.0,4.0,9.0,2.846209082666599,2.9337680898235967,1.6764389084706268,3.77198754405891,0.5733333333333334,suppressed_1_9,suppressed_1_9,nonmetro_adjacent,Q1_lowest,Constrained Bayesian posterior estimate; not an observed or recovered true suppressed count.
36123,Yates County,36,New York,6.389916666666666,6.0,4.0,9.0,4.328742593395476,4.0646000433557345,2.7097333622371558,6.0969000650336005,0.9114444444444444,suppressed_1_9,suppressed_1_9,nonmetro_adjacent,Q3,Constrained Bayesian posterior estimate; not an observed or recovered true suppressed count.
37001,Alamance County,37,North Carolina,29.0,29.0,29.0,29.0,2.753277824720638,2.7532778247206373,2.7532778247206373,2.7532778247206373,0.0,exact,exact,metro_other,Q3,Constrained Bayesian posterior estimate; not an observed or recovered true suppressed count.
37003,Alexander County,37,North Carolina,5.637611111111111,6.0,3.0,9.0,2.547957656653309,2.711741842176625,1.3558709210883124,4.067612763264937,0.29288888888888887,suppressed_1_9,suppressed_1_9,metro_other,Q2,Constrained Bayesian posterior estimate; not an observed or recovered true suppressed count.
37005,Alleghany County,37,North Carolina,2.8124166666666666,3.0,2.0,5.0,4.179794707170387,4.458579793716375,2.97238652914425,7.430966322860625,1.0,suppressed_1_9,suppressed_1_9,nonmetro_nonadjacent,Q3,Constrained Bayesian posterior estimate; not an observed or recovered true suppressed count.
37007,Anson County,37,North Carolina,4.87925,5.0,3.0,8.0,3.558016246882611,3.6460688086105564,2.187641285166334,5.83371009377689,0.5476388888888889,suppressed_1_9,suppressed_1_9,metro_large,Q4_highest,Constrained Bayesian posterior estimate; not an observed or recovered true suppressed count.
37009,Ashe County,37,North Carolina,14.0,14.0,14.0,14.0,8.614377395873715,8.614377395873714,8.614377395873714,8.614377395873714,1.0,exact,exact,nonmetro_nonadjacent,Q2,Constrained Bayesian posterior estimate; not an observed or recovered true suppressed count.
37011,Avery County,37,North Carolina,4.450111111111111,4.0,3.0,7.0,4.200793987927608,3.7759003162316516,2.831925237173739,6.607825553405391,0.7443055555555556,suppressed_1_9,suppressed_1_9,nonmetro_nonadjacent,Q3,Constrained Bayesian posterior estimate; not an observed or recovered true suppressed count.
37013,Beaufort County,37,North Carolina,8.011916666666666,8.0,5.0,9.0,2.9470311135960148,2.942647794485478,1.8391548715534236,3.310478768796163,0.7226111111111111,suppressed_1_9,suppressed_1_9,nonmetro_adjacent,Q4_highest,Constrained Bayesian posterior estimate; not an observed or recovered true suppressed count.
37015,Bertie County,37,North Carolina,6.194527777777778,6.0,4.0,9.0,5.829320827909262,5.646261704229991,3.7641744694866603,8.469392556344987,1.0,suppressed_1_9,suppressed_1_9,nonmetro_nonadjacent,Q4_highest,Constrained Bayesian posterior estimate; not an observed or recovered true suppressed count.
37017,Bladen County,37,North Carolina,4.181805555555556,4.0,2.0,8.0,2.2743891200367417,2.175509205123324,1.087754602561662,4.351018410246648,0.1981388888888889,suppressed_1_9,suppressed_1_9,nonmetro_adjacent,Q4_highest,Constrained Bayesian posterior estimate; not an observed or recovered true suppressed count.
37019,Brunswick County,37,North Carolina,17.0,17.0,17.0,17.0,1.8554617152761246,1.8554617152761255,1.8554617152761255,1.8554617152761255,0.0,exact,exact,metro_other,Q1_lowest,Constrained Bayesian posterior estimate; not an observed or recovered true suppressed count.
37021,Buncombe County,37,North Carolina,60.0,60.0,60.0,60.0,3.692530380293704,3.692530380293704,3.692530380293704,3.692530380293704,1.0,exact,exact,metro_other,Q3,Constrained Bayesian posterior estimate; not an observed or recovered true suppressed count.
37023,Burke County,37,North Carolina,33.0,33.0,33.0,33.0,6.1881420197345465,6.188142019734548,6.188142019734548,6.188142019734548,1.0,exact,exact,metro_other,Q3,Constrained Bayesian posterior estimate; not an observed or recovered true suppressed count.
37025,Cabarrus County,37,North Carolina,39.0,39.0,39.0,39.0,2.8058603631214973,2.8058603631214982,2.8058603631214982,2.8058603631214982,0.0,exact,exact,metro_large,Q2,Constrained Bayesian posterior estimate; not an observed or recovered true suppressed count.
37027,Caldwell County,37,North Carolina,31.0,31.0,31.0,31.0,6.371442782388512,6.3714427823885105,6.3714427823885105,6.3714427823885105,1.0,exact,exact,metro_other,Q3,Constrained Bayesian posterior estimate; not an observed or recovered true suppressed count.
37029,Camden County,37,North Carolina,3.6077777777777778,3.0,3.0,6.0,5.458473073269955,4.538921249716317,4.538921249716317,9.077842499432634,1.0,suppressed_1_9,suppressed_1_9,metro_large,Q2,Constrained Bayesian posterior estimate; not an observed or recovered true suppressed count.
37031,Carteret County,37,North Carolina,22.0,22.0,22.0,22.0,5.277981699797999,5.277981699797998,5.277981699797998,5.277981699797998,1.0,exact,exact,nonmetro_adjacent,Q2,Constrained Bayesian posterior estimate; not an observed or recovered true suppressed count.
37033,Caswell County,37,North Carolina,3.1455277777777777,3.0,2.0,6.0,2.3206520179850068,2.2132871002250174,1.475524733483345,4.426574200450035,0.3125833333333333,suppressed_1_9,suppressed_1_9,nonmetro_adjacent,Q3,Constrained Bayesian posterior estimate; not an observed or recovered true suppressed count.
37035,Catawba County,37,North Carolina,34.0,34.0,34.0,34.0,3.4809601716727645,3.480960171672765,3.480960171672765,3.480960171672765,1.0,exact,exact,metro_other,Q3,Constrained Bayesian posterior estimate; not an observed or recovered true suppressed count.
37037,Chatham County,37,North Carolina,8.183194444444444,8.0,6.0,9.0,1.7283485179482596,1.6896565561842485,1.2672424171381864,1.9008636257072797,0.0,suppressed_1_9,suppressed_1_9,metro_other,Q2,Constrained Bayesian posterior estimate; not an observed or recovered true suppressed count.
37039,Cherokee County,37,North Carolina,7.824111111111111,8.0,5.0,9.0,4.428006922121106,4.52755014261783,2.8297188391361434,5.093493910445058,0.97275,suppressed_1_9,suppressed_1_9,nonmetro_nonadjacent,Q2,Constrained Bayesian posterior estimate; not an observed or recovered true suppressed count.
37041,Chowan County,37,North Carolina,4.3665,4.0,3.0,7.0,5.248070959832696,4.807576740943728,3.6056825557077956,8.413259296651523,1.0,suppressed_1_9,suppressed_1_9,nonmetro_adjacent,Q3,Constrained Bayesian posterior estimate; not an observed or recovered true suppressed count.
37043,Clay County,37,North Carolina,2.688638888888889,2.0,2.0,5.0,3.86493048068553,2.875008984403076,2.875008984403076,7.18752246100769,0.47858333333333336,suppressed_1_9,suppressed_1_9,nonmetro_nonadjacent,Q2,Constrained Bayesian posterior estimate; not an observed or recovered true suppressed count.
37045,Cleveland County,37,North Carolina,30.0,30.0,30.0,30.0,4.986843045764259,4.9868430457642585,4.9868430457642585,4.9868430457642585,1.0,exact,exact,nonmetro_adjacent,Q4_highest,Constrained Bayesian posterior estimate; not an observed or recovered true suppressed count.
37047,Columbus County,37,North Carolina,10.0,10.0,10.0,10.0,3.221504184733936,3.2215041847339356,3.2215041847339356,3.2215041847339356,1.0,exact,exact,nonmetro_adjacent,Q4_highest,Constrained Bayesian posterior estimate; not an observed or recovered true suppressed count.
37049,Craven County,37,North Carolina,29.0,29.0,29.0,29.0,4.742607256516179,4.7426072565161785,4.7426072565161785,4.7426072565161785,1.0,exact,exact,nonmetro_adjacent,Q4_highest,Constrained Bayesian posterior estimate; not an observed or recovered true suppressed count.
37051,Cumberland County,37,North Carolina,58.0,58.0,58.0,58.0,2.870718669570382,2.870718669570382,2.870718669570382,2.870718669570382,0.0,exact,exact,metro_other,Q4_highest,Constrained Bayesian posterior estimate; not an observed or recovered true suppressed count.
37053,Currituck County,37,North Carolina,2.9444444444444446,3.0,2.0,5.0,1.6235894683571606,1.654223231911069,1.1028154879407126,2.7570387198517814,0.024638888888888887,suppressed_1_9,suppressed_1_9,metro_large,Q1_lowest,Constrained Bayesian posterior estimate; not an observed or recovered true suppressed count.
37055,Dare County,37,North Carolina,3.9695555555555555,4.0,2.0,8.0,1.7515501213671367,1.7649836077147432,0.8824918038573716,3.5299672154294863,0.06922222222222223,suppressed_1_9,suppressed_1_9,nonmetro_adjacent,Q1_lowest,Constrained Bayesian posterior estimate; not an observed or recovered true suppressed count.
37057,Davidson County,37,North Carolina,30.0,30.0,30.0,30.0,2.905065368812573,2.905065368812574,2.905065368812574,2.905065368812574,0.0,exact,exact,metro_other,Q3,Constrained Bayesian posterior estimate; not an observed or recovered true suppressed count.
37059,Davie County,37,North Carolina,7.114138888888889,7.0,4.0,9.0,2.6974367983593086,2.6541592571387405,1.5166624326507088,3.412490473464095,0.4305555555555556,suppressed_1_9,suppressed_1_9,metro_other,Q2,Constrained Bayesian posterior estimate; not an observed or recovered true suppressed count.
37061,Duplin County,37,North Carolina,15.0,15.0,15.0,15.0,4.760408633477097,4.760408633477097,4.760408633477097,4.760408633477097,1.0,exact,exact,nonmetro_adjacent,Q4_highest,Constrained Bayesian posterior estimate; not an observed or recovered true suppressed count.
37063,Durham County,37,North Carolina,45.0,45.0,45.0,45.0,2.2634448624831505,2.26344486248315,2.26344486248315,2.26344486248315,0.0,exact,exact,metro_other,Q3,Constrained Bayesian posterior estimate; not an observed or recovered true suppressed count.
37065,Edgecombe County,37,North Carolina,18.0,18.0,18.0,18.0,6.062300238787272,6.06230023878727,6.06230023878727,6.06230023878727,1.0,exact,exact,metro_other,Q4_highest,Constrained Bayesian posterior estimate; not an observed or recovered true suppressed count.
37067,Forsyth County,37,North Carolina,88.0,88.0,88.0,88.0,3.7737758600135,3.7737758600135,3.7737758600135,3.7737758600135,1.0,exact,exact,metro_other,Q4_highest,Constrained Bayesian posterior estimate; not an observed or recovered true suppressed count.
37069,Franklin County,37,North Carolina,13.0,13.0,13.0,13.0,2.9242528533959566,2.9242528533959575,2.9242528533959575,2.9242528533959575,0.0,exact,exact,metro_large,Q3,Constrained Bayesian posterior estimate; not an observed or recovered true suppressed count.
37071,Gaston County,37,North Carolina,64.0,64.0,64.0,64.0,4.586432758595977,4.586432758595978,4.586432758595978,4.586432758595978,1.0,exact,exact,metro_large,Q3,Constrained Bayesian posterior estimate; not an observed or recovered true suppressed count.
37073,Gates County,37,North Carolina,3.674472222222222,3.0,3.0,6.0,5.704196442278005,4.657155719763416,4.657155719763416,9.314311439526833,1.0,suppressed_1_9,suppressed_1_9,metro_large,Q2,Constrained Bayesian posterior estimate; not an observed or recovered true suppressed count.
37075,Graham County,37,North Carolina,1.250361111111111,1.0,1.0,3.0,2.5429866605200657,2.033801785677968,2.033801785677968,6.1014053570339035,0.21258333333333335,suppressed_1_9,suppressed_1_9,nonmetro_nonadjacent,Q3,Constrained Bayesian posterior estimate; not an observed or recovered true suppressed count.
37077,Granville County,37,North Carolina,12.0,12.0,12.0,12.0,3.2559679178627827,3.2559679178627827,3.2559679178627827,3.2559679178627827,1.0,exact,exact,nonmetro_adjacent,Q3,Constrained Bayesian posterior estimate; not an observed or recovered true suppressed count.
37079,Greene County,37,North Carolina,4.502583333333333,4.0,3.0,8.0,3.6362180263703374,3.230339347148418,2.4227545103613135,6.460678694296836,0.7545277777777778,suppressed_1_9,suppressed_1_9,nonmetro_adjacent,Q4_highest,Constrained Bayesian posterior estimate; not an observed or recovered true suppressed count.
37081,Guilford County,37,North Carolina,114.0,114.0,114.0,114.0,3.481035076619414,3.481035076619414,3.481035076619414,3.481035076619414,1.0,exact,exact,metro_other,Q4_highest,Constrained Bayesian posterior estimate; not an observed or recovered true suppressed count.
37083,Halifax County,37,North Carolina,18.0,18.0,18.0,18.0,6.209059017105957,6.209059017105957,6.209059017105957,6.209059017105957,1.0,exact,exact,nonmetro_adjacent,Q4_highest,Constrained Bayesian posterior estimate; not an observed or recovered true suppressed count.
37085,Harnett County,37,North Carolina,16.0,16.0,16.0,16.0,1.915238716550654,1.9152387165506548,1.9152387165506548,1.9152387165506548,0.0,exact,exact,nonmetro_adjacent,Q3,Constrained Bayesian posterior estimate; not an observed or recovered true suppressed count.
37087,Haywood County,37,North Carolina,12.0,12.0,12.0,12.0,3.1881739999096674,3.1881739999096683,3.1881739999096683,3.1881739999096683,1.0,exact,exact,nonmetro_adjacent,Q2,Constrained Bayesian posterior estimate; not an observed or recovered true suppressed count.
37089,Henderson County,37,North Carolina,21.0,21.0,21.0,21.0,2.954425870641167,2.954425870641167,2.954425870641167,2.954425870641167,1.0,exact,exact,metro_other,Q2,Constrained Bayesian posterior estimate; not an observed or recovered true suppressed count.
37091,Hertford County,37,North Carolina,10.0,10.0,10.0,10.0,7.839448102853555,7.8394481028535585,7.8394481028535585,7.8394481028535585,1.0,exact,exact,nonmetro_adjacent,Q4_highest,Constrained Bayesian posterior estimate; not an observed or recovered true suppressed count.
37093,Hoke County,37,North Carolina,8.245833333333334,9.0,6.0,9.0,2.515561141736808,2.7456352027041455,1.8304234684694305,2.7456352027041455,0.0,suppressed_1_9,suppressed_1_9,metro_other,Q4_highest,Constrained Bayesian posterior estimate; not an observed or recovered true suppressed count.
37095,Hyde County,37,North Carolina,0.0,0.0,0.0,0.0,0.0,0.0,0.0,0.0,0.0,zero,zero,nonmetro_nonadjacent,Q4_highest,Constrained Bayesian posterior estimate; not an observed or recovered true suppressed count.
37097,Iredell County,37,North Carolina,39.0,39.0,39.0,39.0,3.357692387164317,3.3576923871643167,3.3576923871643167,3.3576923871643167,1.0,exact,exact,metro_large,Q2,Constrained Bayesian posterior estimate; not an observed or recovered true suppressed count.
37099,Jackson County,37,North Carolina,7.054694444444444,7.0,4.0,9.0,2.6703008219221873,2.6495982073575557,1.5140561184900319,3.4066262666025717,0.43794444444444447,suppressed_1_9,suppressed_1_9,nonmetro_nonadjacent,Q4_highest,Constrained Bayesian posterior estimate; not an observed or recovered true suppressed count.
37101,Johnston County,37,North Carolina,25.0,25.0,25.0,25.0,1.8134128720397842,1.8134128720397849,1.8134128720397849,1.8134128720397849,0.0,exact,exact,metro_large,Q3,Constrained Bayesian posterior estimate; not an observed or recovered true suppressed count.
37103,Jones County,37,North Carolina,2.552138888888889,2.0,2.0,4.0,4.555763814510691,3.570153516601214,3.570153516601214,7.140307033202428,1.0,suppressed_1_9,suppressed_1_9,nonmetro_adjacent,Q3,Constrained Bayesian posterior estimate; not an observed or recovered true suppressed count.
37105,Lee County,37,North Carolina,15.0,15.0,15.0,15.0,3.852653964894616,3.852653964894617,3.852653964894617,3.852653964894617,1.0,exact,exact,nonmetro_adjacent,Q4_highest,Constrained Bayesian posterior estimate; not an observed or recovered true suppressed count.
37107,Lenoir County,37,North Carolina,22.0,22.0,22.0,22.0,6.641810195178649,6.641810195178649,6.641810195178649,6.641810195178649,1.0,exact,exact,nonmetro_adjacent,Q4_highest,Constrained Bayesian posterior estimate; not an observed or recovered true suppressed count.
37109,Lincoln County,37,North Carolina,14.0,14.0,14.0,14.0,2.544256431971127,2.5442564319711263,2.5442564319711263,2.5442564319711263,0.0,exact,exact,metro_large,Q2,Constrained Bayesian posterior estimate; not an observed or recovered true suppressed count.
37111,McDowell County,37,North Carolina,10.0,10.0,10.0,10.0,3.6877235682413247,3.6877235682413247,3.6877235682413247,3.6877235682413247,1.0,exact,exact,nonmetro_adjacent,Q4_highest,Constrained Bayesian posterior estimate; not an observed or recovered true suppressed count.
37113,Macon County,37,North Carolina,6.5312777777777775,7.0,3.0,9.0,2.907830362752227,3.116513067094074,1.3356484573260317,4.006945371978095,0.5175,suppressed_1_9,suppressed_1_9,nonmetro_nonadjacent,Q2,Constrained Bayesian posterior estimate; not an observed or recovered true suppressed count.
37115,Madison County,37,North Carolina,5.854861111111111,6.0,4.0,9.0,4.462954775673927,4.573589047778761,3.0490593651858404,6.86038357166814,1.0,suppressed_1_9,suppressed_1_9,metro_other,Q2,Constrained Bayesian posterior estimate; not an observed or recovered true suppressed count.
37117,Martin County,37,North Carolina,6.8989722222222225,7.0,4.0,9.0,5.272428140788859,5.3496369889186095,3.056935422239205,6.878104700038212,1.0,suppressed_1_9,suppressed_1_9,nonmetro_adjacent,Q4_highest,Constrained Bayesian posterior estimate; not an observed or recovered true suppressed count.
37119,Mecklenburg County,37,North Carolina,196.0,196.0,196.0,196.0,2.850098626499665,2.8500986264996646,2.8500986264996646,2.8500986264996646,0.0,exact,exact,metro_large,Q3,Constrained Bayesian posterior estimate; not an observed or recovered true suppressed count.
37121,Mitchell County,37,North Carolina,4.464,4.0,3.0,7.0,4.963805584281283,4.447854466201866,3.3358908496513995,7.783745315853265,1.0,suppressed_1_9,suppressed_1_9,nonmetro_adjacent,Q3,Constrained Bayesian posterior estimate; not an observed or recovered true suppressed count.
37123,Montgomery County,37,North Carolina,1.9793888888888889,2.0,1.0,5.0,1.2484162223679858,1.261415813108633,0.6307079065543165,3.153539532771583,0.03269444444444444,suppressed_1_9,suppressed_1_9,nonmetro_adjacent,Q4_highest,Constrained Bayesian posterior estimate; not an observed or recovered true suppressed count.
37125,Moore County,37,North Carolina,13.0,13.0,13.0,13.0,2.0705879354804795,2.07058793548048,2.07058793548048,2.07058793548048,0.0,exact,exact,metro_other,Q2,Constrained Bayesian posterior estimate; not an observed or recovered true suppressed count.
37127,Nash County,37,North Carolina,27.0,27.0,27.0,27.0,4.698405848297176,4.698405848297176,4.698405848297176,4.698405848297176,1.0,exact,exact,metro_other,Q4_highest,Constrained Bayesian posterior estimate; not an observed or recovered true suppressed count.
37129,New Hanover County,37,North Carolina,25.0,25.0,25.0,25.0,1.764029325223503,1.7640293252235026,1.7640293252235026,1.7640293252235026,0.0,exact,exact,metro_other,Q2,Constrained Bayesian posterior estimate; not an observed or recovered true suppressed count.
37131,Northampton County,37,North Carolina,6.494805555555556,6.0,4.0,9.0,6.140266564141996,5.672471495830734,3.781647663887156,8.5087072437461,1.0,suppressed_1_9,suppressed_1_9,nonmetro_nonadjacent,Q4_highest,Constrained Bayesian posterior estimate; not an observed or recovered true suppressed count.
37133,Onslow County,37,North Carolina,24.0,24.0,24.0,24.0,1.9324153823485128,1.9324153823485128,1.9324153823485128,1.9324153823485128,0.0,exact,exact,metro_other,Q4_highest,Constrained Bayesian posterior estimate; not an observed or recovered true suppressed count.
37135,Orange County,37,North Carolina,17.0,17.0,17.0,17.0,1.8880141090183775,1.8880141090183773,1.8880141090183773,1.8880141090183773,0.0,exact,exact,metro_other,Q2,Constrained Bayesian posterior estimate; not an observed or recovered true suppressed count.
37137,Pamlico County,37,North Carolina,1.374611111111111,1.0,1.0,3.0,1.829424281812522,1.3308667935426342,1.3308667935426342,3.9926003806279033,0.06597222222222222,suppressed_1_9,suppressed_1_9,nonmetro_nonadjacent,Q3,Constrained Bayesian posterior estimate; not an observed or recovered true suppressed count.
37139,Pasquotank County,37,North Carolina,7.590944444444444,8.0,5.0,9.0,3.100660674889588,3.267746929339057,2.042341830836911,3.6762152955064398,0.5798611111111112,suppressed_1_9,suppressed_1_9,nonmetro_adjacent,Q4_highest,Constrained Bayesian posterior estimate; not an observed or recovered true suppressed count.
37141,Pender County,37,North Carolina,10.0,10.0,10.0,10.0,2.5324084977499552,2.5324084977499552,2.5324084977499552,2.5324084977499552,0.0,exact,exact,metro_other,Q3,Constrained Bayesian posterior estimate; not an observed or recovered true suppressed count.
37143,Perquimans County,37,North Carolina,4.304166666666666,4.0,3.0,7.0,5.359640712100647,4.98088585054852,3.73566438791139,8.71655023845991,1.0,suppressed_1_9,suppressed_1_9,nonmetro_adjacent,Q3,Constrained Bayesian posterior estimate; not an observed or recovered true suppressed count.
37145,Person County,37,North Carolina,13.0,13.0,13.0,13.0,5.466594900087467,5.466594900087466,5.466594900087466,5.466594900087466,1.0,exact,exact,metro_other,Q3,Constrained Bayesian posterior estimate; not an observed or recovered true suppressed count.
37147,Pitt County,37,North Carolina,31.0,31.0,31.0,31.0,2.9100357746656034,2.910035774665604,2.910035774665604,2.910035774665604,0.0,exact,exact,metro_other,Q4_highest,Constrained Bayesian posterior estimate; not an observed or recovered true suppressed count.
37149,Polk County,37,North Carolina,7.470138888888889,8.0,5.0,9.0,6.134327690915197,6.569438969911969,4.105899356194981,7.390618841150966,1.0,suppressed_1_9,suppressed_1_9,nonmetro_adjacent,Q2,Constrained Bayesian posterior estimate; not an observed or recovered true suppressed count.
37151,Randolph County,37,North Carolina,21.0,21.0,21.0,21.0,2.399215799178783,2.399215799178783,2.399215799178783,2.399215799178783,0.0,exact,exact,metro_other,Q3,Constrained Bayesian posterior estimate; not an observed or recovered true suppressed count.
37153,Richmond County,37,North Carolina,8.228444444444444,8.0,6.0,9.0,3.177287729970014,3.089077408418508,2.316808056313881,3.475212084470822,0.7988333333333333,suppressed_1_9,suppressed_1_9,nonmetro_adjacent,Q4_highest,Constrained Bayesian posterior estimate; not an observed or recovered true suppressed count.
37155,Robeson County,37,North Carolina,19.0,19.0,19.0,19.0,2.6041523895154084,2.6041523895154084,2.6041523895154084,2.6041523895154084,0.0,exact,exact,nonmetro_adjacent,Q4_highest,Constrained Bayesian posterior estimate; not an observed or recovered true suppressed count.
37157,Rockingham County,37,North Carolina,23.0,23.0,23.0,23.0,4.170043495366719,4.170043495366719,4.170043495366719,4.170043495366719,1.0,exact,exact,metro_other,Q4_highest,Constrained Bayesian posterior estimate; not an observed or recovered true suppressed count.
37159,Rowan County,37,North Carolina,24.0,24.0,24.0,24.0,2.7044599925852713,2.704459992585272,2.704459992585272,2.704459992585272,0.0,exact,exact,metro_large,Q4_highest,Constrained Bayesian posterior estimate; not an observed or recovered true suppressed count.
37161,Rutherford County,37,North Carolina,12.0,12.0,12.0,12.0,3.0399140717622384,3.039914071762238,3.039914071762238,3.039914071762238,1.0,exact,exact,nonmetro_adjacent,Q4_highest,Constrained Bayesian posterior estimate; not an observed or recovered true suppressed count.
37163,Sampson County,37,North Carolina,19.0,19.0,19.0,19.0,5.205080158234437,5.205080158234437,5.205080158234437,5.205080158234437,1.0,exact,exact,nonmetro_adjacent,Q4_highest,Constrained Bayesian posterior estimate; not an observed or recovered true suppressed count.
37165,Scotland County,37,North Carolina,8.399083333333333,9.0,7.0,9.0,4.074791912272445,4.366324961309509,3.3960305254629515,4.366324961309509,0.9776944444444444,suppressed_1_9,suppressed_1_9,nonmetro_adjacent,Q4_highest,Constrained Bayesian posterior estimate; not an observed or recovered true suppressed count.
37167,Stanly County,37,North Carolina,17.0,17.0,17.0,17.0,4.396763981709462,4.396763981709462,4.396763981709462,4.396763981709462,1.0,exact,exact,nonmetro_adjacent,Q3,Constrained Bayesian posterior estimate; not an observed or recovered true suppressed count.
37169,Stokes County,37,North Carolina,11.0,11.0,11.0,11.0,4.037423243078572,4.037423243078572,4.037423243078572,4.037423243078572,1.0,exact,exact,metro_other,Q2,Constrained Bayesian posterior estimate; not an observed or recovered true suppressed count.
37171,Surry County,37,North Carolina,14.0,14.0,14.0,14.0,3.263175069342469,3.26317506934247,3.26317506934247,3.26317506934247,1.0,exact,exact,nonmetro_adjacent,Q4_highest,Constrained Bayesian posterior estimate; not an observed or recovered true suppressed count.
37173,Swain County,37,North Carolina,5.8195,6.0,4.0,9.0,6.893998625820362,7.1078257161134415,4.73855047740896,10.661738574170162,1.0,suppressed_1_9,suppressed_1_9,nonmetro_nonadjacent,Q4_highest,Constrained Bayesian posterior estimate; not an observed or recovered true suppressed count.
37175,Transylvania County,37,North Carolina,10.0,10.0,10.0,10.0,4.924774075989263,4.924774075989264,4.924774075989264,4.924774075989264,1.0,exact,exact,nonmetro_adjacent,Q2,Constrained Bayesian posterior estimate; not an observed or recovered true suppressed count.
37177,Tyrrell County,37,North Carolina,0.0,0.0,0.0,0.0,0.0,0.0,0.0,0.0,0.0,zero,zero,nonmetro_nonadjacent,Q4_highest,Constrained Bayesian posterior estimate; not an observed or recovered true suppressed count.
37179,Union County,37,North Carolina,40.0,40.0,40.0,40.0,2.6720517416099248,2.6720517416099248,2.6720517416099248,2.6720517416099248,0.0,exact,exact,metro_large,Q1_lowest,Constrained Bayesian posterior estimate; not an observed or recovered true suppressed count.
37181,Vance County,37,North Carolina,5.335861111111111,5.0,2.0,9.0,2.0664491898623276,1.936378352839118,0.7745513411356472,3.4854810351104124,0.14702777777777779,suppressed_1_9,suppressed_1_9,nonmetro_adjacent,Q4_highest,Constrained Bayesian posterior estimate; not an observed or recovered true suppressed count.
37183,Wake County,37,North Carolina,109.0,109.0,109.0,109.0,1.558929836143602,1.5589298361436024,1.5589298361436024,1.5589298361436024,0.0,exact,exact,metro_large,Q2,Constrained Bayesian posterior estimate; not an observed or recovered true suppressed count.
37185,Warren County,37,North Carolina,3.516027777777778,3.0,2.0,7.0,3.066882792775767,2.6167735182519953,1.7445156788346636,6.105804875921321,0.4384722222222222,suppressed_1_9,suppressed_1_9,nonmetro_adjacent,Q4_highest,Constrained Bayesian posterior estimate; not an observed or recovered true suppressed count.
37187,Washington County,37,North Carolina,5.490944444444445,5.0,4.0,8.0,8.300496499643918,7.558350465594389,6.046680372475511,12.093360744951022,1.0,suppressed_1_9,suppressed_1_9,nonmetro_nonadjacent,Q4_highest,Constrained Bayesian posterior estimate; not an observed or recovered true suppressed count.
37189,Watauga County,37,North Carolina,7.5327222222222225,8.0,5.0,9.0,2.2710401470735038,2.4119197071929475,1.507449816995592,2.7134096705920663,0.0,suppressed_1_9,suppressed_1_9,nonmetro_nonadjacent,Q2,Constrained Bayesian posterior estimate; not an observed or recovered true suppressed count.
37191,Wayne County,37,North Carolina,29.0,29.0,29.0,29.0,4.0264188614120515,4.026418861412051,4.026418861412051,4.026418861412051,1.0,exact,exact,metro_other,Q4_highest,Constrained Bayesian posterior estimate; not an observed or recovered true suppressed count.
37193,Wilkes County,37,North Carolina,8.67525,9.0,7.0,9.0,2.1674903308981515,2.248628336714604,1.7489331507780252,2.248628336714604,0.0,suppressed_1_9,suppressed_1_9,nonmetro_adjacent,Q3,Constrained Bayesian posterior estimate; not an observed or recovered true suppressed count.
37195,Wilson County,37,North Carolina,19.0,19.0,19.0,19.0,3.9622460513090014,3.962246051309001,3.962246051309001,3.962246051309001,1.0,exact,exact,nonmetro_adjacent,Q4_highest,Constrained Bayesian posterior estimate; not an observed or recovered true suppressed count.
37197,Yadkin County,37,North Carolina,14.0,14.0,14.0,14.0,6.202484538092113,6.202484538092115,6.202484538092115,6.202484538092115,1.0,exact,exact,metro_other,Q3,Constrained Bayesian posterior estimate; not an observed or recovered true suppressed count.
37199,Yancey County,37,North Carolina,4.747388888888889,5.0,3.0,8.0,4.251380344138276,4.477598574332614,2.6865591445995682,7.164157718932183,0.8049722222222222,suppressed_1_9,suppressed_1_9,nonmetro_adjacent,Q3,Constrained Bayesian posterior estimate; not an observed or recovered true suppressed count.
38001,Adams County,38,North Dakota,0.0,0.0,0.0,0.0,0.0,0.0,0.0,0.0,0.0,zero,zero,nonmetro_nonadjacent,Q1_lowest,Constrained Bayesian posterior estimate; not an observed or recovered true suppressed count.
38003,Barnes County,38,North Dakota,3.5033333333333334,3.0,3.0,5.0,5.48209581931513,4.694468351459197,4.694468351459197,7.824113919098662,1.0,suppressed_1_9,suppressed_1_9,nonmetro_adjacent,Q1_lowest,Constrained Bayesian posterior estimate; not an observed or recovered true suppressed count.
38005,Benson County,38,North Dakota,1.048861111111111,1.0,1.0,2.0,2.859958311368029,2.7267273817963678,2.7267273817963678,5.4534547635927355,0.04736111111111111,suppressed_1_9,suppressed_1_9,nonmetro_nonadjacent,Q3,Constrained Bayesian posterior estimate; not an observed or recovered true suppressed count.
38007,Billings County,38,North Dakota,0.0,0.0,0.0,0.0,0.0,0.0,0.0,0.0,0.0,zero,zero,nonmetro_nonadjacent,Q1_lowest,Constrained Bayesian posterior estimate; not an observed or recovered true suppressed count.
38009,Bottineau County,38,North Dakota,1.0740833333333333,1.0,1.0,2.0,2.820967388925366,2.6263952724885096,2.6263952724885096,5.252790544977019,0.07080555555555555,suppressed_1_9,suppressed_1_9,nonmetro_adjacent,Q1_lowest,Constrained Bayesian posterior estimate; not an observed or recovered true suppressed count.
38011,Bowman County,38,North Dakota,1.0274166666666666,1.0,1.0,2.0,5.850892179195141,5.694760820045558,5.694760820045558,11.389521640091116,1.0,suppressed_1_9,suppressed_1_9,nonmetro_nonadjacent,Q1_lowest,Constrained Bayesian posterior estimate; not an observed or recovered true suppressed count.
38013,Burke County,38,North Dakota,0.0,0.0,0.0,0.0,0.0,0.0,0.0,0.0,0.0,zero,zero,nonmetro_adjacent,Q1_lowest,Constrained Bayesian posterior estimate; not an observed or recovered true suppressed count.
38015,Burleigh County,38,North Dakota,17.0,17.0,17.0,17.0,2.865957482677815,2.865957482677816,2.865957482677816,2.865957482677816,0.0,exact,exact,metro_other,Q1_lowest,Constrained Bayesian posterior estimate; not an observed or recovered true suppressed count.
38017,Cass County,38,North Dakota,26.0,26.0,26.0,26.0,2.2758505991614366,2.2758505991614366,2.2758505991614366,2.2758505991614366,0.0,exact,exact,metro_other,Q1_lowest,Constrained Bayesian posterior estimate; not an observed or recovered true suppressed count.
38019,Cavalier County,38,North Dakota,0.0,0.0,0.0,0.0,0.0,0.0,0.0,0.0,0.0,zero,zero,nonmetro_nonadjacent,Q1_lowest,Constrained Bayesian posterior estimate; not an observed or recovered true suppressed count.
38021,Dickey County,38,North Dakota,0.0,0.0,0.0,0.0,0.0,0.0,0.0,0.0,0.0,zero,zero,nonmetro_nonadjacent,Q1_lowest,Constrained Bayesian posterior estimate; not an observed or recovered true suppressed count.
38023,Divide County,38,North Dakota,1.0237222222222222,1.0,1.0,1.0,7.7701876449504566,7.590132827324479,7.590132827324479,7.590132827324479,1.0,suppressed_1_9,suppressed_1_9,nonmetro_nonadjacent,Q2,Constrained Bayesian posterior estimate; not an observed or recovered true suppressed count.
38025,Dunn County,38,North Dakota,0.0,0.0,0.0,0.0,0.0,0.0,0.0,0.0,0.0,zero,zero,nonmetro_nonadjacent,Q2,Constrained Bayesian posterior estimate; not an observed or recovered true suppressed count.
38027,Eddy County,38,North Dakota,0.0,0.0,0.0,0.0,0.0,0.0,0.0,0.0,0.0,zero,zero,nonmetro_nonadjacent,Q2,Constrained Bayesian posterior estimate; not an observed or recovered true suppressed count.
38029,Emmons County,38,North Dakota,0.0,0.0,0.0,0.0,0.0,0.0,0.0,0.0,0.0,zero,zero,nonmetro_adjacent,Q1_lowest,Constrained Bayesian posterior estimate; not an observed or recovered true suppressed count.
38031,Foster County,38,North Dakota,1.0307777777777778,1.0,1.0,2.0,5.219392261774154,5.063547521393488,5.063547521393488,10.127095042786976,1.0,suppressed_1_9,suppressed_1_9,nonmetro_nonadjacent,Q1_lowest,Constrained Bayesian posterior estimate; not an observed or recovered true suppressed count.
38033,Golden Valley County,38,North Dakota,0.0,0.0,0.0,0.0,0.0,0.0,0.0,0.0,0.0,zero,zero,nonmetro_nonadjacent,Q1_lowest,Constrained Bayesian posterior estimate; not an observed or recovered true suppressed count.
38035,Grand Forks County,38,North Dakota,6.976916666666667,7.0,4.0,9.0,1.6205451123307992,1.6259067333443276,0.9290895619110443,2.0904515142998497,0.0,suppressed_1_9,suppressed_1_9,metro_other,Q2,Constrained Bayesian posterior estimate; not an observed or recovered true suppressed count.
38037,Grant County,38,North Dakota,0.0,0.0,0.0,0.0,0.0,0.0,0.0,0.0,0.0,zero,zero,nonmetro_adjacent,Q1_lowest,Constrained Bayesian posterior estimate; not an observed or recovered true suppressed count.
38039,Griggs County,38,North Dakota,0.0,0.0,0.0,0.0,0.0,0.0,0.0,0.0,0.0,zero,zero,nonmetro_nonadjacent,Q1_lowest,Constrained Bayesian posterior estimate; not an observed or recovered true suppressed count.
38041,Hettinger County,38,North Dakota,0.0,0.0,0.0,0.0,0.0,0.0,0.0,0.0,0.0,zero,zero,nonmetro_nonadjacent,Q1_lowest,Constrained Bayesian posterior estimate; not an observed or recovered true suppressed count.
38043,Kidder County,38,North Dakota,1.02,1.0,1.0,1.0,7.076944425171721,6.938180808991882,6.938180808991882,6.938180808991882,1.0,suppressed_1_9,suppressed_1_9,nonmetro_adjacent,Q1_lowest,Constrained Bayesian posterior estimate; not an observed or recovered true suppressed count.
38045,LaMoure County,38,North Dakota,0.0,0.0,0.0,0.0,0.0,0.0,0.0,0.0,0.0,zero,zero,nonmetro_nonadjacent,Q1_lowest,Constrained Bayesian posterior estimate; not an observed or recovered true suppressed count.
38047,Logan County,38,North Dakota,0.0,0.0,0.0,0.0,0.0,0.0,0.0,0.0,0.0,zero,zero,nonmetro_nonadjacent,Q1_lowest,Constrained Bayesian posterior estimate; not an observed or recovered true suppressed count.
38049,McHenry County,38,North Dakota,0.0,0.0,0.0,0.0,0.0,0.0,0.0,0.0,0.0,zero,zero,metro_other,Q1_lowest,Constrained Bayesian posterior estimate; not an observed or recovered true suppressed count.
38051,McIntosh County,38,North Dakota,1.0237222222222222,1.0,1.0,1.0,6.8826288975542695,6.72314105149926,6.72314105149926,6.72314105149926,1.0,suppressed_1_9,suppressed_1_9,nonmetro_nonadjacent,Q1_lowest,Constrained Bayesian posterior estimate; not an observed or recovered true suppressed count.
38053,McKenzie County,38,North Dakota,1.2322222222222223,1.0,1.0,3.0,1.415907962152231,1.1490686798349936,1.1490686798349936,3.447206039504981,0.025833333333333333,suppressed_1_9,suppressed_1_9,nonmetro_nonadjacent,Q2,Constrained Bayesian posterior estimate; not an observed or recovered true suppressed count.
38055,McLean County,38,North Dakota,2.278277777777778,2.0,2.0,4.0,3.917056853631652,3.438612176125716,3.438612176125716,6.877224352251432,1.0,suppressed_1_9,suppressed_1_9,nonmetro_adjacent,Q1_lowest,Constrained Bayesian posterior estimate; not an observed or recovered true suppressed count.
38057,Mercer County,38,North Dakota,0.0,0.0,0.0,0.0,0.0,0.0,0.0,0.0,0.0,zero,zero,nonmetro_adjacent,Q2,Constrained Bayesian posterior estimate; not an observed or recovered true suppressed count.
38059,Morton County,38,North Dakota,11.0,11.0,11.0,11.0,5.54779424744171,5.54779424744171,5.54779424744171,5.54779424744171,1.0,exact,exact,metro_other,Q1_lowest,Constrained Bayesian posterior estimate; not an observed or recovered true suppressed count.
38061,Mountrail County,38,North Dakota,2.164083333333333,2.0,2.0,3.0,3.682292552889795,3.4030968181044754,3.4030968181044754,5.104645227156713,1.0,suppressed_1_9,suppressed_1_9,nonmetro_adjacent,Q3,Constrained Bayesian posterior estimate; not an observed or recovered true suppressed count.
38063,Nelson County,38,North Dakota,0.0,0.0,0.0,0.0,0.0,0.0,0.0,0.0,0.0,zero,zero,nonmetro_adjacent,Q1_lowest,Constrained Bayesian posterior estimate; not an observed or recovered true suppressed count.
38065,Oliver County,38,North Dakota,0.0,0.0,0.0,0.0,0.0,0.0,0.0,0.0,0.0,zero,zero,metro_other,Q1_lowest,Constrained Bayesian posterior estimate; not an observed or recovered true suppressed count.
38067,Pembina County,38,North Dakota,0.0,0.0,0.0,0.0,0.0,0.0,0.0,0.0,0.0,zero,zero,nonmetro_nonadjacent,Q1_lowest,Constrained Bayesian posterior estimate; not an observed or recovered true suppressed count.
38069,Pierce County,38,North Dakota,1.0785277777777778,1.0,1.0,2.0,4.5791524552192,4.245743641998897,4.245743641998897,8.491487283997794,1.0,suppressed_1_9,suppressed_1_9,nonmetro_nonadjacent,Q1_lowest,Constrained Bayesian posterior estimate; not an observed or recovered true suppressed count.
38071,Ramsey County,38,North Dakota,0.0,0.0,0.0,0.0,0.0,0.0,0.0,0.0,0.0,zero,zero,nonmetro_nonadjacent,Q2,Constrained Bayesian posterior estimate; not an observed or recovered true suppressed count.
38073,Ransom County,38,North Dakota,3.191222222222222,3.0,3.0,4.0,9.700058427983292,9.11881820116113,9.11881820116113,12.158424268214839,1.0,suppressed_1_9,suppressed_1_9,nonmetro_adjacent,Q1_lowest,Constrained Bayesian posterior estimate; not an observed or recovered true suppressed count.
38075,Renville County,38,North Dakota,0.0,0.0,0.0,0.0,0.0,0.0,0.0,0.0,0.0,zero,zero,metro_other,Q1_lowest,Constrained Bayesian posterior estimate; not an observed or recovered true suppressed count.
38077,Richland County,38,North Dakota,1.1200277777777778,1.0,1.0,2.0,1.1349064006908343,1.013284155275664,1.013284155275664,2.026568310551328,0.006055555555555555,suppressed_1_9,suppressed_1_9,nonmetro_adjacent,Q1_lowest,Constrained Bayesian posterior estimate; not an observed or recovered true suppressed count.
38079,Rolette County,38,North Dakota,2.5646388888888887,2.0,2.0,4.0,3.386019498942316,2.640542895619339,2.640542895619339,5.281085791238678,0.4251666666666667,suppressed_1_9,suppressed_1_9,nonmetro_nonadjacent,Q4_highest,Constrained Bayesian posterior estimate; not an observed or recovered true suppressed count.
38081,Sargent County,38,North Dakota,0.0,0.0,0.0,0.0,0.0,0.0,0.0,0.0,0.0,zero,zero,nonmetro_nonadjacent,Q1_lowest,Constrained Bayesian posterior estimate; not an observed or recovered true suppressed count.
38083,Sheridan County,38,North Dakota,0.0,0.0,0.0,0.0,0.0,0.0,0.0,0.0,0.0,zero,zero,nonmetro_adjacent,Q1_lowest,Constrained Bayesian posterior estimate; not an observed or recovered true suppressed count.
38085,Sioux County,38,North Dakota,2.1533611111111113,2.0,2.0,3.0,9.278529434294688,8.617718028266115,8.617718028266115,12.926577042399174,1.0,suppressed_1_9,suppressed_1_9,nonmetro_nonadjacent,Q4_highest,Constrained Bayesian posterior estimate; not an observed or recovered true suppressed count.
38087,Slope County,38,North Dakota,0.0,0.0,0.0,0.0,0.0,0.0,0.0,0.0,0.0,zero,zero,nonmetro_nonadjacent,Q1_lowest,Constrained Bayesian posterior estimate; not an observed or recovered true suppressed count.
38089,Stark County,38,North Dakota,2.729888888888889,3.0,2.0,5.0,1.3912884920412452,1.5289506811475284,1.0193004540983523,2.5482511352458808,0.005805555555555555,suppressed_1_9,suppressed_1_9,nonmetro_nonadjacent,Q2,Constrained Bayesian posterior estimate; not an observed or recovered true suppressed count.
38091,Steele County,38,North Dakota,0.0,0.0,0.0,0.0,0.0,0.0,0.0,0.0,0.0,zero,zero,nonmetro_adjacent,Q1_lowest,Constrained Bayesian posterior estimate; not an observed or recovered true suppressed count.
38093,Stutsman County,38,North Dakota,3.628388888888889,3.0,3.0,5.0,2.8524397135986486,2.358434942572109,2.358434942572109,3.930724904286848,0.47058333333333335,suppressed_1_9,suppressed_1_9,nonmetro_nonadjacent,Q2,Constrained Bayesian posterior estimate; not an observed or recovered true suppressed count.
38095,Towner County,38,North Dakota,1.04175,1.0,1.0,2.0,8.279685264663806,7.947862025115244,7.947862025115244,15.895724050230488,1.0,suppressed_1_9,suppressed_1_9,nonmetro_nonadjacent,Q1_lowest,Constrained Bayesian posterior estimate; not an observed or recovered true suppressed count.
38097,Traill County,38,North Dakota,1.0835277777777779,1.0,1.0,2.0,2.2642839065006966,2.0897331410778843,2.0897331410778843,4.179466282155769,0.07922222222222222,suppressed_1_9,suppressed_1_9,nonmetro_adjacent,Q1_lowest,Constrained Bayesian posterior estimate; not an observed or recovered true suppressed count.
38099,Walsh County,38,North Dakota,1.2245555555555556,1.0,1.0,3.0,1.9591635024247342,1.5998976065531807,1.5998976065531807,4.799692819659541,0.19658333333333333,suppressed_1_9,suppressed_1_9,nonmetro_adjacent,Q2,Constrained Bayesian posterior estimate; not an observed or recovered true suppressed count.
38101,Ward County,38,North Dakota,7.833027777777778,8.0,6.0,9.0,1.906741554495853,1.9473864856246363,1.4605398642184773,2.190809796327716,0.0,suppressed_1_9,suppressed_1_9,metro_other,Q2,Constrained Bayesian posterior estimate; not an observed or recovered true suppressed count.
38103,Wells County,38,North Dakota,0.0,0.0,0.0,0.0,0.0,0.0,0.0,0.0,0.0,zero,zero,nonmetro_nonadjacent,Q1_lowest,Constrained Bayesian posterior estimate; not an observed or recovered true suppressed count.
38105,Williams County,38,North Dakota,7.947666666666667,8.0,6.0,9.0,3.4145621919189315,3.437046202493577,2.5777846518701826,3.866676977805274,0.9251388888888888,suppressed_1_9,suppressed_1_9,nonmetro_nonadjacent,Q3,Constrained Bayesian posterior estimate; not an observed or recovered true suppressed count.
39001,Adams County,39,Ohio,4.720583333333333,5.0,3.0,8.0,2.8543340810925755,3.0232853437173106,1.8139712062303865,4.837256549947697,0.5058333333333334,suppressed_1_9,suppressed_1_9,nonmetro_adjacent,Q3,Constrained Bayesian posterior estimate; not an observed or recovered true suppressed count.
39003,Allen County,39,Ohio,20.0,20.0,20.0,20.0,3.2850431983180575,3.2850431983180575,3.2850431983180575,3.2850431983180575,1.0,exact,exact,metro_other,Q3,Constrained Bayesian posterior estimate; not an observed or recovered true suppressed count.
39005,Ashland County,39,Ohio,6.2075555555555555,6.0,3.0,9.0,1.9647085343565518,1.8990166258905594,0.9495083129452797,2.8485249388358396,0.0,suppressed_1_9,suppressed_1_9,nonmetro_adjacent,Q2,Constrained Bayesian posterior estimate; not an observed or recovered true suppressed count.
39007,Ashtabula County,39,Ohio,23.0,23.0,23.0,23.0,3.9528680635758686,3.9528680635758677,3.9528680635758677,3.9528680635758677,1.0,exact,exact,metro_large,Q4_highest,Constrained Bayesian posterior estimate; not an observed or recovered true suppressed count.
39009,Athens County,39,Ohio,7.602944444444445,8.0,5.0,9.0,2.0126015359849974,2.1177074757721033,1.3235671723575644,2.382420910243616,0.0,suppressed_1_9,suppressed_1_9,nonmetro_adjacent,Q3,Constrained Bayesian posterior estimate; not an observed or recovered true suppressed count.
39011,Auglaize County,39,Ohio,5.600555555555555,5.0,3.0,9.0,2.033629834586272,1.8155608085781616,1.089336485146897,3.268009455440691,0.04858333333333333,suppressed_1_9,suppressed_1_9,nonmetro_adjacent,Q1_lowest,Constrained Bayesian posterior estimate; not an observed or recovered true suppressed count.
39013,Belmont County,39,Ohio,10.0,10.0,10.0,10.0,2.5386767401359718,2.5386767401359718,2.5386767401359718,2.5386767401359718,0.0,exact,exact,metro_other,Q2,Constrained Bayesian posterior estimate; not an observed or recovered true suppressed count.
39015,Brown County,39,Ohio,6.540333333333334,6.0,4.0,9.0,2.4938641612362424,2.2878321646324027,1.5252214430882682,3.4317482469486036,0.2733055555555556,suppressed_1_9,suppressed_1_9,metro_large,Q2,Constrained Bayesian posterior estimate; not an observed or recovered true suppressed count.
39017,Butler County,39,Ohio,56.0,56.0,56.0,56.0,2.393140916256734,2.3931409162567343,2.3931409162567343,2.3931409162567343,0.0,exact,exact,metro_large,Q2,Constrained Bayesian posterior estimate; not an observed or recovered true suppressed count.
39019,Carroll County,39,Ohio,4.250694444444444,4.0,3.0,7.0,2.6504058788522467,2.494092119292426,1.8705690894693197,4.364661208761746,0.3541111111111111,suppressed_1_9,suppressed_1_9,metro_other,Q2,Constrained Bayesian posterior estimate; not an observed or recovered true suppressed count.
39021,Champaign County,39,Ohio,6.474916666666667,6.0,4.0,9.0,2.778874559201162,2.5750520375099244,1.7167013583399497,3.862578056264887,0.47758333333333336,suppressed_1_9,suppressed_1_9,nonmetro_adjacent,Q1_lowest,Constrained Bayesian posterior estimate; not an observed or recovered true suppressed count.
39023,Clark County,39,Ohio,45.0,45.0,45.0,45.0,5.571134097197718,5.57113409719772,5.57113409719772,5.57113409719772,1.0,exact,exact,metro_other,Q3,Constrained Bayesian posterior estimate; not an observed or recovered true suppressed count.
39025,Clermont County,39,Ohio,34.0,34.0,34.0,34.0,2.697515667409012,2.697515667409012,2.697515667409012,2.697515667409012,0.0,exact,exact,metro_large,Q1_lowest,Constrained Bayesian posterior estimate; not an observed or recovered true suppressed count.
39027,Clinton County,39,Ohio,6.726388888888889,7.0,4.0,9.0,2.671173520490874,2.779829556736321,1.588474032420755,3.5740665729466987,0.32230555555555557,suppressed_1_9,suppressed_1_9,nonmetro_adjacent,Q2,Constrained Bayesian posterior estimate; not an observed or recovered true suppressed count.
39029,Columbiana County,39,Ohio,15.0,15.0,15.0,15.0,2.480048013729546,2.480048013729546,2.480048013729546,2.480048013729546,0.0,exact,exact,nonmetro_adjacent,Q2,Constrained Bayesian posterior estimate; not an observed or recovered true suppressed count.
39031,Coshocton County,39,Ohio,6.737388888888889,7.0,4.0,9.0,3.0609190354317795,3.18022806778429,1.8172731815910228,4.088864658579801,0.5569722222222222,suppressed_1_9,suppressed_1_9,nonmetro_nonadjacent,Q3,Constrained Bayesian posterior estimate; not an observed or recovered true suppressed count.
39033,Crawford County,39,Ohio,7.829861111111111,8.0,5.0,9.0,3.1412047159470573,3.2094614924798304,2.005913432799894,3.610644179039809,0.6496944444444445,suppressed_1_9,suppressed_1_9,nonmetro_adjacent,Q2,Constrained Bayesian posterior estimate; not an observed or recovered true suppressed count.
39035,Cuyahoga County,39,Ohio,215.0,215.0,215.0,215.0,2.89676794800369,2.896767948003689,2.896767948003689,2.896767948003689,0.0,exact,exact,metro_large,Q3,Constrained Bayesian posterior estimate; not an observed or recovered true suppressed count.
39037,Darke County,39,Ohio,16.0,16.0,16.0,16.0,5.189396765059792,5.189396765059791,5.189396765059791,5.189396765059791,1.0,exact,exact,nonmetro_adjacent,Q1_lowest,Constrained Bayesian posterior estimate; not an observed or recovered true suppressed count.
39039,Defiance County,39,Ohio,6.454416666666667,6.0,4.0,9.0,2.8166161186387675,2.618315114223997,1.7455434094826645,3.927472671335995,0.47547222222222224,suppressed_1_9,suppressed_1_9,nonmetro_adjacent,Q2,Constrained Bayesian posterior estimate; not an observed or recovered true suppressed count.
39041,Delaware County,39,Ohio,22.0,22.0,22.0,22.0,1.6425645210543178,1.6425645210543176,1.6425645210543176,1.6425645210543176,0.0,exact,exact,metro_large,Q1_lowest,Constrained Bayesian posterior estimate; not an observed or recovered true suppressed count.
39043,Erie County,39,Ohio,8.549666666666667,9.0,7.0,9.0,1.920349914123695,2.021499773142803,1.5722776013332915,2.021499773142803,0.0,suppressed_1_9,suppressed_1_9,metro_other,Q2,Constrained Bayesian posterior estimate; not an observed or recovered true suppressed count.
39045,Fairfield County,39,Ohio,33.0,33.0,33.0,33.0,3.3868142086092807,3.386814208609282,3.386814208609282,3.386814208609282,1.0,exact,exact,metro_large,Q1_lowest,Constrained Bayesian posterior estimate; not an observed or recovered true suppressed count.
39047,Fayette County,39,Ohio,10.0,10.0,10.0,10.0,5.798849508257562,5.798849508257562,5.798849508257562,5.798849508257562,1.0,exact,exact,nonmetro_adjacent,Q2,Constrained Bayesian posterior estimate; not an observed or recovered true suppressed count.
39049,Franklin County,39,Ohio,218.0,218.0,218.0,218.0,2.7362940537066742,2.7362940537066742,2.7362940537066742,2.7362940537066742,0.0,exact,exact,metro_large,Q3,Constrained Bayesian posterior estimate; not an observed or recovered true suppressed count.
39051,Fulton County,39,Ohio,6.540416666666666,7.0,4.0,9.0,2.5885110149825925,2.7704010353384443,1.5830863059076825,3.561944188292285,0.2732777777777778,suppressed_1_9,suppressed_1_9,metro_other,Q1_lowest,Constrained Bayesian posterior estimate; not an observed or recovered true suppressed count.
39053,Gallia County,39,Ohio,5.190527777777778,5.0,3.0,9.0,2.952552234825071,2.8441734263188434,1.706504055791306,5.119512167373918,0.37925,suppressed_1_9,suppressed_1_9,nonmetro_adjacent,Q3,Constrained Bayesian posterior estimate; not an observed or recovered true suppressed count.
39055,Geauga County,39,Ohio,7.051555555555556,7.0,4.0,9.0,1.239892804679177,1.2308276612691942,0.7033300921538254,1.5824927073461068,0.0,suppressed_1_9,suppressed_1_9,metro_large,Q1_lowest,Constrained Bayesian posterior estimate; not an observed or recovered true suppressed count.
39057,Greene County,39,Ohio,27.0,27.0,27.0,27.0,2.652350522856877,2.6523505228568762,2.6523505228568762,2.6523505228568762,0.0,exact,exact,metro_other,Q1_lowest,Constrained Bayesian posterior estimate; not an observed or recovered true suppressed count.
39059,Guernsey County,39,Ohio,6.9095555555555555,7.0,4.0,9.0,2.999629062047935,3.038893495465537,1.7365105688374496,3.907148779884262,0.6071666666666666,suppressed_1_9,suppressed_1_9,nonmetro_adjacent,Q3,Constrained Bayesian posterior estimate; not an observed or recovered true suppressed count.
39061,Hamilton County,39,Ohio,133.0,133.0,133.0,133.0,2.686298323325694,2.686298323325694,2.686298323325694,2.686298323325694,0.0,exact,exact,metro_large,Q3,Constrained Bayesian posterior estimate; not an observed or recovered true suppressed count.
39063,Hancock County,39,Ohio,16.0,16.0,16.0,16.0,3.552184926747287,3.552184926747286,3.552184926747286,3.552184926747286,1.0,exact,exact,nonmetro_adjacent,Q1_lowest,Constrained Bayesian posterior estimate; not an observed or recovered true suppressed count.
39065,Hardin County,39,Ohio,3.2604166666666665,3.0,2.0,6.0,1.7658140210823527,1.624774562529449,1.0831830416862993,3.249549125058898,0.05486111111111111,suppressed_1_9,suppressed_1_9,nonmetro_adjacent,Q3,Constrained Bayesian posterior estimate; not an observed or recovered true suppressed count.
39067,Harrison County,39,Ohio,2.801361111111111,3.0,2.0,5.0,3.2158892332810365,3.4439214785902883,2.2959476523935254,5.739869130983814,0.5245,suppressed_1_9,suppressed_1_9,nonmetro_adjacent,Q3,Constrained Bayesian posterior estimate; not an observed or recovered true suppressed count.
39069,Henry County,39,Ohio,5.929444444444444,6.0,4.0,9.0,3.615162206397208,3.6581796897863623,2.438786459857575,5.487269534679544,0.8423055555555555,suppressed_1_9,suppressed_1_9,nonmetro_adjacent,Q1_lowest,Constrained Bayesian posterior estimate; not an observed or recovered true suppressed count.
39071,Highland County,39,Ohio,4.15975,4.0,2.0,8.0,1.5961651362769513,1.5348664090649211,0.7674332045324606,3.0697328181298422,0.033805555555555554,suppressed_1_9,suppressed_1_9,nonmetro_adjacent,Q2,Constrained Bayesian posterior estimate; not an observed or recovered true suppressed count.
39073,Hocking County,39,Ohio,4.376694444444444,4.0,3.0,7.0,2.6163414360362043,2.391157499566603,1.793368124674952,4.184525624241555,0.3938611111111111,suppressed_1_9,suppressed_1_9,metro_large,Q2,Constrained Bayesian posterior estimate; not an observed or recovered true suppressed count.
39075,Holmes County,39,Ohio,7.681972222222222,8.0,5.0,9.0,2.8914487867773597,3.011152556280323,1.881970347675202,3.387546625815364,0.5940833333333333,suppressed_1_9,suppressed_1_9,nonmetro_nonadjacent,Q2,Constrained Bayesian posterior estimate; not an observed or recovered true suppressed count.
39077,Huron County,39,Ohio,7.561055555555556,8.0,5.0,9.0,2.1652693338017093,2.290970426435508,1.4318565165221924,2.577341729739946,0.0,suppressed_1_9,suppressed_1_9,nonmetro_adjacent,Q2,Constrained Bayesian posterior estimate; not an observed or recovered true suppressed count.
39079,Jackson County,39,Ohio,1.7038888888888888,1.0,1.0,4.0,0.8723040202777266,0.5119488870231196,0.5119488870231196,2.0477955480924783,0.0023055555555555555,suppressed_1_9,suppressed_1_9,nonmetro_nonadjacent,Q3,Constrained Bayesian posterior estimate; not an observed or recovered true suppressed count.
39081,Jefferson County,39,Ohio,12.0,12.0,12.0,12.0,3.0983013562814183,3.098301356281419,3.098301356281419,3.098301356281419,1.0,exact,exact,metro_other,Q2,Constrained Bayesian posterior estimate; not an observed or recovered true suppressed count.
39083,Knox County,39,Ohio,13.0,13.0,13.0,13.0,3.4392171283595188,3.4392171283595196,3.4392171283595196,3.4392171283595196,1.0,exact,exact,nonmetro_adjacent,Q2,Constrained Bayesian posterior estimate; not an observed or recovered true suppressed count.
39085,Lake County,39,Ohio,41.0,41.0,41.0,41.0,2.9547782006553835,2.9547782006553844,2.9547782006553844,2.9547782006553844,1.0,exact,exact,metro_large,Q1_lowest,Constrained Bayesian posterior estimate; not an observed or recovered true suppressed count.
39087,Lawrence County,39,Ohio,7.208222222222222,7.0,4.0,9.0,2.09177107949304,2.031346579647648,1.1607694740843706,2.6117313166898337,0.0,suppressed_1_9,suppressed_1_9,metro_other,Q2,Constrained Bayesian posterior estimate; not an observed or recovered true suppressed count.
39089,Licking County,39,Ohio,20.0,20.0,20.0,20.0,1.843622127521499,1.843622127521499,1.843622127521499,1.843622127521499,0.0,exact,exact,metro_large,Q1_lowest,Constrained Bayesian posterior estimate; not an observed or recovered true suppressed count.
39091,Logan County,39,Ohio,10.0,10.0,10.0,10.0,3.633522882110349,3.6335228821103502,3.6335228821103502,3.6335228821103502,1.0,exact,exact,nonmetro_adjacent,Q1_lowest,Constrained Bayesian posterior estimate; not an observed or recovered true suppressed count.
39093,Lorain County,39,Ohio,35.0,35.0,35.0,35.0,1.848128215743095,1.8481282157430952,1.8481282157430952,1.8481282157430952,0.0,exact,exact,metro_large,Q2,Constrained Bayesian posterior estimate; not an observed or recovered true suppressed count.
39095,Lucas County,39,Ohio,113.0,113.0,113.0,113.0,4.406744893538112,4.406744893538113,4.406744893538113,4.406744893538113,1.0,exact,exact,metro_other,Q3,Constrained Bayesian posterior estimate; not an observed or recovered true suppressed count.
39097,Madison County,39,Ohio,6.036361111111111,6.0,4.0,9.0,2.257858122196496,2.2442575061062504,1.4961716707375003,3.366386259159376,0.16191666666666665,suppressed_1_9,suppressed_1_9,metro_large,Q1_lowest,Constrained Bayesian posterior estimate; not an observed or recovered true suppressed count.
39099,Mahoning County,39,Ohio,40.0,40.0,40.0,40.0,2.944341637848922,2.944341637848923,2.944341637848923,2.944341637848923,1.0,exact,exact,metro_other,Q3,Constrained Bayesian posterior estimate; not an observed or recovered true suppressed count.
39101,Marion County,39,Ohio,11.0,11.0,11.0,11.0,2.8228796965660954,2.822879696566095,2.822879696566095,2.822879696566095,0.0,exact,exact,nonmetro_adjacent,Q3,Constrained Bayesian posterior estimate; not an observed or recovered true suppressed count.
39103,Medina County,39,Ohio,16.0,16.0,16.0,16.0,1.45994859156022,1.4599485915602197,1.4599485915602197,1.4599485915602197,0.0,exact,exact,metro_large,Q1_lowest,Constrained Bayesian posterior estimate; not an observed or recovered true suppressed count.
39105,Meigs County,39,Ohio,4.419083333333333,4.0,3.0,7.0,3.326095192218433,3.010665281760637,2.2579989613204776,5.268664243081115,0.7338055555555556,suppressed_1_9,suppressed_1_9,nonmetro_adjacent,Q3,Constrained Bayesian posterior estimate; not an observed or recovered true suppressed count.
39107,Mercer County,39,Ohio,6.496833333333333,6.0,4.0,9.0,2.57616611813844,2.3791585709187517,1.5861057139458345,3.5687378563781276,0.261,suppressed_1_9,suppressed_1_9,nonmetro_nonadjacent,Q1_lowest,Constrained Bayesian posterior estimate; not an observed or recovered true suppressed count.
39109,Miami County,39,Ohio,19.0,19.0,19.0,19.0,2.892637476402169,2.892637476402168,2.892637476402168,2.892637476402168,0.0,exact,exact,metro_other,Q1_lowest,Constrained Bayesian posterior estimate; not an observed or recovered true suppressed count.
39111,Monroe County,39,Ohio,1.3461666666666667,1.0,1.0,3.0,1.682561109236275,1.2498906345694751,1.2498906345694751,3.7496719037084256,0.059361111111111114,suppressed_1_9,suppressed_1_9,nonmetro_adjacent,Q2,Constrained Bayesian posterior estimate; not an observed or recovered true suppressed count.
39113,Montgomery County,39,Ohio,148.0,148.0,148.0,148.0,4.618839622653285,4.618839622653286,4.618839622653286,4.618839622653286,1.0,exact,exact,metro_other,Q3,Constrained Bayesian posterior estimate; not an observed or recovered true suppressed count.
39115,Morgan County,39,Ohio,4.028583333333334,4.0,3.0,7.0,4.833855285313751,4.799558440623462,3.599668830467597,8.399227271091059,1.0,suppressed_1_9,suppressed_1_9,nonmetro_adjacent,Q3,Constrained Bayesian posterior estimate; not an observed or recovered true suppressed count.
39117,Morrow County,39,Ohio,1.55025,1.0,1.0,4.0,0.7286687254113966,0.47003304332294565,0.47003304332294565,1.8801321732917826,5.555555555555556e-05,suppressed_1_9,suppressed_1_9,metro_large,Q1_lowest,Constrained Bayesian posterior estimate; not an observed or recovered true suppressed count.
39119,Muskingum County,39,Ohio,16.0,16.0,16.0,16.0,3.090933326636311,3.0909333266363115,3.0909333266363115,3.0909333266363115,1.0,exact,exact,nonmetro_adjacent,Q3,Constrained Bayesian posterior estimate; not an observed or recovered true suppressed count.
39121,Noble County,39,Ohio,0.0,0.0,0.0,0.0,0.0,0.0,0.0,0.0,0.0,zero,zero,nonmetro_nonadjacent,Q3,Constrained Bayesian posterior estimate; not an observed or recovered true suppressed count.
39123,Ottawa County,39,Ohio,8.187444444444445,8.0,6.0,9.0,3.4063965569447046,3.328410060119406,2.496307545089555,3.744461317634333,0.7835277777777778,suppressed_1_9,suppressed_1_9,metro_other,Q1_lowest,Constrained Bayesian posterior estimate; not an observed or recovered true suppressed count.
39125,Paulding County,39,Ohio,3.9972222222222222,4.0,3.0,6.0,3.555962798550136,3.558433933225987,2.6688254499194906,5.337650899838981,0.6120555555555556,suppressed_1_9,suppressed_1_9,nonmetro_adjacent,Q1_lowest,Constrained Bayesian posterior estimate; not an observed or recovered true suppressed count.
39127,Perry County,39,Ohio,6.128972222222222,6.0,4.0,9.0,2.857036677926843,2.796915934030076,1.8646106226867174,4.195373901045114,0.37577777777777777,suppressed_1_9,suppressed_1_9,metro_large,Q2,Constrained Bayesian posterior estimate; not an observed or recovered true suppressed count.
39129,Pickaway County,39,Ohio,11.0,11.0,11.0,11.0,3.0579764535813068,3.0579764535813077,3.0579764535813077,3.0579764535813077,1.0,exact,exact,metro_large,Q2,Constrained Bayesian posterior estimate; not an observed or recovered true suppressed count.
39131,Pike County,39,Ohio,4.797361111111111,5.0,3.0,8.0,2.931888448184658,3.055730411240199,1.8334382467441193,4.889168657984318,0.5245833333333333,suppressed_1_9,suppressed_1_9,nonmetro_nonadjacent,Q3,Constrained Bayesian posterior estimate; not an observed or recovered true suppressed count.
39133,Portage County,39,Ohio,21.0,21.0,21.0,21.0,2.152345031157757,2.1523450311577568,2.1523450311577568,2.1523450311577568,0.0,exact,exact,metro_other,Q2,Constrained Bayesian posterior estimate; not an observed or recovered true suppressed count.
39135,Preble County,39,Ohio,19.0,19.0,19.0,19.0,7.769753576131319,7.7697535761313175,7.7697535761313175,7.7697535761313175,1.0,exact,exact,nonmetro_adjacent,Q1_lowest,Constrained Bayesian posterior estimate; not an observed or recovered true suppressed count.
39137,Putnam County,39,Ohio,5.025611111111111,5.0,3.0,8.0,2.4566466139604204,2.444127251041198,1.466476350624719,3.910603601665917,0.33658333333333335,suppressed_1_9,suppressed_1_9,nonmetro_adjacent,Q1_lowest,Constrained Bayesian posterior estimate; not an observed or recovered true suppressed count.
39139,Richland County,39,Ohio,11.0,11.0,11.0,11.0,1.4815293692994795,1.481529369299479,1.481529369299479,1.481529369299479,0.0,exact,exact,metro_other,Q3,Constrained Bayesian posterior estimate; not an observed or recovered true suppressed count.
39141,Ross County,39,Ohio,15.0,15.0,15.0,15.0,3.267048548341428,3.267048548341428,3.267048548341428,3.267048548341428,1.0,exact,exact,nonmetro_adjacent,Q3,Constrained Bayesian posterior estimate; not an observed or recovered true suppressed count.
39143,Sandusky County,39,Ohio,21.0,21.0,21.0,21.0,5.968859606737423,5.968859606737421,5.968859606737421,5.968859606737421,1.0,exact,exact,nonmetro_adjacent,Q2,Constrained Bayesian posterior estimate; not an observed or recovered true suppressed count.
39145,Scioto County,39,Ohio,27.0,27.0,27.0,27.0,6.150790034808916,6.1507900348089155,6.1507900348089155,6.1507900348089155,1.0,exact,exact,nonmetro_adjacent,Q3,Constrained Bayesian posterior estimate; not an observed or recovered true suppressed count.
39147,Seneca County,39,Ohio,7.034888888888889,7.0,4.0,9.0,2.138842692670324,2.128235297694513,1.2161344558254361,2.7363025256072313,0.0,suppressed_1_9,suppressed_1_9,nonmetro_adjacent,Q1_lowest,Constrained Bayesian posterior estimate; not an observed or recovered true suppressed count.
39149,Shelby County,39,Ohio,12.0,12.0,12.0,12.0,4.162446408502491,4.162446408502491,4.162446408502491,4.162446408502491,1.0,exact,exact,nonmetro_adjacent,Q1_lowest,Constrained Bayesian posterior estimate; not an observed or recovered true suppressed count.
39151,Stark County,39,Ohio,53.0,53.0,53.0,53.0,2.3727702674873177,2.372770267487317,2.372770267487317,2.372770267487317,0.0,exact,exact,metro_other,Q2,Constrained Bayesian posterior estimate; not an observed or recovered true suppressed count.
39153,Summit County,39,Ohio,86.0,86.0,86.0,86.0,2.6646035612116763,2.664603561211676,2.664603561211676,2.664603561211676,0.0,exact,exact,metro_other,Q2,Constrained Bayesian posterior estimate; not an observed or recovered true suppressed count.
39155,Trumbull County,39,Ohio,34.0,34.0,34.0,34.0,2.8394262688686136,2.8394262688686136,2.8394262688686136,2.8394262688686136,0.0,exact,exact,metro_other,Q3,Constrained Bayesian posterior estimate; not an observed or recovered true suppressed count.
39157,Tuscarawas County,39,Ohio,12.0,12.0,12.0,12.0,2.1734326833562148,2.1734326833562148,2.1734326833562148,2.1734326833562148,0.0,exact,exact,nonmetro_adjacent,Q2,Constrained Bayesian posterior estimate; not an observed or recovered true suppressed count.
39159,Union County,39,Ohio,10.0,10.0,10.0,10.0,2.549485513823311,2.549485513823311,2.549485513823311,2.549485513823311,0.0,exact,exact,metro_large,Q1_lowest,Constrained Bayesian posterior estimate; not an observed or recovered true suppressed count.
39161,Van Wert County,39,Ohio,3.23475,3.0,2.0,6.0,1.885865699660693,1.749005981600457,1.1660039877336381,3.498011963200914,0.04913888888888889,suppressed_1_9,suppressed_1_9,nonmetro_adjacent,Q1_lowest,Constrained Bayesian posterior estimate; not an observed or recovered true suppressed count.
39163,Vinton County,39,Ohio,2.549138888888889,2.0,2.0,4.0,3.3393228563984563,2.619961486566148,2.619961486566148,5.239922973132296,0.409,suppressed_1_9,suppressed_1_9,nonmetro_adjacent,Q2,Constrained Bayesian posterior estimate; not an observed or recovered true suppressed count.
39165,Warren County,39,Ohio,42.0,42.0,42.0,42.0,2.8425395519074788,2.842539551907479,2.842539551907479,2.842539551907479,0.0,exact,exact,metro_large,Q1_lowest,Constrained Bayesian posterior estimate; not an observed or recovered true suppressed count.
39167,Washington County,39,Ohio,12.0,12.0,12.0,12.0,3.3822252787517333,3.3822252787517333,3.3822252787517333,3.3822252787517333,1.0,exact,exact,nonmetro_adjacent,Q2,Constrained Bayesian posterior estimate; not an observed or recovered true suppressed count.
39169,Wayne County,39,Ohio,13.0,13.0,13.0,13.0,1.8629579473069517,1.8629579473069509,1.8629579473069509,1.8629579473069509,0.0,exact,exact,nonmetro_adjacent,Q2,Constrained Bayesian posterior estimate; not an observed or recovered true suppressed count.
39171,Williams County,39,Ohio,12.0,12.0,12.0,12.0,5.460253901806435,5.460253901806434,5.460253901806434,5.460253901806434,1.0,exact,exact,nonmetro_nonadjacent,Q1_lowest,Constrained Bayesian posterior estimate; not an observed or recovered true suppressed count.
39173,Wood County,39,Ohio,21.0,21.0,21.0,21.0,2.652449537147556,2.652449537147556,2.652449537147556,2.652449537147556,0.0,exact,exact,metro_other,Q1_lowest,Constrained Bayesian posterior estimate; not an observed or recovered true suppressed count.
39175,Wyandot County,39,Ohio,4.097166666666666,4.0,3.0,7.0,3.1611745069143873,3.0862054332646656,2.314654074948499,5.4008595082131645,0.6457777777777778,suppressed_1_9,suppressed_1_9,nonmetro_nonadjacent,Q1_lowest,Constrained Bayesian posterior estimate; not an observed or recovered true suppressed count.
40001,Adair County,40,Oklahoma,5.013333333333334,5.0,3.0,8.0,4.089612547279348,4.078735918164242,2.4472415508985454,6.525977469062789,0.8454722222222222,suppressed_1_9,suppressed_1_9,nonmetro_adjacent,Q4_highest,Constrained Bayesian posterior estimate; not an observed or recovered true suppressed count.
40003,Alfalfa County,40,Oklahoma,0.0,0.0,0.0,0.0,0.0,0.0,0.0,0.0,0.0,zero,zero,nonmetro_adjacent,Q2,Constrained Bayesian posterior estimate; not an observed or recovered true suppressed count.
40005,Atoka County,40,Oklahoma,4.256138888888889,4.0,3.0,7.0,4.984878238588081,4.684883053606774,3.5136622902050805,8.198545343811855,1.0,suppressed_1_9,suppressed_1_9,nonmetro_nonadjacent,Q4_highest,Constrained Bayesian posterior estimate; not an observed or recovered true suppressed count.
40007,Beaver County,40,Oklahoma,0.0,0.0,0.0,0.0,0.0,0.0,0.0,0.0,0.0,zero,zero,nonmetro_nonadjacent,Q2,Constrained Bayesian posterior estimate; not an observed or recovered true suppressed count.
40009,Beckham County,40,Oklahoma,10.0,10.0,10.0,10.0,7.594629078315818,7.5946290783158155,7.5946290783158155,7.5946290783158155,1.0,exact,exact,nonmetro_nonadjacent,Q4_highest,Constrained Bayesian posterior estimate; not an observed or recovered true suppressed count.
40011,Blaine County,40,Oklahoma,3.7888055555555558,4.0,3.0,6.0,7.154224127259871,7.553012707943881,5.664759530957911,11.329519061915821,1.0,suppressed_1_9,suppressed_1_9,nonmetro_adjacent,Q4_highest,Constrained Bayesian posterior estimate; not an observed or recovered true suppressed count.
40013,Bryan County,40,Oklahoma,19.0,19.0,19.0,19.0,6.516847766436173,6.516847766436175,6.516847766436175,6.516847766436175,1.0,exact,exact,nonmetro_adjacent,Q4_highest,Constrained Bayesian posterior estimate; not an observed or recovered true suppressed count.
40015,Caddo County,40,Oklahoma,11.0,11.0,11.0,11.0,6.766607407589674,6.766607407589673,6.766607407589673,6.766607407589673,1.0,exact,exact,nonmetro_adjacent,Q4_highest,Constrained Bayesian posterior estimate; not an observed or recovered true suppressed count.
40017,Canadian County,40,Oklahoma,19.0,19.0,19.0,19.0,1.919244262217252,1.9192442622172525,1.9192442622172525,1.9192442622172525,0.0,exact,exact,metro_large,Q2,Constrained Bayesian posterior estimate; not an observed or recovered true suppressed count.
40019,Carter County,40,Oklahoma,13.0,13.0,13.0,13.0,4.4674153596613015,4.4674153596613015,4.4674153596613015,4.4674153596613015,1.0,exact,exact,nonmetro_nonadjacent,Q4_highest,Constrained Bayesian posterior estimate; not an observed or recovered true suppressed count.
40021,Cherokee County,40,Oklahoma,7.91725,8.0,5.0,9.0,2.72712398601519,2.755627508051599,1.7222671925322497,3.100080946558049,0.39611111111111114,suppressed_1_9,suppressed_1_9,nonmetro_adjacent,Q4_highest,Constrained Bayesian posterior estimate; not an observed or recovered true suppressed count.
40023,Choctaw County,40,Oklahoma,4.622222222222222,4.0,3.0,8.0,5.347751694633095,4.6278620434324855,3.4708965325743635,9.255724086864971,1.0,suppressed_1_9,suppressed_1_9,nonmetro_nonadjacent,Q4_highest,Constrained Bayesian posterior estimate; not an observed or recovered true suppressed count.
40025,Cimarron County,40,Oklahoma,0.0,0.0,0.0,0.0,0.0,0.0,0.0,0.0,0.0,zero,zero,nonmetro_nonadjacent,Q2,Constrained Bayesian posterior estimate; not an observed or recovered true suppressed count.
40027,Cleveland County,40,Oklahoma,43.0,43.0,43.0,43.0,2.424708569765914,2.424708569765914,2.424708569765914,2.424708569765914,0.0,exact,exact,metro_large,Q3,Constrained Bayesian posterior estimate; not an observed or recovered true suppressed count.
40029,Coal County,40,Oklahoma,2.345361111111111,2.0,2.0,4.0,7.249732963775805,6.182189113164972,6.182189113164972,12.364378226329944,1.0,suppressed_1_9,suppressed_1_9,nonmetro_nonadjacent,Q4_highest,Constrained Bayesian posterior estimate; not an observed or recovered true suppressed count.
40031,Comanche County,40,Oklahoma,26.0,26.0,26.0,26.0,3.562000035620001,3.56200003562,3.56200003562,3.56200003562,1.0,exact,exact,metro_other,Q4_highest,Constrained Bayesian posterior estimate; not an observed or recovered true suppressed count.
40033,Cotton County,40,Oklahoma,3.390111111111111,3.0,3.0,5.0,10.202266427250628,9.028258448945198,9.028258448945198,15.047097414908663,1.0,suppressed_1_9,suppressed_1_9,metro_other,Q2,Constrained Bayesian posterior estimate; not an observed or recovered true suppressed count.
40035,Craig County,40,Oklahoma,4.387583333333334,4.0,3.0,7.0,5.127238803063236,4.674316965433426,3.5057377240750696,8.180054689508497,1.0,suppressed_1_9,suppressed_1_9,nonmetro_adjacent,Q4_highest,Constrained Bayesian posterior estimate; not an observed or recovered true suppressed count.
40037,Creek County,40,Oklahoma,13.0,13.0,13.0,13.0,2.988244705060247,2.9882447050602474,2.9882447050602474,2.9882447050602474,1.0,exact,exact,metro_large,Q3,Constrained Bayesian posterior estimate; not an observed or recovered true suppressed count.
40039,Custer County,40,Oklahoma,6.933611111111111,7.0,4.0,9.0,4.07303627467874,4.11203534000658,2.3497344800037596,5.286902580008459,0.95575,suppressed_1_9,suppressed_1_9,nonmetro_nonadjacent,Q4_highest,Constrained Bayesian posterior estimate; not an observed or recovered true suppressed count.
40041,Delaware County,40,Oklahoma,17.0,17.0,17.0,17.0,6.745175215845607,6.745175215845607,6.745175215845607,6.745175215845607,1.0,exact,exact,nonmetro_adjacent,Q4_highest,Constrained Bayesian posterior estimate; not an observed or recovered true suppressed count.
40043,Dewey County,40,Oklahoma,2.221611111111111,2.0,2.0,3.0,8.204487447784588,7.3860698722209905,7.3860698722209905,11.079104808331486,1.0,suppressed_1_9,suppressed_1_9,nonmetro_nonadjacent,Q2,Constrained Bayesian posterior estimate; not an observed or recovered true suppressed count.
40045,Ellis County,40,Oklahoma,0.0,0.0,0.0,0.0,0.0,0.0,0.0,0.0,0.0,zero,zero,nonmetro_nonadjacent,Q3,Constrained Bayesian posterior estimate; not an observed or recovered true suppressed count.
40047,Garfield County,40,Oklahoma,30.0,30.0,30.0,30.0,8.112471302132771,8.112471302132768,8.112471302132768,8.112471302132768,1.0,exact,exact,metro_other,Q4_highest,Constrained Bayesian posterior estimate; not an observed or recovered true suppressed count.
40049,Garvin County,40,Oklahoma,10.0,10.0,10.0,10.0,6.291959504948625,6.291959504948626,6.291959504948626,6.291959504948626,1.0,exact,exact,nonmetro_adjacent,Q3,Constrained Bayesian posterior estimate; not an observed or recovered true suppressed count.
40051,Grady County,40,Oklahoma,12.0,12.0,12.0,12.0,3.5332151669149727,3.533215166914973,3.533215166914973,3.533215166914973,1.0,exact,exact,metro_large,Q2,Constrained Bayesian posterior estimate; not an observed or recovered true suppressed count.
40053,Grant County,40,Oklahoma,0.0,0.0,0.0,0.0,0.0,0.0,0.0,0.0,0.0,zero,zero,nonmetro_adjacent,Q1_lowest,Constrained Bayesian posterior estimate; not an observed or recovered true suppressed count.
40055,Greer County,40,Oklahoma,0.0,0.0,0.0,0.0,0.0,0.0,0.0,0.0,0.0,zero,zero,nonmetro_nonadjacent,Q3,Constrained Bayesian posterior estimate; not an observed or recovered true suppressed count.
40057,Harmon County,40,Oklahoma,0.0,0.0,0.0,0.0,0.0,0.0,0.0,0.0,0.0,zero,zero,nonmetro_nonadjacent,Q4_highest,Constrained Bayesian posterior estimate; not an observed or recovered true suppressed count.
40059,Harper County,40,Oklahoma,1.0751666666666666,1.0,1.0,2.0,5.373952449975842,4.9982506122857,4.9982506122857,9.9965012245714,1.0,suppressed_1_9,suppressed_1_9,nonmetro_nonadjacent,Q2,Constrained Bayesian posterior estimate; not an observed or recovered true suppressed count.
40061,Haskell County,40,Oklahoma,5.6363055555555555,5.0,4.0,9.0,7.810303548195881,6.928566479595371,5.542853183676297,12.47141966327167,1.0,suppressed_1_9,suppressed_1_9,nonmetro_adjacent,Q4_highest,Constrained Bayesian posterior estimate; not an observed or recovered true suppressed count.
40063,Hughes County,40,Oklahoma,5.438361111111111,5.0,4.0,8.0,6.795912615104356,6.248125562331301,4.99850044986504,9.99700089973008,1.0,suppressed_1_9,suppressed_1_9,nonmetro_nonadjacent,Q4_highest,Constrained Bayesian posterior estimate; not an observed or recovered true suppressed count.
40065,Jackson County,40,Oklahoma,4.982888888888889,5.0,3.0,8.0,3.381026265038804,3.392636621476747,2.0355819728860483,5.428218594362795,0.5789722222222222,suppressed_1_9,suppressed_1_9,nonmetro_nonadjacent,Q3,Constrained Bayesian posterior estimate; not an observed or recovered true suppressed count.
40067,Jefferson County,40,Oklahoma,1.2063055555555555,1.0,1.0,2.0,3.6010195992583514,2.9851637362309322,2.9851637362309322,5.9703274724618645,1.0,suppressed_1_9,suppressed_1_9,nonmetro_adjacent,Q4_highest,Constrained Bayesian posterior estimate; not an observed or recovered true suppressed count.
40069,Johnston County,40,Oklahoma,3.997638888888889,4.0,3.0,7.0,6.332893289328934,6.336633663366337,4.752475247524752,11.089108910891088,1.0,suppressed_1_9,suppressed_1_9,nonmetro_nonadjacent,Q4_highest,Constrained Bayesian posterior estimate; not an observed or recovered true suppressed count.
40071,Kay County,40,Oklahoma,13.0,13.0,13.0,13.0,4.975314784339241,4.97531478433924,4.97531478433924,4.97531478433924,1.0,exact,exact,nonmetro_adjacent,Q4_highest,Constrained Bayesian posterior estimate; not an observed or recovered true suppressed count.
40073,Kingfisher County,40,Oklahoma,2.791861111111111,3.0,2.0,5.0,2.9901371023692143,3.213057867172188,2.142038578114792,5.355096445286979,0.5268888888888889,suppressed_1_9,suppressed_1_9,nonmetro_adjacent,Q2,Constrained Bayesian posterior estimate; not an observed or recovered true suppressed count.
40075,Kiowa County,40,Oklahoma,5.079861111111111,5.0,4.0,8.0,9.98812621386797,9.831101673253505,7.864881338602804,15.729762677205608,1.0,suppressed_1_9,suppressed_1_9,nonmetro_adjacent,Q3,Constrained Bayesian posterior estimate; not an observed or recovered true suppressed count.
40077,Latimer County,40,Oklahoma,1.3449444444444445,1.0,1.0,3.0,2.3070560139363,1.7153541348611423,1.7153541348611423,5.146062404583426,0.2777777777777778,suppressed_1_9,suppressed_1_9,nonmetro_nonadjacent,Q4_highest,Constrained Bayesian posterior estimate; not an observed or recovered true suppressed count.
40079,Le Flore County,40,Oklahoma,17.0,17.0,17.0,17.0,5.731219300049559,5.731219300049558,5.731219300049558,5.731219300049558,1.0,exact,exact,nonmetro_adjacent,Q4_highest,Constrained Bayesian posterior estimate; not an observed or recovered true suppressed count.
40081,Lincoln County,40,Oklahoma,7.5681666666666665,8.0,5.0,9.0,3.647783888345311,3.8559234213608518,2.4099521383505325,4.337913849030959,0.7994722222222223,suppressed_1_9,suppressed_1_9,metro_large,Q2,Constrained Bayesian posterior estimate; not an observed or recovered true suppressed count.
40083,Logan County,40,Oklahoma,4.41825,4.0,2.0,8.0,1.4415406450349924,1.3050783862705755,0.6525391931352877,2.610156772541151,0.015666666666666666,suppressed_1_9,suppressed_1_9,metro_large,Q2,Constrained Bayesian posterior estimate; not an observed or recovered true suppressed count.
40085,Love County,40,Oklahoma,5.300194444444444,5.0,4.0,8.0,8.599186261996957,8.112142254526576,6.48971380362126,12.97942760724252,1.0,suppressed_1_9,suppressed_1_9,nonmetro_nonadjacent,Q4_highest,Constrained Bayesian posterior estimate; not an observed or recovered true suppressed count.
40087,McClain County,40,Oklahoma,3.9989444444444446,4.0,2.0,7.0,1.5025152900411212,1.5029118917903437,0.7514559458951718,2.630095810633102,0.024333333333333332,suppressed_1_9,suppressed_1_9,metro_large,Q2,Constrained Bayesian posterior estimate; not an observed or recovered true suppressed count.
40089,McCurtain County,40,Oklahoma,14.0,14.0,14.0,14.0,7.41195654475763,7.411956544757629,7.411956544757629,7.411956544757629,1.0,exact,exact,nonmetro_nonadjacent,Q4_highest,Constrained Bayesian posterior estimate; not an observed or recovered true suppressed count.
40091,McIntosh County,40,Oklahoma,7.6114444444444445,8.0,5.0,9.0,6.492190757799766,6.823609689525759,4.2647560559536,7.6765609007164795,1.0,suppressed_1_9,suppressed_1_9,nonmetro_adjacent,Q4_highest,Constrained Bayesian posterior estimate; not an observed or recovered true suppressed count.
40093,Major County,40,Oklahoma,2.388777777777778,2.0,2.0,4.0,5.2468322302270645,4.392901071867861,4.392901071867861,8.785802143735722,1.0,suppressed_1_9,suppressed_1_9,nonmetro_adjacent,Q2,Constrained Bayesian posterior estimate; not an observed or recovered true suppressed count.
40095,Marshall County,40,Oklahoma,1.5578611111111111,1.0,1.0,4.0,1.5955479537793802,1.024191400888998,1.024191400888998,4.096765603555992,0.11991666666666667,suppressed_1_9,suppressed_1_9,nonmetro_nonadjacent,Q4_highest,Constrained Bayesian posterior estimate; not an observed or recovered true suppressed count.
40097,Mayes County,40,Oklahoma,6.385027777777778,6.0,3.0,9.0,2.6490263896552664,2.4892856994685375,1.2446428497342688,3.7339285492028065,0.27505555555555555,suppressed_1_9,suppressed_1_9,nonmetro_adjacent,Q3,Constrained Bayesian posterior estimate; not an observed or recovered true suppressed count.
40099,Murray County,40,Oklahoma,2.8308055555555556,3.0,2.0,5.0,3.4136526005782946,3.617683235655886,2.411788823770591,6.029472059426477,0.5415555555555556,suppressed_1_9,suppressed_1_9,nonmetro_nonadjacent,Q3,Constrained Bayesian posterior estimate; not an observed or recovered true suppressed count.
40101,Muskogee County,40,Oklahoma,23.0,23.0,23.0,23.0,5.72800446286261,5.728004462862608,5.728004462862608,5.728004462862608,1.0,exact,exact,nonmetro_adjacent,Q4_highest,Constrained Bayesian posterior estimate; not an observed or recovered true suppressed count.
40103,Noble County,40,Oklahoma,3.868027777777778,4.0,3.0,6.0,5.878372331389764,6.078934970593152,4.559201227944865,9.11840245588973,1.0,suppressed_1_9,suppressed_1_9,nonmetro_adjacent,Q2,Constrained Bayesian posterior estimate; not an observed or recovered true suppressed count.
40105,Nowata County,40,Oklahoma,1.3044444444444445,1.0,1.0,3.0,2.251487727090537,1.7260127379740065,1.7260127379740065,5.178038213922019,0.25255555555555553,suppressed_1_9,suppressed_1_9,nonmetro_adjacent,Q3,Constrained Bayesian posterior estimate; not an observed or recovered true suppressed count.
40107,Okfuskee County,40,Oklahoma,6.559138888888889,6.0,5.0,9.0,9.540149359139074,8.726891917443602,7.272409931203002,13.090337876165405,1.0,suppressed_1_9,suppressed_1_9,nonmetro_adjacent,Q4_highest,Constrained Bayesian posterior estimate; not an observed or recovered true suppressed count.
40109,Oklahoma County,40,Oklahoma,175.0,175.0,175.0,175.0,3.62471558928037,3.62471558928037,3.62471558928037,3.62471558928037,1.0,exact,exact,metro_large,Q4_highest,Constrained Bayesian posterior estimate; not an observed or recovered true suppressed count.
40111,Okmulgee County,40,Oklahoma,7.950111111111111,8.0,6.0,9.0,3.5388718995736106,3.5610791850470287,2.6708093887852717,4.006214083177907,0.8914444444444445,suppressed_1_9,suppressed_1_9,metro_large,Q4_highest,Constrained Bayesian posterior estimate; not an observed or recovered true suppressed count.
40113,Osage County,40,Oklahoma,12.0,12.0,12.0,12.0,4.319016991732681,4.319016991732681,4.319016991732681,4.319016991732681,1.0,exact,exact,metro_large,Q3,Constrained Bayesian posterior estimate; not an observed or recovered true suppressed count.
40115,Ottawa County,40,Oklahoma,7.249916666666667,7.0,4.0,9.0,3.9536014542149513,3.8173142467620993,2.1813224267212,4.9079754601226995,0.8808888888888889,suppressed_1_9,suppressed_1_9,nonmetro_adjacent,Q4_highest,Constrained Bayesian posterior estimate; not an observed or recovered true suppressed count.
40117,Pawnee County,40,Oklahoma,3.9880555555555555,4.0,3.0,6.0,4.144295495745147,4.156707887353216,3.1175309155149127,6.235061831029825,1.0,suppressed_1_9,suppressed_1_9,metro_large,Q2,Constrained Bayesian posterior estimate; not an observed or recovered true suppressed count.
40119,Payne County,40,Oklahoma,14.0,14.0,14.0,14.0,2.823303547480907,2.8233035474809074,2.8233035474809074,2.8233035474809074,0.0,exact,exact,nonmetro_adjacent,Q3,Constrained Bayesian posterior estimate; not an observed or recovered true suppressed count.
40121,Pittsburg County,40,Oklahoma,7.75025,8.0,5.0,9.0,2.9642995108107395,3.059823371695869,1.912389607309918,3.4423012931578523,0.63475,suppressed_1_9,suppressed_1_9,nonmetro_nonadjacent,Q4_highest,Constrained Bayesian posterior estimate; not an observed or recovered true suppressed count.
40123,Pontotoc County,40,Oklahoma,15.0,15.0,15.0,15.0,6.530512732322991,6.530512732322991,6.530512732322991,6.530512732322991,1.0,exact,exact,nonmetro_nonadjacent,Q3,Constrained Bayesian posterior estimate; not an observed or recovered true suppressed count.
40125,Pottawatomie County,40,Oklahoma,22.0,22.0,22.0,22.0,4.995696888362071,4.99569688836207,4.99569688836207,4.99569688836207,1.0,exact,exact,nonmetro_adjacent,Q3,Constrained Bayesian posterior estimate; not an observed or recovered true suppressed count.
40127,Pushmataha County,40,Oklahoma,5.542861111111111,5.0,4.0,8.0,8.494806300553426,7.662835249042145,6.130268199233716,12.260536398467432,1.0,suppressed_1_9,suppressed_1_9,nonmetro_nonadjacent,Q4_highest,Constrained Bayesian posterior estimate; not an observed or recovered true suppressed count.
40129,Roger Mills County,40,Oklahoma,0.0,0.0,0.0,0.0,0.0,0.0,0.0,0.0,0.0,zero,zero,nonmetro_nonadjacent,Q2,Constrained Bayesian posterior estimate; not an observed or recovered true suppressed count.
40131,Rogers County,40,Oklahoma,11.0,11.0,11.0,11.0,1.8875565408982027,1.8875565408982022,1.8875565408982022,1.8875565408982022,0.0,exact,exact,metro_large,Q2,Constrained Bayesian posterior estimate; not an observed or recovered true suppressed count.
40133,Seminole County,40,Oklahoma,5.468388888888889,5.0,3.0,9.0,3.841779463881474,3.51271603203597,2.107629619221582,6.322888857664747,0.6990833333333333,suppressed_1_9,suppressed_1_9,nonmetro_nonadjacent,Q4_highest,Constrained Bayesian posterior estimate; not an observed or recovered true suppressed count.
40135,Sequoyah County,40,Oklahoma,7.58625,8.0,5.0,9.0,3.120269981244447,3.290447829949656,2.056529893718535,3.7017538086933635,0.5784166666666667,suppressed_1_9,suppressed_1_9,metro_other,Q4_highest,Constrained Bayesian posterior estimate; not an observed or recovered true suppressed count.
40137,Stephens County,40,Oklahoma,14.0,14.0,14.0,14.0,5.360472640530532,5.360472640530533,5.360472640530533,5.360472640530533,1.0,exact,exact,nonmetro_adjacent,Q3,Constrained Bayesian posterior estimate; not an observed or recovered true suppressed count.
40139,Texas County,40,Oklahoma,1.5711111111111111,1.0,1.0,4.0,1.284763109308445,0.8177417244537486,0.8177417244537486,3.2709668978149944,0.030944444444444445,suppressed_1_9,suppressed_1_9,nonmetro_nonadjacent,Q4_highest,Constrained Bayesian posterior estimate; not an observed or recovered true suppressed count.
40141,Tillman County,40,Oklahoma,1.2265,1.0,1.0,3.0,2.9107435270664745,2.373211192063982,2.373211192063982,7.119633576191945,0.1951388888888889,suppressed_1_9,suppressed_1_9,nonmetro_adjacent,Q4_highest,Constrained Bayesian posterior estimate; not an observed or recovered true suppressed count.
40143,Tulsa County,40,Oklahoma,149.0,149.0,149.0,149.0,3.6920127887358434,3.6920127887358425,3.6920127887358425,3.6920127887358425,1.0,exact,exact,metro_large,Q4_highest,Constrained Bayesian posterior estimate; not an observed or recovered true suppressed count.
40145,Wagoner County,40,Oklahoma,18.0,18.0,18.0,18.0,3.4921281611035138,3.4921281611035124,3.4921281611035124,3.4921281611035124,1.0,exact,exact,metro_large,Q2,Constrained Bayesian posterior estimate; not an observed or recovered true suppressed count.
40147,Washington County,40,Oklahoma,8.313527777777777,9.0,6.0,9.0,2.6181948035542515,2.8343867804200564,1.8895911869467041,2.8343867804200564,0.0,suppressed_1_9,suppressed_1_9,nonmetro_adjacent,Q3,Constrained Bayesian posterior estimate; not an observed or recovered true suppressed count.
40149,Washita County,40,Oklahoma,3.887611111111111,4.0,3.0,6.0,5.98388608408926,6.156877231867996,4.617657923900997,9.235315847801994,1.0,suppressed_1_9,suppressed_1_9,nonmetro_nonadjacent,Q3,Constrained Bayesian posterior estimate; not an observed or recovered true suppressed count.
40151,Woods County,40,Oklahoma,3.6264444444444446,3.0,3.0,6.0,7.001398649402357,5.791953046567302,5.791953046567302,11.583906093134605,1.0,suppressed_1_9,suppressed_1_9,nonmetro_nonadjacent,Q3,Constrained Bayesian posterior estimate; not an observed or recovered true suppressed count.
40153,Woodward County,40,Oklahoma,1.6185277777777778,1.0,1.0,4.0,1.3470220195227687,0.832251406504877,0.832251406504877,3.329005626019508,0.037333333333333336,suppressed_1_9,suppressed_1_9,nonmetro_nonadjacent,Q4_highest,Constrained Bayesian posterior estimate; not an observed or recovered true suppressed count.
41001,Baker County,41,Oregon,7.548611111111111,8.0,6.0,9.0,7.559572491223386,8.011616844424415,6.008712633318312,9.013068949977468,1.0,suppressed_1_9,suppressed_1_9,nonmetro_nonadjacent,Q2,Constrained Bayesian posterior estimate; not an observed or recovered true suppressed count.
41003,Benton County,41,Oregon,13.0,13.0,13.0,13.0,2.2547875209651878,2.2547875209651878,2.2547875209651878,2.2547875209651878,0.0,exact,exact,metro_other,Q3,Constrained Bayesian posterior estimate; not an observed or recovered true suppressed count.
41005,Clackamas County,41,Oregon,97.0,97.0,97.0,97.0,3.827144078559826,3.8271440785598263,3.8271440785598263,3.8271440785598263,1.0,exact,exact,metro_large,Q2,Constrained Bayesian posterior estimate; not an observed or recovered true suppressed count.
41007,Clatsop County,41,Oregon,10.0,10.0,10.0,10.0,4.060138775543349,4.060138775543348,4.060138775543348,4.060138775543348,1.0,exact,exact,nonmetro_adjacent,Q3,Constrained Bayesian posterior estimate; not an observed or recovered true suppressed count.
41009,Columbia County,41,Oregon,21.0,21.0,21.0,21.0,6.565885534728846,6.565885534728844,6.565885534728844,6.565885534728844,1.0,exact,exact,metro_large,Q1_lowest,Constrained Bayesian posterior estimate; not an observed or recovered true suppressed count.
41011,Coos County,41,Oregon,14.0,14.0,14.0,14.0,3.6108066284093123,3.610806628409311,3.610806628409311,3.610806628409311,1.0,exact,exact,nonmetro_nonadjacent,Q4_highest,Constrained Bayesian posterior estimate; not an observed or recovered true suppressed count.
41013,Crook County,41,Oregon,1.569,1.0,1.0,4.0,1.0063433625594091,0.6413915631353786,0.6413915631353786,2.5655662525415144,0.003916666666666666,suppressed_1_9,suppressed_1_9,metro_other,Q2,Constrained Bayesian posterior estimate; not an observed or recovered true suppressed count.
41015,Curry County,41,Oregon,6.59725,7.0,4.0,9.0,4.726467069300264,5.015009206124042,2.865719546356596,6.44786897930234,0.9351666666666667,suppressed_1_9,suppressed_1_9,nonmetro_nonadjacent,Q3,Constrained Bayesian posterior estimate; not an observed or recovered true suppressed count.
41017,Deschutes County,41,Oregon,53.0,53.0,53.0,53.0,4.305935935797684,4.305935935797683,4.305935935797683,4.305935935797683,1.0,exact,exact,metro_other,Q2,Constrained Bayesian posterior estimate; not an observed or recovered true suppressed count.
41019,Douglas County,41,Oregon,28.0,28.0,28.0,28.0,4.1709555510204686,4.1709555510204686,4.1709555510204686,4.1709555510204686,1.0,exact,exact,nonmetro_adjacent,Q3,Constrained Bayesian posterior estimate; not an observed or recovered true suppressed count.
41021,Gilliam County,41,Oregon,0.0,0.0,0.0,0.0,0.0,0.0,0.0,0.0,0.0,zero,zero,nonmetro_nonadjacent,Q3,Constrained Bayesian posterior estimate; not an observed or recovered true suppressed count.
41023,Grant County,41,Oregon,1.2001388888888889,1.0,1.0,2.0,2.779579148363454,2.3160478958704864,2.3160478958704864,4.632095791740973,0.17530555555555555,suppressed_1_9,suppressed_1_9,nonmetro_nonadjacent,Q3,Constrained Bayesian posterior estimate; not an observed or recovered true suppressed count.
41025,Harney County,41,Oregon,4.840944444444444,5.0,4.0,7.0,10.830337922154113,11.186182826972125,8.9489462615777,15.660655957760973,1.0,suppressed_1_9,suppressed_1_9,nonmetro_nonadjacent,Q4_highest,Constrained Bayesian posterior estimate; not an observed or recovered true suppressed count.
41027,Hood River County,41,Oregon,3.178611111111111,3.0,2.0,6.0,2.2341161623261208,2.108577694059434,1.405718462706289,4.217155388118868,0.12788888888888889,suppressed_1_9,suppressed_1_9,nonmetro_adjacent,Q3,Constrained Bayesian posterior estimate; not an observed or recovered true suppressed count.
41029,Jackson County,41,Oregon,42.0,42.0,42.0,42.0,3.1572656575945386,3.1572656575945395,3.1572656575945395,3.1572656575945395,1.0,exact,exact,metro_other,Q3,Constrained Bayesian posterior estimate; not an observed or recovered true suppressed count.
41031,Jefferson County,41,Oregon,6.323611111111111,6.0,4.0,9.0,4.190541617149615,3.976090442803939,2.650726961869293,5.964135664205909,0.9079722222222222,suppressed_1_9,suppressed_1_9,metro_other,Q4_highest,Constrained Bayesian posterior estimate; not an observed or recovered true suppressed count.
41033,Josephine County,41,Oregon,40.0,40.0,40.0,40.0,7.57987769867333,7.579877698673331,7.579877698673331,7.579877698673331,1.0,exact,exact,metro_other,Q4_highest,Constrained Bayesian posterior estimate; not an observed or recovered true suppressed count.
41035,Klamath County,41,Oregon,16.0,16.0,16.0,16.0,3.8296385299932485,3.8296385299932503,3.8296385299932503,3.8296385299932503,1.0,exact,exact,nonmetro_nonadjacent,Q4_highest,Constrained Bayesian posterior estimate; not an observed or recovered true suppressed count.
41037,Lake County,41,Oregon,2.4365277777777776,2.0,2.0,4.0,4.975958374745287,4.084466772862803,4.084466772862803,8.168933545725606,1.0,suppressed_1_9,suppressed_1_9,nonmetro_nonadjacent,Q4_highest,Constrained Bayesian posterior estimate; not an observed or recovered true suppressed count.
41039,Lane County,41,Oregon,97.0,97.0,97.0,97.0,4.228104954641588,4.228104954641588,4.228104954641588,4.228104954641588,1.0,exact,exact,metro_other,Q3,Constrained Bayesian posterior estimate; not an observed or recovered true suppressed count.
41041,Lincoln County,41,Oregon,11.0,11.0,11.0,11.0,3.6154121734214617,3.615412173421462,3.615412173421462,3.615412173421462,1.0,exact,exact,nonmetro_nonadjacent,Q3,Constrained Bayesian posterior estimate; not an observed or recovered true suppressed count.
41043,Linn County,41,Oregon,31.0,31.0,31.0,31.0,3.948647206204726,3.9486472062047255,3.9486472062047255,3.9486472062047255,1.0,exact,exact,metro_other,Q3,Constrained Bayesian posterior estimate; not an observed or recovered true suppressed count.
41045,Malheur County,41,Oregon,12.0,12.0,12.0,12.0,6.332955115180623,6.332955115180622,6.332955115180622,6.332955115180622,1.0,exact,exact,nonmetro_adjacent,Q4_highest,Constrained Bayesian posterior estimate; not an observed or recovered true suppressed count.
41047,Marion County,41,Oregon,85.0,85.0,85.0,85.0,4.066106277494056,4.066106277494054,4.066106277494054,4.066106277494054,1.0,exact,exact,metro_other,Q4_highest,Constrained Bayesian posterior estimate; not an observed or recovered true suppressed count.
41049,Morrow County,41,Oregon,2.5825,2.0,2.0,5.0,3.5587311211553305,2.7560357182229085,2.7560357182229085,6.890089295557271,0.4290277777777778,suppressed_1_9,suppressed_1_9,nonmetro_adjacent,Q4_highest,Constrained Bayesian posterior estimate; not an observed or recovered true suppressed count.
41051,Multnomah County,41,Oregon,207.0,207.0,207.0,207.0,4.301256694220336,4.301256694220337,4.301256694220337,4.301256694220337,1.0,exact,exact,metro_large,Q3,Constrained Bayesian posterior estimate; not an observed or recovered true suppressed count.
41053,Polk County,41,Oregon,14.0,14.0,14.0,14.0,2.626833858387386,2.6268338583873865,2.6268338583873865,2.6268338583873865,0.0,exact,exact,metro_other,Q3,Constrained Bayesian posterior estimate; not an observed or recovered true suppressed count.
41055,Sherman County,41,Oregon,0.0,0.0,0.0,0.0,0.0,0.0,0.0,0.0,0.0,zero,zero,nonmetro_nonadjacent,Q2,Constrained Bayesian posterior estimate; not an observed or recovered true suppressed count.
41057,Tillamook County,41,Oregon,6.276277777777778,6.0,4.0,9.0,3.815807161786333,3.647837744177139,2.431891829451426,5.471756616265709,0.9065833333333333,suppressed_1_9,suppressed_1_9,nonmetro_nonadjacent,Q3,Constrained Bayesian posterior estimate; not an observed or recovered true suppressed count.
41059,Umatilla County,41,Oregon,25.0,25.0,25.0,25.0,5.247151321547533,5.247151321547532,5.247151321547532,5.247151321547532,1.0,exact,exact,nonmetro_adjacent,Q4_highest,Constrained Bayesian posterior estimate; not an observed or recovered true suppressed count.
41061,Union County,41,Oregon,4.953861111111111,5.0,3.0,8.0,3.1397866045818534,3.1690297064844684,1.9014178238906814,5.07044753037515,0.5829166666666666,suppressed_1_9,suppressed_1_9,nonmetro_nonadjacent,Q3,Constrained Bayesian posterior estimate; not an observed or recovered true suppressed count.
41063,Wallowa County,41,Oregon,2.2800833333333332,2.0,2.0,4.0,5.090721680174447,4.465382125075354,4.465382125075354,8.930764250150707,1.0,suppressed_1_9,suppressed_1_9,nonmetro_nonadjacent,Q2,Constrained Bayesian posterior estimate; not an observed or recovered true suppressed count.
41065,Wasco County,41,Oregon,5.212583333333333,5.0,3.0,8.0,3.27398897905518,3.1404667989850013,1.8842800793910008,5.024746878376002,0.6506666666666666,suppressed_1_9,suppressed_1_9,nonmetro_nonadjacent,Q4_highest,Constrained Bayesian posterior estimate; not an observed or recovered true suppressed count.
41067,Washington County,41,Oregon,100.0,100.0,100.0,100.0,2.7653108347643807,2.7653108347643816,2.7653108347643816,2.7653108347643816,0.0,exact,exact,metro_large,Q2,Constrained Bayesian posterior estimate; not an observed or recovered true suppressed count.
41069,Wheeler County,41,Oregon,0.0,0.0,0.0,0.0,0.0,0.0,0.0,0.0,0.0,zero,zero,nonmetro_nonadjacent,Q1_lowest,Constrained Bayesian posterior estimate; not an observed or recovered true suppressed count.
41071,Yamhill County,41,Oregon,23.0,23.0,23.0,23.0,3.534334523225956,3.5343345232259558,3.5343345232259558,3.5343345232259558,1.0,exact,exact,metro_large,Q3,Constrained Bayesian posterior estimate; not an observed or recovered true suppressed count.
42001,Adams County,42,Pennsylvania,17.0,17.0,17.0,17.0,2.6959863107330384,2.6959863107330384,2.6959863107330384,2.6959863107330384,0.0,exact,exact,metro_other,Q1_lowest,Constrained Bayesian posterior estimate; not an observed or recovered true suppressed count.
42003,Allegheny County,42,Pennsylvania,239.0,239.0,239.0,239.0,3.249320055986192,3.2493200559861926,3.2493200559861926,3.2493200559861926,1.0,exact,exact,metro_large,Q2,Constrained Bayesian posterior estimate; not an observed or recovered true suppressed count.
42005,Armstrong County,42,Pennsylvania,12.0,12.0,12.0,12.0,3.1048668788325693,3.10486687883257,3.10486687883257,3.10486687883257,1.0,exact,exact,metro_large,Q1_lowest,Constrained Bayesian posterior estimate; not an observed or recovered true suppressed count.
42007,Beaver County,42,Pennsylvania,27.0,27.0,27.0,27.0,2.72733884457805,2.72733884457805,2.72733884457805,2.72733884457805,0.0,exact,exact,metro_large,Q1_lowest,Constrained Bayesian posterior estimate; not an observed or recovered true suppressed count.
42009,Bedford County,42,Pennsylvania,6.865027777777778,7.0,4.0,9.0,2.4039148032852005,2.4511777909285413,1.4006730233877378,3.1515143026224104,0.1461388888888889,suppressed_1_9,suppressed_1_9,nonmetro_adjacent,Q1_lowest,Constrained Bayesian posterior estimate; not an observed or recovered true suppressed count.
42011,Berks County,42,Pennsylvania,91.0,91.0,91.0,91.0,3.5354771534358225,3.5354771534358234,3.5354771534358234,3.5354771534358234,1.0,exact,exact,metro_other,Q3,Constrained Bayesian posterior estimate; not an observed or recovered true suppressed count.
42013,Blair County,42,Pennsylvania,25.0,25.0,25.0,25.0,3.442686838057389,3.442686838057388,3.442686838057388,3.442686838057388,1.0,exact,exact,metro_other,Q2,Constrained Bayesian posterior estimate; not an observed or recovered true suppressed count.
42015,Bradford County,42,Pennsylvania,11.0,11.0,11.0,11.0,3.0581379831858015,3.0581379831858015,3.0581379831858015,3.0581379831858015,1.0,exact,exact,nonmetro_adjacent,Q2,Constrained Bayesian posterior estimate; not an observed or recovered true suppressed count.
42017,Bucks County,42,Pennsylvania,81.0,81.0,81.0,81.0,2.1074409838471158,2.1074409838471153,2.1074409838471153,2.1074409838471153,0.0,exact,exact,metro_large,Q1_lowest,Constrained Bayesian posterior estimate; not an observed or recovered true suppressed count.
42019,Butler County,42,Pennsylvania,42.0,42.0,42.0,42.0,3.601085470048829,3.601085470048829,3.601085470048829,3.601085470048829,1.0,exact,exact,metro_large,Q1_lowest,Constrained Bayesian posterior estimate; not an observed or recovered true suppressed count.
42021,Cambria County,42,Pennsylvania,26.0,26.0,26.0,26.0,3.3195105509366125,3.3195105509366125,3.3195105509366125,3.3195105509366125,1.0,exact,exact,metro_other,Q2,Constrained Bayesian posterior estimate; not an observed or recovered true suppressed count.
42023,Cameron County,42,Pennsylvania,1.096138888888889,1.0,1.0,2.0,4.154874114505683,3.7904631946023803,3.7904631946023803,7.580926389204761,1.0,suppressed_1_9,suppressed_1_9,nonmetro_nonadjacent,Q2,Constrained Bayesian posterior estimate; not an observed or recovered true suppressed count.
42025,Carbon County,42,Pennsylvania,10.0,10.0,10.0,10.0,2.5618953926873256,2.5618953926873256,2.5618953926873256,2.5618953926873256,0.0,exact,exact,metro_other,Q2,Constrained Bayesian posterior estimate; not an observed or recovered true suppressed count.
42027,Centre County,42,Pennsylvania,18.0,18.0,18.0,18.0,1.880027114168825,1.8800271141688243,1.8800271141688243,1.8800271141688243,0.0,exact,exact,metro_other,Q2,Constrained Bayesian posterior estimate; not an observed or recovered true suppressed count.
42029,Chester County,42,Pennsylvania,59.0,59.0,59.0,59.0,1.8172023769007095,1.8172023769007088,1.8172023769007088,1.8172023769007088,0.0,exact,exact,metro_large,Q1_lowest,Constrained Bayesian posterior estimate; not an observed or recovered true suppressed count.
42031,Clarion County,42,Pennsylvania,10.0,10.0,10.0,10.0,4.443062158439596,4.443062158439597,4.443062158439597,4.443062158439597,1.0,exact,exact,nonmetro_adjacent,Q2,Constrained Bayesian posterior estimate; not an observed or recovered true suppressed count.
42033,Clearfield County,42,Pennsylvania,11.0,11.0,11.0,11.0,2.335084646818447,2.335084646818447,2.335084646818447,2.335084646818447,0.0,exact,exact,nonmetro_adjacent,Q3,Constrained Bayesian posterior estimate; not an observed or recovered true suppressed count.
42035,Clinton County,42,Pennsylvania,10.0,10.0,10.0,10.0,4.396435370201842,4.396435370201841,4.396435370201841,4.396435370201841,1.0,exact,exact,nonmetro_adjacent,Q3,Constrained Bayesian posterior estimate; not an observed or recovered true suppressed count.
42037,Columbia County,42,Pennsylvania,10.0,10.0,10.0,10.0,2.5571850506961935,2.5571850506961935,2.5571850506961935,2.5571850506961935,0.0,exact,exact,nonmetro_adjacent,Q2,Constrained Bayesian posterior estimate; not an observed or recovered true suppressed count.
42039,Crawford County,42,Pennsylvania,12.0,12.0,12.0,12.0,2.4075259260448165,2.407525926044816,2.407525926044816,2.407525926044816,0.0,exact,exact,nonmetro_adjacent,Q3,Constrained Bayesian posterior estimate; not an observed or recovered true suppressed count.
42041,Cumberland County,42,Pennsylvania,46.0,46.0,46.0,46.0,2.898589080258781,2.898589080258781,2.898589080258781,2.898589080258781,0.0,exact,exact,metro_other,Q1_lowest,Constrained Bayesian posterior estimate; not an observed or recovered true suppressed count.
42043,Dauphin County,42,Pennsylvania,83.0,83.0,83.0,83.0,4.8350378298020065,4.835037829802008,4.835037829802008,4.835037829802008,1.0,exact,exact,metro_other,Q3,Constrained Bayesian posterior estimate; not an observed or recovered true suppressed count.
42045,Delaware County,42,Pennsylvania,92.0,92.0,92.0,92.0,2.6712092709544035,2.671209270954403,2.671209270954403,2.671209270954403,0.0,exact,exact,metro_large,Q3,Constrained Bayesian posterior estimate; not an observed or recovered true suppressed count.
42047,Elk County,42,Pennsylvania,4.738666666666667,5.0,3.0,8.0,2.616616693999782,2.7609208223126576,1.6565524933875948,4.417473315700252,0.2628888888888889,suppressed_1_9,suppressed_1_9,nonmetro_nonadjacent,Q1_lowest,Constrained Bayesian posterior estimate; not an observed or recovered true suppressed count.
42049,Erie County,42,Pennsylvania,59.0,59.0,59.0,59.0,3.6641979909016116,3.6641979909016102,3.6641979909016102,3.6641979909016102,1.0,exact,exact,metro_other,Q3,Constrained Bayesian posterior estimate; not an observed or recovered true suppressed count.
42051,Fayette County,42,Pennsylvania,32.0,32.0,32.0,32.0,4.221958936171896,4.221958936171897,4.221958936171897,4.221958936171897,1.0,exact,exact,metro_large,Q3,Constrained Bayesian posterior estimate; not an observed or recovered true suppressed count.
42053,Forest County,42,Pennsylvania,0.0,0.0,0.0,0.0,0.0,0.0,0.0,0.0,0.0,zero,zero,nonmetro_nonadjacent,Q3,Constrained Bayesian posterior estimate; not an observed or recovered true suppressed count.
42055,Franklin County,42,Pennsylvania,51.0,51.0,51.0,51.0,5.419800763873098,5.419800763873096,5.419800763873096,5.419800763873096,1.0,exact,exact,metro_other,Q2,Constrained Bayesian posterior estimate; not an observed or recovered true suppressed count.
42057,Fulton County,42,Pennsylvania,2.423,2.0,2.0,4.0,2.784833404208857,2.298665624604917,2.298665624604917,4.597331249209834,0.3333055555555556,suppressed_1_9,suppressed_1_9,nonmetro_adjacent,Q1_lowest,Constrained Bayesian posterior estimate; not an observed or recovered true suppressed count.
42059,Greene County,42,Pennsylvania,6.094111111111111,6.0,4.0,9.0,2.8991551553075414,2.854383619643868,1.902922413095912,4.281575429465802,0.36616666666666664,suppressed_1_9,suppressed_1_9,nonmetro_adjacent,Q2,Constrained Bayesian posterior estimate; not an observed or recovered true suppressed count.
42061,Huntingdon County,42,Pennsylvania,15.0,15.0,15.0,15.0,5.686621653897044,5.686621653897042,5.686621653897042,5.686621653897042,1.0,exact,exact,nonmetro_adjacent,Q2,Constrained Bayesian posterior estimate; not an observed or recovered true suppressed count.
42063,Indiana County,42,Pennsylvania,15.0,15.0,15.0,15.0,3.002239670794412,3.0022396707944123,3.0022396707944123,3.0022396707944123,1.0,exact,exact,nonmetro_adjacent,Q2,Constrained Bayesian posterior estimate; not an observed or recovered true suppressed count.
42065,Jefferson County,42,Pennsylvania,12.0,12.0,12.0,12.0,4.590314436538903,4.590314436538903,4.590314436538903,4.590314436538903,1.0,exact,exact,nonmetro_nonadjacent,Q2,Constrained Bayesian posterior estimate; not an observed or recovered true suppressed count.
42067,Juniata County,42,Pennsylvania,6.8715,7.0,5.0,9.0,4.816832099596232,4.906908927770301,3.5049349484073575,6.308882907133244,1.0,suppressed_1_9,suppressed_1_9,nonmetro_adjacent,Q2,Constrained Bayesian posterior estimate; not an observed or recovered true suppressed count.
42069,Lackawanna County,42,Pennsylvania,28.0,28.0,28.0,28.0,2.182516020057322,2.1825160200573226,2.1825160200573226,2.1825160200573226,0.0,exact,exact,metro_other,Q3,Constrained Bayesian posterior estimate; not an observed or recovered true suppressed count.
42071,Lancaster County,42,Pennsylvania,96.0,96.0,96.0,96.0,2.8880180043855765,2.8880180043855757,2.8880180043855757,2.8880180043855757,0.0,exact,exact,metro_other,Q3,Constrained Bayesian posterior estimate; not an observed or recovered true suppressed count.
42073,Lawrence County,42,Pennsylvania,10.0,10.0,10.0,10.0,1.9621462740804398,1.9621462740804403,1.9621462740804403,1.9621462740804403,0.0,exact,exact,metro_large,Q3,Constrained Bayesian posterior estimate; not an observed or recovered true suppressed count.
42075,Lebanon County,42,Pennsylvania,25.0,25.0,25.0,25.0,2.90518296261262,2.9051829626126193,2.9051829626126193,2.9051829626126193,0.0,exact,exact,metro_other,Q3,Constrained Bayesian posterior estimate; not an observed or recovered true suppressed count.
42077,Lehigh County,42,Pennsylvania,68.0,68.0,68.0,68.0,3.0150063071271656,3.0150063071271647,3.0150063071271647,3.0150063071271647,1.0,exact,exact,metro_other,Q3,Constrained Bayesian posterior estimate; not an observed or recovered true suppressed count.
42079,Luzerne County,42,Pennsylvania,77.0,77.0,77.0,77.0,3.957672436302033,3.9576724363020332,3.9576724363020332,3.9576724363020332,1.0,exact,exact,metro_other,Q3,Constrained Bayesian posterior estimate; not an observed or recovered true suppressed count.
42081,Lycoming County,42,Pennsylvania,30.0,30.0,30.0,30.0,4.417110708990441,4.41711070899044,4.41711070899044,4.41711070899044,1.0,exact,exact,metro_other,Q3,Constrained Bayesian posterior estimate; not an observed or recovered true suppressed count.
42083,McKean County,42,Pennsylvania,6.320861111111111,6.0,4.0,9.0,2.636306466875949,2.5024816276140505,1.6683210850760337,3.7537224414210764,0.21519444444444444,suppressed_1_9,suppressed_1_9,nonmetro_nonadjacent,Q2,Constrained Bayesian posterior estimate; not an observed or recovered true suppressed count.
42085,Mercer County,42,Pennsylvania,37.0,37.0,37.0,37.0,5.659188380615599,5.659188380615597,5.659188380615597,5.659188380615597,1.0,exact,exact,nonmetro_adjacent,Q3,Constrained Bayesian posterior estimate; not an observed or recovered true suppressed count.
42087,Mifflin County,42,Pennsylvania,14.0,14.0,14.0,14.0,5.069102732608452,5.069102732608452,5.069102732608452,5.069102732608452,1.0,exact,exact,nonmetro_adjacent,Q3,Constrained Bayesian posterior estimate; not an observed or recovered true suppressed count.
42089,Monroe County,42,Pennsylvania,33.0,33.0,33.0,33.0,3.269035693907311,3.26903569390731,3.26903569390731,3.26903569390731,1.0,exact,exact,nonmetro_adjacent,Q2,Constrained Bayesian posterior estimate; not an observed or recovered true suppressed count.
42091,Montgomery County,42,Pennsylvania,90.0,90.0,90.0,90.0,1.7516621814383369,1.7516621814383366,1.7516621814383366,1.7516621814383366,0.0,exact,exact,metro_large,Q1_lowest,Constrained Bayesian posterior estimate; not an observed or recovered true suppressed count.
42093,Montour County,42,Pennsylvania,5.39675,5.0,4.0,8.0,4.977403735300899,4.611482591653217,3.689186073322573,7.378372146645146,1.0,suppressed_1_9,suppressed_1_9,nonmetro_adjacent,Q2,Constrained Bayesian posterior estimate; not an observed or recovered true suppressed count.
42095,Northampton County,42,Pennsylvania,83.0,83.0,83.0,83.0,4.402223175742583,4.402223175742583,4.402223175742583,4.402223175742583,1.0,exact,exact,metro_other,Q2,Constrained Bayesian posterior estimate; not an observed or recovered true suppressed count.
42097,Northumberland County,42,Pennsylvania,25.0,25.0,25.0,25.0,4.6070465698695475,4.6070465698695475,4.6070465698695475,4.6070465698695475,1.0,exact,exact,nonmetro_adjacent,Q2,Constrained Bayesian posterior estimate; not an observed or recovered true suppressed count.
42099,Perry County,42,Pennsylvania,12.0,12.0,12.0,12.0,4.324589254116469,4.324589254116469,4.324589254116469,4.324589254116469,1.0,exact,exact,metro_other,Q1_lowest,Constrained Bayesian posterior estimate; not an observed or recovered true suppressed count.
42101,Philadelphia County,42,Pennsylvania,265.0,265.0,265.0,265.0,2.8100259179824483,2.8100259179824483,2.8100259179824483,2.8100259179824483,0.0,exact,exact,metro_large,Q4_highest,Constrained Bayesian posterior estimate; not an observed or recovered true suppressed count.
42103,Pike County,42,Pennsylvania,13.0,13.0,13.0,13.0,3.6515417933002627,3.6515417933002636,3.6515417933002636,3.6515417933002636,1.0,exact,exact,nonmetro_adjacent,Q1_lowest,Constrained Bayesian posterior estimate; not an observed or recovered true suppressed count.
42105,Potter County,42,Pennsylvania,2.696361111111111,2.0,2.0,5.0,2.7669175075537313,2.0523345305284764,2.0523345305284764,5.13083632632119,0.48197222222222225,suppressed_1_9,suppressed_1_9,nonmetro_nonadjacent,Q2,Constrained Bayesian posterior estimate; not an observed or recovered true suppressed count.
42107,Schuylkill County,42,Pennsylvania,44.0,44.0,44.0,44.0,5.135717162049387,5.135717162049385,5.135717162049385,5.135717162049385,1.0,exact,exact,nonmetro_adjacent,Q2,Constrained Bayesian posterior estimate; not an observed or recovered true suppressed count.
42109,Snyder County,42,Pennsylvania,7.516416666666666,8.0,5.0,9.0,3.14092277948178,3.3430001755075094,2.0893751096921935,3.7608751974459476,0.5342777777777777,suppressed_1_9,suppressed_1_9,nonmetro_nonadjacent,Q2,Constrained Bayesian posterior estimate; not an observed or recovered true suppressed count.
42111,Somerset County,42,Pennsylvania,14.0,14.0,14.0,14.0,3.2034340813351907,3.203434081335191,3.203434081335191,3.203434081335191,1.0,exact,exact,nonmetro_adjacent,Q2,Constrained Bayesian posterior estimate; not an observed or recovered true suppressed count.
42113,Sullivan County,42,Pennsylvania,3.334416666666667,3.0,3.0,5.0,9.402522817208546,8.459521191100583,8.459521191100583,14.099201985167639,1.0,suppressed_1_9,suppressed_1_9,nonmetro_adjacent,Q1_lowest,Constrained Bayesian posterior estimate; not an observed or recovered true suppressed count.
42115,Susquehanna County,42,Pennsylvania,5.084305555555556,5.0,3.0,8.0,2.182049198542336,2.1458674883908566,1.287520493034514,3.433387981425371,0.16991666666666666,suppressed_1_9,suppressed_1_9,nonmetro_adjacent,Q1_lowest,Constrained Bayesian posterior estimate; not an observed or recovered true suppressed count.
42117,Tioga County,42,Pennsylvania,6.811472222222222,7.0,4.0,9.0,2.7853655655287257,2.8624588521540004,1.6356907726594285,3.680304238483715,0.33702777777777776,suppressed_1_9,suppressed_1_9,nonmetro_adjacent,Q2,Constrained Bayesian posterior estimate; not an observed or recovered true suppressed count.
42119,Union County,42,Pennsylvania,5.3373888888888885,5.0,3.0,9.0,2.0629184435082473,1.9325165230162717,1.159509913809763,3.4785297414292895,0.09641666666666666,suppressed_1_9,suppressed_1_9,nonmetro_adjacent,Q2,Constrained Bayesian posterior estimate; not an observed or recovered true suppressed count.
42121,Venango County,42,Pennsylvania,13.0,13.0,13.0,13.0,4.338858146039291,4.33885814603929,4.33885814603929,4.33885814603929,1.0,exact,exact,nonmetro_adjacent,Q2,Constrained Bayesian posterior estimate; not an observed or recovered true suppressed count.
42123,Warren County,42,Pennsylvania,6.332916666666667,6.0,4.0,9.0,2.765598638653676,2.6202131980138783,1.7468087986759189,3.9303197970208177,0.4354166666666667,suppressed_1_9,suppressed_1_9,nonmetro_adjacent,Q1_lowest,Constrained Bayesian posterior estimate; not an observed or recovered true suppressed count.
42125,Washington County,42,Pennsylvania,34.0,34.0,34.0,34.0,2.7109195040293037,2.7109195040293033,2.7109195040293033,2.7109195040293033,0.0,exact,exact,metro_large,Q1_lowest,Constrained Bayesian posterior estimate; not an observed or recovered true suppressed count.
42127,Wayne County,42,Pennsylvania,8.364777777777778,9.0,6.0,9.0,2.7175221574995456,2.9238911142949036,1.9492607428632691,2.9238911142949036,0.0,suppressed_1_9,suppressed_1_9,nonmetro_adjacent,Q2,Constrained Bayesian posterior estimate; not an observed or recovered true suppressed count.
42129,Westmoreland County,42,Pennsylvania,75.0,75.0,75.0,75.0,3.5659980658026473,3.565998065802649,3.565998065802649,3.565998065802649,1.0,exact,exact,metro_large,Q1_lowest,Constrained Bayesian posterior estimate; not an observed or recovered true suppressed count.
42131,Wyoming County,42,Pennsylvania,2.715888888888889,2.0,2.0,5.0,1.7290725838398242,1.2733014159111744,1.2733014159111744,3.1832535397779362,0.044222222222222225,suppressed_1_9,suppressed_1_9,metro_other,Q1_lowest,Constrained Bayesian posterior estimate; not an observed or recovered true suppressed count.
42133,York County,42,Pennsylvania,64.0,64.0,64.0,64.0,2.3229309581364284,2.3229309581364284,2.3229309581364284,2.3229309581364284,0.0,exact,exact,metro_other,Q2,Constrained Bayesian posterior estimate; not an observed or recovered true suppressed count.
44001,Bristol County,44,Rhode Island,7.0,7.0,7.0,7.0,2.3457894754479627,2.3457894754479622,2.3457894754479622,2.3457894754479622,0.0,suppressed_1_9,suppressed_1_9,metro_large,Q1_lowest,Constrained Bayesian posterior estimate; not an observed or recovered true suppressed count.
44003,Kent County,44,Rhode Island,40.0,40.0,40.0,40.0,3.9422227828939067,3.9422227828939067,3.9422227828939067,3.9422227828939067,1.0,exact,exact,metro_large,Q1_lowest,Constrained Bayesian posterior estimate; not an observed or recovered true suppressed count.
44005,Newport County,44,Rhode Island,11.0,11.0,11.0,11.0,2.1957709451596226,2.1957709451596226,2.1957709451596226,2.1957709451596226,0.0,exact,exact,metro_large,Q2,Constrained Bayesian posterior estimate; not an observed or recovered true suppressed count.
44007,Providence County,44,Rhode Island,141.0,141.0,141.0,141.0,3.5900572219475233,3.590057221947522,3.590057221947522,3.590057221947522,1.0,exact,exact,metro_large,Q4_highest,Constrained Bayesian posterior estimate; not an observed or recovered true suppressed count.
44009,Washington County,44,Rhode Island,31.0,31.0,31.0,31.0,4.012633322978148,4.01263332297815,4.01263332297815,4.01263332297815,1.0,exact,exact,metro_large,Q1_lowest,Constrained Bayesian posterior estimate; not an observed or recovered true suppressed count.
45001,Abbeville County,45,South Carolina,4.417305555555555,4.0,3.0,7.0,3.0126140175789966,2.7280105301206463,2.0460078975904845,4.774018427711131,0.4151944444444444,suppressed_1_9,suppressed_1_9,nonmetro_adjacent,Q3,Constrained Bayesian posterior estimate; not an observed or recovered true suppressed count.
45003,Aiken County,45,South Carolina,37.0,37.0,37.0,37.0,3.540439473795006,3.5404394737950065,3.5404394737950065,3.5404394737950065,1.0,exact,exact,metro_other,Q3,Constrained Bayesian posterior estimate; not an observed or recovered true suppressed count.
45005,Allendale County,45,South Carolina,2.2586944444444446,2.0,2.0,4.0,4.76759212353184,4.221546774738265,4.221546774738265,8.44309354947653,1.0,suppressed_1_9,suppressed_1_9,nonmetro_adjacent,Q4_highest,Constrained Bayesian posterior estimate; not an observed or recovered true suppressed count.
45007,Anderson County,45,South Carolina,53.0,53.0,53.0,53.0,4.227624896403248,4.227624896403248,4.227624896403248,4.227624896403248,1.0,exact,exact,metro_other,Q3,Constrained Bayesian posterior estimate; not an observed or recovered true suppressed count.
45009,Bamberg County,45,South Carolina,6.2455,6.0,5.0,9.0,7.815374219463668,7.508165129578417,6.25680427464868,11.262247694367625,1.0,suppressed_1_9,suppressed_1_9,nonmetro_nonadjacent,Q4_highest,Constrained Bayesian posterior estimate; not an observed or recovered true suppressed count.
45011,Barnwell County,45,South Carolina,2.8545833333333333,3.0,2.0,5.0,2.3094026497959934,2.427047011900621,1.6180313412670804,4.045078353167701,0.21547222222222223,suppressed_1_9,suppressed_1_9,nonmetro_adjacent,Q4_highest,Constrained Bayesian posterior estimate; not an observed or recovered true suppressed count.
45013,Beaufort County,45,South Carolina,28.0,28.0,28.0,28.0,2.379635082960028,2.379635082960028,2.379635082960028,2.379635082960028,0.0,exact,exact,metro_other,Q2,Constrained Bayesian posterior estimate; not an observed or recovered true suppressed count.
45015,Berkeley County,45,South Carolina,46.0,46.0,46.0,46.0,3.139492425974523,3.139492425974522,3.139492425974522,3.139492425974522,1.0,exact,exact,metro_other,Q3,Constrained Bayesian posterior estimate; not an observed or recovered true suppressed count.
45017,Calhoun County,45,South Carolina,10.0,10.0,10.0,10.0,11.643341173183055,11.643341173183057,11.643341173183057,11.643341173183057,1.0,exact,exact,metro_other,Q3,Constrained Bayesian posterior estimate; not an observed or recovered true suppressed count.
45019,Charleston County,45,South Carolina,123.0,123.0,123.0,123.0,4.8866573595046265,4.886657359504628,4.886657359504628,4.886657359504628,1.0,exact,exact,metro_other,Q2,Constrained Bayesian posterior estimate; not an observed or recovered true suppressed count.
45021,Cherokee County,45,South Carolina,25.0,25.0,25.0,25.0,7.325513591757923,7.325513591757918,7.325513591757918,7.325513591757918,1.0,exact,exact,nonmetro_adjacent,Q4_highest,Constrained Bayesian posterior estimate; not an observed or recovered true suppressed count.
45023,Chester County,45,South Carolina,5.69425,6.0,4.0,8.0,2.9478684026609376,3.106152770947118,2.070768513964745,4.14153702792949,0.5165555555555555,suppressed_1_9,suppressed_1_9,metro_large,Q3,Constrained Bayesian posterior estimate; not an observed or recovered true suppressed count.
45025,Chesterfield County,45,South Carolina,6.914194444444444,7.0,4.0,9.0,2.5922461419000937,2.6244160674249977,1.499666324242856,3.3742492295464257,0.36138888888888887,suppressed_1_9,suppressed_1_9,nonmetro_adjacent,Q4_highest,Constrained Bayesian posterior estimate; not an observed or recovered true suppressed count.
45027,Clarendon County,45,South Carolina,12.0,12.0,12.0,12.0,6.278416374109905,6.278416374109904,6.278416374109904,6.278416374109904,1.0,exact,exact,nonmetro_adjacent,Q4_highest,Constrained Bayesian posterior estimate; not an observed or recovered true suppressed count.
45029,Colleton County,45,South Carolina,6.786388888888889,7.0,4.0,9.0,2.946095058384077,3.0388275335139263,1.7364728762936725,3.9070639716607625,0.5765,suppressed_1_9,suppressed_1_9,nonmetro_adjacent,Q4_highest,Constrained Bayesian posterior estimate; not an observed or recovered true suppressed count.
45031,Darlington County,45,South Carolina,20.0,20.0,20.0,20.0,5.220282887129654,5.220282887129653,5.220282887129653,5.220282887129653,1.0,exact,exact,metro_other,Q4_highest,Constrained Bayesian posterior estimate; not an observed or recovered true suppressed count.
45033,Dillon County,45,South Carolina,10.0,10.0,10.0,10.0,5.815779372593723,5.815779372593721,5.815779372593721,5.815779372593721,1.0,exact,exact,nonmetro_adjacent,Q4_highest,Constrained Bayesian posterior estimate; not an observed or recovered true suppressed count.
45035,Dorchester County,45,South Carolina,60.0,60.0,60.0,60.0,5.98502546628336,5.985025466283359,5.985025466283359,5.985025466283359,1.0,exact,exact,metro_other,Q3,Constrained Bayesian posterior estimate; not an observed or recovered true suppressed count.
45037,Edgefield County,45,South Carolina,11.0,11.0,11.0,11.0,6.685832720465331,6.685832720465333,6.685832720465333,6.685832720465333,1.0,exact,exact,metro_other,Q4_highest,Constrained Bayesian posterior estimate; not an observed or recovered true suppressed count.
45039,Fairfield County,45,South Carolina,11.0,11.0,11.0,11.0,8.706526729037055,8.706526729037058,8.706526729037058,8.706526729037058,1.0,exact,exact,metro_other,Q4_highest,Constrained Bayesian posterior estimate; not an observed or recovered true suppressed count.
45041,Florence County,45,South Carolina,45.0,45.0,45.0,45.0,5.458720548686329,5.458720548686329,5.458720548686329,5.458720548686329,1.0,exact,exact,metro_other,Q4_highest,Constrained Bayesian posterior estimate; not an observed or recovered true suppressed count.
45043,Georgetown County,45,South Carolina,27.0,27.0,27.0,27.0,6.98681820299036,6.986818202990357,6.986818202990357,6.986818202990357,1.0,exact,exact,nonmetro_adjacent,Q3,Constrained Bayesian posterior estimate; not an observed or recovered true suppressed count.
45045,Greenville County,45,South Carolina,141.0,141.0,141.0,141.0,4.316423870375035,4.3164238703750355,4.3164238703750355,4.3164238703750355,1.0,exact,exact,metro_other,Q3,Constrained Bayesian posterior estimate; not an observed or recovered true suppressed count.
45047,Greenwood County,45,South Carolina,18.0,18.0,18.0,18.0,4.286796191419739,4.286796191419739,4.286796191419739,4.286796191419739,1.0,exact,exact,nonmetro_adjacent,Q4_highest,Constrained Bayesian posterior estimate; not an observed or recovered true suppressed count.
45049,Hampton County,45,South Carolina,11.0,11.0,11.0,11.0,10.012561213158326,10.012561213158326,10.012561213158326,10.012561213158326,1.0,exact,exact,nonmetro_adjacent,Q4_highest,Constrained Bayesian posterior estimate; not an observed or recovered true suppressed count.
45051,Horry County,45,South Carolina,70.0,70.0,70.0,70.0,3.071416129059151,3.07141612905915,3.07141612905915,3.07141612905915,1.0,exact,exact,metro_other,Q3,Constrained Bayesian posterior estimate; not an observed or recovered true suppressed count.
45053,Jasper County,45,South Carolina,15.0,15.0,15.0,15.0,7.764537802946382,7.764537802946383,7.764537802946383,7.764537802946383,1.0,exact,exact,metro_other,Q4_highest,Constrained Bayesian posterior estimate; not an observed or recovered true suppressed count.
45055,Kershaw County,45,South Carolina,23.0,23.0,23.0,23.0,5.616509607894371,5.61650960789437,5.61650960789437,5.61650960789437,1.0,exact,exact,metro_other,Q2,Constrained Bayesian posterior estimate; not an observed or recovered true suppressed count.
45057,Lancaster County,45,South Carolina,18.0,18.0,18.0,18.0,2.8859195982799912,2.885919598279992,2.885919598279992,2.885919598279992,0.0,exact,exact,metro_large,Q2,Constrained Bayesian posterior estimate; not an observed or recovered true suppressed count.
45059,Laurens County,45,South Carolina,32.0,32.0,32.0,32.0,7.794194299521141,7.794194299521144,7.794194299521144,7.794194299521144,1.0,exact,exact,metro_other,Q4_highest,Constrained Bayesian posterior estimate; not an observed or recovered true suppressed count.
45061,Lee County,45,South Carolina,5.076833333333333,5.0,4.0,8.0,5.186422439479536,5.107930573007652,4.0863444584061215,8.172688916812243,1.0,suppressed_1_9,suppressed_1_9,nonmetro_adjacent,Q4_highest,Constrained Bayesian posterior estimate; not an observed or recovered true suppressed count.
45063,Lexington County,45,South Carolina,72.0,72.0,72.0,72.0,3.9324234870546797,3.9324234870546806,3.9324234870546806,3.9324234870546806,1.0,exact,exact,metro_other,Q2,Constrained Bayesian posterior estimate; not an observed or recovered true suppressed count.
45065,McCormick County,45,South Carolina,3.47675,3.0,3.0,5.0,5.959359627020448,5.142181313313108,5.142181313313108,8.570302188855178,1.0,suppressed_1_9,suppressed_1_9,nonmetro_adjacent,Q3,Constrained Bayesian posterior estimate; not an observed or recovered true suppressed count.
45067,Marion County,45,South Carolina,11.0,11.0,11.0,11.0,6.288409318279263,6.288409318279262,6.288409318279262,6.288409318279262,1.0,exact,exact,nonmetro_adjacent,Q4_highest,Constrained Bayesian posterior estimate; not an observed or recovered true suppressed count.
45069,Marlboro County,45,South Carolina,7.804083333333334,8.0,6.0,9.0,5.024454573938871,5.150590386423044,3.8629427898172826,5.794414184725924,1.0,suppressed_1_9,suppressed_1_9,nonmetro_adjacent,Q4_highest,Constrained Bayesian posterior estimate; not an observed or recovered true suppressed count.
45071,Newberry County,45,South Carolina,11.0,11.0,11.0,11.0,4.758691100382426,4.758691100382426,4.758691100382426,4.758691100382426,1.0,exact,exact,nonmetro_adjacent,Q4_highest,Constrained Bayesian posterior estimate; not an observed or recovered true suppressed count.
45073,Oconee County,45,South Carolina,28.0,28.0,28.0,28.0,5.801425493121168,5.801425493121167,5.801425493121167,5.801425493121167,1.0,exact,exact,nonmetro_adjacent,Q3,Constrained Bayesian posterior estimate; not an observed or recovered true suppressed count.
45075,Orangeburg County,45,South Carolina,55.0,55.0,55.0,55.0,10.923036286326546,10.923036286326543,10.923036286326543,10.923036286326543,1.0,exact,exact,nonmetro_adjacent,Q4_highest,Constrained Bayesian posterior estimate; not an observed or recovered true suppressed count.
45077,Pickens County,45,South Carolina,32.0,32.0,32.0,32.0,4.028907410671566,4.028907410671568,4.028907410671568,4.028907410671568,1.0,exact,exact,metro_other,Q3,Constrained Bayesian posterior estimate; not an observed or recovered true suppressed count.
45079,Richland County,45,South Carolina,115.0,115.0,115.0,115.0,4.544606697880868,4.5446066978808695,4.5446066978808695,4.5446066978808695,1.0,exact,exact,metro_other,Q4_highest,Constrained Bayesian posterior estimate; not an observed or recovered true suppressed count.
45081,Saluda County,45,South Carolina,6.471416666666666,6.0,5.0,9.0,5.525363865598835,5.122863339082324,4.269052782568604,7.684295008623487,1.0,suppressed_1_9,suppressed_1_9,metro_other,Q4_highest,Constrained Bayesian posterior estimate; not an observed or recovered true suppressed count.
45083,Spartanburg County,45,South Carolina,83.0,83.0,83.0,83.0,4.041606144020443,4.041606144020444,4.041606144020444,4.041606144020444,1.0,exact,exact,metro_other,Q3,Constrained Bayesian posterior estimate; not an observed or recovered true suppressed count.
45085,Sumter County,45,South Carolina,41.0,41.0,41.0,41.0,6.499765374323075,6.499765374323073,6.499765374323073,6.499765374323073,1.0,exact,exact,metro_other,Q4_highest,Constrained Bayesian posterior estimate; not an observed or recovered true suppressed count.
45087,Union County,45,South Carolina,16.0,16.0,16.0,16.0,9.914364675118662,9.914364675118662,9.914364675118662,9.914364675118662,1.0,exact,exact,metro_other,Q4_highest,Constrained Bayesian posterior estimate; not an observed or recovered true suppressed count.
45089,Williamsburg County,45,South Carolina,16.0,16.0,16.0,16.0,8.864707935575735,8.864707935575735,8.864707935575735,8.864707935575735,1.0,exact,exact,nonmetro_adjacent,Q4_highest,Constrained Bayesian posterior estimate; not an observed or recovered true suppressed count.
45091,York County,45,South Carolina,49.0,49.0,49.0,49.0,2.7932196587939666,2.7932196587939675,2.7932196587939675,2.7932196587939675,0.0,exact,exact,metro_large,Q2,Constrained Bayesian posterior estimate; not an observed or recovered true suppressed count.
46003,Aurora County,46,South Dakota,0.0,0.0,0.0,0.0,0.0,0.0,0.0,0.0,0.0,zero,zero,nonmetro_nonadjacent,Q1_lowest,Constrained Bayesian posterior estimate; not an observed or recovered true suppressed count.
46005,Beadle County,46,South Dakota,6.3286388888888885,6.0,4.0,9.0,5.5265680655374405,5.239579785701187,3.493053190467458,7.85936967855178,1.0,suppressed_1_9,suppressed_1_9,nonmetro_nonadjacent,Q3,Constrained Bayesian posterior estimate; not an observed or recovered true suppressed count.
46007,Bennett County,46,South Dakota,1.1451111111111112,1.0,1.0,2.0,5.697070204532892,4.975124378109452,4.975124378109452,9.950248756218905,1.0,suppressed_1_9,suppressed_1_9,nonmetro_nonadjacent,Q4_highest,Constrained Bayesian posterior estimate; not an observed or recovered true suppressed count.
46009,Bon Homme County,46,South Dakota,2.300222222222222,2.0,2.0,4.0,5.481809828703373,4.7663306403565215,4.7663306403565215,9.532661280713043,1.0,suppressed_1_9,suppressed_1_9,nonmetro_nonadjacent,Q1_lowest,Constrained Bayesian posterior estimate; not an observed or recovered true suppressed count.
46011,Brookings County,46,South Dakota,6.978166666666667,7.0,4.0,9.0,3.273951950655744,3.284195512850588,1.8766831502003358,4.222537087950755,0.63,suppressed_1_9,suppressed_1_9,nonmetro_nonadjacent,Q1_lowest,Constrained Bayesian posterior estimate; not an observed or recovered true suppressed count.
46013,Brown County,46,South Dakota,7.573833333333333,8.0,5.0,9.0,3.3091137345368855,3.495311912896827,2.1845699455605168,3.9322259020089305,0.7935,suppressed_1_9,suppressed_1_9,nonmetro_nonadjacent,Q2,Constrained Bayesian posterior estimate; not an observed or recovered true suppressed count.
46015,Brule County,46,South Dakota,1.143,1.0,1.0,2.0,3.6072713501230838,3.155967935365777,3.155967935365777,6.311935870731554,1.0,suppressed_1_9,suppressed_1_9,nonmetro_nonadjacent,Q2,Constrained Bayesian posterior estimate; not an observed or recovered true suppressed count.
46017,Buffalo County,46,South Dakota,0.0,0.0,0.0,0.0,0.0,0.0,0.0,0.0,0.0,zero,zero,nonmetro_nonadjacent,Q4_highest,Constrained Bayesian posterior estimate; not an observed or recovered true suppressed count.
46019,Butte County,46,South Dakota,2.8100277777777776,3.0,2.0,5.0,4.394032583974885,4.69109161701928,3.127394411346187,7.818486028365468,1.0,suppressed_1_9,suppressed_1_9,nonmetro_nonadjacent,Q3,Constrained Bayesian posterior estimate; not an observed or recovered true suppressed count.
46021,Campbell County,46,South Dakota,0.0,0.0,0.0,0.0,0.0,0.0,0.0,0.0,0.0,zero,zero,nonmetro_nonadjacent,Q1_lowest,Constrained Bayesian posterior estimate; not an observed or recovered true suppressed count.
46023,Charles Mix County,46,South Dakota,2.5061666666666667,2.0,2.0,4.0,4.514558151544082,3.6027597139408787,3.6027597139408787,7.205519427881757,1.0,suppressed_1_9,suppressed_1_9,nonmetro_nonadjacent,Q3,Constrained Bayesian posterior estimate; not an observed or recovered true suppressed count.
46025,Clark County,46,South Dakota,1.120638888888889,1.0,1.0,2.0,4.824725056567309,4.30533430920911,4.30533430920911,8.61066861841822,1.0,suppressed_1_9,suppressed_1_9,nonmetro_nonadjacent,Q2,Constrained Bayesian posterior estimate; not an observed or recovered true suppressed count.
46027,Clay County,46,South Dakota,4.324583333333333,4.0,3.0,7.0,4.836151431787852,4.4731721500301935,3.354879112522646,7.8280512625528385,1.0,suppressed_1_9,suppressed_1_9,nonmetro_adjacent,Q3,Constrained Bayesian posterior estimate; not an observed or recovered true suppressed count.
46029,Codington County,46,South Dakota,6.902222222222222,7.0,4.0,9.0,4.022461549618993,4.0794442631358105,2.3311110075061774,5.2449997668889,0.8250833333333333,suppressed_1_9,suppressed_1_9,nonmetro_nonadjacent,Q1_lowest,Constrained Bayesian posterior estimate; not an observed or recovered true suppressed count.
46031,Corson County,46,South Dakota,1.1054722222222222,1.0,1.0,2.0,4.73557326174701,4.283755997258396,4.283755997258396,8.567511994516792,1.0,suppressed_1_9,suppressed_1_9,nonmetro_nonadjacent,Q3,Constrained Bayesian posterior estimate; not an observed or recovered true suppressed count.
46033,Custer County,46,South Dakota,1.4145555555555556,1.0,1.0,3.0,2.617075642551581,1.8501045309059962,1.8501045309059962,5.5503135927179885,0.32680555555555557,suppressed_1_9,suppressed_1_9,metro_other,Q2,Constrained Bayesian posterior estimate; not an observed or recovered true suppressed count.
46035,Davison County,46,South Dakota,3.276111111111111,3.0,2.0,6.0,2.746871398719773,2.515364685956719,1.6769097906378125,5.030729371913438,0.36486111111111114,suppressed_1_9,suppressed_1_9,nonmetro_nonadjacent,Q2,Constrained Bayesian posterior estimate; not an observed or recovered true suppressed count.
46037,Day County,46,South Dakota,1.1678055555555555,1.0,1.0,2.0,3.590927571586223,3.074936195073952,3.074936195073952,6.149872390147904,1.0,suppressed_1_9,suppressed_1_9,nonmetro_nonadjacent,Q1_lowest,Constrained Bayesian posterior estimate; not an observed or recovered true suppressed count.
46039,Deuel County,46,South Dakota,0.0,0.0,0.0,0.0,0.0,0.0,0.0,0.0,0.0,zero,zero,nonmetro_nonadjacent,Q1_lowest,Constrained Bayesian posterior estimate; not an observed or recovered true suppressed count.
46041,Dewey County,46,South Dakota,1.1802777777777778,1.0,1.0,2.0,3.6208171849488537,3.0677669724207752,3.0677669724207752,6.1355339448415505,1.0,suppressed_1_9,suppressed_1_9,nonmetro_nonadjacent,Q4_highest,Constrained Bayesian posterior estimate; not an observed or recovered true suppressed count.
46043,Douglas County,46,South Dakota,0.0,0.0,0.0,0.0,0.0,0.0,0.0,0.0,0.0,zero,zero,nonmetro_nonadjacent,Q2,Constrained Bayesian posterior estimate; not an observed or recovered true suppressed count.
46045,Edmunds County,46,South Dakota,0.0,0.0,0.0,0.0,0.0,0.0,0.0,0.0,0.0,zero,zero,nonmetro_nonadjacent,Q1_lowest,Constrained Bayesian posterior estimate; not an observed or recovered true suppressed count.
46047,Fall River County,46,South Dakota,4.0515,4.0,3.0,7.0,9.478301555737513,9.35781962802667,7.018364721020003,16.37618434904667,1.0,suppressed_1_9,suppressed_1_9,nonmetro_nonadjacent,Q3,Constrained Bayesian posterior estimate; not an observed or recovered true suppressed count.
46049,Faulk County,46,South Dakota,0.0,0.0,0.0,0.0,0.0,0.0,0.0,0.0,0.0,zero,zero,nonmetro_nonadjacent,Q2,Constrained Bayesian posterior estimate; not an observed or recovered true suppressed count.
46051,Grant County,46,South Dakota,1.213138888888889,1.0,1.0,3.0,2.7443476730887664,2.2621875353466803,2.2621875353466803,6.786562606040041,0.18486111111111111,suppressed_1_9,suppressed_1_9,nonmetro_nonadjacent,Q1_lowest,Constrained Bayesian posterior estimate; not an observed or recovered true suppressed count.
46053,Gregory County,46,South Dakota,0.0,0.0,0.0,0.0,0.0,0.0,0.0,0.0,0.0,zero,zero,nonmetro_nonadjacent,Q1_lowest,Constrained Bayesian posterior estimate; not an observed or recovered true suppressed count.
46055,Haakon County,46,South Dakota,0.0,0.0,0.0,0.0,0.0,0.0,0.0,0.0,0.0,zero,zero,nonmetro_nonadjacent,Q1_lowest,Constrained Bayesian posterior estimate; not an observed or recovered true suppressed count.
46057,Hamlin County,46,South Dakota,1.1528333333333334,1.0,1.0,2.0,3.0296261256526154,2.6279827604330914,2.6279827604330914,5.255965520866183,0.13847222222222222,suppressed_1_9,suppressed_1_9,nonmetro_nonadjacent,Q1_lowest,Constrained Bayesian posterior estimate; not an observed or recovered true suppressed count.
46059,Hand County,46,South Dakota,0.0,0.0,0.0,0.0,0.0,0.0,0.0,0.0,0.0,zero,zero,nonmetro_nonadjacent,Q1_lowest,Constrained Bayesian posterior estimate; not an observed or recovered true suppressed count.
46061,Hanson County,46,South Dakota,1.0576666666666668,1.0,1.0,2.0,5.071282444700167,4.794783275795933,4.794783275795933,9.589566551591867,1.0,suppressed_1_9,suppressed_1_9,nonmetro_adjacent,Q1_lowest,Constrained Bayesian posterior estimate; not an observed or recovered true suppressed count.
46063,Harding County,46,South Dakota,0.0,0.0,0.0,0.0,0.0,0.0,0.0,0.0,0.0,zero,zero,nonmetro_nonadjacent,Q1_lowest,Constrained Bayesian posterior estimate; not an observed or recovered true suppressed count.
46065,Hughes County,46,South Dakota,4.449861111111111,4.0,3.0,7.0,4.2219597251476415,3.7951384276741496,2.846353820755612,6.641492248429762,0.7501388888888889,suppressed_1_9,suppressed_1_9,nonmetro_nonadjacent,Q2,Constrained Bayesian posterior estimate; not an observed or recovered true suppressed count.
46067,Hutchinson County,46,South Dakota,1.2294722222222223,1.0,1.0,3.0,2.784004850827006,2.264390199719216,2.264390199719216,6.793170599157646,0.1975,suppressed_1_9,suppressed_1_9,nonmetro_adjacent,Q1_lowest,Constrained Bayesian posterior estimate; not an observed or recovered true suppressed count.
46069,Hyde County,46,South Dakota,1.0266944444444444,1.0,1.0,2.0,13.868626832965614,13.508037282182897,13.508037282182897,27.016074564365795,1.0,suppressed_1_9,suppressed_1_9,nonmetro_nonadjacent,Q1_lowest,Constrained Bayesian posterior estimate; not an observed or recovered true suppressed count.
46071,Jackson County,46,South Dakota,0.0,0.0,0.0,0.0,0.0,0.0,0.0,0.0,0.0,zero,zero,nonmetro_nonadjacent,Q4_highest,Constrained Bayesian posterior estimate; not an observed or recovered true suppressed count.
46073,Jerauld County,46,South Dakota,0.0,0.0,0.0,0.0,0.0,0.0,0.0,0.0,0.0,zero,zero,nonmetro_nonadjacent,Q1_lowest,Constrained Bayesian posterior estimate; not an observed or recovered true suppressed count.
46075,Jones County,46,South Dakota,0.0,0.0,0.0,0.0,0.0,0.0,0.0,0.0,0.0,zero,zero,nonmetro_nonadjacent,Q1_lowest,Constrained Bayesian posterior estimate; not an observed or recovered true suppressed count.
46077,Kingsbury County,46,South Dakota,2.228083333333333,2.0,2.0,3.0,7.199209452109385,6.462244337458399,6.462244337458399,9.6933665061876,1.0,suppressed_1_9,suppressed_1_9,nonmetro_nonadjacent,Q1_lowest,Constrained Bayesian posterior estimate; not an observed or recovered true suppressed count.
46079,Lake County,46,South Dakota,5.283138888888889,5.0,4.0,8.0,7.640666554181631,7.231180851833104,5.7849446814664836,11.569889362932967,1.0,suppressed_1_9,suppressed_1_9,nonmetro_adjacent,Q1_lowest,Constrained Bayesian posterior estimate; not an observed or recovered true suppressed count.
46081,Lawrence County,46,South Dakota,7.285472222222222,7.0,5.0,9.0,4.488726370080109,4.312841176543073,3.080600840387909,5.5450815126982365,0.9775555555555555,suppressed_1_9,suppressed_1_9,nonmetro_adjacent,Q2,Constrained Bayesian posterior estimate; not an observed or recovered true suppressed count.
46083,Lincoln County,46,South Dakota,7.854972222222222,8.0,5.0,9.0,1.9089281827868319,1.944173070286717,1.215108168929198,2.1871947040725566,0.0,suppressed_1_9,suppressed_1_9,metro_other,Q1_lowest,Constrained Bayesian posterior estimate; not an observed or recovered true suppressed count.
46085,Lyman County,46,South Dakota,1.0850833333333334,1.0,1.0,2.0,4.8311813594538435,4.4523597506678545,4.4523597506678545,8.904719501335709,1.0,suppressed_1_9,suppressed_1_9,nonmetro_nonadjacent,Q4_highest,Constrained Bayesian posterior estimate; not an observed or recovered true suppressed count.
46087,McCook County,46,South Dakota,2.2275,2.0,2.0,3.0,6.520975438391051,5.854972335255716,5.854972335255716,8.782458502883573,1.0,suppressed_1_9,suppressed_1_9,metro_other,Q1_lowest,Constrained Bayesian posterior estimate; not an observed or recovered true suppressed count.
46089,McPherson County,46,South Dakota,1.0817222222222223,1.0,1.0,2.0,7.618835203706311,7.04324552753909,7.04324552753909,14.08649105507818,1.0,suppressed_1_9,suppressed_1_9,nonmetro_nonadjacent,Q1_lowest,Constrained Bayesian posterior estimate; not an observed or recovered true suppressed count.
46091,Marshall County,46,South Dakota,2.2417777777777776,2.0,2.0,4.0,8.217058052114131,7.330840847445201,7.330840847445201,14.661681694890403,1.0,suppressed_1_9,suppressed_1_9,nonmetro_nonadjacent,Q1_lowest,Constrained Bayesian posterior estimate; not an observed or recovered true suppressed count.
46093,Meade County,46,South Dakota,7.5174722222222226,8.0,5.0,9.0,4.1842072225345355,4.452781040058332,2.782988150036457,5.009378670065622,0.9478888888888889,suppressed_1_9,suppressed_1_9,metro_other,Q1_lowest,Constrained Bayesian posterior estimate; not an observed or recovered true suppressed count.
46095,Mellette County,46,South Dakota,0.0,0.0,0.0,0.0,0.0,0.0,0.0,0.0,0.0,zero,zero,nonmetro_nonadjacent,Q4_highest,Constrained Bayesian posterior estimate; not an observed or recovered true suppressed count.
46097,Miner County,46,South Dakota,1.0724166666666666,1.0,1.0,2.0,7.874415644809947,7.342683016374182,7.342683016374182,14.685366032748364,1.0,suppressed_1_9,suppressed_1_9,nonmetro_adjacent,Q1_lowest,Constrained Bayesian posterior estimate; not an observed or recovered true suppressed count.
46099,Minnehaha County,46,South Dakota,48.0,48.0,48.0,48.0,3.9701642159173796,3.970164215917381,3.970164215917381,3.970164215917381,1.0,exact,exact,metro_other,Q2,Constrained Bayesian posterior estimate; not an observed or recovered true suppressed count.
46101,Moody County,46,South Dakota,2.346888888888889,2.0,2.0,4.0,6.057425379126801,5.162089613875697,5.162089613875697,10.324179227751394,1.0,suppressed_1_9,suppressed_1_9,nonmetro_adjacent,Q1_lowest,Constrained Bayesian posterior estimate; not an observed or recovered true suppressed count.
46103,Pennington County,46,South Dakota,31.0,31.0,31.0,31.0,4.506796539943302,4.506796539943302,4.506796539943302,4.506796539943302,1.0,exact,exact,metro_other,Q3,Constrained Bayesian posterior estimate; not an observed or recovered true suppressed count.
46105,Perkins County,46,South Dakota,0.0,0.0,0.0,0.0,0.0,0.0,0.0,0.0,0.0,zero,zero,nonmetro_nonadjacent,Q2,Constrained Bayesian posterior estimate; not an observed or recovered true suppressed count.
46107,Potter County,46,South Dakota,0.0,0.0,0.0,0.0,0.0,0.0,0.0,0.0,0.0,zero,zero,nonmetro_nonadjacent,Q1_lowest,Constrained Bayesian posterior estimate; not an observed or recovered true suppressed count.
46109,Roberts County,46,South Dakota,0.0,0.0,0.0,0.0,0.0,0.0,0.0,0.0,0.0,zero,zero,nonmetro_nonadjacent,Q3,Constrained Bayesian posterior estimate; not an observed or recovered true suppressed count.
46111,Sanborn County,46,South Dakota,1.0445,1.0,1.0,2.0,7.329824561403508,7.017543859649122,7.017543859649122,14.035087719298245,1.0,suppressed_1_9,suppressed_1_9,nonmetro_nonadjacent,Q1_lowest,Constrained Bayesian posterior estimate; not an observed or recovered true suppressed count.
46113,Shannon County,46,South Dakota,5.491611111111111,5.0,4.0,8.0,6.6851838325799315,6.086723638399922,4.869378910719938,9.738757821439876,1.0,suppressed_1_9,suppressed_1_9,nonmetro_nonadjacent,Q1_lowest,Constrained Bayesian posterior estimate; not an observed or recovered true suppressed count.
46115,Spink County,46,South Dakota,2.3053333333333335,2.0,2.0,4.0,6.151984984744571,5.337176100125424,5.337176100125424,10.674352200250848,1.0,suppressed_1_9,suppressed_1_9,nonmetro_nonadjacent,Q1_lowest,Constrained Bayesian posterior estimate; not an observed or recovered true suppressed count.
46117,Stanley County,46,South Dakota,0.0,0.0,0.0,0.0,0.0,0.0,0.0,0.0,0.0,zero,zero,nonmetro_nonadjacent,Q1_lowest,Constrained Bayesian posterior estimate; not an observed or recovered true suppressed count.
46119,Sully County,46,South Dakota,0.0,0.0,0.0,0.0,0.0,0.0,0.0,0.0,0.0,zero,zero,nonmetro_nonadjacent,Q1_lowest,Constrained Bayesian posterior estimate; not an observed or recovered true suppressed count.
46121,Todd County,46,South Dakota,5.178055555555556,5.0,4.0,8.0,9.02619198416434,8.715812226541392,6.9726497812331125,13.945299562466225,1.0,suppressed_1_9,suppressed_1_9,nonmetro_nonadjacent,Q4_highest,Constrained Bayesian posterior estimate; not an observed or recovered true suppressed count.
46123,Tripp County,46,South Dakota,2.33975,2.0,2.0,4.0,7.028386902973866,6.007810153199159,6.007810153199159,12.015620306398318,1.0,suppressed_1_9,suppressed_1_9,nonmetro_nonadjacent,Q3,Constrained Bayesian posterior estimate; not an observed or recovered true suppressed count.
46125,Turner County,46,South Dakota,1.1391944444444444,1.0,1.0,2.0,2.1727912348740124,1.907304978065993,1.907304978065993,3.814609956131986,0.12813888888888889,suppressed_1_9,suppressed_1_9,metro_other,Q1_lowest,Constrained Bayesian posterior estimate; not an observed or recovered true suppressed count.
46127,Union County,46,South Dakota,1.2657777777777777,1.0,1.0,3.0,1.2576783293368483,0.9936012082190693,0.9936012082190693,2.9808036246572076,0.0345,suppressed_1_9,suppressed_1_9,metro_other,Q1_lowest,Constrained Bayesian posterior estimate; not an observed or recovered true suppressed count.
46129,Walworth County,46,South Dakota,1.1838333333333333,1.0,1.0,2.0,3.7200557248949933,3.142381296546523,3.142381296546523,6.284762593093046,1.0,suppressed_1_9,suppressed_1_9,nonmetro_nonadjacent,Q3,Constrained Bayesian posterior estimate; not an observed or recovered true suppressed count.
46135,Yankton County,46,South Dakota,6.216222222222222,6.0,4.0,9.0,4.464009294101501,4.308735242581794,2.8724901617211964,6.463102863872692,0.89525,suppressed_1_9,suppressed_1_9,nonmetro_nonadjacent,Q1_lowest,Constrained Bayesian posterior estimate; not an observed or recovered true suppressed count.
46137,Ziebach County,46,South Dakota,2.1531944444444444,2.0,2.0,3.0,14.424830471256408,13.398539559188047,13.398539559188047,20.097809338782074,1.0,suppressed_1_9,suppressed_1_9,nonmetro_nonadjacent,Q4_highest,Constrained Bayesian posterior estimate; not an observed or recovered true suppressed count.
47001,Anderson County,47,Tennessee,34.0,34.0,34.0,34.0,7.1926009291148025,7.1926009291148025,7.1926009291148025,7.1926009291148025,1.0,exact,exact,metro_other,Q3,Constrained Bayesian posterior estimate; not an observed or recovered true suppressed count.
47003,Bedford County,47,Tennessee,8.116888888888889,8.0,6.0,9.0,2.616291979502872,2.5786155413158673,1.9339616559869006,2.900942483980351,0.0,suppressed_1_9,suppressed_1_9,nonmetro_adjacent,Q3,Constrained Bayesian posterior estimate; not an observed or recovered true suppressed count.
47005,Benton County,47,Tennessee,6.865777777777778,7.0,5.0,9.0,7.119148264511752,7.25832374197696,5.184516958554972,9.332130525398949,1.0,suppressed_1_9,suppressed_1_9,nonmetro_nonadjacent,Q2,Constrained Bayesian posterior estimate; not an observed or recovered true suppressed count.
47007,Bledsoe County,47,Tennessee,2.733527777777778,3.0,2.0,5.0,3.0048672944682626,3.2977904803781466,2.1985269869187647,5.496317467296911,0.5005833333333334,suppressed_1_9,suppressed_1_9,nonmetro_adjacent,Q3,Constrained Bayesian posterior estimate; not an observed or recovered true suppressed count.
47009,Blount County,47,Tennessee,35.0,35.0,35.0,35.0,4.221602785775369,4.22160278577537,4.22160278577537,4.22160278577537,1.0,exact,exact,metro_other,Q1_lowest,Constrained Bayesian posterior estimate; not an observed or recovered true suppressed count.
47011,Bradley County,47,Tennessee,25.0,25.0,25.0,25.0,3.768919978291022,3.768919978291021,3.768919978291021,3.768919978291021,1.0,exact,exact,metro_other,Q3,Constrained Bayesian posterior estimate; not an observed or recovered true suppressed count.
47013,Campbell County,47,Tennessee,25.0,25.0,25.0,25.0,10.44705017091374,10.44705017091374,10.44705017091374,10.44705017091374,1.0,exact,exact,metro_other,Q3,Constrained Bayesian posterior estimate; not an observed or recovered true suppressed count.
47015,Cannon County,47,Tennessee,2.560277777777778,2.0,2.0,4.0,2.874423524803559,2.245399737288231,2.245399737288231,4.490799474576462,0.4136944444444444,suppressed_1_9,suppressed_1_9,metro_large,Q2,Constrained Bayesian posterior estimate; not an observed or recovered true suppressed count.
47017,Carroll County,47,Tennessee,8.244,8.0,6.0,9.0,4.837942993961374,4.694753026648591,3.5210647699864444,5.281597154979665,1.0,suppressed_1_9,suppressed_1_9,nonmetro_adjacent,Q3,Constrained Bayesian posterior estimate; not an observed or recovered true suppressed count.
47019,Carter County,47,Tennessee,12.0,12.0,12.0,12.0,3.53139557810417,3.5313955781041706,3.5313955781041706,3.5313955781041706,1.0,exact,exact,metro_other,Q3,Constrained Bayesian posterior estimate; not an observed or recovered true suppressed count.
47021,Cheatham County,47,Tennessee,8.12825,8.0,6.0,9.0,3.2515731321430996,3.2002688225810965,2.4002016169358225,3.6003024254037337,0.7623333333333333,suppressed_1_9,suppressed_1_9,metro_large,Q1_lowest,Constrained Bayesian posterior estimate; not an observed or recovered true suppressed count.
47023,Chester County,47,Tennessee,5.467611111111111,5.0,4.0,8.0,5.191230024601336,4.747256085982302,3.797804868785842,7.595609737571684,1.0,suppressed_1_9,suppressed_1_9,metro_other,Q2,Constrained Bayesian posterior estimate; not an observed or recovered true suppressed count.
47025,Claiborne County,47,Tennessee,7.13625,7.0,4.0,9.0,3.6708349622435748,3.600748955782803,2.0575708318758874,4.629534371720746,0.8628333333333333,suppressed_1_9,suppressed_1_9,nonmetro_adjacent,Q3,Constrained Bayesian posterior estimate; not an observed or recovered true suppressed count.
47027,Clay County,47,Tennessee,2.4288333333333334,2.0,2.0,4.0,5.281220555193158,4.348771472059143,4.348771472059143,8.697542944118286,1.0,suppressed_1_9,suppressed_1_9,nonmetro_adjacent,Q3,Constrained Bayesian posterior estimate; not an observed or recovered true suppressed count.
47029,Cocke County,47,Tennessee,7.463,8.0,5.0,9.0,3.3841814570617523,3.627690158983521,2.2673063493647008,4.081151428856462,0.7638888888888888,suppressed_1_9,suppressed_1_9,nonmetro_adjacent,Q3,Constrained Bayesian posterior estimate; not an observed or recovered true suppressed count.
47031,Coffee County,47,Tennessee,7.065333333333333,7.0,4.0,9.0,1.9911882685605313,1.9727756954034328,1.1273003973733902,2.5364258940901276,0.0,suppressed_1_9,suppressed_1_9,nonmetro_adjacent,Q3,Constrained Bayesian posterior estimate; not an observed or recovered true suppressed count.
47033,Crockett County,47,Tennessee,1.3340555555555556,1.0,1.0,3.0,1.5837871065100626,1.1871972646975022,1.1871972646975022,3.5615917940925064,0.05202777777777778,suppressed_1_9,suppressed_1_9,metro_other,Q3,Constrained Bayesian posterior estimate; not an observed or recovered true suppressed count.
47035,Cumberland County,47,Tennessee,12.0,12.0,12.0,12.0,3.1706273086130086,3.170627308613009,3.170627308613009,3.170627308613009,1.0,exact,exact,nonmetro_adjacent,Q2,Constrained Bayesian posterior estimate; not an observed or recovered true suppressed count.
47037,Davidson County,47,Tennessee,116.0,116.0,116.0,116.0,2.7343941525452493,2.7343941525452493,2.7343941525452493,2.7343941525452493,0.0,exact,exact,metro_large,Q3,Constrained Bayesian posterior estimate; not an observed or recovered true suppressed count.
47039,Decatur County,47,Tennessee,3.9652777777777777,4.0,3.0,6.0,5.69110552964159,5.740940078937927,4.3057050592034445,8.611410118406889,1.0,suppressed_1_9,suppressed_1_9,nonmetro_nonadjacent,Q2,Constrained Bayesian posterior estimate; not an observed or recovered true suppressed count.
47041,DeKalb County,47,Tennessee,5.131972222222222,5.0,3.0,8.0,4.080117842440945,3.9751947845444424,2.3851168707266655,6.360311655271108,0.861,suppressed_1_9,suppressed_1_9,nonmetro_adjacent,Q4_highest,Constrained Bayesian posterior estimate; not an observed or recovered true suppressed count.
47043,Dickson County,47,Tennessee,7.081083333333333,7.0,4.0,9.0,2.1216919802525065,2.0973971301614696,1.198512645806554,2.6966534530647466,0.0,suppressed_1_9,suppressed_1_9,metro_large,Q1_lowest,Constrained Bayesian posterior estimate; not an observed or recovered true suppressed count.
47045,Dyer County,47,Tennessee,10.0,10.0,10.0,10.0,4.55004595546415,4.55004595546415,4.55004595546415,4.55004595546415,1.0,exact,exact,nonmetro_adjacent,Q3,Constrained Bayesian posterior estimate; not an observed or recovered true suppressed count.
47047,Fayette County,47,Tennessee,11.0,11.0,11.0,11.0,4.265781452382244,4.265781452382245,4.265781452382245,4.265781452382245,1.0,exact,exact,metro_large,Q2,Constrained Bayesian posterior estimate; not an observed or recovered true suppressed count.
47049,Fentress County,47,Tennessee,10.0,10.0,10.0,10.0,8.671748311177016,8.671748311177017,8.671748311177017,8.671748311177017,1.0,exact,exact,nonmetro_adjacent,Q2,Constrained Bayesian posterior estimate; not an observed or recovered true suppressed count.
47051,Franklin County,47,Tennessee,14.0,14.0,14.0,14.0,5.350843331129297,5.350843331129296,5.350843331129296,5.350843331129296,1.0,exact,exact,nonmetro_nonadjacent,Q2,Constrained Bayesian posterior estimate; not an observed or recovered true suppressed count.
47053,Gibson County,47,Tennessee,21.0,21.0,21.0,21.0,6.950489347547634,6.950489347547636,6.950489347547636,6.950489347547636,1.0,exact,exact,metro_other,Q4_highest,Constrained Bayesian posterior estimate; not an observed or recovered true suppressed count.
47055,Giles County,47,Tennessee,5.308361111111111,5.0,3.0,9.0,2.9201797268767598,2.750547358924426,1.6503284153546556,4.950985246063967,0.41580555555555554,suppressed_1_9,suppressed_1_9,nonmetro_adjacent,Q2,Constrained Bayesian posterior estimate; not an observed or recovered true suppressed count.
47057,Grainger County,47,Tennessee,4.829111111111111,5.0,3.0,8.0,3.3378106781987094,3.455926568472273,2.073555941083364,5.529482509555637,0.5358333333333334,suppressed_1_9,suppressed_1_9,metro_other,Q3,Constrained Bayesian posterior estimate; not an observed or recovered true suppressed count.
47059,Greene County,47,Tennessee,21.0,21.0,21.0,21.0,4.922171099355196,4.922171099355196,4.922171099355196,4.922171099355196,1.0,exact,exact,nonmetro_adjacent,Q3,Constrained Bayesian posterior estimate; not an observed or recovered true suppressed count.
47061,Grundy County,47,Tennessee,4.288138888888889,4.0,3.0,7.0,5.202789236700909,4.85319097306479,3.639893229798593,8.493084202863383,1.0,suppressed_1_9,suppressed_1_9,nonmetro_adjacent,Q3,Constrained Bayesian posterior estimate; not an observed or recovered true suppressed count.
47063,Hamblen County,47,Tennessee,17.0,17.0,17.0,17.0,4.3189849877162985,4.3189849877162985,4.3189849877162985,4.3189849877162985,1.0,exact,exact,metro_other,Q4_highest,Constrained Bayesian posterior estimate; not an observed or recovered true suppressed count.
47065,Hamilton County,47,Tennessee,70.0,70.0,70.0,70.0,3.111936811678476,3.111936811678477,3.111936811678477,3.111936811678477,1.0,exact,exact,metro_other,Q3,Constrained Bayesian posterior estimate; not an observed or recovered true suppressed count.
47067,Hancock County,47,Tennessee,0.0,0.0,0.0,0.0,0.0,0.0,0.0,0.0,0.0,zero,zero,nonmetro_adjacent,Q4_highest,Constrained Bayesian posterior estimate; not an observed or recovered true suppressed count.
47069,Hardeman County,47,Tennessee,13.0,13.0,13.0,13.0,8.561531065186184,8.56153106518618,8.56153106518618,8.56153106518618,1.0,exact,exact,nonmetro_adjacent,Q4_highest,Constrained Bayesian posterior estimate; not an observed or recovered true suppressed count.
47071,Hardin County,47,Tennessee,4.142722222222222,4.0,2.0,8.0,2.5883925162275676,2.4992189940643548,1.2496094970321774,4.9984379881287095,0.36430555555555555,suppressed_1_9,suppressed_1_9,nonmetro_adjacent,Q3,Constrained Bayesian posterior estimate; not an observed or recovered true suppressed count.
47073,Hawkins County,47,Tennessee,14.0,14.0,14.0,14.0,4.036175665896911,4.03617566589691,4.03617566589691,4.03617566589691,1.0,exact,exact,metro_other,Q3,Constrained Bayesian posterior estimate; not an observed or recovered true suppressed count.
47075,Haywood County,47,Tennessee,4.8045277777777775,5.0,3.0,8.0,4.620849028879807,4.808848280836739,2.8853089685020437,7.694157249338783,0.8156111111111111,suppressed_1_9,suppressed_1_9,nonmetro_adjacent,Q4_highest,Constrained Bayesian posterior estimate; not an observed or recovered true suppressed count.
47077,Henderson County,47,Tennessee,7.705166666666667,8.0,5.0,9.0,4.577471761481552,4.752625825768737,2.970391141105461,5.346704053989829,1.0,suppressed_1_9,suppressed_1_9,nonmetro_adjacent,Q3,Constrained Bayesian posterior estimate; not an observed or recovered true suppressed count.
47079,Henry County,47,Tennessee,12.0,12.0,12.0,12.0,6.171061834039578,6.171061834039578,6.171061834039578,6.171061834039578,1.0,exact,exact,nonmetro_nonadjacent,Q3,Constrained Bayesian posterior estimate; not an observed or recovered true suppressed count.
47081,Hickman County,47,Tennessee,1.4328333333333334,1.0,1.0,3.0,0.9364189301056997,0.6535435129270907,0.6535435129270907,1.960630538781272,0.003277777777777778,suppressed_1_9,suppressed_1_9,metro_large,Q2,Constrained Bayesian posterior estimate; not an observed or recovered true suppressed count.
47083,Houston County,47,Tennessee,0.0,0.0,0.0,0.0,0.0,0.0,0.0,0.0,0.0,zero,zero,nonmetro_adjacent,Q2,Constrained Bayesian posterior estimate; not an observed or recovered true suppressed count.
47085,Humphreys County,47,Tennessee,4.529861111111111,4.0,3.0,8.0,3.9647980876580817,3.5010328046773798,2.625774603508035,7.0020656093547595,0.7615277777777778,suppressed_1_9,suppressed_1_9,nonmetro_adjacent,Q2,Constrained Bayesian posterior estimate; not an observed or recovered true suppressed count.
47087,Jackson County,47,Tennessee,6.604833333333334,6.0,5.0,9.0,9.157100340136054,8.318544809228039,6.932120674356699,12.477817213842057,1.0,suppressed_1_9,suppressed_1_9,nonmetro_adjacent,Q3,Constrained Bayesian posterior estimate; not an observed or recovered true suppressed count.
47089,Jefferson County,47,Tennessee,11.0,11.0,11.0,11.0,3.242848046036649,3.24284804603665,3.24284804603665,3.24284804603665,1.0,exact,exact,metro_other,Q2,Constrained Bayesian posterior estimate; not an observed or recovered true suppressed count.
47091,Johnson County,47,Tennessee,4.321694444444445,4.0,3.0,7.0,3.973095081953817,3.6773493665765717,2.7580120249324285,6.435361391509,0.7108055555555556,suppressed_1_9,suppressed_1_9,nonmetro_adjacent,Q3,Constrained Bayesian posterior estimate; not an observed or recovered true suppressed count.
47093,Knox County,47,Tennessee,114.0,114.0,114.0,114.0,3.8846993958270137,3.884699395827015,3.884699395827015,3.884699395827015,1.0,exact,exact,metro_other,Q2,Constrained Bayesian posterior estimate; not an observed or recovered true suppressed count.
47095,Lake County,47,Tennessee,0.0,0.0,0.0,0.0,0.0,0.0,0.0,0.0,0.0,zero,zero,nonmetro_nonadjacent,Q4_highest,Constrained Bayesian posterior estimate; not an observed or recovered true suppressed count.
47097,Lauderdale County,47,Tennessee,8.190555555555555,8.0,6.0,9.0,5.452192082247,5.325345315360293,3.9940089865202193,5.99101347978033,1.0,suppressed_1_9,suppressed_1_9,nonmetro_adjacent,Q4_highest,Constrained Bayesian posterior estimate; not an observed or recovered true suppressed count.
47099,Lawrence County,47,Tennessee,8.138555555555556,8.0,6.0,9.0,2.9987529589590034,2.9477004252057863,2.2107753189043398,3.31616297835651,0.7633055555555556,suppressed_1_9,suppressed_1_9,nonmetro_adjacent,Q3,Constrained Bayesian posterior estimate; not an observed or recovered true suppressed count.
47101,Lewis County,47,Tennessee,2.8264722222222223,3.0,2.0,5.0,3.674130980803367,3.8996997231213197,2.599799815414213,6.499499538535533,0.5394444444444444,suppressed_1_9,suppressed_1_9,nonmetro_adjacent,Q3,Constrained Bayesian posterior estimate; not an observed or recovered true suppressed count.
47103,Lincoln County,47,Tennessee,13.0,13.0,13.0,13.0,6.095759695774702,6.095759695774701,6.095759695774701,6.095759695774701,1.0,exact,exact,nonmetro_adjacent,Q2,Constrained Bayesian posterior estimate; not an observed or recovered true suppressed count.
47105,Loudon County,47,Tennessee,18.0,18.0,18.0,18.0,5.193770937389091,5.1937709373890915,5.1937709373890915,5.1937709373890915,1.0,exact,exact,metro_other,Q1_lowest,Constrained Bayesian posterior estimate; not an observed or recovered true suppressed count.
47107,McMinn County,47,Tennessee,19.0,19.0,19.0,19.0,5.77135705867344,5.771357058673439,5.771357058673439,5.771357058673439,1.0,exact,exact,nonmetro_adjacent,Q3,Constrained Bayesian posterior estimate; not an observed or recovered true suppressed count.
47109,McNairy County,47,Tennessee,6.475194444444444,6.0,4.0,9.0,4.1640050702518545,3.858421648317728,2.572281098878485,5.787632472476592,0.9188611111111111,suppressed_1_9,suppressed_1_9,nonmetro_adjacent,Q2,Constrained Bayesian posterior estimate; not an observed or recovered true suppressed count.
47111,Macon County,47,Tennessee,6.172611111111111,6.0,4.0,9.0,3.9736390160301736,3.862520036822691,2.575013357881794,5.793780055234037,0.8837222222222222,suppressed_1_9,suppressed_1_9,metro_large,Q3,Constrained Bayesian posterior estimate; not an observed or recovered true suppressed count.
47113,Madison County,47,Tennessee,33.0,33.0,33.0,33.0,5.555873568520757,5.555873568520757,5.555873568520757,5.555873568520757,1.0,exact,exact,metro_other,Q4_highest,Constrained Bayesian posterior estimate; not an observed or recovered true suppressed count.
47115,Marion County,47,Tennessee,3.34775,3.0,2.0,6.0,1.9128906919604596,1.7141877606993885,1.1427918404662591,3.428375521398777,0.06333333333333334,suppressed_1_9,suppressed_1_9,metro_other,Q2,Constrained Bayesian posterior estimate; not an observed or recovered true suppressed count.
47117,Marshall County,47,Tennessee,11.0,11.0,11.0,11.0,5.1148278860416365,5.114827886041635,5.114827886041635,5.114827886041635,1.0,exact,exact,nonmetro_adjacent,Q2,Constrained Bayesian posterior estimate; not an observed or recovered true suppressed count.
47119,Maury County,47,Tennessee,22.0,22.0,22.0,22.0,3.475145600702611,3.475145600702611,3.475145600702611,3.475145600702611,1.0,exact,exact,metro_large,Q1_lowest,Constrained Bayesian posterior estimate; not an observed or recovered true suppressed count.
47121,Meigs County,47,Tennessee,3.9731944444444443,4.0,3.0,6.0,5.0355429380941725,5.069515734509461,3.8021368008820953,7.6042736017641905,1.0,suppressed_1_9,suppressed_1_9,nonmetro_adjacent,Q2,Constrained Bayesian posterior estimate; not an observed or recovered true suppressed count.
47123,Monroe County,47,Tennessee,18.0,18.0,18.0,18.0,6.295731494047034,6.295731494047036,6.295731494047036,6.295731494047036,1.0,exact,exact,nonmetro_adjacent,Q4_highest,Constrained Bayesian posterior estimate; not an observed or recovered true suppressed count.
47125,Montgomery County,47,Tennessee,29.0,29.0,29.0,29.0,2.113329864557418,2.113329864557418,2.113329864557418,2.113329864557418,0.0,exact,exact,metro_other,Q3,Constrained Bayesian posterior estimate; not an observed or recovered true suppressed count.
47127,Moore County,47,Tennessee,0.0,0.0,0.0,0.0,0.0,0.0,0.0,0.0,0.0,zero,zero,nonmetro_nonadjacent,Q1_lowest,Constrained Bayesian posterior estimate; not an observed or recovered true suppressed count.
47129,Morgan County,47,Tennessee,6.9726944444444445,7.0,5.0,9.0,5.4119439334708,5.433137481663161,3.8808124869022578,6.985462476424064,1.0,suppressed_1_9,suppressed_1_9,metro_other,Q3,Constrained Bayesian posterior estimate; not an observed or recovered true suppressed count.
47131,Obion County,47,Tennessee,13.0,13.0,13.0,13.0,7.153390707195213,7.153390707195211,7.153390707195211,7.153390707195211,1.0,exact,exact,nonmetro_nonadjacent,Q3,Constrained Bayesian posterior estimate; not an observed or recovered true suppressed count.
47133,Overton County,47,Tennessee,0.0,0.0,0.0,0.0,0.0,0.0,0.0,0.0,0.0,zero,zero,nonmetro_nonadjacent,Q2,Constrained Bayesian posterior estimate; not an observed or recovered true suppressed count.
47135,Perry County,47,Tennessee,0.0,0.0,0.0,0.0,0.0,0.0,0.0,0.0,0.0,zero,zero,nonmetro_nonadjacent,Q2,Constrained Bayesian posterior estimate; not an observed or recovered true suppressed count.
47137,Pickett County,47,Tennessee,2.30875,2.0,2.0,4.0,7.561986177983031,6.550718941403819,6.550718941403819,13.101437882807637,1.0,suppressed_1_9,suppressed_1_9,nonmetro_nonadjacent,Q2,Constrained Bayesian posterior estimate; not an observed or recovered true suppressed count.
47139,Polk County,47,Tennessee,7.784166666666667,8.0,6.0,9.0,7.3659989086240785,7.57023761083301,5.677678208124758,8.516517312187135,1.0,suppressed_1_9,suppressed_1_9,metro_other,Q3,Constrained Bayesian posterior estimate; not an observed or recovered true suppressed count.
47141,Putnam County,47,Tennessee,14.0,14.0,14.0,14.0,2.8369829092043877,2.8369829092043886,2.8369829092043886,2.8369829092043886,0.0,exact,exact,nonmetro_adjacent,Q3,Constrained Bayesian posterior estimate; not an observed or recovered true suppressed count.
47143,Rhea County,47,Tennessee,13.0,13.0,13.0,13.0,6.43058186872709,6.43058186872709,6.43058186872709,6.43058186872709,1.0,exact,exact,nonmetro_adjacent,Q3,Constrained Bayesian posterior estimate; not an observed or recovered true suppressed count.
47145,Roane County,47,Tennessee,21.0,21.0,21.0,21.0,6.38036064228964,6.380360642289638,6.380360642289638,6.380360642289638,1.0,exact,exact,metro_other,Q2,Constrained Bayesian posterior estimate; not an observed or recovered true suppressed count.
47147,Robertson County,47,Tennessee,12.0,12.0,12.0,12.0,2.6732547544949674,2.6732547544949665,2.6732547544949665,2.6732547544949665,0.0,exact,exact,metro_large,Q2,Constrained Bayesian posterior estimate; not an observed or recovered true suppressed count.
47149,Rutherford County,47,Tennessee,46.0,46.0,46.0,46.0,2.1612032076014214,2.1612032076014214,2.1612032076014214,2.1612032076014214,0.0,exact,exact,metro_large,Q2,Constrained Bayesian posterior estimate; not an observed or recovered true suppressed count.
47151,Scott County,47,Tennessee,10.0,10.0,10.0,10.0,7.530233889064592,7.5302338890645935,7.5302338890645935,7.5302338890645935,1.0,exact,exact,nonmetro_adjacent,Q3,Constrained Bayesian posterior estimate; not an observed or recovered true suppressed count.
47153,Sequatchie County,47,Tennessee,4.42525,4.0,3.0,7.0,4.502329887677031,4.069672798307016,3.0522545987302623,7.121927397037278,1.0,suppressed_1_9,suppressed_1_9,metro_other,Q3,Constrained Bayesian posterior estimate; not an observed or recovered true suppressed count.
47155,Sevier County,47,Tennessee,20.0,20.0,20.0,20.0,3.359091970258598,3.3590919702585995,3.3590919702585995,3.3590919702585995,1.0,exact,exact,nonmetro_adjacent,Q3,Constrained Bayesian posterior estimate; not an observed or recovered true suppressed count.
47157,Shelby County,47,Tennessee,202.0,202.0,202.0,202.0,3.6497801097824953,3.649780109782495,3.649780109782495,3.649780109782495,1.0,exact,exact,metro_large,Q4_highest,Constrained Bayesian posterior estimate; not an observed or recovered true suppressed count.
47159,Smith County,47,Tennessee,6.683111111111111,7.0,5.0,9.0,5.458987707566417,5.717833104620009,4.084166503300007,7.351499705940012,1.0,suppressed_1_9,suppressed_1_9,metro_large,Q2,Constrained Bayesian posterior estimate; not an observed or recovered true suppressed count.
47161,Stewart County,47,Tennessee,1.3686944444444444,1.0,1.0,3.0,1.6284094709693449,1.1897538399305183,1.1897538399305183,3.5692615197915547,0.06572222222222222,suppressed_1_9,suppressed_1_9,metro_other,Q2,Constrained Bayesian posterior estimate; not an observed or recovered true suppressed count.
47163,Sullivan County,47,Tennessee,34.0,34.0,34.0,34.0,3.5342080151679904,3.534208015167989,3.534208015167989,3.534208015167989,1.0,exact,exact,metro_other,Q2,Constrained Bayesian posterior estimate; not an observed or recovered true suppressed count.
47165,Sumner County,47,Tennessee,34.0,34.0,34.0,34.0,2.8076573072584545,2.807657307258455,2.807657307258455,2.807657307258455,0.0,exact,exact,metro_large,Q2,Constrained Bayesian posterior estimate; not an observed or recovered true suppressed count.
47167,Tipton County,47,Tennessee,15.0,15.0,15.0,15.0,4.049905637198655,4.049905637198654,4.049905637198654,4.049905637198654,1.0,exact,exact,metro_large,Q2,Constrained Bayesian posterior estimate; not an observed or recovered true suppressed count.
47169,Trousdale County,47,Tennessee,3.421527777777778,3.0,3.0,5.0,4.797767338957831,4.206688634929538,4.206688634929538,7.011147724882563,1.0,suppressed_1_9,suppressed_1_9,metro_large,Q1_lowest,Constrained Bayesian posterior estimate; not an observed or recovered true suppressed count.
47171,Unicoi County,47,Tennessee,3.082333333333333,3.0,2.0,6.0,2.890464312283926,2.813256062566815,1.87550404171121,5.62651212513363,0.29727777777777775,suppressed_1_9,suppressed_1_9,metro_other,Q3,Constrained Bayesian posterior estimate; not an observed or recovered true suppressed count.
47173,Union County,47,Tennessee,5.721722222222223,6.0,4.0,9.0,4.672471926424366,4.899719082772588,3.2664793885150583,7.349578624158882,1.0,suppressed_1_9,suppressed_1_9,metro_other,Q2,Constrained Bayesian posterior estimate; not an observed or recovered true suppressed count.
47175,Van Buren County,47,Tennessee,1.1485,1.0,1.0,2.0,3.042303515138672,2.648936452014516,2.648936452014516,5.297872904029032,0.13208333333333333,suppressed_1_9,suppressed_1_9,nonmetro_nonadjacent,Q3,Constrained Bayesian posterior estimate; not an observed or recovered true suppressed count.
47177,Warren County,47,Tennessee,14.0,14.0,14.0,14.0,5.540429304122081,5.540429304122079,5.540429304122079,5.540429304122079,1.0,exact,exact,nonmetro_adjacent,Q4_highest,Constrained Bayesian posterior estimate; not an observed or recovered true suppressed count.
47179,Washington County,47,Tennessee,21.0,21.0,21.0,21.0,2.598328161422993,2.598328161422993,2.598328161422993,2.598328161422993,0.0,exact,exact,metro_other,Q3,Constrained Bayesian posterior estimate; not an observed or recovered true suppressed count.
47181,Wayne County,47,Tennessee,2.8126944444444444,3.0,2.0,5.0,2.871444192625564,3.062662065867652,2.0417747105784345,5.104436776446087,0.5248611111111111,suppressed_1_9,suppressed_1_9,nonmetro_adjacent,Q3,Constrained Bayesian posterior estimate; not an observed or recovered true suppressed count.
47183,Weakley County,47,Tennessee,11.0,11.0,11.0,11.0,5.52744375825976,5.52744375825976,5.52744375825976,5.52744375825976,1.0,exact,exact,nonmetro_adjacent,Q3,Constrained Bayesian posterior estimate; not an observed or recovered true suppressed count.
47185,White County,47,Tennessee,5.456833333333333,5.0,3.0,9.0,3.2372087688699582,2.966197216520532,1.7797183299123194,5.339154989736957,0.6942777777777778,suppressed_1_9,suppressed_1_9,nonmetro_nonadjacent,Q3,Constrained Bayesian posterior estimate; not an observed or recovered true suppressed count.
47187,Williamson County,47,Tennessee,30.0,30.0,30.0,30.0,1.955791293599478,1.9557912935994775,1.9557912935994775,1.9557912935994775,0.0,exact,exact,metro_large,Q1_lowest,Constrained Bayesian posterior estimate; not an observed or recovered true suppressed count.
47189,Wilson County,47,Tennessee,17.0,17.0,17.0,17.0,1.8145314079376147,1.8145314079376145,1.8145314079376145,1.8145314079376145,0.0,exact,exact,metro_large,Q1_lowest,Constrained Bayesian posterior estimate; not an observed or recovered true suppressed count.
48001,Anderson County,48,Texas,11.0,11.0,11.0,11.0,3.1495702268263206,3.149570226826321,3.149570226826321,3.149570226826321,1.0,exact,exact,nonmetro_nonadjacent,Q4_highest,Constrained Bayesian posterior estimate; not an observed or recovered true suppressed count.
48003,Andrews County,48,Texas,5.395361111111111,5.0,4.0,8.0,4.819653500478905,4.466479074545536,3.573183259636428,7.146366519272856,1.0,suppressed_1_9,suppressed_1_9,nonmetro_adjacent,Q3,Constrained Bayesian posterior estimate; not an observed or recovered true suppressed count.
48005,Angelina County,48,Texas,34.0,34.0,34.0,34.0,6.5067909846497125,6.506790984649714,6.506790984649714,6.506790984649714,1.0,exact,exact,nonmetro_nonadjacent,Q4_highest,Constrained Bayesian posterior estimate; not an observed or recovered true suppressed count.
48007,Aransas County,48,Texas,8.13075,8.0,6.0,9.0,5.503157424516232,5.414661549811502,4.060996162358626,6.09149424353794,1.0,suppressed_1_9,suppressed_1_9,metro_other,Q4_highest,Constrained Bayesian posterior estimate; not an observed or recovered true suppressed count.
48009,Archer County,48,Texas,1.1553333333333333,1.0,1.0,2.0,2.1805736431182323,1.8873978445916615,1.8873978445916615,3.774795689183323,0.13733333333333334,suppressed_1_9,suppressed_1_9,metro_other,Q2,Constrained Bayesian posterior estimate; not an observed or recovered true suppressed count.
48011,Armstrong County,48,Texas,0.0,0.0,0.0,0.0,0.0,0.0,0.0,0.0,0.0,zero,zero,metro_other,Q1_lowest,Constrained Bayesian posterior estimate; not an observed or recovered true suppressed count.
48013,Atascosa County,48,Texas,19.0,19.0,19.0,19.0,6.163888050816392,6.163888050816391,6.163888050816391,6.163888050816391,1.0,exact,exact,metro_large,Q4_highest,Constrained Bayesian posterior estimate; not an observed or recovered true suppressed count.
48015,Austin County,48,Texas,4.864416666666667,5.0,3.0,8.0,2.6194463590804005,2.6924568129927198,1.6154740877956317,4.307930900788351,0.29577777777777775,suppressed_1_9,suppressed_1_9,metro_large,Q3,Constrained Bayesian posterior estimate; not an observed or recovered true suppressed count.
48017,Bailey County,48,Texas,0.0,0.0,0.0,0.0,0.0,0.0,0.0,0.0,0.0,zero,zero,nonmetro_adjacent,Q4_highest,Constrained Bayesian posterior estimate; not an observed or recovered true suppressed count.
48019,Bandera County,48,Texas,4.499527777777778,4.0,3.0,8.0,3.3055596369216707,2.938583602703497,2.2039377020276225,5.877167205406994,0.7533888888888889,suppressed_1_9,suppressed_1_9,metro_large,Q3,Constrained Bayesian posterior estimate; not an observed or recovered true suppressed count.
48021,Bastrop County,48,Texas,22.0,22.0,22.0,22.0,3.5814344947491303,3.5814344947491286,3.5814344947491286,3.5814344947491286,1.0,exact,exact,metro_large,Q4_highest,Constrained Bayesian posterior estimate; not an observed or recovered true suppressed count.
48023,Baylor County,48,Texas,4.279388888888889,4.0,4.0,6.0,20.411088852851712,19.078508060669655,19.078508060669655,28.617762091004483,1.0,suppressed_1_9,suppressed_1_9,nonmetro_nonadjacent,Q2,Constrained Bayesian posterior estimate; not an observed or recovered true suppressed count.
48025,Bee County,48,Texas,4.627416666666667,4.0,3.0,8.0,2.4552276553900136,2.1223311685555415,1.591748376416656,4.244662337111083,0.2365,suppressed_1_9,suppressed_1_9,nonmetro_adjacent,Q4_highest,Constrained Bayesian posterior estimate; not an observed or recovered true suppressed count.
48027,Bell County,48,Texas,89.0,89.0,89.0,89.0,3.8803204534307056,3.8803204534307048,3.8803204534307048,3.8803204534307048,1.0,exact,exact,metro_other,Q4_highest,Constrained Bayesian posterior estimate; not an observed or recovered true suppressed count.
48029,Bexar County,48,Texas,446.0,446.0,446.0,446.0,3.6161500504436717,3.6161500504436717,3.6161500504436717,3.6161500504436717,1.0,exact,exact,metro_large,Q4_highest,Constrained Bayesian posterior estimate; not an observed or recovered true suppressed count.
48031,Blanco County,48,Texas,2.515527777777778,2.0,2.0,4.0,3.3580667170975533,2.669870511280203,2.669870511280203,5.339741022560406,0.3963333333333333,suppressed_1_9,suppressed_1_9,nonmetro_adjacent,Q1_lowest,Constrained Bayesian posterior estimate; not an observed or recovered true suppressed count.
48033,Borden County,48,Texas,0.0,0.0,0.0,0.0,0.0,0.0,0.0,0.0,0.0,zero,zero,nonmetro_nonadjacent,Q1_lowest,Constrained Bayesian posterior estimate; not an observed or recovered true suppressed count.
48035,Bosque County,48,Texas,5.762888888888889,6.0,4.0,9.0,5.1227045066880805,5.3334755593482495,3.5556503728988327,8.000213339022373,1.0,suppressed_1_9,suppressed_1_9,metro_other,Q3,Constrained Bayesian posterior estimate; not an observed or recovered true suppressed count.
48037,Bowie County,48,Texas,24.0,24.0,24.0,24.0,4.324160707432691,4.324160707432692,4.324160707432692,4.324160707432692,1.0,exact,exact,metro_other,Q4_highest,Constrained Bayesian posterior estimate; not an observed or recovered true suppressed count.
48039,Brazoria County,48,Texas,42.0,42.0,42.0,42.0,1.7988584957945262,1.798858495794526,1.798858495794526,1.798858495794526,0.0,exact,exact,metro_large,Q3,Constrained Bayesian posterior estimate; not an observed or recovered true suppressed count.
48041,Brazos County,48,Texas,33.0,33.0,33.0,33.0,2.299428835813117,2.2994288358131163,2.2994288358131163,2.2994288358131163,0.0,exact,exact,metro_other,Q4_highest,Constrained Bayesian posterior estimate; not an observed or recovered true suppressed count.
48043,Brewster County,48,Texas,2.461777777777778,2.0,2.0,4.0,4.376182631951112,3.5553027340278027,3.5553027340278027,7.1106054680556054,1.0,suppressed_1_9,suppressed_1_9,nonmetro_nonadjacent,Q3,Constrained Bayesian posterior estimate; not an observed or recovered true suppressed count.
48045,Briscoe County,48,Texas,0.0,0.0,0.0,0.0,0.0,0.0,0.0,0.0,0.0,zero,zero,nonmetro_adjacent,Q3,Constrained Bayesian posterior estimate; not an observed or recovered true suppressed count.
48047,Brooks County,48,Texas,2.300611111111111,2.0,2.0,4.0,5.537636565437744,4.814057046576002,4.814057046576002,9.628114093152004,1.0,suppressed_1_9,suppressed_1_9,nonmetro_nonadjacent,Q4_highest,Constrained Bayesian posterior estimate; not an observed or recovered true suppressed count.
48049,Brown County,48,Texas,12.0,12.0,12.0,12.0,5.2309918832442595,5.230991883244261,5.230991883244261,5.230991883244261,1.0,exact,exact,nonmetro_nonadjacent,Q4_highest,Constrained Bayesian posterior estimate; not an observed or recovered true suppressed count.
48051,Burleson County,48,Texas,4.344555555555556,4.0,3.0,7.0,3.8339162501924253,3.529858187947299,2.647393640960474,6.177251828907773,0.7153333333333334,suppressed_1_9,suppressed_1_9,metro_other,Q3,Constrained Bayesian posterior estimate; not an observed or recovered true suppressed count.
48053,Burnet County,48,Texas,8.141444444444444,8.0,6.0,9.0,2.618021411372688,2.572537518851876,1.9294031391389073,2.8941047087083613,0.0,suppressed_1_9,suppressed_1_9,nonmetro_adjacent,Q3,Constrained Bayesian posterior estimate; not an observed or recovered true suppressed count.
48055,Caldwell County,48,Texas,18.0,18.0,18.0,18.0,6.325310730889655,6.325310730889655,6.325310730889655,6.325310730889655,1.0,exact,exact,metro_large,Q4_highest,Constrained Bayesian posterior estimate; not an observed or recovered true suppressed count.
48057,Calhoun County,48,Texas,2.8970277777777778,3.0,2.0,5.0,2.3870962721261826,2.4719434419340485,1.647962294622699,4.119905736556747,0.22602777777777777,suppressed_1_9,suppressed_1_9,nonmetro_adjacent,Q3,Constrained Bayesian posterior estimate; not an observed or recovered true suppressed count.
48059,Callahan County,48,Texas,6.254833333333333,6.0,5.0,9.0,7.326992085153903,7.0284770461653805,5.857064205137816,10.54271556924807,1.0,suppressed_1_9,suppressed_1_9,metro_other,Q2,Constrained Bayesian posterior estimate; not an observed or recovered true suppressed count.
48061,Cameron County,48,Texas,70.0,70.0,70.0,70.0,2.7406227634560665,2.7406227634560665,2.7406227634560665,2.7406227634560665,0.0,exact,exact,metro_other,Q4_highest,Constrained Bayesian posterior estimate; not an observed or recovered true suppressed count.
48063,Camp County,48,Texas,4.013916666666667,4.0,3.0,7.0,5.169242326679546,5.1513200257566005,3.86349001931745,9.01481004507405,1.0,suppressed_1_9,suppressed_1_9,nonmetro_adjacent,Q4_highest,Constrained Bayesian posterior estimate; not an observed or recovered true suppressed count.
48065,Carson County,48,Texas,1.1022777777777777,1.0,1.0,2.0,3.148465517788569,2.8563267637817766,2.8563267637817766,5.712653527563553,0.09641666666666666,suppressed_1_9,suppressed_1_9,metro_other,Q1_lowest,Constrained Bayesian posterior estimate; not an observed or recovered true suppressed count.
48067,Cass County,48,Texas,12.0,12.0,12.0,12.0,6.885274119975903,6.885274119975901,6.885274119975901,6.885274119975901,1.0,exact,exact,nonmetro_adjacent,Q4_highest,Constrained Bayesian posterior estimate; not an observed or recovered true suppressed count.
48069,Castro County,48,Texas,1.15425,1.0,1.0,2.0,2.611129962673906,2.2621875353466803,2.2621875353466803,4.5243750706933605,0.1361111111111111,suppressed_1_9,suppressed_1_9,nonmetro_nonadjacent,Q4_highest,Constrained Bayesian posterior estimate; not an observed or recovered true suppressed count.
48071,Chambers County,48,Texas,7.457611111111111,8.0,5.0,9.0,2.48889853024884,2.6699150633270476,1.6686969145794048,3.003654446242929,0.23658333333333334,suppressed_1_9,suppressed_1_9,metro_large,Q2,Constrained Bayesian posterior estimate; not an observed or recovered true suppressed count.
48073,Cherokee County,48,Texas,15.0,15.0,15.0,15.0,4.781592780432447,4.781592780432447,4.781592780432447,4.781592780432447,1.0,exact,exact,nonmetro_adjacent,Q4_highest,Constrained Bayesian posterior estimate; not an observed or recovered true suppressed count.
48075,Childress County,48,Texas,2.2132222222222224,2.0,2.0,3.0,5.338082106611567,4.823810327777911,4.823810327777911,7.235715491666867,1.0,suppressed_1_9,suppressed_1_9,nonmetro_nonadjacent,Q3,Constrained Bayesian posterior estimate; not an observed or recovered true suppressed count.
48077,Clay County,48,Texas,2.334388888888889,2.0,2.0,4.0,3.6914337722396167,3.1626553654448273,3.1626553654448273,6.325310730889655,1.0,suppressed_1_9,suppressed_1_9,metro_other,Q1_lowest,Constrained Bayesian posterior estimate; not an observed or recovered true suppressed count.
48079,Cochran County,48,Texas,0.0,0.0,0.0,0.0,0.0,0.0,0.0,0.0,0.0,zero,zero,metro_other,Q4_highest,Constrained Bayesian posterior estimate; not an observed or recovered true suppressed count.
48081,Coke County,48,Texas,0.0,0.0,0.0,0.0,0.0,0.0,0.0,0.0,0.0,zero,zero,nonmetro_adjacent,Q3,Constrained Bayesian posterior estimate; not an observed or recovered true suppressed count.
48083,Coleman County,48,Texas,4.7748333333333335,5.0,4.0,7.0,10.011811904162823,10.483938606055522,8.387150884844418,14.677514048477732,1.0,suppressed_1_9,suppressed_1_9,nonmetro_adjacent,Q3,Constrained Bayesian posterior estimate; not an observed or recovered true suppressed count.
48085,Collin County,48,Texas,103.0,103.0,103.0,103.0,1.5091632583508743,1.5091632583508743,1.5091632583508743,1.5091632583508743,0.0,exact,exact,metro_large,Q2,Constrained Bayesian posterior estimate; not an observed or recovered true suppressed count.
48087,Collingsworth County,48,Texas,0.0,0.0,0.0,0.0,0.0,0.0,0.0,0.0,0.0,zero,zero,nonmetro_nonadjacent,Q4_highest,Constrained Bayesian posterior estimate; not an observed or recovered true suppressed count.
48089,Colorado County,48,Texas,7.2985,7.0,5.0,9.0,5.743277803571007,5.508384548194431,3.9345603915674503,7.082208704821411,1.0,suppressed_1_9,suppressed_1_9,nonmetro_adjacent,Q4_highest,Constrained Bayesian posterior estimate; not an observed or recovered true suppressed count.
48091,Comal County,48,Texas,23.0,23.0,23.0,23.0,2.137139299668743,2.1371392996687435,2.1371392996687435,2.1371392996687435,0.0,exact,exact,metro_large,Q2,Constrained Bayesian posterior estimate; not an observed or recovered true suppressed count.
48093,Comanche County,48,Texas,1.3086944444444444,1.0,1.0,3.0,1.568294180071715,1.1983654295540882,1.1983654295540882,3.595096288662265,0.050833333333333335,suppressed_1_9,suppressed_1_9,nonmetro_nonadjacent,Q3,Constrained Bayesian posterior estimate; not an observed or recovered true suppressed count.
48095,Concho County,48,Texas,1.0580277777777778,1.0,1.0,2.0,5.610795873032709,5.30307047780665,5.30307047780665,10.6061409556133,1.0,suppressed_1_9,suppressed_1_9,nonmetro_adjacent,Q4_highest,Constrained Bayesian posterior estimate; not an observed or recovered true suppressed count.
48097,Cooke County,48,Texas,7.871861111111111,8.0,5.0,9.0,3.0751379426491927,3.125195324707794,1.9532470779423714,3.5158447402962683,0.6659722222222222,suppressed_1_9,suppressed_1_9,nonmetro_adjacent,Q3,Constrained Bayesian posterior estimate; not an observed or recovered true suppressed count.
48099,Coryell County,48,Texas,16.0,16.0,16.0,16.0,3.243955598357749,3.2439555983577475,3.2439555983577475,3.2439555983577475,1.0,exact,exact,metro_other,Q4_highest,Constrained Bayesian posterior estimate; not an observed or recovered true suppressed count.
48101,Cottle County,48,Texas,0.0,0.0,0.0,0.0,0.0,0.0,0.0,0.0,0.0,zero,zero,nonmetro_nonadjacent,Q3,Constrained Bayesian posterior estimate; not an observed or recovered true suppressed count.
48103,Crane County,48,Texas,1.0908055555555556,1.0,1.0,2.0,3.901865630117169,3.5770496494491346,3.5770496494491346,7.154099298898269,1.0,suppressed_1_9,suppressed_1_9,nonmetro_adjacent,Q3,Constrained Bayesian posterior estimate; not an observed or recovered true suppressed count.
48105,Crockett County,48,Texas,1.0566666666666666,1.0,1.0,2.0,5.667292392956108,5.363368195226602,5.363368195226602,10.726736390453205,1.0,suppressed_1_9,suppressed_1_9,nonmetro_adjacent,Q2,Constrained Bayesian posterior estimate; not an observed or recovered true suppressed count.
48107,Crosby County,48,Texas,0.0,0.0,0.0,0.0,0.0,0.0,0.0,0.0,0.0,zero,zero,metro_other,Q4_highest,Constrained Bayesian posterior estimate; not an observed or recovered true suppressed count.
48109,Culberson County,48,Texas,1.0513055555555555,1.0,1.0,2.0,8.014221341329133,7.623113279463333,7.623113279463333,15.246226558926667,1.0,suppressed_1_9,suppressed_1_9,nonmetro_nonadjacent,Q4_highest,Constrained Bayesian posterior estimate; not an observed or recovered true suppressed count.
48111,Dallam County,48,Texas,2.21625,2.0,2.0,3.0,5.067335833180903,4.572891896835559,4.572891896835559,6.859337845253338,1.0,suppressed_1_9,suppressed_1_9,nonmetro_nonadjacent,Q3,Constrained Bayesian posterior estimate; not an observed or recovered true suppressed count.
48113,Dallas County,48,Texas,378.0,378.0,378.0,378.0,2.4044761422533876,2.4044761422533885,2.4044761422533885,2.4044761422533885,0.0,exact,exact,metro_large,Q4_highest,Constrained Bayesian posterior estimate; not an observed or recovered true suppressed count.
48115,Dawson County,48,Texas,7.184027777777778,7.0,6.0,9.0,9.707227394405635,9.458564730363344,8.107341197454295,12.161011796181443,1.0,suppressed_1_9,suppressed_1_9,nonmetro_adjacent,Q4_highest,Constrained Bayesian posterior estimate; not an observed or recovered true suppressed count.
48117,Deaf Smith County,48,Texas,4.080333333333333,4.0,3.0,7.0,3.6969252188829786,3.624140399199065,2.7181052993992987,6.342245698598363,0.63975,suppressed_1_9,suppressed_1_9,nonmetro_adjacent,Q3,Constrained Bayesian posterior estimate; not an observed or recovered true suppressed count.
48119,Delta County,48,Texas,2.2394166666666666,2.0,2.0,3.0,6.859907081227347,6.126512482769184,6.126512482769184,9.189768724153776,1.0,suppressed_1_9,suppressed_1_9,nonmetro_adjacent,Q2,Constrained Bayesian posterior estimate; not an observed or recovered true suppressed count.
48121,Denton County,48,Texas,111.0,111.0,111.0,111.0,1.9209862031655769,1.9209862031655776,1.9209862031655776,1.9209862031655776,0.0,exact,exact,metro_large,Q2,Constrained Bayesian posterior estimate; not an observed or recovered true suppressed count.
48123,DeWitt County,48,Texas,5.839277777777777,6.0,4.0,9.0,4.8577661310076765,4.991472900461711,3.327648600307808,7.4872093506925665,1.0,suppressed_1_9,suppressed_1_9,nonmetro_adjacent,Q4_highest,Constrained Bayesian posterior estimate; not an observed or recovered true suppressed count.
48125,Dickens County,48,Texas,1.05575,1.0,1.0,2.0,9.381942593086293,8.88651915044877,8.88651915044877,17.77303830089754,1.0,suppressed_1_9,suppressed_1_9,nonmetro_adjacent,Q4_highest,Constrained Bayesian posterior estimate; not an observed or recovered true suppressed count.
48127,Dimmit County,48,Texas,1.1961388888888889,1.0,1.0,2.0,2.242185856540929,1.8745196543385758,1.8745196543385758,3.7490393086771516,0.17119444444444445,suppressed_1_9,suppressed_1_9,nonmetro_nonadjacent,Q4_highest,Constrained Bayesian posterior estimate; not an observed or recovered true suppressed count.
48129,Donley County,48,Texas,1.0690833333333334,1.0,1.0,2.0,5.454506802721088,5.1020408163265305,5.1020408163265305,10.204081632653061,1.0,suppressed_1_9,suppressed_1_9,nonmetro_adjacent,Q2,Constrained Bayesian posterior estimate; not an observed or recovered true suppressed count.
48131,Duval County,48,Texas,4.9142222222222225,5.0,4.0,7.0,8.049767760159583,8.190276503734765,6.552221202987813,11.466387105228671,1.0,suppressed_1_9,suppressed_1_9,nonmetro_nonadjacent,Q4_highest,Constrained Bayesian posterior estimate; not an observed or recovered true suppressed count.
48133,Eastland County,48,Texas,3.0711944444444446,3.0,2.0,6.0,2.8206372385445335,2.7552510492914415,1.8368340328609607,5.510502098582883,0.28783333333333333,suppressed_1_9,suppressed_1_9,nonmetro_adjacent,Q4_highest,Constrained Bayesian posterior estimate; not an observed or recovered true suppressed count.
48135,Ector County,48,Texas,27.0,27.0,27.0,27.0,2.7261712439418417,2.7261712439418417,2.7261712439418417,2.7261712439418417,0.0,exact,exact,metro_other,Q4_highest,Constrained Bayesian posterior estimate; not an observed or recovered true suppressed count.
48137,Edwards County,48,Texas,1.0391944444444445,1.0,1.0,2.0,10.94926187382198,10.536297545042672,10.536297545042672,21.072595090085343,1.0,suppressed_1_9,suppressed_1_9,nonmetro_nonadjacent,Q3,Constrained Bayesian posterior estimate; not an observed or recovered true suppressed count.
48139,Ellis County,48,Texas,25.0,25.0,25.0,25.0,2.005355100259734,2.0053551002597336,2.0053551002597336,2.0053551002597336,0.0,exact,exact,metro_large,Q3,Constrained Bayesian posterior estimate; not an observed or recovered true suppressed count.
48141,El Paso County,48,Texas,160.0,160.0,160.0,160.0,3.099034689432175,3.0990346894321754,3.0990346894321754,3.0990346894321754,1.0,exact,exact,metro_other,Q4_highest,Constrained Bayesian posterior estimate; not an observed or recovered true suppressed count.
48143,Erath County,48,Texas,2.0508055555555558,2.0,1.0,5.0,0.7830909462726362,0.7636910716876809,0.38184553584384046,1.9092276792192024,0.0018055555555555555,suppressed_1_9,suppressed_1_9,nonmetro_nonadjacent,Q4_highest,Constrained Bayesian posterior estimate; not an observed or recovered true suppressed count.
48145,Falls County,48,Texas,4.3405,4.0,3.0,7.0,4.1746816450582855,3.8471896279767632,2.885392220982572,6.7325818489593345,0.707,suppressed_1_9,suppressed_1_9,metro_other,Q4_highest,Constrained Bayesian posterior estimate; not an observed or recovered true suppressed count.
48147,Fannin County,48,Texas,12.0,12.0,12.0,12.0,5.421474460337395,5.4214744603373966,5.4214744603373966,5.4214744603373966,1.0,exact,exact,nonmetro_adjacent,Q3,Constrained Bayesian posterior estimate; not an observed or recovered true suppressed count.
48149,Fayette County,48,Texas,6.393583333333333,6.0,4.0,9.0,4.22144091204208,3.961572744379519,2.6410484962530125,5.9423591165692775,0.9106666666666666,suppressed_1_9,suppressed_1_9,nonmetro_adjacent,Q3,Constrained Bayesian posterior estimate; not an observed or recovered true suppressed count.
48151,Fisher County,48,Texas,2.15025,2.0,2.0,3.0,9.677528241595029,9.001305189252442,9.001305189252442,13.50195778387866,1.0,suppressed_1_9,suppressed_1_9,nonmetro_adjacent,Q2,Constrained Bayesian posterior estimate; not an observed or recovered true suppressed count.
48153,Floyd County,48,Texas,0.0,0.0,0.0,0.0,0.0,0.0,0.0,0.0,0.0,zero,zero,nonmetro_adjacent,Q4_highest,Constrained Bayesian posterior estimate; not an observed or recovered true suppressed count.
48155,Foard County,48,Texas,0.0,0.0,0.0,0.0,0.0,0.0,0.0,0.0,0.0,zero,zero,nonmetro_nonadjacent,Q3,Constrained Bayesian posterior estimate; not an observed or recovered true suppressed count.
48157,Fort Bend County,48,Texas,70.0,70.0,70.0,70.0,1.327195622377959,1.327195622377959,1.327195622377959,1.327195622377959,0.0,exact,exact,metro_large,Q2,Constrained Bayesian posterior estimate; not an observed or recovered true suppressed count.
48159,Franklin County,48,Texas,2.415138888888889,2.0,2.0,4.0,3.757508967543974,3.1116297160637885,3.1116297160637885,6.223259432127577,1.0,suppressed_1_9,suppressed_1_9,nonmetro_nonadjacent,Q2,Constrained Bayesian posterior estimate; not an observed or recovered true suppressed count.
48161,Freestone County,48,Texas,3.0104166666666665,3.0,2.0,6.0,2.500325301838578,2.4916736571955385,1.6611157714636922,4.983347314391077,0.26663888888888887,suppressed_1_9,suppressed_1_9,nonmetro_nonadjacent,Q4_highest,Constrained Bayesian posterior estimate; not an observed or recovered true suppressed count.
48163,Frio County,48,Texas,1.3525833333333332,1.0,1.0,3.0,1.1818838490194534,0.873797436278322,0.873797436278322,2.6213923088349658,0.010527777777777778,suppressed_1_9,suppressed_1_9,nonmetro_adjacent,Q4_highest,Constrained Bayesian posterior estimate; not an observed or recovered true suppressed count.
48165,Gaines County,48,Texas,2.7484166666666665,3.0,2.0,5.0,2.0668050343788615,2.2559953075297603,1.5039968716865069,3.759992179216267,0.17683333333333334,suppressed_1_9,suppressed_1_9,nonmetro_adjacent,Q3,Constrained Bayesian posterior estimate; not an observed or recovered true suppressed count.
48167,Galveston County,48,Texas,66.0,66.0,66.0,66.0,3.1006907023440275,3.1006907023440284,3.1006907023440284,3.1006907023440284,1.0,exact,exact,metro_large,Q3,Constrained Bayesian posterior estimate; not an observed or recovered true suppressed count.
48169,Garza County,48,Texas,0.0,0.0,0.0,0.0,0.0,0.0,0.0,0.0,0.0,zero,zero,metro_other,Q3,Constrained Bayesian posterior estimate; not an observed or recovered true suppressed count.
48171,Gillespie County,48,Texas,22.0,22.0,22.0,22.0,13.364598393818262,13.364598393818266,13.364598393818266,13.364598393818266,1.0,exact,exact,nonmetro_nonadjacent,Q3,Constrained Bayesian posterior estimate; not an observed or recovered true suppressed count.
48173,Glasscock County,48,Texas,1.0129722222222222,1.0,1.0,1.0,13.587823235710557,13.41381623071764,13.41381623071764,13.41381623071764,1.0,suppressed_1_9,suppressed_1_9,nonmetro_adjacent,Q2,Constrained Bayesian posterior estimate; not an observed or recovered true suppressed count.
48175,Goliad County,48,Texas,0.0,0.0,0.0,0.0,0.0,0.0,0.0,0.0,0.0,zero,zero,metro_other,Q3,Constrained Bayesian posterior estimate; not an observed or recovered true suppressed count.
48177,Gonzales County,48,Texas,6.044555555555555,6.0,4.0,9.0,4.986105153558216,4.949351634935823,3.2995677566238824,7.4240274524037355,1.0,suppressed_1_9,suppressed_1_9,nonmetro_adjacent,Q4_highest,Constrained Bayesian posterior estimate; not an observed or recovered true suppressed count.
48179,Gray County,48,Texas,3.0331111111111113,3.0,2.0,6.0,2.380908771369785,2.354917460143022,1.5699449734286812,4.709834920286044,0.2791666666666667,suppressed_1_9,suppressed_1_9,nonmetro_adjacent,Q4_highest,Constrained Bayesian posterior estimate; not an observed or recovered true suppressed count.
48181,Grayson County,48,Texas,38.0,38.0,38.0,38.0,4.447378153542219,4.44737815354222,4.44737815354222,4.44737815354222,1.0,exact,exact,metro_other,Q3,Constrained Bayesian posterior estimate; not an observed or recovered true suppressed count.
48183,Gregg County,48,Texas,33.0,33.0,33.0,33.0,4.395662945893386,4.395662945893386,4.395662945893386,4.395662945893386,1.0,exact,exact,metro_other,Q4_highest,Constrained Bayesian posterior estimate; not an observed or recovered true suppressed count.
48185,Grimes County,48,Texas,5.326083333333333,5.0,3.0,9.0,2.8732640293759584,2.6973517400616074,1.6184110440369646,4.855233132110893,0.4246666666666667,suppressed_1_9,suppressed_1_9,nonmetro_adjacent,Q4_highest,Constrained Bayesian posterior estimate; not an observed or recovered true suppressed count.
48187,Guadalupe County,48,Texas,38.0,38.0,38.0,38.0,3.5156831851349515,3.5156831851349515,3.5156831851349515,3.5156831851349515,1.0,exact,exact,metro_large,Q3,Constrained Bayesian posterior estimate; not an observed or recovered true suppressed count.
48189,Hale County,48,Texas,5.258694444444444,5.0,3.0,9.0,2.711771517496529,2.5783695422362714,1.5470217253417626,4.641065176025289,0.40155555555555555,suppressed_1_9,suppressed_1_9,nonmetro_adjacent,Q4_highest,Constrained Bayesian posterior estimate; not an observed or recovered true suppressed count.
48191,Hall County,48,Texas,4.308916666666667,4.0,4.0,6.0,25.04601643028753,23.250406882120437,23.250406882120437,34.87561032318065,1.0,suppressed_1_9,suppressed_1_9,nonmetro_nonadjacent,Q4_highest,Constrained Bayesian posterior estimate; not an observed or recovered true suppressed count.
48193,Hamilton County,48,Texas,2.432638888888889,2.0,2.0,4.0,4.787905229272731,3.9363879703983624,3.9363879703983624,7.872775940796725,1.0,suppressed_1_9,suppressed_1_9,nonmetro_adjacent,Q3,Constrained Bayesian posterior estimate; not an observed or recovered true suppressed count.
48195,Hansford County,48,Texas,1.06575,1.0,1.0,2.0,3.430709802028006,3.2190568163528086,3.2190568163528086,6.438113632705617,1.0,suppressed_1_9,suppressed_1_9,nonmetro_nonadjacent,Q2,Constrained Bayesian posterior estimate; not an observed or recovered true suppressed count.
48197,Hardeman County,48,Texas,2.144,2.0,2.0,3.0,9.781468132670286,9.124503855102878,9.124503855102878,13.68675578265432,1.0,suppressed_1_9,suppressed_1_9,nonmetro_nonadjacent,Q2,Constrained Bayesian posterior estimate; not an observed or recovered true suppressed count.
48199,Hardin County,48,Texas,18.0,18.0,18.0,18.0,5.1780382139220205,5.178038213922019,5.178038213922019,5.178038213922019,1.0,exact,exact,metro_other,Q3,Constrained Bayesian posterior estimate; not an observed or recovered true suppressed count.
48201,Harris County,48,Texas,609.0,609.0,609.0,609.0,2.1142200985747306,2.114220098574731,2.114220098574731,2.114220098574731,0.0,exact,exact,metro_large,Q4_highest,Constrained Bayesian posterior estimate; not an observed or recovered true suppressed count.
48203,Harrison County,48,Texas,25.0,25.0,25.0,25.0,6.03414359813569,6.034143598135691,6.034143598135691,6.034143598135691,1.0,exact,exact,metro_other,Q4_highest,Constrained Bayesian posterior estimate; not an observed or recovered true suppressed count.
48205,Hartley County,48,Texas,1.0760555555555555,1.0,1.0,2.0,3.387550938314357,3.1481189988981586,3.1481189988981586,6.296237997796317,1.0,suppressed_1_9,suppressed_1_9,nonmetro_nonadjacent,Q2,Constrained Bayesian posterior estimate; not an observed or recovered true suppressed count.
48207,Haskell County,48,Texas,3.396,3.0,3.0,5.0,10.27658415541972,9.078254554257702,9.078254554257702,15.13042425709617,1.0,suppressed_1_9,suppressed_1_9,nonmetro_adjacent,Q4_highest,Constrained Bayesian posterior estimate; not an observed or recovered true suppressed count.
48209,Hays County,48,Texas,35.0,35.0,35.0,35.0,2.23115676553666,2.23115676553666,2.23115676553666,2.23115676553666,0.0,exact,exact,metro_large,Q3,Constrained Bayesian posterior estimate; not an observed or recovered true suppressed count.
48211,Hemphill County,48,Texas,0.0,0.0,0.0,0.0,0.0,0.0,0.0,0.0,0.0,zero,zero,nonmetro_nonadjacent,Q3,Constrained Bayesian posterior estimate; not an observed or recovered true suppressed count.
48213,Henderson County,48,Texas,21.0,21.0,21.0,21.0,4.131158376808856,4.131158376808857,4.131158376808857,4.131158376808857,1.0,exact,exact,nonmetro_adjacent,Q4_highest,Constrained Bayesian posterior estimate; not an observed or recovered true suppressed count.
48215,Hidalgo County,48,Texas,104.0,104.0,104.0,104.0,1.9527139061957544,1.9527139061957548,1.9527139061957548,1.9527139061957548,0.0,exact,exact,metro_other,Q4_highest,Constrained Bayesian posterior estimate; not an observed or recovered true suppressed count.
48217,Hill County,48,Texas,11.0,11.0,11.0,11.0,4.903555969633615,4.903555969633615,4.903555969633615,4.903555969633615,1.0,exact,exact,nonmetro_adjacent,Q4_highest,Constrained Bayesian posterior estimate; not an observed or recovered true suppressed count.
48219,Hockley County,48,Texas,7.026555555555555,7.0,5.0,9.0,5.346193482173578,5.325988541516081,3.8042775296543434,6.847699553377818,1.0,suppressed_1_9,suppressed_1_9,metro_other,Q4_highest,Constrained Bayesian posterior estimate; not an observed or recovered true suppressed count.
48221,Hood County,48,Texas,13.0,13.0,13.0,13.0,3.3107101473266023,3.3107101473266014,3.3107101473266014,3.3107101473266014,1.0,exact,exact,nonmetro_adjacent,Q3,Constrained Bayesian posterior estimate; not an observed or recovered true suppressed count.
48223,Hopkins County,48,Texas,13.0,13.0,13.0,13.0,5.7464913250082885,5.7464913250082885,5.7464913250082885,5.7464913250082885,1.0,exact,exact,nonmetro_adjacent,Q4_highest,Constrained Bayesian posterior estimate; not an observed or recovered true suppressed count.
48225,Houston County,48,Texas,7.154583333333333,7.0,5.0,9.0,5.329020709038138,5.213880840477591,3.724200600341137,6.703561080614046,1.0,suppressed_1_9,suppressed_1_9,nonmetro_nonadjacent,Q4_highest,Constrained Bayesian posterior estimate; not an observed or recovered true suppressed count.
48227,Howard County,48,Texas,7.473416666666667,8.0,5.0,9.0,3.6925637338946222,3.9527449343103203,2.47046558394395,4.4468380510991095,0.94225,suppressed_1_9,suppressed_1_9,nonmetro_adjacent,Q4_highest,Constrained Bayesian posterior estimate; not an observed or recovered true suppressed count.
48229,Hudspeth County,48,Texas,1.0490833333333334,1.0,1.0,2.0,4.450926318766794,4.2426813746287655,4.2426813746287655,8.485362749257531,1.0,suppressed_1_9,suppressed_1_9,metro_other,Q4_highest,Constrained Bayesian posterior estimate; not an observed or recovered true suppressed count.
48231,Hunt County,48,Texas,24.0,24.0,24.0,24.0,3.737427061774996,3.7374270617749974,3.7374270617749974,3.7374270617749974,1.0,exact,exact,metro_large,Q4_highest,Constrained Bayesian posterior estimate; not an observed or recovered true suppressed count.
48233,Hutchinson County,48,Texas,4.133861111111111,4.0,3.0,7.0,3.386218031857332,3.276566813293032,2.457425109969774,5.733991923262805,0.6584444444444445,suppressed_1_9,suppressed_1_9,nonmetro_adjacent,Q2,Constrained Bayesian posterior estimate; not an observed or recovered true suppressed count.
48235,Irion County,48,Texas,0.0,0.0,0.0,0.0,0.0,0.0,0.0,0.0,0.0,zero,zero,metro_other,Q2,Constrained Bayesian posterior estimate; not an observed or recovered true suppressed count.
48237,Jack County,48,Texas,0.0,0.0,0.0,0.0,0.0,0.0,0.0,0.0,0.0,zero,zero,nonmetro_adjacent,Q4_highest,Constrained Bayesian posterior estimate; not an observed or recovered true suppressed count.
48239,Jackson County,48,Texas,6.725944444444444,7.0,5.0,9.0,7.441685783059066,7.744904958952004,5.532074970680003,9.957734947224004,1.0,suppressed_1_9,suppressed_1_9,nonmetro_adjacent,Q4_highest,Constrained Bayesian posterior estimate; not an observed or recovered true suppressed count.
48241,Jasper County,48,Texas,7.8358888888888885,8.0,5.0,9.0,3.8798443727044862,3.961101978570438,2.4756887366065237,4.456239725891743,0.9738611111111111,suppressed_1_9,suppressed_1_9,nonmetro_adjacent,Q4_highest,Constrained Bayesian posterior estimate; not an observed or recovered true suppressed count.
48243,Jeff Davis County,48,Texas,1.0416944444444445,1.0,1.0,2.0,8.695279168985348,8.347245409015025,8.347245409015025,16.69449081803005,1.0,suppressed_1_9,suppressed_1_9,nonmetro_nonadjacent,Q2,Constrained Bayesian posterior estimate; not an observed or recovered true suppressed count.
48245,Jefferson County,48,Texas,43.0,43.0,43.0,43.0,2.8445361752234275,2.8445361752234284,2.8445361752234284,2.8445361752234284,0.0,exact,exact,metro_other,Q4_highest,Constrained Bayesian posterior estimate; not an observed or recovered true suppressed count.
48247,Jim Hogg County,48,Texas,1.074138888888889,1.0,1.0,2.0,3.6721441622128794,3.41868654063109,3.41868654063109,6.83737308126218,1.0,suppressed_1_9,suppressed_1_9,nonmetro_adjacent,Q3,Constrained Bayesian posterior estimate; not an observed or recovered true suppressed count.
48249,Jim Wells County,48,Texas,7.900416666666667,8.0,6.0,9.0,3.3454369658345855,3.3876055980182502,2.540704198513688,3.811056297770532,0.8779444444444444,suppressed_1_9,suppressed_1_9,nonmetro_adjacent,Q4_highest,Constrained Bayesian posterior estimate; not an observed or recovered true suppressed count.
48251,Johnson County,48,Texas,32.0,32.0,32.0,32.0,2.778667819813812,2.778667819813812,2.778667819813812,2.778667819813812,0.0,exact,exact,metro_large,Q3,Constrained Bayesian posterior estimate; not an observed or recovered true suppressed count.
48253,Jones County,48,Texas,5.026666666666666,5.0,4.0,7.0,4.154372973434603,4.132333859517178,3.3058670876137426,5.785267403324049,1.0,suppressed_1_9,suppressed_1_9,metro_other,Q3,Constrained Bayesian posterior estimate; not an observed or recovered true suppressed count.
48255,Karnes County,48,Texas,5.237555555555556,5.0,4.0,8.0,5.761380247674082,5.5000660007920095,4.400052800633607,8.800105601267214,1.0,suppressed_1_9,suppressed_1_9,nonmetro_adjacent,Q4_highest,Constrained Bayesian posterior estimate; not an observed or recovered true suppressed count.
48257,Kaufman County,48,Texas,22.0,22.0,22.0,22.0,2.2154974043433815,2.215497404343382,2.215497404343382,2.215497404343382,0.0,exact,exact,metro_large,Q3,Constrained Bayesian posterior estimate; not an observed or recovered true suppressed count.
48259,Kendall County,48,Texas,15.0,15.0,15.0,15.0,5.100652883569097,5.100652883569097,5.100652883569097,5.100652883569097,1.0,exact,exact,metro_large,Q2,Constrained Bayesian posterior estimate; not an observed or recovered true suppressed count.
48261,Kenedy County,48,Texas,0.0,0.0,0.0,0.0,0.0,0.0,0.0,0.0,0.0,zero,zero,nonmetro_nonadjacent,Q3,Constrained Bayesian posterior estimate; not an observed or recovered true suppressed count.
48263,Kent County,48,Texas,1.0161111111111112,1.0,1.0,1.0,22.711468732926036,22.351363433169425,22.351363433169425,22.351363433169425,1.0,suppressed_1_9,suppressed_1_9,nonmetro_nonadjacent,Q1_lowest,Constrained Bayesian posterior estimate; not an observed or recovered true suppressed count.
48265,Kerr County,48,Texas,25.0,25.0,25.0,25.0,7.807961622307033,7.807961622307034,7.807961622307034,7.807961622307034,1.0,exact,exact,nonmetro_adjacent,Q3,Constrained Bayesian posterior estimate; not an observed or recovered true suppressed count.
48267,Kimble County,48,Texas,1.1158055555555555,1.0,1.0,2.0,4.232468063405363,3.793195008155369,3.793195008155369,7.586390016310738,1.0,suppressed_1_9,suppressed_1_9,nonmetro_nonadjacent,Q2,Constrained Bayesian posterior estimate; not an observed or recovered true suppressed count.
48269,King County,48,Texas,0.0,0.0,0.0,0.0,0.0,0.0,0.0,0.0,0.0,zero,zero,nonmetro_nonadjacent,Q2,Constrained Bayesian posterior estimate; not an observed or recovered true suppressed count.
48271,Kinney County,48,Texas,0.0,0.0,0.0,0.0,0.0,0.0,0.0,0.0,0.0,zero,zero,nonmetro_nonadjacent,Q3,Constrained Bayesian posterior estimate; not an observed or recovered true suppressed count.
48273,Kleberg County,48,Texas,6.556694444444444,7.0,4.0,9.0,3.5921975195010267,3.8350700722088904,2.191468612690795,4.9308043785542885,0.7409722222222223,suppressed_1_9,suppressed_1_9,nonmetro_adjacent,Q4_highest,Constrained Bayesian posterior estimate; not an observed or recovered true suppressed count.
48275,Knox County,48,Texas,3.20925,3.0,3.0,4.0,15.633524941543262,14.614185502727983,14.614185502727983,19.485580670303975,1.0,suppressed_1_9,suppressed_1_9,nonmetro_nonadjacent,Q3,Constrained Bayesian posterior estimate; not an observed or recovered true suppressed count.
48277,Lamar County,48,Texas,13.0,13.0,13.0,13.0,4.294369091113298,4.294369091113299,4.294369091113299,4.294369091113299,1.0,exact,exact,nonmetro_nonadjacent,Q4_highest,Constrained Bayesian posterior estimate; not an observed or recovered true suppressed count.
48279,Lamb County,48,Texas,5.227694444444444,5.0,4.0,8.0,6.822617809854018,6.525455803087846,5.220364642470276,10.440729284940552,1.0,suppressed_1_9,suppressed_1_9,nonmetro_adjacent,Q4_highest,Constrained Bayesian posterior estimate; not an observed or recovered true suppressed count.
48281,Lampasas County,48,Texas,11.0,11.0,11.0,11.0,8.144829884121283,8.144829884121284,8.144829884121284,8.144829884121284,1.0,exact,exact,metro_other,Q3,Constrained Bayesian posterior estimate; not an observed or recovered true suppressed count.
48283,La Salle County,48,Texas,1.1338333333333332,1.0,1.0,2.0,2.7314703284349147,2.409058058299205,2.409058058299205,4.81811611659841,0.12361111111111112,suppressed_1_9,suppressed_1_9,nonmetro_adjacent,Q4_highest,Constrained Bayesian posterior estimate; not an observed or recovered true suppressed count.
48285,Lavaca County,48,Texas,4.529222222222222,4.0,3.0,8.0,3.691929525201724,3.2605417390099367,2.4454063042574523,6.521083478019873,0.7546388888888889,suppressed_1_9,suppressed_1_9,nonmetro_adjacent,Q3,Constrained Bayesian posterior estimate; not an observed or recovered true suppressed count.
48287,Lee County,48,Texas,2.9160833333333334,3.0,2.0,5.0,2.7256426793286415,2.8040790002523672,1.8693860001682445,4.673465000420611,0.23197222222222222,suppressed_1_9,suppressed_1_9,nonmetro_adjacent,Q4_highest,Constrained Bayesian posterior estimate; not an observed or recovered true suppressed count.
48289,Leon County,48,Texas,2.814861111111111,3.0,2.0,5.0,2.8064138055563865,2.9909970987328145,1.993998065821876,4.98499516455469,0.5351388888888889,suppressed_1_9,suppressed_1_9,nonmetro_adjacent,Q3,Constrained Bayesian posterior estimate; not an observed or recovered true suppressed count.
48291,Liberty County,48,Texas,14.0,14.0,14.0,14.0,2.3229073508403113,2.3229073508403117,2.3229073508403117,2.3229073508403117,0.0,exact,exact,metro_large,Q4_highest,Constrained Bayesian posterior estimate; not an observed or recovered true suppressed count.
48293,Limestone County,48,Texas,6.2716111111111115,6.0,4.0,9.0,4.612564067362254,4.412803012473524,2.9418686749823486,6.619204518710284,1.0,suppressed_1_9,suppressed_1_9,nonmetro_adjacent,Q4_highest,Constrained Bayesian posterior estimate; not an observed or recovered true suppressed count.
48295,Lipscomb County,48,Texas,0.0,0.0,0.0,0.0,0.0,0.0,0.0,0.0,0.0,zero,zero,nonmetro_nonadjacent,Q4_highest,Constrained Bayesian posterior estimate; not an observed or recovered true suppressed count.
48297,Live Oak County,48,Texas,1.2614166666666666,1.0,1.0,3.0,1.779475315172975,1.4106958962856377,1.4106958962856377,4.232087688856913,0.037083333333333336,suppressed_1_9,suppressed_1_9,nonmetro_adjacent,Q4_highest,Constrained Bayesian posterior estimate; not an observed or recovered true suppressed count.
48299,Llano County,48,Texas,7.5849166666666665,8.0,5.0,9.0,5.647362921819585,5.956413940986828,3.722758713116768,6.700965683610182,1.0,suppressed_1_9,suppressed_1_9,nonmetro_nonadjacent,Q3,Constrained Bayesian posterior estimate; not an observed or recovered true suppressed count.
48301,Loving County,48,Texas,0.0,0.0,0.0,0.0,0.0,0.0,0.0,0.0,0.0,zero,zero,nonmetro_nonadjacent,Q2,Constrained Bayesian posterior estimate; not an observed or recovered true suppressed count.
48303,Lubbock County,48,Texas,97.0,97.0,97.0,97.0,5.090027900699327,5.090027900699328,5.090027900699328,5.090027900699328,1.0,exact,exact,metro_other,Q4_highest,Constrained Bayesian posterior estimate; not an observed or recovered true suppressed count.
48305,Lynn County,48,Texas,0.0,0.0,0.0,0.0,0.0,0.0,0.0,0.0,0.0,zero,zero,metro_other,Q3,Constrained Bayesian posterior estimate; not an observed or recovered true suppressed count.
48307,McCulloch County,48,Texas,3.5839166666666666,3.0,3.0,5.0,7.835924233479822,6.559240877189146,6.559240877189146,10.932068128648577,1.0,suppressed_1_9,suppressed_1_9,nonmetro_nonadjacent,Q4_highest,Constrained Bayesian posterior estimate; not an observed or recovered true suppressed count.
48309,McLennan County,48,Texas,67.0,67.0,67.0,67.0,4.22647603367303,4.226476033673029,4.226476033673029,4.226476033673029,1.0,exact,exact,metro_other,Q4_highest,Constrained Bayesian posterior estimate; not an observed or recovered true suppressed count.
48311,McMullen County,48,Texas,0.0,0.0,0.0,0.0,0.0,0.0,0.0,0.0,0.0,zero,zero,nonmetro_adjacent,Q4_highest,Constrained Bayesian posterior estimate; not an observed or recovered true suppressed count.
48313,Madison County,48,Texas,3.8585833333333333,4.0,3.0,6.0,4.609520282566191,4.778458708143688,3.583844031107766,7.167688062215532,1.0,suppressed_1_9,suppressed_1_9,nonmetro_adjacent,Q4_highest,Constrained Bayesian posterior estimate; not an observed or recovered true suppressed count.
48315,Marion County,48,Texas,1.2287222222222223,1.0,1.0,3.0,2.1078022133019214,1.7154424125982093,1.7154424125982093,5.146327237794627,0.19483333333333333,suppressed_1_9,suppressed_1_9,nonmetro_adjacent,Q3,Constrained Bayesian posterior estimate; not an observed or recovered true suppressed count.
48317,Martin County,48,Texas,0.0,0.0,0.0,0.0,0.0,0.0,0.0,0.0,0.0,zero,zero,metro_other,Q3,Constrained Bayesian posterior estimate; not an observed or recovered true suppressed count.
48319,Mason County,48,Texas,4.3695,4.0,4.0,6.0,17.86312906258943,16.352561219901066,16.352561219901066,24.5288418298516,1.0,suppressed_1_9,suppressed_1_9,nonmetro_nonadjacent,Q2,Constrained Bayesian posterior estimate; not an observed or recovered true suppressed count.
48321,Matagorda County,48,Texas,7.024361111111111,7.0,4.0,9.0,3.213531047642866,3.2023862352289933,1.8299349915594247,4.1173537310087065,0.6428888888888888,suppressed_1_9,suppressed_1_9,nonmetro_adjacent,Q4_highest,Constrained Bayesian posterior estimate; not an observed or recovered true suppressed count.
48323,Maverick County,48,Texas,4.6745833333333335,4.0,2.0,8.0,1.3371616274302278,1.1441974884865127,0.5720987442432564,2.2883949769730254,0.0,suppressed_1_9,suppressed_1_9,metro_other,Q4_highest,Constrained Bayesian posterior estimate; not an observed or recovered true suppressed count.
48325,Medina County,48,Texas,16.0,16.0,16.0,16.0,4.999031437658955,4.999031437658953,4.999031437658953,4.999031437658953,1.0,exact,exact,metro_large,Q3,Constrained Bayesian posterior estimate; not an observed or recovered true suppressed count.
48327,Menard County,48,Texas,0.0,0.0,0.0,0.0,0.0,0.0,0.0,0.0,0.0,zero,zero,nonmetro_nonadjacent,Q4_highest,Constrained Bayesian posterior estimate; not an observed or recovered true suppressed count.
48329,Midland County,48,Texas,40.0,40.0,40.0,40.0,3.7901830468902498,3.7901830468902498,3.7901830468902498,3.7901830468902498,1.0,exact,exact,metro_other,Q3,Constrained Bayesian posterior estimate; not an observed or recovered true suppressed count.
48331,Milam County,48,Texas,5.30675,5.0,3.0,9.0,3.4826907301066443,3.281378178835111,1.9688269073010662,5.9064807219032,0.6605555555555556,suppressed_1_9,suppressed_1_9,nonmetro_adjacent,Q4_highest,Constrained Bayesian posterior estimate; not an observed or recovered true suppressed count.
48333,Mills County,48,Texas,0.0,0.0,0.0,0.0,0.0,0.0,0.0,0.0,0.0,zero,zero,nonmetro_nonadjacent,Q2,Constrained Bayesian posterior estimate; not an observed or recovered true suppressed count.
48335,Mitchell County,48,Texas,3.3687222222222224,3.0,3.0,5.0,6.379793235653697,5.681495369581274,5.681495369581274,9.469158949302123,1.0,suppressed_1_9,suppressed_1_9,nonmetro_nonadjacent,Q3,Constrained Bayesian posterior estimate; not an observed or recovered true suppressed count.
48337,Montague County,48,Texas,7.119472222222222,7.0,5.0,9.0,5.707449272264088,5.611672278338945,4.008337341670675,7.215007215007215,1.0,suppressed_1_9,suppressed_1_9,nonmetro_adjacent,Q3,Constrained Bayesian posterior estimate; not an observed or recovered true suppressed count.
48339,Montgomery County,48,Texas,57.0,57.0,57.0,57.0,1.4171754202111588,1.417175420211159,1.417175420211159,1.417175420211159,0.0,exact,exact,metro_large,Q3,Constrained Bayesian posterior estimate; not an observed or recovered true suppressed count.
48341,Moore County,48,Texas,4.2211388888888886,4.0,3.0,7.0,3.329761685642415,3.1553206594620176,2.3664904945965133,5.521811154058532,0.6666111111111112,suppressed_1_9,suppressed_1_9,nonmetro_nonadjacent,Q4_highest,Constrained Bayesian posterior estimate; not an observed or recovered true suppressed count.
48343,Morris County,48,Texas,5.408027777777778,5.0,4.0,8.0,7.393672451298506,6.835830690145466,5.4686645521163735,10.937329104232747,1.0,suppressed_1_9,suppressed_1_9,nonmetro_adjacent,Q4_highest,Constrained Bayesian posterior estimate; not an observed or recovered true suppressed count.
48345,Motley County,48,Texas,0.0,0.0,0.0,0.0,0.0,0.0,0.0,0.0,0.0,zero,zero,nonmetro_adjacent,Q1_lowest,Constrained Bayesian posterior estimate; not an observed or recovered true suppressed count.
48347,Nacogdoches County,48,Texas,13.0,13.0,13.0,13.0,3.32829821552011,3.3282982155201104,3.3282982155201104,3.3282982155201104,1.0,exact,exact,nonmetro_nonadjacent,Q4_highest,Constrained Bayesian posterior estimate; not an observed or recovered true suppressed count.
48349,Navarro County,48,Texas,19.0,19.0,19.0,19.0,5.915280726770068,5.91528072677007,5.91528072677007,5.91528072677007,1.0,exact,exact,nonmetro_adjacent,Q4_highest,Constrained Bayesian posterior estimate; not an observed or recovered true suppressed count.
48351,Newton County,48,Texas,2.651777777777778,2.0,2.0,5.0,3.5240040103892123,2.657842629137929,2.657842629137929,6.644606572844822,0.46441666666666664,suppressed_1_9,suppressed_1_9,nonmetro_adjacent,Q4_highest,Constrained Bayesian posterior estimate; not an observed or recovered true suppressed count.
48353,Nolan County,48,Texas,5.441583333333333,5.0,4.0,8.0,6.2470103818675105,5.74006681437772,4.592053451502176,9.184106903004352,1.0,suppressed_1_9,suppressed_1_9,nonmetro_adjacent,Q4_highest,Constrained Bayesian posterior estimate; not an observed or recovered true suppressed count.
48355,Nueces County,48,Texas,76.0,76.0,76.0,76.0,3.558703863862719,3.55870386386272,3.55870386386272,3.55870386386272,1.0,exact,exact,metro_other,Q4_highest,Constrained Bayesian posterior estimate; not an observed or recovered true suppressed count.
48357,Ochiltree County,48,Texas,4.785527777777777,5.0,4.0,7.0,8.216485719790837,8.584722627611903,6.867778102089521,12.018611678656663,1.0,suppressed_1_9,suppressed_1_9,nonmetro_nonadjacent,Q4_highest,Constrained Bayesian posterior estimate; not an observed or recovered true suppressed count.
48359,Oldham County,48,Texas,1.0214444444444444,1.0,1.0,1.0,9.021766864904118,8.832361773538244,8.832361773538244,8.832361773538244,1.0,suppressed_1_9,suppressed_1_9,metro_other,Q2,Constrained Bayesian posterior estimate; not an observed or recovered true suppressed count.
48361,Orange County,48,Texas,11.0,11.0,11.0,11.0,2.166262625864782,2.166262625864782,2.166262625864782,2.166262625864782,0.0,exact,exact,metro_other,Q3,Constrained Bayesian posterior estimate; not an observed or recovered true suppressed count.
48363,Palo Pinto County,48,Texas,5.459777777777778,5.0,3.0,9.0,3.0949015813990988,2.834274312405052,1.700564587443031,5.101693762329093,0.4554166666666667,suppressed_1_9,suppressed_1_9,nonmetro_adjacent,Q4_highest,Constrained Bayesian posterior estimate; not an observed or recovered true suppressed count.
48365,Panola County,48,Texas,6.084777777777778,6.0,4.0,9.0,4.4223018451358564,4.360686953551417,2.9071246357009444,6.541030430327124,0.8753888888888889,suppressed_1_9,suppressed_1_9,nonmetro_adjacent,Q3,Constrained Bayesian posterior estimate; not an observed or recovered true suppressed count.
48367,Parker County,48,Texas,34.0,34.0,34.0,34.0,3.5164835164835173,3.516483516483517,3.516483516483517,3.516483516483517,1.0,exact,exact,metro_large,Q2,Constrained Bayesian posterior estimate; not an observed or recovered true suppressed count.
48369,Parmer County,48,Texas,1.1647777777777777,1.0,1.0,2.0,2.0135839604774364,1.7287280019361755,1.7287280019361755,3.457456003872351,0.14819444444444443,suppressed_1_9,suppressed_1_9,nonmetro_nonadjacent,Q3,Constrained Bayesian posterior estimate; not an observed or recovered true suppressed count.
48371,Pecos County,48,Texas,1.2832777777777777,1.0,1.0,3.0,1.4144074968067293,1.1021834253656495,1.1021834253656495,3.306550276096948,0.04025,suppressed_1_9,suppressed_1_9,nonmetro_nonadjacent,Q4_highest,Constrained Bayesian posterior estimate; not an observed or recovered true suppressed count.
48373,Polk County,48,Texas,18.0,18.0,18.0,18.0,5.66133871789549,5.661338717895491,5.661338717895491,5.661338717895491,1.0,exact,exact,nonmetro_adjacent,Q4_highest,Constrained Bayesian posterior estimate; not an observed or recovered true suppressed count.
48375,Potter County,48,Texas,28.0,28.0,28.0,28.0,4.029316153096745,4.029316153096745,4.029316153096745,4.029316153096745,1.0,exact,exact,metro_other,Q4_highest,Constrained Bayesian posterior estimate; not an observed or recovered true suppressed count.
48377,Presidio County,48,Texas,1.1583333333333334,1.0,1.0,2.0,3.1500416983937045,2.7194604590449254,2.7194604590449254,5.438920918089851,0.1418611111111111,suppressed_1_9,suppressed_1_9,nonmetro_nonadjacent,Q4_highest,Constrained Bayesian posterior estimate; not an observed or recovered true suppressed count.
48379,Rains County,48,Texas,2.617722222222222,2.0,2.0,5.0,3.413381434635836,2.6079019428869477,2.6079019428869477,6.519754857217368,0.43866666666666665,suppressed_1_9,suppressed_1_9,nonmetro_adjacent,Q2,Constrained Bayesian posterior estimate; not an observed or recovered true suppressed count.
48381,Randall County,48,Texas,42.0,42.0,42.0,42.0,4.847600668507214,4.847600668507216,4.847600668507216,4.847600668507216,1.0,exact,exact,metro_other,Q2,Constrained Bayesian posterior estimate; not an observed or recovered true suppressed count.
48383,Reagan County,48,Texas,0.0,0.0,0.0,0.0,0.0,0.0,0.0,0.0,0.0,zero,zero,nonmetro_adjacent,Q3,Constrained Bayesian posterior estimate; not an observed or recovered true suppressed count.
48385,Real County,48,Texas,0.0,0.0,0.0,0.0,0.0,0.0,0.0,0.0,0.0,zero,zero,nonmetro_nonadjacent,Q4_highest,Constrained Bayesian posterior estimate; not an observed or recovered true suppressed count.
48387,Red River County,48,Texas,2.6086944444444446,2.0,2.0,5.0,3.700853245817708,2.8373221353686393,2.8373221353686393,7.093305338421597,0.43480555555555556,suppressed_1_9,suppressed_1_9,nonmetro_adjacent,Q3,Constrained Bayesian posterior estimate; not an observed or recovered true suppressed count.
48389,Reeves County,48,Texas,3.7525,4.0,3.0,6.0,4.518743301662994,4.816781667328974,3.6125862504967308,7.2251725009934615,1.0,suppressed_1_9,suppressed_1_9,nonmetro_nonadjacent,Q4_highest,Constrained Bayesian posterior estimate; not an observed or recovered true suppressed count.
48391,Refugio County,48,Texas,1.201861111111111,1.0,1.0,3.0,2.9589371980676336,2.4619626766458222,2.4619626766458222,7.385888029937466,0.17144444444444445,suppressed_1_9,suppressed_1_9,nonmetro_adjacent,Q4_highest,Constrained Bayesian posterior estimate; not an observed or recovered true suppressed count.
48393,Roberts County,48,Texas,1.0133611111111112,1.0,1.0,1.0,20.496786227975555,20.22653721682848,20.22653721682848,20.22653721682848,1.0,suppressed_1_9,suppressed_1_9,nonmetro_nonadjacent,Q1_lowest,Constrained Bayesian posterior estimate; not an observed or recovered true suppressed count.
48395,Robertson County,48,Texas,1.4580555555555557,1.0,1.0,3.0,1.4119415447054748,0.9683729397865707,0.9683729397865707,2.905118819359712,0.01938888888888889,suppressed_1_9,suppressed_1_9,metro_other,Q4_highest,Constrained Bayesian posterior estimate; not an observed or recovered true suppressed count.
48397,Rockwall County,48,Texas,13.0,13.0,13.0,13.0,1.798702996777554,1.7987029967775545,1.7987029967775545,1.7987029967775545,0.0,exact,exact,metro_large,Q1_lowest,Constrained Bayesian posterior estimate; not an observed or recovered true suppressed count.
48399,Runnels County,48,Texas,6.131111111111111,6.0,5.0,9.0,10.203892938639804,9.985687181706222,8.321405984755184,14.978530772559331,1.0,suppressed_1_9,suppressed_1_9,nonmetro_adjacent,Q3,Constrained Bayesian posterior estimate; not an observed or recovered true suppressed count.
48401,Rusk County,48,Texas,7.406472222222222,8.0,5.0,9.0,2.305330065807039,2.4900708425154696,1.5562942765721686,2.801329697829903,0.0,suppressed_1_9,suppressed_1_9,metro_other,Q4_highest,Constrained Bayesian posterior estimate; not an observed or recovered true suppressed count.
48403,Sabine County,48,Texas,2.5394444444444444,2.0,2.0,4.0,4.1426499909371035,3.2626427406199023,3.2626427406199023,6.525285481239805,1.0,suppressed_1_9,suppressed_1_9,nonmetro_nonadjacent,Q3,Constrained Bayesian posterior estimate; not an observed or recovered true suppressed count.
48405,San Augustine County,48,Texas,3.7469444444444444,4.0,3.0,6.0,7.8283144836295415,8.357011532675916,6.267758649506936,12.535517299013872,1.0,suppressed_1_9,suppressed_1_9,nonmetro_nonadjacent,Q4_highest,Constrained Bayesian posterior estimate; not an observed or recovered true suppressed count.
48407,San Jacinto County,48,Texas,6.260138888888889,6.0,4.0,9.0,3.625955058204491,3.4752791807608543,2.316852787173903,5.212918771141282,0.6689444444444445,suppressed_1_9,suppressed_1_9,metro_large,Q4_highest,Constrained Bayesian posterior estimate; not an observed or recovered true suppressed count.
48409,San Patricio County,48,Texas,15.0,15.0,15.0,15.0,3.6094220352808986,3.6094220352808972,3.6094220352808972,3.6094220352808972,1.0,exact,exact,metro_other,Q4_highest,Constrained Bayesian posterior estimate; not an observed or recovered true suppressed count.
48411,San Saba County,48,Texas,0.0,0.0,0.0,0.0,0.0,0.0,0.0,0.0,0.0,zero,zero,nonmetro_nonadjacent,Q3,Constrained Bayesian posterior estimate; not an observed or recovered true suppressed count.
48413,Schleicher County,48,Texas,3.1728055555555557,3.0,3.0,4.0,21.105604706682335,19.956096587507485,19.956096587507485,26.608128783343314,1.0,suppressed_1_9,suppressed_1_9,nonmetro_adjacent,Q3,Constrained Bayesian posterior estimate; not an observed or recovered true suppressed count.
48415,Scurry County,48,Texas,3.900777777777778,4.0,3.0,6.0,3.9283548286750762,4.028278515176539,3.0212088863824045,6.042417772764809,1.0,suppressed_1_9,suppressed_1_9,nonmetro_nonadjacent,Q3,Constrained Bayesian posterior estimate; not an observed or recovered true suppressed count.
48417,Shackelford County,48,Texas,1.0669444444444445,1.0,1.0,2.0,5.510792027500875,5.165022467847735,5.165022467847735,10.33004493569547,1.0,suppressed_1_9,suppressed_1_9,nonmetro_adjacent,Q2,Constrained Bayesian posterior estimate; not an observed or recovered true suppressed count.
48419,Shelby County,48,Texas,6.277388888888889,6.0,4.0,9.0,4.28470236158606,4.095367456845065,2.730244971230044,6.143051185267598,0.8965,suppressed_1_9,suppressed_1_9,nonmetro_nonadjacent,Q4_highest,Constrained Bayesian posterior estimate; not an observed or recovered true suppressed count.
48421,Sherman County,48,Texas,0.0,0.0,0.0,0.0,0.0,0.0,0.0,0.0,0.0,zero,zero,nonmetro_nonadjacent,Q3,Constrained Bayesian posterior estimate; not an observed or recovered true suppressed count.
48423,Smith County,48,Texas,72.0,72.0,72.0,72.0,4.993186381084144,4.993186381084145,4.993186381084145,4.993186381084145,1.0,exact,exact,metro_other,Q4_highest,Constrained Bayesian posterior estimate; not an observed or recovered true suppressed count.
48425,Somervell County,48,Texas,1.2049444444444444,1.0,1.0,2.0,2.096321168504053,1.739765827519616,1.739765827519616,3.479531655039232,0.17852777777777779,suppressed_1_9,suppressed_1_9,nonmetro_adjacent,Q3,Constrained Bayesian posterior estimate; not an observed or recovered true suppressed count.
48427,Starr County,48,Texas,13.0,13.0,13.0,13.0,3.3062307189525857,3.306230718952586,3.306230718952586,3.306230718952586,1.0,exact,exact,nonmetro_adjacent,Q4_highest,Constrained Bayesian posterior estimate; not an observed or recovered true suppressed count.
48429,Stephens County,48,Texas,4.825361111111111,5.0,4.0,7.0,8.604270806710135,8.915675540735721,7.132540432588577,12.481945757030008,1.0,suppressed_1_9,suppressed_1_9,nonmetro_nonadjacent,Q4_highest,Constrained Bayesian posterior estimate; not an observed or recovered true suppressed count.
48431,Sterling County,48,Texas,0.0,0.0,0.0,0.0,0.0,0.0,0.0,0.0,0.0,zero,zero,nonmetro_adjacent,Q1_lowest,Constrained Bayesian posterior estimate; not an observed or recovered true suppressed count.
48433,Stonewall County,48,Texas,0.0,0.0,0.0,0.0,0.0,0.0,0.0,0.0,0.0,zero,zero,nonmetro_nonadjacent,Q2,Constrained Bayesian posterior estimate; not an observed or recovered true suppressed count.
48435,Sutton County,48,Texas,2.141138888888889,2.0,2.0,3.0,10.424239965379208,9.737098344693282,9.737098344693282,14.605647517039921,1.0,suppressed_1_9,suppressed_1_9,nonmetro_nonadjacent,Q4_highest,Constrained Bayesian posterior estimate; not an observed or recovered true suppressed count.
48437,Swisher County,48,Texas,2.2939444444444446,2.0,2.0,4.0,5.402855632494337,4.710537472325592,4.710537472325592,9.421074944651185,1.0,suppressed_1_9,suppressed_1_9,nonmetro_adjacent,Q4_highest,Constrained Bayesian posterior estimate; not an observed or recovered true suppressed count.
48439,Tarrant County,48,Texas,332.0,332.0,332.0,332.0,2.569542301825405,2.5695423018254044,2.5695423018254044,2.5695423018254044,0.0,exact,exact,metro_large,Q4_highest,Constrained Bayesian posterior estimate; not an observed or recovered true suppressed count.
48441,Taylor County,48,Texas,73.0,73.0,73.0,73.0,8.474851748141335,8.474851748141337,8.474851748141337,8.474851748141337,1.0,exact,exact,metro_other,Q4_highest,Constrained Bayesian posterior estimate; not an observed or recovered true suppressed count.
48443,Terrell County,48,Texas,0.0,0.0,0.0,0.0,0.0,0.0,0.0,0.0,0.0,zero,zero,nonmetro_nonadjacent,Q1_lowest,Constrained Bayesian posterior estimate; not an observed or recovered true suppressed count.
48445,Terry County,48,Texas,1.2531388888888888,1.0,1.0,3.0,1.7652329749103948,1.408649105507818,1.408649105507818,4.225947316523454,0.03183333333333333,suppressed_1_9,suppressed_1_9,nonmetro_adjacent,Q4_highest,Constrained Bayesian posterior estimate; not an observed or recovered true suppressed count.
48447,Throckmorton County,48,Texas,0.0,0.0,0.0,0.0,0.0,0.0,0.0,0.0,0.0,zero,zero,nonmetro_nonadjacent,Q1_lowest,Constrained Bayesian posterior estimate; not an observed or recovered true suppressed count.
48449,Titus County,48,Texas,3.6326388888888888,3.0,2.0,7.0,1.902193992223368,1.5709191447916178,1.0472794298610784,3.665478004513774,0.10219444444444445,suppressed_1_9,suppressed_1_9,nonmetro_nonadjacent,Q4_highest,Constrained Bayesian posterior estimate; not an observed or recovered true suppressed count.
48451,Tom Green County,48,Texas,43.0,43.0,43.0,43.0,5.999946977212759,5.99994697721276,5.99994697721276,5.99994697721276,1.0,exact,exact,metro_other,Q4_highest,Constrained Bayesian posterior estimate; not an observed or recovered true suppressed count.
48453,Travis County,48,Texas,131.0,131.0,131.0,131.0,1.6572261702578504,1.6572261702578506,1.6572261702578506,1.6572261702578506,0.0,exact,exact,metro_large,Q3,Constrained Bayesian posterior estimate; not an observed or recovered true suppressed count.
48455,Trinity County,48,Texas,4.386361111111111,4.0,3.0,7.0,5.0960349363467605,4.647164068127425,3.4853730510955687,8.132537119222995,1.0,suppressed_1_9,suppressed_1_9,nonmetro_adjacent,Q4_highest,Constrained Bayesian posterior estimate; not an observed or recovered true suppressed count.
48457,Tyler County,48,Texas,5.9447222222222225,6.0,4.0,9.0,4.782098447633552,4.826565416049939,3.217710277366626,7.239848124074908,1.0,suppressed_1_9,suppressed_1_9,nonmetro_adjacent,Q4_highest,Constrained Bayesian posterior estimate; not an observed or recovered true suppressed count.
48459,Upshur County,48,Texas,11.0,11.0,11.0,11.0,4.305081561727042,4.305081561727042,4.305081561727042,4.305081561727042,1.0,exact,exact,metro_other,Q3,Constrained Bayesian posterior estimate; not an observed or recovered true suppressed count.
48461,Upton County,48,Texas,0.0,0.0,0.0,0.0,0.0,0.0,0.0,0.0,0.0,zero,zero,nonmetro_adjacent,Q4_highest,Constrained Bayesian posterior estimate; not an observed or recovered true suppressed count.
48463,Uvalde County,48,Texas,4.8421666666666665,5.0,3.0,8.0,3.1596519847743343,3.2626427406199023,1.9575856443719413,5.220228384991843,0.5414722222222222,suppressed_1_9,suppressed_1_9,nonmetro_adjacent,Q4_highest,Constrained Bayesian posterior estimate; not an observed or recovered true suppressed count.
48465,Val Verde County,48,Texas,7.256694444444444,7.0,4.0,9.0,2.5114709680297236,2.4226315315876543,1.3843608751929453,3.114811969184127,0.22425,suppressed_1_9,suppressed_1_9,nonmetro_nonadjacent,Q4_highest,Constrained Bayesian posterior estimate; not an observed or recovered true suppressed count.
48467,Van Zandt County,48,Texas,19.0,19.0,19.0,19.0,5.1692100086788315,5.1692100086788315,5.1692100086788315,5.1692100086788315,1.0,exact,exact,nonmetro_adjacent,Q3,Constrained Bayesian posterior estimate; not an observed or recovered true suppressed count.
48469,Victoria County,48,Texas,11.0,11.0,11.0,11.0,2.001229846705794,2.001229846705794,2.001229846705794,2.001229846705794,0.0,exact,exact,metro_other,Q4_highest,Constrained Bayesian posterior estimate; not an observed or recovered true suppressed count.
48471,Walker County,48,Texas,11.0,11.0,11.0,11.0,2.3556016206539145,2.355601620653915,2.355601620653915,2.355601620653915,0.0,exact,exact,nonmetro_adjacent,Q4_highest,Constrained Bayesian posterior estimate; not an observed or recovered true suppressed count.
48473,Waller County,48,Texas,8.01675,8.0,6.0,9.0,2.2082581569270188,2.2036442767226303,1.6527332075419727,2.4790998113129588,0.0,suppressed_1_9,suppressed_1_9,metro_large,Q4_highest,Constrained Bayesian posterior estimate; not an observed or recovered true suppressed count.
48475,Ward County,48,Texas,4.8745,5.0,4.0,7.0,7.1413920916536044,7.325256017697819,5.860204814158255,10.255358424776945,1.0,suppressed_1_9,suppressed_1_9,nonmetro_adjacent,Q3,Constrained Bayesian posterior estimate; not an observed or recovered true suppressed count.
48477,Washington County,48,Texas,12.0,12.0,12.0,12.0,5.491488193300384,5.491488193300384,5.491488193300384,5.491488193300384,1.0,exact,exact,nonmetro_adjacent,Q3,Constrained Bayesian posterior estimate; not an observed or recovered true suppressed count.
48479,Webb County,48,Texas,42.0,42.0,42.0,42.0,2.573483681968887,2.5734836819688867,2.5734836819688867,2.5734836819688867,0.0,exact,exact,metro_other,Q4_highest,Constrained Bayesian posterior estimate; not an observed or recovered true suppressed count.
48481,Wharton County,48,Texas,6.088472222222222,6.0,3.0,9.0,2.4299458102738756,2.3946360153256707,1.1973180076628354,3.5919540229885056,0.21475,suppressed_1_9,suppressed_1_9,nonmetro_adjacent,Q4_highest,Constrained Bayesian posterior estimate; not an observed or recovered true suppressed count.
48483,Wheeler County,48,Texas,0.0,0.0,0.0,0.0,0.0,0.0,0.0,0.0,0.0,zero,zero,nonmetro_nonadjacent,Q4_highest,Constrained Bayesian posterior estimate; not an observed or recovered true suppressed count.
48485,Wichita County,48,Texas,52.0,52.0,52.0,52.0,6.618757048339836,6.6187570483398375,6.6187570483398375,6.6187570483398375,1.0,exact,exact,metro_other,Q4_highest,Constrained Bayesian posterior estimate; not an observed or recovered true suppressed count.
48487,Wilbarger County,48,Texas,3.9932222222222222,4.0,3.0,6.0,5.287635357815442,5.296610169491525,3.9724576271186436,7.944915254237287,1.0,suppressed_1_9,suppressed_1_9,nonmetro_adjacent,Q4_highest,Constrained Bayesian posterior estimate; not an observed or recovered true suppressed count.
48489,Willacy County,48,Texas,2.8604444444444446,3.0,2.0,5.0,2.324770764815628,2.43819183693373,1.6254612246224867,4.0636530615562165,0.22136111111111112,suppressed_1_9,suppressed_1_9,nonmetro_adjacent,Q4_highest,Constrained Bayesian posterior estimate; not an observed or recovered true suppressed count.
48491,Williamson County,48,Texas,72.0,72.0,72.0,72.0,1.823929499045097,1.823929499045097,1.823929499045097,1.823929499045097,0.0,exact,exact,metro_large,Q2,Constrained Bayesian posterior estimate; not an observed or recovered true suppressed count.
48493,Wilson County,48,Texas,10.0,10.0,10.0,10.0,3.1577318643564705,3.15773186435647,3.15773186435647,3.15773186435647,1.0,exact,exact,metro_large,Q2,Constrained Bayesian posterior estimate; not an observed or recovered true suppressed count.
48495,Winkler County,48,Texas,0.0,0.0,0.0,0.0,0.0,0.0,0.0,0.0,0.0,zero,zero,nonmetro_adjacent,Q2,Constrained Bayesian posterior estimate; not an observed or recovered true suppressed count.
48497,Wise County,48,Texas,8.140777777777778,8.0,6.0,9.0,1.8210034644474715,1.7895130064042195,1.3421347548031648,2.013202132204747,0.0,suppressed_1_9,suppressed_1_9,metro_large,Q3,Constrained Bayesian posterior estimate; not an observed or recovered true suppressed count.
48499,Wood County,48,Texas,10.0,10.0,10.0,10.0,3.5558716330340463,3.5558716330340476,3.5558716330340476,3.5558716330340476,1.0,exact,exact,nonmetro_adjacent,Q4_highest,Constrained Bayesian posterior estimate; not an observed or recovered true suppressed count.
48501,Yoakum County,48,Texas,1.1270833333333334,1.0,1.0,2.0,2.3717085420086135,2.1042885400446107,2.1042885400446107,4.2085770800892215,0.11811111111111111,suppressed_1_9,suppressed_1_9,nonmetro_nonadjacent,Q3,Constrained Bayesian posterior estimate; not an observed or recovered true suppressed count.
48503,Young County,48,Texas,5.656305555555556,5.0,4.0,9.0,5.227011131338707,4.620516943435632,3.6964135547485055,8.316930498184137,1.0,suppressed_1_9,suppressed_1_9,nonmetro_nonadjacent,Q3,Constrained Bayesian posterior estimate; not an observed or recovered true suppressed count.
48505,Zapata County,48,Texas,2.6406388888888888,2.0,2.0,5.0,3.1562804213199245,2.3905430118451405,2.3905430118451405,5.9763575296128515,0.45072222222222225,suppressed_1_9,suppressed_1_9,nonmetro_adjacent,Q4_highest,Constrained Bayesian posterior estimate; not an observed or recovered true suppressed count.
48507,Zavala County,48,Texas,1.2515277777777778,1.0,1.0,3.0,2.047924757458073,1.6363398350569445,1.6363398350569445,4.909019505170834,0.21113888888888888,suppressed_1_9,suppressed_1_9,nonmetro_nonadjacent,Q4_highest,Constrained Bayesian posterior estimate; not an observed or recovered true suppressed count.
49001,Beaver County,49,Utah,0.0,0.0,0.0,0.0,0.0,0.0,0.0,0.0,0.0,zero,zero,nonmetro_nonadjacent,Q1_lowest,Constrained Bayesian posterior estimate; not an observed or recovered true suppressed count.
49003,Box Elder County,49,Utah,11.0,11.0,11.0,11.0,3.046728506022829,3.0467285060228284,3.0467285060228284,3.0467285060228284,1.0,exact,exact,nonmetro_adjacent,Q1_lowest,Constrained Bayesian posterior estimate; not an observed or recovered true suppressed count.
49005,Cache County,49,Utah,24.0,24.0,24.0,24.0,2.913459332356516,2.913459332356515,2.913459332356515,2.913459332356515,0.0,exact,exact,metro_other,Q2,Constrained Bayesian posterior estimate; not an observed or recovered true suppressed count.
49007,Carbon County,49,Utah,11.0,11.0,11.0,11.0,8.914967419846336,8.914967419846338,8.914967419846338,8.914967419846338,1.0,exact,exact,nonmetro_nonadjacent,Q3,Constrained Bayesian posterior estimate; not an observed or recovered true suppressed count.
49009,Daggett County,49,Utah,0.0,0.0,0.0,0.0,0.0,0.0,0.0,0.0,0.0,zero,zero,nonmetro_nonadjacent,Q1_lowest,Constrained Bayesian posterior estimate; not an observed or recovered true suppressed count.
49011,Davis County,49,Utah,42.0,42.0,42.0,42.0,1.905952152432608,1.9059521524326077,1.9059521524326077,1.9059521524326077,0.0,exact,exact,metro_other,Q1_lowest,Constrained Bayesian posterior estimate; not an observed or recovered true suppressed count.
49013,Duchesne County,49,Utah,3.1800555555555556,3.0,2.0,6.0,2.6267774262619916,2.478048619313911,1.6520324128759407,4.956097238627822,0.33025,suppressed_1_9,suppressed_1_9,nonmetro_nonadjacent,Q3,Constrained Bayesian posterior estimate; not an observed or recovered true suppressed count.
49015,Emery County,49,Utah,2.482972222222222,2.0,2.0,4.0,4.102052242230666,3.3041467041136623,3.3041467041136623,6.608293408227325,1.0,suppressed_1_9,suppressed_1_9,nonmetro_nonadjacent,Q1_lowest,Constrained Bayesian posterior estimate; not an observed or recovered true suppressed count.
49017,Garfield County,49,Utah,2.2606944444444443,2.0,2.0,4.0,7.265609655935866,6.427767957576732,6.427767957576732,12.855535915153464,1.0,suppressed_1_9,suppressed_1_9,nonmetro_nonadjacent,Q2,Constrained Bayesian posterior estimate; not an observed or recovered true suppressed count.
49019,Grand County,49,Utah,3.7166111111111113,4.0,3.0,6.0,6.3557888896489345,6.840413160954922,5.130309870716191,10.260619741432382,1.0,suppressed_1_9,suppressed_1_9,nonmetro_nonadjacent,Q2,Constrained Bayesian posterior estimate; not an observed or recovered true suppressed count.
49021,Iron County,49,Utah,10.0,10.0,10.0,10.0,2.7416188711110148,2.741618871111014,2.741618871111014,2.741618871111014,0.0,exact,exact,nonmetro_adjacent,Q2,Constrained Bayesian posterior estimate; not an observed or recovered true suppressed count.
49023,Juab County,49,Utah,3.6533055555555554,3.0,3.0,6.0,4.8593468503419155,3.9903699072904057,3.9903699072904057,7.9807398145808115,1.0,suppressed_1_9,suppressed_1_9,metro_other,Q1_lowest,Constrained Bayesian posterior estimate; not an observed or recovered true suppressed count.
49025,Kane County,49,Utah,1.211361111111111,1.0,1.0,2.0,2.4737305460824426,2.042108272580612,2.042108272580612,4.084216545161224,0.18775,suppressed_1_9,suppressed_1_9,nonmetro_adjacent,Q2,Constrained Bayesian posterior estimate; not an observed or recovered true suppressed count.
49027,Millard County,49,Utah,1.248138888888889,1.0,1.0,3.0,1.5598226510146327,1.249718813267015,1.249718813267015,3.7491564398010446,0.0305,suppressed_1_9,suppressed_1_9,nonmetro_nonadjacent,Q2,Constrained Bayesian posterior estimate; not an observed or recovered true suppressed count.
49029,Morgan County,49,Utah,0.0,0.0,0.0,0.0,0.0,0.0,0.0,0.0,0.0,zero,zero,metro_other,Q1_lowest,Constrained Bayesian posterior estimate; not an observed or recovered true suppressed count.
49031,Piute County,49,Utah,0.0,0.0,0.0,0.0,0.0,0.0,0.0,0.0,0.0,zero,zero,nonmetro_nonadjacent,Q3,Constrained Bayesian posterior estimate; not an observed or recovered true suppressed count.
49033,Rich County,49,Utah,0.0,0.0,0.0,0.0,0.0,0.0,0.0,0.0,0.0,zero,zero,nonmetro_adjacent,Q1_lowest,Constrained Bayesian posterior estimate; not an observed or recovered true suppressed count.
49035,Salt Lake County,49,Utah,218.0,218.0,218.0,218.0,3.070111632357231,3.0701116323572304,3.0701116323572304,3.0701116323572304,1.0,exact,exact,metro_large,Q2,Constrained Bayesian posterior estimate; not an observed or recovered true suppressed count.
49037,San Juan County,49,Utah,5.84325,6.0,4.0,9.0,6.610534770852895,6.787867817587365,4.5252452117249105,10.181801726381048,1.0,suppressed_1_9,suppressed_1_9,nonmetro_nonadjacent,Q4_highest,Constrained Bayesian posterior estimate; not an observed or recovered true suppressed count.
49039,Sanpete County,49,Utah,7.792333333333334,8.0,5.0,9.0,4.277482877808945,4.391478336288433,2.74467396018027,4.9404131283244865,0.9724722222222222,suppressed_1_9,suppressed_1_9,nonmetro_adjacent,Q3,Constrained Bayesian posterior estimate; not an observed or recovered true suppressed count.
49041,Sevier County,49,Utah,6.140083333333333,6.0,4.0,9.0,4.6431713286801415,4.5372393923124035,3.0248262615416026,6.805859088468606,1.0,suppressed_1_9,suppressed_1_9,nonmetro_nonadjacent,Q2,Constrained Bayesian posterior estimate; not an observed or recovered true suppressed count.
49043,Summit County,49,Utah,3.796666666666667,4.0,2.0,7.0,1.4793687160923885,1.5585974181833768,0.7792987090916884,2.7275454818209095,0.009694444444444445,suppressed_1_9,suppressed_1_9,nonmetro_adjacent,Q1_lowest,Constrained Bayesian posterior estimate; not an observed or recovered true suppressed count.
49045,Tooele County,49,Utah,11.0,11.0,11.0,11.0,2.3410033114555935,2.341003311455593,2.341003311455593,2.341003311455593,0.0,exact,exact,metro_large,Q1_lowest,Constrained Bayesian posterior estimate; not an observed or recovered true suppressed count.
49047,Uintah County,49,Utah,7.914083333333333,8.0,6.0,9.0,3.579364971679866,3.618223181051365,2.713667385788524,4.070501078682786,0.8883611111111112,suppressed_1_9,suppressed_1_9,nonmetro_nonadjacent,Q3,Constrained Bayesian posterior estimate; not an observed or recovered true suppressed count.
49049,Utah County,49,Utah,84.0,84.0,84.0,84.0,2.0284357717546118,2.0284357717546113,2.0284357717546113,2.0284357717546113,0.0,exact,exact,metro_other,Q2,Constrained Bayesian posterior estimate; not an observed or recovered true suppressed count.
49051,Wasatch County,49,Utah,1.7604444444444445,2.0,1.0,4.0,0.810573678865688,0.9208739093399637,0.46043695466998186,1.8417478186799274,0.00022222222222222223,suppressed_1_9,suppressed_1_9,nonmetro_adjacent,Q1_lowest,Constrained Bayesian posterior estimate; not an observed or recovered true suppressed count.
49053,Washington County,49,Utah,56.0,56.0,56.0,56.0,4.820231198946435,4.820231198946435,4.820231198946435,4.820231198946435,1.0,exact,exact,metro_other,Q2,Constrained Bayesian posterior estimate; not an observed or recovered true suppressed count.
49055,Wayne County,49,Utah,0.0,0.0,0.0,0.0,0.0,0.0,0.0,0.0,0.0,zero,zero,nonmetro_nonadjacent,Q1_lowest,Constrained Bayesian posterior estimate; not an observed or recovered true suppressed count.
49057,Weber County,49,Utah,41.0,41.0,41.0,41.0,2.550477685808519,2.55047768580852,2.55047768580852,2.55047768580852,0.0,exact,exact,metro_other,Q2,Constrained Bayesian posterior estimate; not an observed or recovered true suppressed count.
50001,Addison County,50,Vermont,10.0,10.0,10.0,10.0,4.459646885159634,4.459646885159633,4.459646885159633,4.459646885159633,1.0,exact,exact,nonmetro_adjacent,Q1_lowest,Constrained Bayesian posterior estimate; not an observed or recovered true suppressed count.
50003,Bennington County,50,Vermont,8.38663888888889,9.0,7.0,9.0,3.8167233513652365,4.0958613596439335,3.185669946389726,4.0958613596439335,0.9796944444444444,suppressed_1_9,suppressed_1_9,nonmetro_adjacent,Q2,Constrained Bayesian posterior estimate; not an observed or recovered true suppressed count.
50005,Caledonia County,50,Vermont,6.720305555555556,7.0,4.0,9.0,3.696029454451014,3.8498556304138596,2.199917503093634,4.949814381960676,0.8074722222222223,suppressed_1_9,suppressed_1_9,nonmetro_nonadjacent,Q2,Constrained Bayesian posterior estimate; not an observed or recovered true suppressed count.
50007,Chittenden County,50,Vermont,34.0,34.0,34.0,34.0,3.3777809568657364,3.377780956865737,3.377780956865737,3.377780956865737,1.0,exact,exact,metro_other,Q1_lowest,Constrained Bayesian posterior estimate; not an observed or recovered true suppressed count.
50009,Essex County,50,Vermont,1.1456944444444443,1.0,1.0,2.0,3.1603620336655767,2.7584684982897496,2.7584684982897496,5.516936996579499,0.13341666666666666,suppressed_1_9,suppressed_1_9,nonmetro_nonadjacent,Q2,Constrained Bayesian posterior estimate; not an observed or recovered true suppressed count.
50011,Franklin County,50,Vermont,14.0,14.0,14.0,14.0,4.632647591188705,4.632647591188705,4.632647591188705,4.632647591188705,1.0,exact,exact,metro_other,Q1_lowest,Constrained Bayesian posterior estimate; not an observed or recovered true suppressed count.
50013,Grand Isle County,50,Vermont,2.2808055555555558,2.0,2.0,4.0,5.147499504740696,4.513755670405561,4.513755670405561,9.027511340811122,1.0,suppressed_1_9,suppressed_1_9,metro_other,Q1_lowest,Constrained Bayesian posterior estimate; not an observed or recovered true suppressed count.
50015,Lamoille County,50,Vermont,2.9234166666666668,3.0,2.0,5.0,1.8833171205181227,1.9326534687908676,1.2884356458605783,3.221089114651446,0.06683333333333333,suppressed_1_9,suppressed_1_9,nonmetro_adjacent,Q1_lowest,Constrained Bayesian posterior estimate; not an observed or recovered true suppressed count.
50017,Orange County,50,Vermont,4.938027777777778,5.0,3.0,8.0,2.788129218604236,2.823120225397919,1.6938721352387514,4.51699236063667,0.30930555555555556,suppressed_1_9,suppressed_1_9,nonmetro_nonadjacent,Q1_lowest,Constrained Bayesian posterior estimate; not an observed or recovered true suppressed count.
50019,Orleans County,50,Vermont,6.605111111111111,7.0,4.0,9.0,4.018000773238382,4.258218361437574,2.4332676351071854,5.474852178991167,0.9489444444444445,suppressed_1_9,suppressed_1_9,nonmetro_nonadjacent,Q2,Constrained Bayesian posterior estimate; not an observed or recovered true suppressed count.
50021,Rutland County,50,Vermont,25.0,25.0,25.0,25.0,6.995335510281747,6.995335510281745,6.995335510281745,6.995335510281745,1.0,exact,exact,nonmetro_nonadjacent,Q2,Constrained Bayesian posterior estimate; not an observed or recovered true suppressed count.
50023,Washington County,50,Vermont,16.0,16.0,16.0,16.0,4.485059146717497,4.485059146717497,4.485059146717497,4.485059146717497,1.0,exact,exact,nonmetro_adjacent,Q1_lowest,Constrained Bayesian posterior estimate; not an observed or recovered true suppressed count.
50025,Windham County,50,Vermont,10.0,10.0,10.0,10.0,3.7346598845243175,3.7346598845243166,3.7346598845243166,3.7346598845243166,1.0,exact,exact,nonmetro_nonadjacent,Q2,Constrained Bayesian posterior estimate; not an observed or recovered true suppressed count.
50027,Windsor County,50,Vermont,16.0,16.0,16.0,16.0,4.6758195835013705,4.6758195835013705,4.6758195835013705,4.6758195835013705,1.0,exact,exact,nonmetro_nonadjacent,Q1_lowest,Constrained Bayesian posterior estimate; not an observed or recovered true suppressed count.
51001,Accomack County,51,Virginia,8.03475,8.0,6.0,9.0,4.065325514442854,4.047743130220956,3.0358073476657172,4.553711021498576,0.9843611111111111,suppressed_1_9,suppressed_1_9,nonmetro_nonadjacent,Q4_highest,Constrained Bayesian posterior estimate; not an observed or recovered true suppressed count.
51003,Albemarle County,51,Virginia,18.0,18.0,18.0,18.0,2.6430165629037945,2.6430165629037945,2.6430165629037945,2.6430165629037945,0.0,exact,exact,metro_other,Q1_lowest,Constrained Bayesian posterior estimate; not an observed or recovered true suppressed count.
51005,Alleghany County,51,Virginia,2.822888888888889,3.0,2.0,5.0,3.185781228643691,3.385660598810505,2.2571070658736696,5.6427676646841745,0.5370833333333334,suppressed_1_9,suppressed_1_9,nonmetro_adjacent,Q2,Constrained Bayesian posterior estimate; not an observed or recovered true suppressed count.
51007,Amelia County,51,Virginia,6.144,6.0,5.0,9.0,7.672519293688655,7.492694622742826,6.243912185619022,11.239041934114239,1.0,suppressed_1_9,suppressed_1_9,metro_large,Q2,Constrained Bayesian posterior estimate; not an observed or recovered true suppressed count.
51009,Amherst County,51,Virginia,5.247416666666667,5.0,3.0,9.0,2.773769249744511,2.64298551643937,1.5857913098636218,4.757373929590866,0.39641666666666664,suppressed_1_9,suppressed_1_9,metro_other,Q2,Constrained Bayesian posterior estimate; not an observed or recovered true suppressed count.
51011,Appomattox County,51,Virginia,4.092027777777778,4.0,3.0,7.0,4.138545023845805,4.045471095109026,3.034103321331769,7.079574416440794,1.0,suppressed_1_9,suppressed_1_9,metro_other,Q1_lowest,Constrained Bayesian posterior estimate; not an observed or recovered true suppressed count.
51013,Arlington County,51,Virginia,18.0,18.0,18.0,18.0,1.2694875149429259,1.2694875149429259,1.2694875149429259,1.2694875149429259,0.0,exact,exact,metro_large,Q1_lowest,Constrained Bayesian posterior estimate; not an observed or recovered true suppressed count.
51015,Augusta County,51,Virginia,12.0,12.0,12.0,12.0,2.5828781010680197,2.58287810106802,2.58287810106802,2.58287810106802,0.0,exact,exact,metro_other,Q1_lowest,Constrained Bayesian posterior estimate; not an observed or recovered true suppressed count.
51017,Bath County,51,Virginia,0.0,0.0,0.0,0.0,0.0,0.0,0.0,0.0,0.0,zero,zero,nonmetro_nonadjacent,Q1_lowest,Constrained Bayesian posterior estimate; not an observed or recovered true suppressed count.
51019,Bedford County,51,Virginia,12.0,12.0,12.0,12.0,2.4819335917301975,2.4819335917301975,2.4819335917301975,2.4819335917301975,0.0,exact,exact,metro_other,Q1_lowest,Constrained Bayesian posterior estimate; not an observed or recovered true suppressed count.
51021,Bland County,51,Virginia,1.1064166666666666,1.0,1.0,2.0,2.9738386417596203,2.6878107781212206,2.6878107781212206,5.375621556242441,0.09825,suppressed_1_9,suppressed_1_9,nonmetro_adjacent,Q1_lowest,Constrained Bayesian posterior estimate; not an observed or recovered true suppressed count.
51023,Botetourt County,51,Virginia,7.562916666666666,8.0,5.0,9.0,3.7199489769986602,3.934935835952525,2.459334897470328,4.426802815446591,0.9475277777777777,suppressed_1_9,suppressed_1_9,metro_other,Q1_lowest,Constrained Bayesian posterior estimate; not an observed or recovered true suppressed count.
51025,Brunswick County,51,Virginia,2.9239444444444445,3.0,2.0,5.0,3.0576237550136414,3.137156481365291,2.091437654243527,5.228594135608818,0.5731388888888889,suppressed_1_9,suppressed_1_9,nonmetro_adjacent,Q4_highest,Constrained Bayesian posterior estimate; not an observed or recovered true suppressed count.
51027,Buchanan County,51,Virginia,3.1008055555555556,3.0,2.0,6.0,2.616625224089951,2.531560116114224,1.6877067440761493,5.063120232228448,0.29747222222222225,suppressed_1_9,suppressed_1_9,nonmetro_nonadjacent,Q3,Constrained Bayesian posterior estimate; not an observed or recovered true suppressed count.
51029,Buckingham County,51,Virginia,4.256305555555556,4.0,3.0,7.0,4.15906657893994,3.9086165451738353,2.931462408880377,6.840078954054213,1.0,suppressed_1_9,suppressed_1_9,nonmetro_adjacent,Q3,Constrained Bayesian posterior estimate; not an observed or recovered true suppressed count.
51031,Campbell County,51,Virginia,7.572527777777778,8.0,5.0,9.0,2.284776992637381,2.4137535678294926,1.5085959798934327,2.715472763808179,0.0,suppressed_1_9,suppressed_1_9,metro_other,Q2,Constrained Bayesian posterior estimate; not an observed or recovered true suppressed count.
51033,Caroline County,51,Virginia,3.427111111111111,3.0,2.0,7.0,1.7943835631580083,1.5707546428889319,1.0471697619259548,3.6650941667408414,0.07697222222222222,suppressed_1_9,suppressed_1_9,nonmetro_adjacent,Q2,Constrained Bayesian posterior estimate; not an observed or recovered true suppressed count.
51035,Carroll County,51,Virginia,5.727222222222222,6.0,3.0,9.0,3.2441315174504632,3.398643941067514,1.699321970533757,5.097965911601271,0.5264722222222222,suppressed_1_9,suppressed_1_9,nonmetro_adjacent,Q2,Constrained Bayesian posterior estimate; not an observed or recovered true suppressed count.
51036,Charles City County,51,Virginia,2.2983333333333333,2.0,2.0,4.0,5.72336910957824,4.980451726971636,4.980451726971636,9.960903453943272,1.0,suppressed_1_9,suppressed_1_9,metro_large,Q2,Constrained Bayesian posterior estimate; not an observed or recovered true suppressed count.
51037,Charlotte County,51,Virginia,1.2403055555555556,1.0,1.0,3.0,1.7919088598979376,1.4447317855440136,1.4447317855440136,4.3341953566320415,0.029666666666666668,suppressed_1_9,suppressed_1_9,nonmetro_adjacent,Q3,Constrained Bayesian posterior estimate; not an observed or recovered true suppressed count.
51041,Chesterfield County,51,Virginia,48.0,48.0,48.0,48.0,2.14879318402802,2.1487931840280203,2.1487931840280203,2.1487931840280203,0.0,exact,exact,metro_large,Q2,Constrained Bayesian posterior estimate; not an observed or recovered true suppressed count.
51043,Clarke County,51,Virginia,2.57275,2.0,2.0,5.0,2.844326272498121,2.2111174987838855,2.2111174987838855,5.527793746959714,0.41888888888888887,suppressed_1_9,suppressed_1_9,metro_large,Q1_lowest,Constrained Bayesian posterior estimate; not an observed or recovered true suppressed count.
51045,Craig County,51,Virginia,0.0,0.0,0.0,0.0,0.0,0.0,0.0,0.0,0.0,zero,zero,metro_other,Q1_lowest,Constrained Bayesian posterior estimate; not an observed or recovered true suppressed count.
51047,Culpeper County,51,Virginia,7.879583333333334,8.0,6.0,9.0,2.422631071374034,2.4596539881752135,1.84474049113141,2.767110736697115,0.0,suppressed_1_9,suppressed_1_9,metro_large,Q2,Constrained Bayesian posterior estimate; not an observed or recovered true suppressed count.
51049,Cumberland County,51,Virginia,3.6881944444444446,3.0,3.0,6.0,6.226692403505615,5.06482982171799,5.06482982171799,10.12965964343598,1.0,suppressed_1_9,suppressed_1_9,nonmetro_adjacent,Q2,Constrained Bayesian posterior estimate; not an observed or recovered true suppressed count.
51051,Dickenson County,51,Virginia,6.604583333333333,6.0,5.0,9.0,7.961261988853932,7.232488337612555,6.02707361467713,10.848732506418832,1.0,suppressed_1_9,suppressed_1_9,nonmetro_nonadjacent,Q2,Constrained Bayesian posterior estimate; not an observed or recovered true suppressed count.
51053,Dinwiddie County,51,Virginia,5.91375,6.0,4.0,9.0,3.474098834476925,3.5247673653538865,2.3498449102359245,5.287151048030831,0.8428333333333333,suppressed_1_9,suppressed_1_9,metro_large,Q2,Constrained Bayesian posterior estimate; not an observed or recovered true suppressed count.
51057,Essex County,51,Virginia,4.299777777777778,4.0,3.0,7.0,6.6787477132304724,6.213109661385524,4.659832246039143,10.872941907424666,1.0,suppressed_1_9,suppressed_1_9,nonmetro_adjacent,Q4_highest,Constrained Bayesian posterior estimate; not an observed or recovered true suppressed count.
51059,Fairfax County,51,Virginia,90.0,90.0,90.0,90.0,1.308285385885316,1.3082853858853158,1.3082853858853158,1.3082853858853158,0.0,exact,exact,metro_large,Q1_lowest,Constrained Bayesian posterior estimate; not an observed or recovered true suppressed count.
51061,Fauquier County,51,Virginia,11.0,11.0,11.0,11.0,2.488169883191733,2.488169883191734,2.488169883191734,2.488169883191734,0.0,exact,exact,metro_large,Q1_lowest,Constrained Bayesian posterior estimate; not an observed or recovered true suppressed count.
51063,Floyd County,51,Virginia,3.9098055555555558,4.0,3.0,6.0,4.157244763903066,4.253147329023477,3.189860496767608,6.379720993535216,1.0,suppressed_1_9,suppressed_1_9,metro_other,Q1_lowest,Constrained Bayesian posterior estimate; not an observed or recovered true suppressed count.
51065,Fluvanna County,51,Virginia,5.158777777777778,5.0,3.0,9.0,3.0746908355948657,2.980057455507742,1.7880344733046452,5.364103419913936,0.6256944444444444,suppressed_1_9,suppressed_1_9,metro_other,Q1_lowest,Constrained Bayesian posterior estimate; not an observed or recovered true suppressed count.
51067,Franklin County,51,Virginia,7.652111111111111,8.0,5.0,9.0,2.2951261104629204,2.3994697171925004,1.4996685732453128,2.6994034318415627,0.0,suppressed_1_9,suppressed_1_9,metro_other,Q2,Constrained Bayesian posterior estimate; not an observed or recovered true suppressed count.
51069,Frederick County,51,Virginia,18.0,18.0,18.0,18.0,3.195438334253502,3.1954383342535015,3.1954383342535015,3.1954383342535015,1.0,exact,exact,metro_other,Q2,Constrained Bayesian posterior estimate; not an observed or recovered true suppressed count.
51071,Giles County,51,Virginia,5.394111111111111,5.0,4.0,8.0,5.427326348363094,5.030788425161991,4.024630740129593,8.049261480259187,1.0,suppressed_1_9,suppressed_1_9,metro_other,Q1_lowest,Constrained Bayesian posterior estimate; not an observed or recovered true suppressed count.
51073,Gloucester County,51,Virginia,7.528333333333333,8.0,5.0,9.0,3.223021377401033,3.424950766332734,2.140594228957959,3.8530696121243255,0.7918611111111111,suppressed_1_9,suppressed_1_9,metro_large,Q1_lowest,Constrained Bayesian posterior estimate; not an observed or recovered true suppressed count.
51075,Goochland County,51,Virginia,4.44,4.0,3.0,7.0,2.8608063092376983,2.5773029812952237,1.9329772359714177,4.510280217266642,0.41147222222222224,suppressed_1_9,suppressed_1_9,metro_large,Q1_lowest,Constrained Bayesian posterior estimate; not an observed or recovered true suppressed count.
51077,Grayson County,51,Virginia,1.3626111111111112,1.0,1.0,3.0,1.4763650372296562,1.083482312151254,1.083482312151254,3.2504469364537627,0.05925,suppressed_1_9,suppressed_1_9,nonmetro_nonadjacent,Q3,Constrained Bayesian posterior estimate; not an observed or recovered true suppressed count.
51079,Greene County,51,Virginia,2.849083333333333,3.0,2.0,5.0,2.277990991711308,2.3986567522187574,1.5991045014791716,3.997761253697929,0.21408333333333332,suppressed_1_9,suppressed_1_9,metro_other,Q1_lowest,Constrained Bayesian posterior estimate; not an observed or recovered true suppressed count.
51081,Greensville County,51,Virginia,3.6605,3.0,3.0,6.0,5.417986442082828,4.440365886149019,4.440365886149019,8.880731772298038,1.0,suppressed_1_9,suppressed_1_9,nonmetro_adjacent,Q4_highest,Constrained Bayesian posterior estimate; not an observed or recovered true suppressed count.
51083,Halifax County,51,Virginia,8.091472222222222,8.0,6.0,9.0,4.0095300547170165,3.964203244700356,2.973152433525267,4.4597286502879,0.9866111111111111,suppressed_1_9,suppressed_1_9,nonmetro_adjacent,Q4_highest,Constrained Bayesian posterior estimate; not an observed or recovered true suppressed count.
51085,Hanover County,51,Virginia,17.0,17.0,17.0,17.0,2.5372149737472887,2.5372149737472878,2.5372149737472878,2.5372149737472878,0.0,exact,exact,metro_large,Q1_lowest,Constrained Bayesian posterior estimate; not an observed or recovered true suppressed count.
51087,Henrico County,51,Virginia,64.0,64.0,64.0,64.0,3.191135026895284,3.1911350268952847,3.1911350268952847,3.1911350268952847,1.0,exact,exact,metro_large,Q2,Constrained Bayesian posterior estimate; not an observed or recovered true suppressed count.
51089,Henry County,51,Virginia,10.0,10.0,10.0,10.0,3.3321448683302957,3.3321448683302957,3.3321448683302957,3.3321448683302957,1.0,exact,exact,nonmetro_adjacent,Q4_highest,Constrained Bayesian posterior estimate; not an observed or recovered true suppressed count.
51091,Highland County,51,Virginia,0.0,0.0,0.0,0.0,0.0,0.0,0.0,0.0,0.0,zero,zero,nonmetro_adjacent,Q1_lowest,Constrained Bayesian posterior estimate; not an observed or recovered true suppressed count.
51093,Isle of Wight County,51,Virginia,12.0,12.0,12.0,12.0,5.086556231879143,5.086556231879143,5.086556231879143,5.086556231879143,1.0,exact,exact,metro_large,Q1_lowest,Constrained Bayesian posterior estimate; not an observed or recovered true suppressed count.
51095,James City County,51,Virginia,10.0,10.0,10.0,10.0,2.0804423852688037,2.0804423852688037,2.0804423852688037,2.0804423852688037,0.0,exact,exact,metro_large,Q1_lowest,Constrained Bayesian posterior estimate; not an observed or recovered true suppressed count.
51097,King and Queen County,51,Virginia,3.3608611111111113,3.0,3.0,5.0,8.234579093230536,7.350418973881511,7.350418973881511,12.250698289802518,1.0,suppressed_1_9,suppressed_1_9,metro_large,Q1_lowest,Constrained Bayesian posterior estimate; not an observed or recovered true suppressed count.
51099,King George County,51,Virginia,1.5254166666666666,1.0,1.0,4.0,0.9137186076136394,0.5989960825656201,0.5989960825656201,2.3959843302624804,0.005638888888888889,suppressed_1_9,suppressed_1_9,nonmetro_adjacent,Q1_lowest,Constrained Bayesian posterior estimate; not an observed or recovered true suppressed count.
51101,King William County,51,Virginia,6.273777777777778,6.0,5.0,9.0,5.718301928448309,5.468764241573545,4.557303534644621,8.203146362360318,1.0,suppressed_1_9,suppressed_1_9,metro_large,Q1_lowest,Constrained Bayesian posterior estimate; not an observed or recovered true suppressed count.
51103,Lancaster County,51,Virginia,3.0425833333333334,3.0,2.0,6.0,4.693895916898077,4.62820117247763,3.08546744831842,9.25640234495526,1.0,suppressed_1_9,suppressed_1_9,nonmetro_nonadjacent,Q3,Constrained Bayesian posterior estimate; not an observed or recovered true suppressed count.
51105,Lee County,51,Virginia,7.531361111111111,8.0,5.0,9.0,5.614092411619077,5.963429270001714,3.7271432937510713,6.708857928751929,1.0,suppressed_1_9,suppressed_1_9,nonmetro_adjacent,Q4_highest,Constrained Bayesian posterior estimate; not an observed or recovered true suppressed count.
51107,Loudoun County,51,Virginia,35.0,35.0,35.0,35.0,1.358840187193824,1.358840187193824,1.358840187193824,1.358840187193824,0.0,exact,exact,metro_large,Q1_lowest,Constrained Bayesian posterior estimate; not an observed or recovered true suppressed count.
51109,Louisa County,51,Virginia,3.993,4.0,2.0,8.0,1.6789091505384033,1.6818523922247963,0.8409261961123982,3.3637047844495926,0.07177777777777777,suppressed_1_9,suppressed_1_9,nonmetro_adjacent,Q2,Constrained Bayesian posterior estimate; not an observed or recovered true suppressed count.
51111,Lunenburg County,51,Virginia,0.0,0.0,0.0,0.0,0.0,0.0,0.0,0.0,0.0,zero,zero,nonmetro_nonadjacent,Q4_highest,Constrained Bayesian posterior estimate; not an observed or recovered true suppressed count.
51113,Madison County,51,Virginia,4.02375,4.0,3.0,7.0,4.8540322094215576,4.825381506725376,3.6190361300440315,8.444417636769407,1.0,suppressed_1_9,suppressed_1_9,nonmetro_adjacent,Q1_lowest,Constrained Bayesian posterior estimate; not an observed or recovered true suppressed count.
51115,Mathews County,51,Virginia,3.56175,3.0,3.0,5.0,6.882342711392796,5.79687741536559,5.79687741536559,9.66146235894265,1.0,suppressed_1_9,suppressed_1_9,metro_large,Q1_lowest,Constrained Bayesian posterior estimate; not an observed or recovered true suppressed count.
51117,Mecklenburg County,51,Virginia,7.037472222222222,7.0,4.0,9.0,3.8352601296076285,3.8148386323258525,2.1799077899004873,4.904792527276096,0.8428611111111111,suppressed_1_9,suppressed_1_9,nonmetro_nonadjacent,Q3,Constrained Bayesian posterior estimate; not an observed or recovered true suppressed count.
51119,Middlesex County,51,Virginia,5.286277777777777,5.0,4.0,8.0,8.164387745996446,7.722246246988324,6.177796997590659,12.355593995181318,1.0,suppressed_1_9,suppressed_1_9,nonmetro_adjacent,Q2,Constrained Bayesian posterior estimate; not an observed or recovered true suppressed count.
51121,Montgomery County,51,Virginia,8.411916666666666,9.0,6.0,9.0,1.420984676232337,1.5203267689001956,1.013551179266797,1.5203267689001956,0.0,suppressed_1_9,suppressed_1_9,metro_other,Q2,Constrained Bayesian posterior estimate; not an observed or recovered true suppressed count.
51125,Nelson County,51,Virginia,4.2580277777777775,4.0,3.0,7.0,4.806008914171627,4.514774599878101,3.3860809499085756,7.900855549786677,1.0,suppressed_1_9,suppressed_1_9,metro_other,Q2,Constrained Bayesian posterior estimate; not an observed or recovered true suppressed count.
51127,New Kent County,51,Virginia,4.2804166666666665,4.0,3.0,7.0,2.8732642385024687,2.6850322875132573,2.013774215634943,4.6988065031482,0.36025,suppressed_1_9,suppressed_1_9,metro_large,Q1_lowest,Constrained Bayesian posterior estimate; not an observed or recovered true suppressed count.
51131,Northampton County,51,Virginia,5.840805555555556,6.0,4.0,9.0,8.181202016381937,8.404185284271566,5.602790189514378,12.606277926407351,1.0,suppressed_1_9,suppressed_1_9,nonmetro_adjacent,Q4_highest,Constrained Bayesian posterior estimate; not an observed or recovered true suppressed count.
51133,Northumberland County,51,Virginia,4.0921111111111115,4.0,3.0,7.0,5.583984158824164,5.458291827572562,4.093718870679421,9.552010698251982,1.0,suppressed_1_9,suppressed_1_9,nonmetro_nonadjacent,Q1_lowest,Constrained Bayesian posterior estimate; not an observed or recovered true suppressed count.
51135,Nottoway County,51,Virginia,6.746527777777778,7.0,5.0,9.0,7.274433410368197,7.547739452034116,5.391242465738654,9.704236438329577,1.0,suppressed_1_9,suppressed_1_9,nonmetro_adjacent,Q4_highest,Constrained Bayesian posterior estimate; not an observed or recovered true suppressed count.
51137,Orange County,51,Virginia,11.0,11.0,11.0,11.0,4.835483658263182,4.835483658263182,4.835483658263182,4.835483658263182,1.0,exact,exact,nonmetro_adjacent,Q2,Constrained Bayesian posterior estimate; not an observed or recovered true suppressed count.
51139,Page County,51,Virginia,7.330611111111111,7.0,5.0,9.0,5.132798234906498,4.901308649409392,3.5009347495781373,6.301682549240646,1.0,suppressed_1_9,suppressed_1_9,nonmetro_adjacent,Q2,Constrained Bayesian posterior estimate; not an observed or recovered true suppressed count.
51141,Patrick County,51,Virginia,5.9675,6.0,4.0,9.0,5.674524309880853,5.705428715422725,3.80361914361515,8.558143073134087,1.0,suppressed_1_9,suppressed_1_9,nonmetro_adjacent,Q2,Constrained Bayesian posterior estimate; not an observed or recovered true suppressed count.
51143,Pittsylvania County,51,Virginia,22.0,22.0,22.0,22.0,6.126273638366068,6.126273638366067,6.126273638366067,6.126273638366067,1.0,exact,exact,nonmetro_adjacent,Q3,Constrained Bayesian posterior estimate; not an observed or recovered true suppressed count.
51145,Powhatan County,51,Virginia,6.013944444444444,6.0,4.0,9.0,3.2173550702669806,3.209895036432309,2.139930024288206,4.814842554648463,0.5995,suppressed_1_9,suppressed_1_9,metro_large,Q1_lowest,Constrained Bayesian posterior estimate; not an observed or recovered true suppressed count.
51147,Prince Edward County,51,Virginia,6.020111111111111,6.0,4.0,9.0,4.492888464319595,4.477879276374709,2.985252850916473,6.716818914562064,1.0,suppressed_1_9,suppressed_1_9,nonmetro_adjacent,Q3,Constrained Bayesian posterior estimate; not an observed or recovered true suppressed count.
51149,Prince George County,51,Virginia,1.7335277777777778,1.0,1.0,4.0,0.6947645123812298,0.4007807208442045,0.4007807208442045,1.603122883376818,0.0,suppressed_1_9,suppressed_1_9,metro_large,Q2,Constrained Bayesian posterior estimate; not an observed or recovered true suppressed count.
51153,Prince William County,51,Virginia,52.0,52.0,52.0,52.0,1.7906792390715192,1.7906792390715192,1.7906792390715192,1.7906792390715192,0.0,exact,exact,metro_large,Q2,Constrained Bayesian posterior estimate; not an observed or recovered true suppressed count.
51155,Pulaski County,51,Virginia,6.4535,6.0,4.0,9.0,3.184381800149017,2.9606090959780125,1.973739397318675,4.440913643967019,0.7156388888888889,suppressed_1_9,suppressed_1_9,metro_other,Q1_lowest,Constrained Bayesian posterior estimate; not an observed or recovered true suppressed count.
51157,Rappahannock County,51,Virginia,2.272638888888889,2.0,2.0,4.0,5.1148696635057815,4.501260352898812,4.501260352898812,9.002520705797624,1.0,suppressed_1_9,suppressed_1_9,metro_large,Q1_lowest,Constrained Bayesian posterior estimate; not an observed or recovered true suppressed count.
51159,Richmond County,51,Virginia,1.2331388888888888,1.0,1.0,3.0,2.258909853249475,1.8318373328448434,1.8318373328448434,5.49551199853453,0.20347222222222222,suppressed_1_9,suppressed_1_9,nonmetro_nonadjacent,Q3,Constrained Bayesian posterior estimate; not an observed or recovered true suppressed count.
51161,Roanoke County,51,Virginia,21.0,21.0,21.0,21.0,3.642304850509404,3.6423048505094027,3.6423048505094027,3.6423048505094027,1.0,exact,exact,metro_other,Q1_lowest,Constrained Bayesian posterior estimate; not an observed or recovered true suppressed count.
51163,Rockbridge County,51,Virginia,4.9230833333333335,5.0,3.0,8.0,3.6389114741173283,3.695764653706852,2.2174587922241114,5.913223445930963,0.8328055555555556,suppressed_1_9,suppressed_1_9,nonmetro_adjacent,Q1_lowest,Constrained Bayesian posterior estimate; not an observed or recovered true suppressed count.
51165,Rockingham County,51,Virginia,8.640611111111111,9.0,7.0,9.0,1.6998135277313833,1.770513862139922,1.3770663372199392,1.770513862139922,0.0,suppressed_1_9,suppressed_1_9,metro_other,Q2,Constrained Bayesian posterior estimate; not an observed or recovered true suppressed count.
51167,Russell County,51,Virginia,5.2819722222222225,5.0,3.0,9.0,3.4049122158618834,3.2231447578773653,1.9338868547264194,5.801660564179259,0.6528888888888889,suppressed_1_9,suppressed_1_9,nonmetro_adjacent,Q2,Constrained Bayesian posterior estimate; not an observed or recovered true suppressed count.
51169,Scott County,51,Virginia,6.027,6.0,4.0,9.0,4.675318630683185,4.654373947917556,3.10291596527837,6.9815609218763335,1.0,suppressed_1_9,suppressed_1_9,metro_other,Q2,Constrained Bayesian posterior estimate; not an observed or recovered true suppressed count.
51171,Shenandoah County,51,Virginia,7.412527777777778,8.0,5.0,9.0,2.766797722286506,2.9860774140569593,1.8662983837855998,3.359337090814079,0.5220555555555556,suppressed_1_9,suppressed_1_9,nonmetro_adjacent,Q2,Constrained Bayesian posterior estimate; not an observed or recovered true suppressed count.
51173,Smyth County,51,Virginia,7.746222222222222,8.0,5.0,9.0,4.364732788774755,4.507727936080418,2.8173299600502615,5.07119392809047,0.9665833333333333,suppressed_1_9,suppressed_1_9,nonmetro_nonadjacent,Q3,Constrained Bayesian posterior estimate; not an observed or recovered true suppressed count.
51175,Southampton County,51,Virginia,4.368222222222222,4.0,3.0,7.0,4.077839286621879,3.734095088731435,2.800571316548576,6.53466640528001,0.7254722222222222,suppressed_1_9,suppressed_1_9,nonmetro_adjacent,Q2,Constrained Bayesian posterior estimate; not an observed or recovered true suppressed count.
51177,Spotsylvania County,51,Virginia,20.0,20.0,20.0,20.0,2.3077713044792683,2.3077713044792687,2.3077713044792687,2.3077713044792687,0.0,exact,exact,metro_large,Q2,Constrained Bayesian posterior estimate; not an observed or recovered true suppressed count.
51179,Stafford County,51,Virginia,15.0,15.0,15.0,15.0,1.5492122771974548,1.5492122771974544,1.5492122771974544,1.5492122771974544,0.0,exact,exact,metro_large,Q1_lowest,Constrained Bayesian posterior estimate; not an observed or recovered true suppressed count.
51181,Surry County,51,Virginia,0.0,0.0,0.0,0.0,0.0,0.0,0.0,0.0,0.0,zero,zero,metro_large,Q2,Constrained Bayesian posterior estimate; not an observed or recovered true suppressed count.
51183,Sussex County,51,Virginia,2.328,2.0,2.0,4.0,3.579500899487984,3.075172594061842,3.075172594061842,6.150345188123684,1.0,suppressed_1_9,suppressed_1_9,metro_large,Q3,Constrained Bayesian posterior estimate; not an observed or recovered true suppressed count.
51185,Tazewell County,51,Virginia,20.0,20.0,20.0,20.0,8.372930316287441,8.372930316287443,8.372930316287443,8.372930316287443,1.0,exact,exact,nonmetro_nonadjacent,Q3,Constrained Bayesian posterior estimate; not an observed or recovered true suppressed count.
51187,Warren County,51,Virginia,6.5777777777777775,7.0,4.0,9.0,2.659751313252211,2.8304785934947514,1.6174163391398582,3.6391867630646804,0.28058333333333335,suppressed_1_9,suppressed_1_9,metro_large,Q2,Constrained Bayesian posterior estimate; not an observed or recovered true suppressed count.
51191,Washington County,51,Virginia,14.0,14.0,14.0,14.0,4.332004851845434,4.332004851845435,4.332004851845435,4.332004851845435,1.0,exact,exact,metro_other,Q2,Constrained Bayesian posterior estimate; not an observed or recovered true suppressed count.
51193,Westmoreland County,51,Virginia,1.5204444444444445,1.0,1.0,4.0,1.3592994899150188,0.8940145724375308,0.8940145724375308,3.576058289750123,0.02636111111111111,suppressed_1_9,suppressed_1_9,nonmetro_adjacent,Q4_highest,Constrained Bayesian posterior estimate; not an observed or recovered true suppressed count.
51195,Wise County,51,Virginia,13.0,13.0,13.0,13.0,6.023984726881802,6.0239847268818005,6.0239847268818005,6.0239847268818005,1.0,exact,exact,nonmetro_nonadjacent,Q4_highest,Constrained Bayesian posterior estimate; not an observed or recovered true suppressed count.
51197,Wythe County,51,Virginia,10.0,10.0,10.0,10.0,5.889385560404482,5.889385560404483,5.889385560404483,5.889385560404483,1.0,exact,exact,nonmetro_adjacent,Q2,Constrained Bayesian posterior estimate; not an observed or recovered true suppressed count.
51199,York County,51,Virginia,8.108027777777778,8.0,6.0,9.0,1.9208920645675704,1.8952989478721716,1.4214742109041287,2.132211316356193,0.0,suppressed_1_9,suppressed_1_9,metro_large,Q1_lowest,Constrained Bayesian posterior estimate; not an observed or recovered true suppressed count.
51510,Alexandria City,51,Virginia,10.0,10.0,10.0,10.0,1.0607637286693676,1.0607637286693674,1.0607637286693674,1.0607637286693674,0.0,exact,exact,metro_large,Q2,Constrained Bayesian posterior estimate; not an observed or recovered true suppressed count.
51520,Bristol City,51,Virginia,6.142444444444444,6.0,4.0,9.0,6.067031246055969,5.926335647896645,3.9508904319310965,8.889503471844966,1.0,suppressed_1_9,suppressed_1_9,metro_other,Q4_highest,Constrained Bayesian posterior estimate; not an observed or recovered true suppressed count.
51530,Buena Vista City,51,Virginia,2.346611111111111,2.0,2.0,4.0,5.983352740026802,5.099569086412198,5.099569086412198,10.199138172824396,1.0,suppressed_1_9,suppressed_1_9,nonmetro_adjacent,Q2,Constrained Bayesian posterior estimate; not an observed or recovered true suppressed count.
51540,Charlottesville City,51,Virginia,7.3275,7.0,5.0,9.0,2.664438876990375,2.5453527313452917,1.8181090938180655,3.2725963688725175,0.24008333333333334,suppressed_1_9,suppressed_1_9,metro_other,Q3,Constrained Bayesian posterior estimate; not an observed or recovered true suppressed count.
51550,Chesapeake City,51,Virginia,42.0,42.0,42.0,42.0,2.7916511021039745,2.791651102103974,2.791651102103974,2.791651102103974,0.0,exact,exact,metro_large,Q2,Constrained Bayesian posterior estimate; not an observed or recovered true suppressed count.
51570,Colonial Heights City,51,Virginia,1.4338055555555556,1.0,1.0,3.0,1.3250335513271132,0.9241375486327384,0.9241375486327384,2.7724126458982155,0.0155,suppressed_1_9,suppressed_1_9,metro_large,Q3,Constrained Bayesian posterior estimate; not an observed or recovered true suppressed count.
51580,Covington City,51,Virginia,0.0,0.0,0.0,0.0,0.0,0.0,0.0,0.0,0.0,zero,zero,nonmetro_adjacent,Q2,Constrained Bayesian posterior estimate; not an observed or recovered true suppressed count.
51590,Danville City,51,Virginia,33.0,33.0,33.0,33.0,13.296425679024283,13.296425679024283,13.296425679024283,13.296425679024283,1.0,exact,exact,nonmetro_adjacent,Q4_highest,Constrained Bayesian posterior estimate; not an observed or recovered true suppressed count.
51595,Emporia City,51,Virginia,4.716527777777777,5.0,4.0,7.0,14.460779303954437,15.329899435859701,12.26391954868776,21.46185921020358,1.0,suppressed_1_9,suppressed_1_9,nonmetro_adjacent,Q4_highest,Constrained Bayesian posterior estimate; not an observed or recovered true suppressed count.
51600,Fairfax City,51,Virginia,1.3497777777777777,1.0,1.0,3.0,0.9117471125131059,0.6754794215194234,0.6754794215194234,2.02643826455827,0.0020555555555555557,suppressed_1_9,suppressed_1_9,metro_large,Q2,Constrained Bayesian posterior estimate; not an observed or recovered true suppressed count.
51610,Falls Church City,51,Virginia,0.0,0.0,0.0,0.0,0.0,0.0,0.0,0.0,0.0,zero,zero,metro_large,Q1_lowest,Constrained Bayesian posterior estimate; not an observed or recovered true suppressed count.
51620,Franklin City,51,Virginia,1.2551388888888888,1.0,1.0,3.0,2.562763167447094,2.0418163998693237,2.0418163998693237,6.125449199607971,0.2147777777777778,suppressed_1_9,suppressed_1_9,nonmetro_adjacent,Q4_highest,Constrained Bayesian posterior estimate; not an observed or recovered true suppressed count.
51630,Fredericksburg City,51,Virginia,1.5544444444444445,1.0,1.0,4.0,0.8904317098070963,0.5728295488394473,0.5728295488394473,2.291318195357789,0.0005833333333333334,suppressed_1_9,suppressed_1_9,metro_large,Q4_highest,Constrained Bayesian posterior estimate; not an observed or recovered true suppressed count.
51640,Galax City,51,Virginia,4.934388888888889,5.0,4.0,7.0,12.495603557671474,12.66175390615108,10.129403124920863,17.726455468611512,1.0,suppressed_1_9,suppressed_1_9,nonmetro_adjacent,Q4_highest,Constrained Bayesian posterior estimate; not an observed or recovered true suppressed count.
51650,Hampton City,51,Virginia,21.0,21.0,21.0,21.0,2.559567847440006,2.5595678474400057,2.5595678474400057,2.5595678474400057,0.0,exact,exact,metro_large,Q3,Constrained Bayesian posterior estimate; not an observed or recovered true suppressed count.
51660,Harrisonburg City,51,Virginia,13.0,13.0,13.0,13.0,4.1793386357352755,4.179338635735275,4.179338635735275,4.179338635735275,1.0,exact,exact,metro_other,Q4_highest,Constrained Bayesian posterior estimate; not an observed or recovered true suppressed count.
51670,Hopewell City,51,Virginia,4.755944444444444,5.0,3.0,8.0,3.4783983123021214,3.656895442045521,2.1941372652273126,5.851032707272834,0.5169722222222223,suppressed_1_9,suppressed_1_9,metro_large,Q4_highest,Constrained Bayesian posterior estimate; not an observed or recovered true suppressed count.
51678,Lexington City,51,Virginia,1.1123055555555557,1.0,1.0,2.0,2.4735490916997764,2.223803593666607,2.223803593666607,4.447607187333214,0.105,suppressed_1_9,suppressed_1_9,nonmetro_adjacent,Q1_lowest,Constrained Bayesian posterior estimate; not an observed or recovered true suppressed count.
51680,Lynchburg City,51,Virginia,17.0,17.0,17.0,17.0,3.52798836178898,3.5279883617889807,3.5279883617889807,3.5279883617889807,1.0,exact,exact,metro_other,Q3,Constrained Bayesian posterior estimate; not an observed or recovered true suppressed count.
51683,Manassas City,51,Virginia,7.332527777777778,7.0,5.0,9.0,2.891192897048206,2.7600782285029335,1.9714844489306669,3.5486720080752003,0.4668888888888889,suppressed_1_9,suppressed_1_9,metro_large,Q2,Constrained Bayesian posterior estimate; not an observed or recovered true suppressed count.
51685,Manassas Park City,51,Virginia,0.0,0.0,0.0,0.0,0.0,0.0,0.0,0.0,0.0,zero,zero,metro_large,Q3,Constrained Bayesian posterior estimate; not an observed or recovered true suppressed count.
51690,Martinsville City,51,Virginia,4.155083333333334,4.0,3.0,7.0,5.210266506161075,5.015799769273211,3.761849826954908,8.777649596228118,1.0,suppressed_1_9,suppressed_1_9,nonmetro_adjacent,Q4_highest,Constrained Bayesian posterior estimate; not an observed or recovered true suppressed count.
51700,Newport News City,51,Virginia,31.0,31.0,31.0,31.0,2.835312259341438,2.835312259341439,2.835312259341439,2.835312259341439,0.0,exact,exact,metro_large,Q4_highest,Constrained Bayesian posterior estimate; not an observed or recovered true suppressed count.
51710,Norfolk City,51,Virginia,48.0,48.0,48.0,48.0,3.390635065947853,3.390635065947852,3.390635065947852,3.390635065947852,1.0,exact,exact,metro_large,Q4_highest,Constrained Bayesian posterior estimate; not an observed or recovered true suppressed count.
51720,Norton City,51,Virginia,1.1276666666666666,1.0,1.0,2.0,5.077063917278226,4.502273648192337,4.502273648192337,9.004547296384674,1.0,suppressed_1_9,suppressed_1_9,nonmetro_nonadjacent,Q4_highest,Constrained Bayesian posterior estimate; not an observed or recovered true suppressed count.
51730,Petersburg City,51,Virginia,20.0,20.0,20.0,20.0,10.205018828259739,10.205018828259739,10.205018828259739,10.205018828259739,1.0,exact,exact,metro_large,Q4_highest,Constrained Bayesian posterior estimate; not an observed or recovered true suppressed count.
51735,Poquoson City,51,Virginia,1.22425,1.0,1.0,3.0,1.6285767496308514,1.3302648557327763,1.3302648557327763,3.990794567198329,0.02625,suppressed_1_9,suppressed_1_9,metro_large,Q1_lowest,Constrained Bayesian posterior estimate; not an observed or recovered true suppressed count.
51740,Portsmouth City,51,Virginia,26.0,26.0,26.0,26.0,4.50110450179698,4.50110450179698,4.50110450179698,4.50110450179698,1.0,exact,exact,metro_large,Q4_highest,Constrained Bayesian posterior estimate; not an observed or recovered true suppressed count.
51750,Radford City,51,Virginia,0.0,0.0,0.0,0.0,0.0,0.0,0.0,0.0,0.0,zero,zero,metro_other,Q2,Constrained Bayesian posterior estimate; not an observed or recovered true suppressed count.
51760,Richmond City,51,Virginia,52.0,52.0,52.0,52.0,3.7638529694266576,3.7638529694266567,3.7638529694266567,3.7638529694266567,1.0,exact,exact,metro_large,Q4_highest,Constrained Bayesian posterior estimate; not an observed or recovered true suppressed count.
51770,Roanoke City,51,Virginia,39.0,39.0,39.0,39.0,6.610214306537671,6.610214306537671,6.610214306537671,6.610214306537671,1.0,exact,exact,metro_other,Q4_highest,Constrained Bayesian posterior estimate; not an observed or recovered true suppressed count.
51775,Salem City,51,Virginia,6.263972222222222,6.0,4.0,9.0,4.092895698795925,3.9204155640497893,2.613610376033193,5.880623346074684,0.8935,suppressed_1_9,suppressed_1_9,metro_other,Q2,Constrained Bayesian posterior estimate; not an observed or recovered true suppressed count.
51790,Staunton City,51,Virginia,3.4781666666666666,3.0,2.0,7.0,2.2590925525396797,1.9485200989848208,1.299013399323214,4.546546897631249,0.19905555555555557,suppressed_1_9,suppressed_1_9,metro_other,Q3,Constrained Bayesian posterior estimate; not an observed or recovered true suppressed count.
51800,Suffolk City,51,Virginia,19.0,19.0,19.0,19.0,3.250552593940969,3.25055259394097,3.25055259394097,3.25055259394097,1.0,exact,exact,metro_large,Q2,Constrained Bayesian posterior estimate; not an observed or recovered true suppressed count.
51810,Virginia Beach City,51,Virginia,42.0,42.0,42.0,42.0,1.5424436420473069,1.5424436420473073,1.5424436420473073,1.5424436420473073,0.0,exact,exact,metro_large,Q2,Constrained Bayesian posterior estimate; not an observed or recovered true suppressed count.
51820,Waynesboro City,51,Virginia,7.389194444444445,7.0,5.0,9.0,5.377518535499453,5.094280578419172,3.6387718417279795,6.549789315110364,1.0,suppressed_1_9,suppressed_1_9,metro_other,Q4_highest,Constrained Bayesian posterior estimate; not an observed or recovered true suppressed count.
51830,Williamsburg City,51,Virginia,2.503,2.0,2.0,4.0,2.6744596052954943,2.1370032803000356,2.1370032803000356,4.274006560600071,0.38222222222222224,suppressed_1_9,suppressed_1_9,metro_large,Q2,Constrained Bayesian posterior estimate; not an observed or recovered true suppressed count.
51840,Winchester City,51,Virginia,6.809916666666667,7.0,4.0,9.0,4.07128523059938,4.184925896919297,2.3913862268110266,5.38061901032481,0.9466111111111111,suppressed_1_9,suppressed_1_9,metro_other,Q4_highest,Constrained Bayesian posterior estimate; not an observed or recovered true suppressed count.
53001,Adams County,53,Washington,3.879166666666667,4.0,3.0,6.0,3.1422723725742743,3.240151963127071,2.430113972345303,4.860227944690606,0.5773333333333334,suppressed_1_9,suppressed_1_9,nonmetro_adjacent,Q4_highest,Constrained Bayesian posterior estimate; not an observed or recovered true suppressed count.
53003,Asotin County,53,Washington,4.059222222222222,4.0,3.0,6.0,2.9984135074289378,2.954668006116163,2.216001004587122,4.432002009174244,0.6499166666666667,suppressed_1_9,suppressed_1_9,metro_other,Q2,Constrained Bayesian posterior estimate; not an observed or recovered true suppressed count.
53005,Benton County,53,Washington,37.0,37.0,37.0,37.0,2.920189638693617,2.9201896386936177,2.9201896386936177,2.9201896386936177,0.0,exact,exact,metro_other,Q3,Constrained Bayesian posterior estimate; not an observed or recovered true suppressed count.
53007,Chelan County,53,Washington,14.0,14.0,14.0,14.0,2.9438296279630176,2.943829627963017,2.943829627963017,2.943829627963017,1.0,exact,exact,metro_other,Q4_highest,Constrained Bayesian posterior estimate; not an observed or recovered true suppressed count.
53009,Clallam County,53,Washington,21.0,21.0,21.0,21.0,4.49692281995606,4.496922819956059,4.496922819956059,4.496922819956059,1.0,exact,exact,nonmetro_nonadjacent,Q3,Constrained Bayesian posterior estimate; not an observed or recovered true suppressed count.
53011,Clark County,53,Washington,113.0,113.0,113.0,113.0,3.69075039161148,3.690750391611479,3.690750391611479,3.690750391611479,1.0,exact,exact,metro_large,Q2,Constrained Bayesian posterior estimate; not an observed or recovered true suppressed count.
53013,Columbia County,53,Washington,1.0670555555555556,1.0,1.0,2.0,4.413150070538713,4.135820339964432,4.135820339964432,8.271640679928865,1.0,suppressed_1_9,suppressed_1_9,nonmetro_adjacent,Q2,Constrained Bayesian posterior estimate; not an observed or recovered true suppressed count.
53015,Cowlitz County,53,Washington,34.0,34.0,34.0,34.0,5.0573413259159,5.0573413259159,5.0573413259159,5.0573413259159,1.0,exact,exact,metro_other,Q3,Constrained Bayesian posterior estimate; not an observed or recovered true suppressed count.
53017,Douglas County,53,Washington,15.0,15.0,15.0,15.0,5.650355972426264,5.650355972426263,5.650355972426263,5.650355972426263,1.0,exact,exact,metro_other,Q4_highest,Constrained Bayesian posterior estimate; not an observed or recovered true suppressed count.
53019,Ferry County,53,Washington,2.262166666666667,2.0,2.0,4.0,5.010668852120111,4.4299731986621484,4.4299731986621484,8.859946397324297,1.0,suppressed_1_9,suppressed_1_9,nonmetro_adjacent,Q3,Constrained Bayesian posterior estimate; not an observed or recovered true suppressed count.
53021,Franklin County,53,Washington,16.0,16.0,16.0,16.0,2.714095485271791,2.714095485271791,2.714095485271791,2.714095485271791,0.0,exact,exact,metro_other,Q4_highest,Constrained Bayesian posterior estimate; not an observed or recovered true suppressed count.
53023,Garfield County,53,Washington,1.044138888888889,1.0,1.0,2.0,7.462932520112138,7.1474519333857485,7.1474519333857485,14.294903866771497,1.0,suppressed_1_9,suppressed_1_9,nonmetro_adjacent,Q1_lowest,Constrained Bayesian posterior estimate; not an observed or recovered true suppressed count.
53025,Grant County,53,Washington,26.0,26.0,26.0,26.0,4.289629161558984,4.289629161558984,4.289629161558984,4.289629161558984,1.0,exact,exact,nonmetro_nonadjacent,Q4_highest,Constrained Bayesian posterior estimate; not an observed or recovered true suppressed count.
53027,Grays Harbor County,53,Washington,15.0,15.0,15.0,15.0,3.260352161504805,3.260352161504805,3.260352161504805,3.260352161504805,1.0,exact,exact,nonmetro_adjacent,Q4_highest,Constrained Bayesian posterior estimate; not an observed or recovered true suppressed count.
53029,Island County,53,Washington,17.0,17.0,17.0,17.0,3.2821257363062966,3.282125736306296,3.282125736306296,3.282125736306296,1.0,exact,exact,nonmetro_adjacent,Q2,Constrained Bayesian posterior estimate; not an observed or recovered true suppressed count.
53031,Jefferson County,53,Washington,6.622861111111111,7.0,4.0,9.0,3.3151932999510003,3.503977013910789,2.0022725793775935,4.505113303599585,0.7724166666666666,suppressed_1_9,suppressed_1_9,nonmetro_adjacent,Q2,Constrained Bayesian posterior estimate; not an observed or recovered true suppressed count.
53033,King County,53,Washington,323.0,323.0,323.0,323.0,2.364952083727797,2.364952083727797,2.364952083727797,2.364952083727797,0.0,exact,exact,metro_large,Q2,Constrained Bayesian posterior estimate; not an observed or recovered true suppressed count.
53035,Kitsap County,53,Washington,48.0,48.0,48.0,48.0,2.899732680893479,2.89973268089348,2.89973268089348,2.89973268089348,0.0,exact,exact,metro_other,Q2,Constrained Bayesian posterior estimate; not an observed or recovered true suppressed count.
53037,Kittitas County,53,Washington,6.481611111111111,6.0,4.0,9.0,2.302468894596266,2.131385720426135,1.4209238136174234,3.1970785806392024,0.08372222222222223,suppressed_1_9,suppressed_1_9,nonmetro_adjacent,Q2,Constrained Bayesian posterior estimate; not an observed or recovered true suppressed count.
53039,Klickitat County,53,Washington,2.7349444444444444,3.0,2.0,5.0,1.9644202468284526,2.154800896397173,1.4365339309314484,3.5913348273286214,0.042805555555555555,suppressed_1_9,suppressed_1_9,nonmetro_nonadjacent,Q3,Constrained Bayesian posterior estimate; not an observed or recovered true suppressed count.
53041,Lewis County,53,Washington,24.0,24.0,24.0,24.0,4.745080438999025,4.745080438999025,4.745080438999025,4.745080438999025,1.0,exact,exact,nonmetro_adjacent,Q3,Constrained Bayesian posterior estimate; not an observed or recovered true suppressed count.
53043,Lincoln County,53,Washington,2.3137777777777777,2.0,2.0,4.0,3.3796526215678457,2.9213286202564928,2.9213286202564928,5.8426572405129855,0.2663055555555556,suppressed_1_9,suppressed_1_9,nonmetro_adjacent,Q1_lowest,Constrained Bayesian posterior estimate; not an observed or recovered true suppressed count.
53045,Mason County,53,Washington,21.0,21.0,21.0,21.0,5.137061698557218,5.137061698557219,5.137061698557219,5.137061698557219,1.0,exact,exact,nonmetro_adjacent,Q3,Constrained Bayesian posterior estimate; not an observed or recovered true suppressed count.
53047,Okanogan County,53,Washington,17.0,17.0,17.0,17.0,6.556668903647822,6.5566689036478225,6.5566689036478225,6.5566689036478225,1.0,exact,exact,nonmetro_adjacent,Q4_highest,Constrained Bayesian posterior estimate; not an observed or recovered true suppressed count.
53049,Pacific County,53,Washington,7.120277777777778,7.0,5.0,9.0,5.015657664976845,4.930931734772226,3.522094096265876,6.3397693732785765,1.0,suppressed_1_9,suppressed_1_9,nonmetro_nonadjacent,Q3,Constrained Bayesian posterior estimate; not an observed or recovered true suppressed count.
53051,Pend Oreille County,53,Washington,4.8502777777777775,5.0,4.0,7.0,5.7314274310233,5.908349679767447,4.726679743813958,8.271689551674427,1.0,suppressed_1_9,suppressed_1_9,nonmetro_adjacent,Q2,Constrained Bayesian posterior estimate; not an observed or recovered true suppressed count.
53053,Pierce County,53,Washington,180.0,180.0,180.0,180.0,3.248028086059753,3.2480280860597524,3.2480280860597524,3.2480280860597524,1.0,exact,exact,metro_large,Q3,Constrained Bayesian posterior estimate; not an observed or recovered true suppressed count.
53055,San Juan County,53,Washington,2.6463888888888887,2.0,2.0,5.0,2.4161977310516027,1.8260337633642847,1.8260337633642847,4.565084408410711,0.14122222222222222,suppressed_1_9,suppressed_1_9,nonmetro_nonadjacent,Q1_lowest,Constrained Bayesian posterior estimate; not an observed or recovered true suppressed count.
53057,Skagit County,53,Washington,14.0,14.0,14.0,14.0,1.7811206302113687,1.781120630211368,1.781120630211368,1.781120630211368,0.0,exact,exact,metro_other,Q3,Constrained Bayesian posterior estimate; not an observed or recovered true suppressed count.
53059,Skamania County,53,Washington,2.28675,2.0,2.0,4.0,3.0851996762007565,2.698327037236913,2.698327037236913,5.396654074473826,0.2472777777777778,suppressed_1_9,suppressed_1_9,metro_large,Q1_lowest,Constrained Bayesian posterior estimate; not an observed or recovered true suppressed count.
53061,Snohomish County,53,Washington,124.0,124.0,124.0,124.0,2.4627758383418055,2.4627758383418055,2.4627758383418055,2.4627758383418055,0.0,exact,exact,metro_large,Q2,Constrained Bayesian posterior estimate; not an observed or recovered true suppressed count.
53063,Spokane County,53,Washington,142.0,142.0,142.0,142.0,4.363652007971347,4.363652007971347,4.363652007971347,4.363652007971347,1.0,exact,exact,metro_other,Q3,Constrained Bayesian posterior estimate; not an observed or recovered true suppressed count.
53065,Stevens County,53,Washington,11.0,11.0,11.0,11.0,3.8516754788332928,3.8516754788332923,3.8516754788332923,3.8516754788332923,1.0,exact,exact,metro_other,Q2,Constrained Bayesian posterior estimate; not an observed or recovered true suppressed count.
53067,Thurston County,53,Washington,62.0,62.0,62.0,62.0,3.4767784843488907,3.4767784843488894,3.4767784843488894,3.4767784843488894,1.0,exact,exact,metro_other,Q2,Constrained Bayesian posterior estimate; not an observed or recovered true suppressed count.
53069,Wahkiakum County,53,Washington,1.0748888888888888,1.0,1.0,2.0,3.8635882566726187,3.594407102548435,3.594407102548435,7.18881420509687,1.0,suppressed_1_9,suppressed_1_9,nonmetro_adjacent,Q1_lowest,Constrained Bayesian posterior estimate; not an observed or recovered true suppressed count.
53071,Walla Walla County,53,Washington,12.0,12.0,12.0,12.0,3.240965807810726,3.2409658078107273,3.2409658078107273,3.2409658078107273,1.0,exact,exact,metro_other,Q4_highest,Constrained Bayesian posterior estimate; not an observed or recovered true suppressed count.
53073,Whatcom County,53,Washington,38.0,38.0,38.0,38.0,2.7404294108653695,2.74042941086537,2.74042941086537,2.74042941086537,0.0,exact,exact,metro_other,Q3,Constrained Bayesian posterior estimate; not an observed or recovered true suppressed count.
53075,Whitman County,53,Washington,7.556472222222222,8.0,5.0,9.0,2.592209525748,2.744359483648763,1.7152246772804771,3.087404419104858,0.24977777777777777,suppressed_1_9,suppressed_1_9,nonmetro_adjacent,Q3,Constrained Bayesian posterior estimate; not an observed or recovered true suppressed count.
53077,Yakima County,53,Washington,46.0,46.0,46.0,46.0,3.0046624523009835,3.0046624523009835,3.0046624523009835,3.0046624523009835,1.0,exact,exact,metro_other,Q4_highest,Constrained Bayesian posterior estimate; not an observed or recovered true suppressed count.
54001,Barbour County,54,West Virginia,1.446888888888889,1.0,1.0,3.0,1.5308725573871478,1.0580443108957402,1.0580443108957402,3.174132932687221,0.086,suppressed_1_9,suppressed_1_9,nonmetro_nonadjacent,Q2,Constrained Bayesian posterior estimate; not an observed or recovered true suppressed count.
54003,Berkeley County,54,West Virginia,28.0,28.0,28.0,28.0,3.6573482657638223,3.657348265763824,3.657348265763824,3.657348265763824,1.0,exact,exact,metro_other,Q2,Constrained Bayesian posterior estimate; not an observed or recovered true suppressed count.
54005,Boone County,54,West Virginia,5.767527777777778,6.0,4.0,9.0,4.582349025756195,4.767050149367571,3.178033432911714,7.150575224051357,1.0,suppressed_1_9,suppressed_1_9,metro_other,Q2,Constrained Bayesian posterior estimate; not an observed or recovered true suppressed count.
54007,Braxton County,54,West Virginia,2.6462777777777777,2.0,2.0,5.0,3.468072155821159,2.621094569092053,2.621094569092053,6.552736422730132,0.45702777777777776,suppressed_1_9,suppressed_1_9,nonmetro_adjacent,Q3,Constrained Bayesian posterior estimate; not an observed or recovered true suppressed count.
54009,Brooke County,54,West Virginia,6.956916666666666,7.0,5.0,9.0,5.34555313089091,5.378657487091222,3.8418982050651582,6.915416769117286,1.0,suppressed_1_9,suppressed_1_9,metro_other,Q2,Constrained Bayesian posterior estimate; not an observed or recovered true suppressed count.
54011,Cabell County,54,West Virginia,18.0,18.0,18.0,18.0,3.2534843914086333,3.253484391408632,3.253484391408632,3.253484391408632,1.0,exact,exact,metro_other,Q3,Constrained Bayesian posterior estimate; not an observed or recovered true suppressed count.
54013,Calhoun County,54,West Virginia,2.281222222222222,2.0,2.0,4.0,5.982749074802578,5.245213742460005,5.245213742460005,10.49042748492001,1.0,suppressed_1_9,suppressed_1_9,nonmetro_adjacent,Q2,Constrained Bayesian posterior estimate; not an observed or recovered true suppressed count.
54015,Clay County,54,West Virginia,0.0,0.0,0.0,0.0,0.0,0.0,0.0,0.0,0.0,zero,zero,metro_other,Q3,Constrained Bayesian posterior estimate; not an observed or recovered true suppressed count.
54017,Doddridge County,54,West Virginia,0.0,0.0,0.0,0.0,0.0,0.0,0.0,0.0,0.0,zero,zero,nonmetro_nonadjacent,Q2,Constrained Bayesian posterior estimate; not an observed or recovered true suppressed count.
54019,Fayette County,54,West Virginia,11.0,11.0,11.0,11.0,4.5538471728888785,4.553847172888878,4.553847172888878,4.553847172888878,1.0,exact,exact,metro_other,Q3,Constrained Bayesian posterior estimate; not an observed or recovered true suppressed count.
54021,Gilmer County,54,West Virginia,2.219888888888889,2.0,2.0,3.0,4.965527868493912,4.473672437704111,4.473672437704111,6.710508656556168,1.0,suppressed_1_9,suppressed_1_9,nonmetro_nonadjacent,Q2,Constrained Bayesian posterior estimate; not an observed or recovered true suppressed count.
54023,Grant County,54,West Virginia,0.0,0.0,0.0,0.0,0.0,0.0,0.0,0.0,0.0,zero,zero,nonmetro_nonadjacent,Q2,Constrained Bayesian posterior estimate; not an observed or recovered true suppressed count.
54025,Greenbrier County,54,West Virginia,7.542222222222223,8.0,5.0,9.0,3.808741476902912,4.039914353815699,2.524946471134812,4.544903648042662,0.9493611111111111,suppressed_1_9,suppressed_1_9,nonmetro_adjacent,Q2,Constrained Bayesian posterior estimate; not an observed or recovered true suppressed count.
54027,Hampshire County,54,West Virginia,5.662083333333333,5.0,4.0,9.0,4.027745174056449,3.5567695995788786,2.8454156796631027,6.402185279241982,0.7986944444444445,suppressed_1_9,suppressed_1_9,metro_other,Q2,Constrained Bayesian posterior estimate; not an observed or recovered true suppressed count.
54029,Hancock County,54,West Virginia,5.188888888888889,5.0,3.0,9.0,3.04497963058594,2.934134547673818,1.7604807286042907,5.281442185812873,0.6313611111111112,suppressed_1_9,suppressed_1_9,metro_other,Q2,Constrained Bayesian posterior estimate; not an observed or recovered true suppressed count.
54031,Hardy County,54,West Virginia,2.5163055555555554,2.0,2.0,4.0,2.983278072196469,2.371157243292589,2.371157243292589,4.742314486585178,0.3923333333333333,suppressed_1_9,suppressed_1_9,nonmetro_adjacent,Q2,Constrained Bayesian posterior estimate; not an observed or recovered true suppressed count.
54033,Harrison County,54,West Virginia,12.0,12.0,12.0,12.0,3.0510284508403043,3.051028450840304,3.051028450840304,3.051028450840304,1.0,exact,exact,nonmetro_nonadjacent,Q2,Constrained Bayesian posterior estimate; not an observed or recovered true suppressed count.
54035,Jackson County,54,West Virginia,7.36625,7.0,5.0,9.0,4.39005566349214,4.171782066104867,2.9798443329320476,5.3637197992776855,1.0,suppressed_1_9,suppressed_1_9,nonmetro_adjacent,Q2,Constrained Bayesian posterior estimate; not an observed or recovered true suppressed count.
54037,Jefferson County,54,West Virginia,10.0,10.0,10.0,10.0,2.832604409798546,2.832604409798545,2.832604409798545,2.832604409798545,0.0,exact,exact,metro_large,Q1_lowest,Constrained Bayesian posterior estimate; not an observed or recovered true suppressed count.
54039,Kanawha County,54,West Virginia,40.0,40.0,40.0,40.0,3.7858890450568117,3.785889045056812,3.785889045056812,3.785889045056812,1.0,exact,exact,metro_other,Q3,Constrained Bayesian posterior estimate; not an observed or recovered true suppressed count.
54041,Lewis County,54,West Virginia,6.720194444444444,7.0,5.0,9.0,6.833076874409693,7.117582462276814,5.083987473054866,9.151177451498759,1.0,suppressed_1_9,suppressed_1_9,nonmetro_nonadjacent,Q3,Constrained Bayesian posterior estimate; not an observed or recovered true suppressed count.
54043,Lincoln County,54,West Virginia,6.948333333333333,7.0,5.0,9.0,5.811732757875602,5.854947849143087,4.182105606530777,7.527790091755397,1.0,suppressed_1_9,suppressed_1_9,nonmetro_adjacent,Q2,Constrained Bayesian posterior estimate; not an observed or recovered true suppressed count.
54045,Logan County,54,West Virginia,11.0,11.0,11.0,11.0,5.841152512492101,5.841152512492101,5.841152512492101,5.841152512492101,1.0,exact,exact,nonmetro_adjacent,Q3,Constrained Bayesian posterior estimate; not an observed or recovered true suppressed count.
54047,McDowell County,54,West Virginia,4.580111111111111,4.0,3.0,8.0,4.347972841123527,3.797264071236674,2.8479480534275052,7.594528142473348,0.7709722222222222,suppressed_1_9,suppressed_1_9,nonmetro_nonadjacent,Q4_highest,Constrained Bayesian posterior estimate; not an observed or recovered true suppressed count.
54049,Marion County,54,West Virginia,15.0,15.0,15.0,15.0,4.47169861943758,4.471698619437579,4.471698619437579,4.471698619437579,1.0,exact,exact,nonmetro_adjacent,Q2,Constrained Bayesian posterior estimate; not an observed or recovered true suppressed count.
54051,Marshall County,54,West Virginia,3.3894444444444445,3.0,2.0,7.0,1.8907979719092072,1.6735468035256054,1.1156978690170702,3.9049425415597456,0.07044444444444445,suppressed_1_9,suppressed_1_9,metro_other,Q1_lowest,Constrained Bayesian posterior estimate; not an observed or recovered true suppressed count.
54053,Mason County,54,West Virginia,6.375166666666667,6.0,4.0,9.0,4.179258744528865,3.933317163029441,2.622211442019627,5.899975744544162,0.9057777777777778,suppressed_1_9,suppressed_1_9,nonmetro_adjacent,Q2,Constrained Bayesian posterior estimate; not an observed or recovered true suppressed count.
54055,Mercer County,54,West Virginia,26.0,26.0,26.0,26.0,7.420218382734862,7.420218382734864,7.420218382734864,7.420218382734864,1.0,exact,exact,nonmetro_adjacent,Q3,Constrained Bayesian posterior estimate; not an observed or recovered true suppressed count.
54057,Mineral County,54,West Virginia,6.085583333333333,6.0,4.0,9.0,3.781110137705787,3.7279352830434864,2.4852901886956573,5.59190292456523,0.8701666666666666,suppressed_1_9,suppressed_1_9,nonmetro_nonadjacent,Q1_lowest,Constrained Bayesian posterior estimate; not an observed or recovered true suppressed count.
54059,Mingo County,54,West Virginia,6.231083333333333,6.0,4.0,9.0,4.592214000746812,4.421909085549201,2.947939390366134,6.632863628323801,1.0,suppressed_1_9,suppressed_1_9,nonmetro_adjacent,Q3,Constrained Bayesian posterior estimate; not an observed or recovered true suppressed count.
54061,Monongalia County,54,West Virginia,12.0,12.0,12.0,12.0,1.8688619565115825,1.8688619565115823,1.8688619565115823,1.8688619565115823,0.0,exact,exact,metro_other,Q2,Constrained Bayesian posterior estimate; not an observed or recovered true suppressed count.
54063,Monroe County,54,West Virginia,4.054555555555556,4.0,3.0,7.0,5.336626771027109,5.264820469621986,3.948615352216489,9.213435821838475,1.0,suppressed_1_9,suppressed_1_9,nonmetro_adjacent,Q2,Constrained Bayesian posterior estimate; not an observed or recovered true suppressed count.
54065,Morgan County,54,West Virginia,4.101916666666667,4.0,3.0,7.0,3.875692495693062,3.779396619329724,2.834547464497293,6.613944083827017,0.6498888888888888,suppressed_1_9,suppressed_1_9,metro_other,Q1_lowest,Constrained Bayesian posterior estimate; not an observed or recovered true suppressed count.
54067,Nicholas County,54,West Virginia,6.215055555555556,6.0,4.0,9.0,4.266911686740462,4.119266495945955,2.7461776639639703,6.178899743918933,0.8895,suppressed_1_9,suppressed_1_9,nonmetro_adjacent,Q2,Constrained Bayesian posterior estimate; not an observed or recovered true suppressed count.
54069,Ohio County,54,West Virginia,5.23075,5.0,3.0,9.0,2.1083232567513104,2.0153164046755343,1.2091898428053205,3.6275695284159615,0.08644444444444445,suppressed_1_9,suppressed_1_9,metro_other,Q2,Constrained Bayesian posterior estimate; not an observed or recovered true suppressed count.
54071,Pendleton County,54,West Virginia,1.1294166666666667,1.0,1.0,2.0,2.9700388320579236,2.6297104688773767,2.6297104688773767,5.259420937754753,0.11916666666666667,suppressed_1_9,suppressed_1_9,nonmetro_adjacent,Q2,Constrained Bayesian posterior estimate; not an observed or recovered true suppressed count.
54073,Pleasants County,54,West Virginia,4.5778888888888885,4.0,4.0,6.0,10.202333107996008,8.914443627287111,8.914443627287111,13.371665440930666,1.0,suppressed_1_9,suppressed_1_9,nonmetro_adjacent,Q2,Constrained Bayesian posterior estimate; not an observed or recovered true suppressed count.
54075,Pocahontas County,54,West Virginia,1.1098055555555555,1.0,1.0,2.0,2.3356951605925618,2.1045985478270017,2.1045985478270017,4.2091970956540035,0.10288888888888889,suppressed_1_9,suppressed_1_9,nonmetro_nonadjacent,Q3,Constrained Bayesian posterior estimate; not an observed or recovered true suppressed count.
54077,Preston County,54,West Virginia,6.2035277777777775,6.0,4.0,9.0,3.0484765193309835,2.948460903408421,1.9656406022722803,4.422691355112631,0.6565555555555556,suppressed_1_9,suppressed_1_9,metro_other,Q2,Constrained Bayesian posterior estimate; not an observed or recovered true suppressed count.
54079,Putnam County,54,West Virginia,7.928916666666667,8.0,6.0,9.0,2.323955151991215,2.344789584444666,1.7585921883334996,2.637888282500249,0.0,suppressed_1_9,suppressed_1_9,metro_other,Q1_lowest,Constrained Bayesian posterior estimate; not an observed or recovered true suppressed count.
54081,Raleigh County,54,West Virginia,7.9925,8.0,5.0,9.0,1.826151726533065,1.8278653502989701,1.1424158439368566,2.0563485190863413,0.0,suppressed_1_9,suppressed_1_9,metro_other,Q4_highest,Constrained Bayesian posterior estimate; not an observed or recovered true suppressed count.
54083,Randolph County,54,West Virginia,6.417361111111111,6.0,4.0,9.0,3.842087022002964,3.5922120842014515,2.394808056134301,5.388318126302177,0.9120277777777778,suppressed_1_9,suppressed_1_9,nonmetro_nonadjacent,Q3,Constrained Bayesian posterior estimate; not an observed or recovered true suppressed count.
54085,Ritchie County,54,West Virginia,0.0,0.0,0.0,0.0,0.0,0.0,0.0,0.0,0.0,zero,zero,nonmetro_adjacent,Q2,Constrained Bayesian posterior estimate; not an observed or recovered true suppressed count.
54087,Roane County,54,West Virginia,5.1914444444444445,5.0,4.0,8.0,6.3167785416370945,6.083835249741437,4.86706819979315,9.7341363995863,1.0,suppressed_1_9,suppressed_1_9,nonmetro_adjacent,Q3,Constrained Bayesian posterior estimate; not an observed or recovered true suppressed count.
54089,Summers County,54,West Virginia,2.5556111111111113,2.0,2.0,5.0,3.558752173886134,2.785049852392358,2.785049852392358,6.962624630980895,0.41102777777777777,suppressed_1_9,suppressed_1_9,nonmetro_adjacent,Q3,Constrained Bayesian posterior estimate; not an observed or recovered true suppressed count.
54091,Taylor County,54,West Virginia,2.884,3.0,2.0,5.0,2.911543198659317,3.0286510388273062,2.0191006925515373,5.047751731378844,0.5641388888888889,suppressed_1_9,suppressed_1_9,nonmetro_adjacent,Q2,Constrained Bayesian posterior estimate; not an observed or recovered true suppressed count.
54093,Tucker County,54,West Virginia,1.1371944444444444,1.0,1.0,2.0,2.837877930835607,2.495508085446197,2.495508085446197,4.991016170892394,0.12486111111111112,suppressed_1_9,suppressed_1_9,nonmetro_nonadjacent,Q2,Constrained Bayesian posterior estimate; not an observed or recovered true suppressed count.
54095,Tyler County,54,West Virginia,0.0,0.0,0.0,0.0,0.0,0.0,0.0,0.0,0.0,zero,zero,nonmetro_nonadjacent,Q1_lowest,Constrained Bayesian posterior estimate; not an observed or recovered true suppressed count.
54097,Upshur County,54,West Virginia,3.294583333333333,3.0,2.0,6.0,2.302487513511499,2.096611875209661,1.3977412501397741,4.193223750419322,0.15633333333333332,suppressed_1_9,suppressed_1_9,nonmetro_nonadjacent,Q3,Constrained Bayesian posterior estimate; not an observed or recovered true suppressed count.
54099,Wayne County,54,West Virginia,12.0,12.0,12.0,12.0,5.212247043135689,5.212247043135688,5.212247043135688,5.212247043135688,1.0,exact,exact,metro_other,Q2,Constrained Bayesian posterior estimate; not an observed or recovered true suppressed count.
54101,Webster County,54,West Virginia,0.0,0.0,0.0,0.0,0.0,0.0,0.0,0.0,0.0,zero,zero,nonmetro_nonadjacent,Q2,Constrained Bayesian posterior estimate; not an observed or recovered true suppressed count.
54103,Wetzel County,54,West Virginia,5.297138888888889,5.0,4.0,8.0,6.172382764960253,5.826147751106968,4.6609182008855745,9.321836401771149,1.0,suppressed_1_9,suppressed_1_9,nonmetro_nonadjacent,Q2,Constrained Bayesian posterior estimate; not an observed or recovered true suppressed count.
54105,Wirt County,54,West Virginia,2.218777777777778,2.0,2.0,3.0,7.020559985374568,6.328312871788381,6.328312871788381,9.492469307682573,1.0,suppressed_1_9,suppressed_1_9,metro_other,Q2,Constrained Bayesian posterior estimate; not an observed or recovered true suppressed count.
54107,Wood County,54,West Virginia,19.0,19.0,19.0,19.0,3.805868649457464,3.805868649457463,3.805868649457463,3.805868649457463,1.0,exact,exact,metro_other,Q2,Constrained Bayesian posterior estimate; not an observed or recovered true suppressed count.
54109,Wyoming County,54,West Virginia,4.535166666666667,4.0,3.0,8.0,3.7071398988577897,3.269683494637719,2.4522626209782894,6.539366989275438,0.7646388888888889,suppressed_1_9,suppressed_1_9,nonmetro_adjacent,Q3,Constrained Bayesian posterior estimate; not an observed or recovered true suppressed count.
55001,Adams County,55,Wisconsin,6.419972222222222,6.0,4.0,9.0,5.110629057651826,4.776309504855915,3.1842063365706097,7.164464257283872,1.0,suppressed_1_9,suppressed_1_9,nonmetro_adjacent,Q3,Constrained Bayesian posterior estimate; not an observed or recovered true suppressed count.
55003,Ashland County,55,Wisconsin,1.380111111111111,1.0,1.0,3.0,1.4466876780552118,1.0482400050315521,1.0482400050315521,3.144720015094656,0.06708333333333333,suppressed_1_9,suppressed_1_9,nonmetro_nonadjacent,Q2,Constrained Bayesian posterior estimate; not an observed or recovered true suppressed count.
55005,Barron County,55,Wisconsin,8.123333333333333,8.0,6.0,9.0,2.9269159769738065,2.882477777897881,2.1618583334234107,3.242787500135116,0.4524166666666667,suppressed_1_9,suppressed_1_9,nonmetro_adjacent,Q2,Constrained Bayesian posterior estimate; not an observed or recovered true suppressed count.
55007,Bayfield County,55,Wisconsin,1.3210555555555556,1.0,1.0,3.0,1.3645435587736723,1.032919132761096,1.032919132761096,3.098757398283288,0.050027777777777775,suppressed_1_9,suppressed_1_9,nonmetro_adjacent,Q1_lowest,Constrained Bayesian posterior estimate; not an observed or recovered true suppressed count.
55009,Brown County,55,Wisconsin,33.0,33.0,33.0,33.0,2.044476660440306,2.044476660440306,2.044476660440306,2.044476660440306,0.0,exact,exact,metro_other,Q2,Constrained Bayesian posterior estimate; not an observed or recovered true suppressed count.
55011,Buffalo County,55,Wisconsin,0.0,0.0,0.0,0.0,0.0,0.0,0.0,0.0,0.0,zero,zero,nonmetro_adjacent,Q1_lowest,Constrained Bayesian posterior estimate; not an observed or recovered true suppressed count.
55013,Burnett County,55,Wisconsin,2.839166666666667,3.0,2.0,5.0,2.8669763371368946,3.029385034837928,2.0195900232252852,5.048975058063213,0.5449166666666667,suppressed_1_9,suppressed_1_9,nonmetro_adjacent,Q1_lowest,Constrained Bayesian posterior estimate; not an observed or recovered true suppressed count.
55015,Calumet County,55,Wisconsin,4.5248333333333335,4.0,2.0,8.0,1.448614188084536,1.2805900959161982,0.6402950479580991,2.5611801918323964,0.0,suppressed_1_9,suppressed_1_9,metro_other,Q1_lowest,Constrained Bayesian posterior estimate; not an observed or recovered true suppressed count.
55017,Chippewa County,55,Wisconsin,14.0,14.0,14.0,14.0,3.523253472921281,3.5232534729212803,3.5232534729212803,3.5232534729212803,1.0,exact,exact,metro_other,Q1_lowest,Constrained Bayesian posterior estimate; not an observed or recovered true suppressed count.
55019,Clark County,55,Wisconsin,11.0,11.0,11.0,11.0,5.275627559878372,5.275627559878372,5.275627559878372,5.275627559878372,1.0,exact,exact,nonmetro_adjacent,Q3,Constrained Bayesian posterior estimate; not an observed or recovered true suppressed count.
55021,Columbia County,55,Wisconsin,11.0,11.0,11.0,11.0,3.160147665081806,3.160147665081805,3.160147665081805,3.160147665081805,1.0,exact,exact,metro_other,Q1_lowest,Constrained Bayesian posterior estimate; not an observed or recovered true suppressed count.
55023,Crawford County,55,Wisconsin,2.762638888888889,3.0,2.0,5.0,2.872183986119487,3.118957020772254,2.079304680514836,5.198261701287089,0.5181111111111111,suppressed_1_9,suppressed_1_9,nonmetro_adjacent,Q2,Constrained Bayesian posterior estimate; not an observed or recovered true suppressed count.
55025,Dane County,55,Wisconsin,88.0,88.0,88.0,88.0,2.591986813856173,2.591986813856172,2.591986813856172,2.591986813856172,0.0,exact,exact,metro_other,Q1_lowest,Constrained Bayesian posterior estimate; not an observed or recovered true suppressed count.
55027,Dodge County,55,Wisconsin,22.0,22.0,22.0,22.0,4.153796192101745,4.153796192101746,4.153796192101746,4.153796192101746,1.0,exact,exact,nonmetro_adjacent,Q1_lowest,Constrained Bayesian posterior estimate; not an observed or recovered true suppressed count.
55029,Door County,55,Wisconsin,3.6440277777777776,3.0,2.0,7.0,2.0526727227435853,1.6898933114022736,1.126595540934849,3.9430843932719712,0.10419444444444445,suppressed_1_9,suppressed_1_9,nonmetro_adjacent,Q1_lowest,Constrained Bayesian posterior estimate; not an observed or recovered true suppressed count.
55031,Douglas County,55,Wisconsin,5.491305555555556,5.0,3.0,9.0,2.082098421377026,1.8958136642665664,1.1374881985599399,3.4124645956798196,0.12111111111111111,suppressed_1_9,suppressed_1_9,metro_other,Q2,Constrained Bayesian posterior estimate; not an observed or recovered true suppressed count.
55033,Dunn County,55,Wisconsin,5.685333333333333,6.0,3.0,9.0,2.075340607246414,2.1902046746268438,1.0951023373134219,3.285307011940266,0.05330555555555556,suppressed_1_9,suppressed_1_9,nonmetro_adjacent,Q1_lowest,Constrained Bayesian posterior estimate; not an observed or recovered true suppressed count.
55035,Eau Claire County,55,Wisconsin,26.0,26.0,26.0,26.0,4.062957082671801,4.062957082671801,4.062957082671801,4.062957082671801,1.0,exact,exact,metro_other,Q1_lowest,Constrained Bayesian posterior estimate; not an observed or recovered true suppressed count.
55037,Florence County,55,Wisconsin,1.1152222222222221,1.0,1.0,2.0,4.095714944442404,3.672554996511073,3.672554996511073,7.345109993022146,1.0,suppressed_1_9,suppressed_1_9,nonmetro_nonadjacent,Q1_lowest,Constrained Bayesian posterior estimate; not an observed or recovered true suppressed count.
55039,Fond du Lac County,55,Wisconsin,14.0,14.0,14.0,14.0,2.2482014388489207,2.248201438848921,2.248201438848921,2.248201438848921,0.0,exact,exact,metro_other,Q1_lowest,Constrained Bayesian posterior estimate; not an observed or recovered true suppressed count.
55041,Forest County,55,Wisconsin,2.4055,2.0,2.0,4.0,4.33939459537468,3.607894072230039,3.607894072230039,7.215788144460078,1.0,suppressed_1_9,suppressed_1_9,nonmetro_nonadjacent,Q2,Constrained Bayesian posterior estimate; not an observed or recovered true suppressed count.
55043,Grant County,55,Wisconsin,12.0,12.0,12.0,12.0,3.876156790542176,3.8761567905421774,3.8761567905421774,3.8761567905421774,1.0,exact,exact,nonmetro_adjacent,Q1_lowest,Constrained Bayesian posterior estimate; not an observed or recovered true suppressed count.
55045,Green County,55,Wisconsin,7.405444444444444,7.0,5.0,9.0,3.3433006823646148,3.160256612836963,2.2573261520264016,4.063187073647523,0.7556666666666667,suppressed_1_9,suppressed_1_9,metro_other,Q1_lowest,Constrained Bayesian posterior estimate; not an observed or recovered true suppressed count.
55047,Green Lake County,55,Wisconsin,4.580638888888889,4.0,3.0,8.0,3.983718507695757,3.4787448688513187,2.6090586516384886,6.9574897377026375,0.7721111111111111,suppressed_1_9,suppressed_1_9,nonmetro_adjacent,Q2,Constrained Bayesian posterior estimate; not an observed or recovered true suppressed count.
55049,Iowa County,55,Wisconsin,4.272222222222222,4.0,3.0,7.0,2.990537612329881,2.799983200100799,2.0999874000755994,4.899970600176399,0.36194444444444446,suppressed_1_9,suppressed_1_9,metro_other,Q1_lowest,Constrained Bayesian posterior estimate; not an observed or recovered true suppressed count.
55051,Iron County,55,Wisconsin,1.1930555555555555,1.0,1.0,2.0,3.291187739463601,2.758620689655172,2.758620689655172,5.517241379310344,0.16983333333333334,suppressed_1_9,suppressed_1_9,nonmetro_nonadjacent,Q1_lowest,Constrained Bayesian posterior estimate; not an observed or recovered true suppressed count.
55053,Jackson County,55,Wisconsin,4.7773055555555555,5.0,3.0,8.0,3.8184231373134123,3.996419208389283,2.39785152503357,6.394270733422854,0.8059722222222222,suppressed_1_9,suppressed_1_9,nonmetro_adjacent,Q3,Constrained Bayesian posterior estimate; not an observed or recovered true suppressed count.
55055,Jefferson County,55,Wisconsin,38.0,38.0,38.0,38.0,7.414315873269829,7.41431587326983,7.41431587326983,7.41431587326983,1.0,exact,exact,nonmetro_adjacent,Q1_lowest,Constrained Bayesian posterior estimate; not an observed or recovered true suppressed count.
55057,Juneau County,55,Wisconsin,1.6573055555555556,1.0,1.0,4.0,1.0329302234105688,0.6232587708090521,0.6232587708090521,2.4930350832362085,0.010416666666666666,suppressed_1_9,suppressed_1_9,nonmetro_adjacent,Q2,Constrained Bayesian posterior estimate; not an observed or recovered true suppressed count.
55059,Kenosha County,55,Wisconsin,24.0,24.0,24.0,24.0,2.3714876045307274,2.371487604530727,2.371487604530727,2.371487604530727,0.0,exact,exact,metro_other,Q3,Constrained Bayesian posterior estimate; not an observed or recovered true suppressed count.
55061,Kewaunee County,55,Wisconsin,2.5923333333333334,2.0,2.0,5.0,2.100296801618231,1.620391000348384,1.620391000348384,4.05097750087096,0.12561111111111112,suppressed_1_9,suppressed_1_9,metro_other,Q1_lowest,Constrained Bayesian posterior estimate; not an observed or recovered true suppressed count.
55063,La Crosse County,55,Wisconsin,20.0,20.0,20.0,20.0,2.7824499750275113,2.7824499750275113,2.7824499750275113,2.7824499750275113,0.0,exact,exact,metro_other,Q1_lowest,Constrained Bayesian posterior estimate; not an observed or recovered true suppressed count.
55065,Lafayette County,55,Wisconsin,1.2826111111111111,1.0,1.0,3.0,1.267114303183181,0.9879177657251811,0.9879177657251811,2.963753297175543,0.04069444444444444,suppressed_1_9,suppressed_1_9,nonmetro_adjacent,Q1_lowest,Constrained Bayesian posterior estimate; not an observed or recovered true suppressed count.
55067,Langlade County,55,Wisconsin,1.2970833333333334,1.0,1.0,3.0,1.1152142013733648,0.8597860852219967,0.8597860852219967,2.57935825566599,0.005638888888888889,suppressed_1_9,suppressed_1_9,nonmetro_adjacent,Q1_lowest,Constrained Bayesian posterior estimate; not an observed or recovered true suppressed count.
55069,Lincoln County,55,Wisconsin,5.152972222222222,5.0,3.0,9.0,3.0501427840455437,2.959595600857099,1.7757573605142594,5.327272081542778,0.6169722222222223,suppressed_1_9,suppressed_1_9,nonmetro_adjacent,Q1_lowest,Constrained Bayesian posterior estimate; not an observed or recovered true suppressed count.
55071,Manitowoc County,55,Wisconsin,17.0,17.0,17.0,17.0,3.517782389981356,3.517782389981356,3.517782389981356,3.517782389981356,1.0,exact,exact,nonmetro_adjacent,Q1_lowest,Constrained Bayesian posterior estimate; not an observed or recovered true suppressed count.
55073,Marathon County,55,Wisconsin,25.0,25.0,25.0,25.0,3.031795040953488,3.0317950409534875,3.0317950409534875,3.0317950409534875,1.0,exact,exact,metro_other,Q1_lowest,Constrained Bayesian posterior estimate; not an observed or recovered true suppressed count.
55075,Marinette County,55,Wisconsin,5.68475,6.0,3.0,9.0,2.283729170349183,2.410374250775337,1.2051871253876685,3.6155613761630057,0.14958333333333335,suppressed_1_9,suppressed_1_9,nonmetro_adjacent,Q1_lowest,Constrained Bayesian posterior estimate; not an observed or recovered true suppressed count.
55077,Marquette County,55,Wisconsin,5.1818888888888885,5.0,4.0,8.0,5.494469244190908,5.301608508021333,4.241286806417067,8.482573612834134,1.0,suppressed_1_9,suppressed_1_9,nonmetro_adjacent,Q1_lowest,Constrained Bayesian posterior estimate; not an observed or recovered true suppressed count.
55078,Menominee County,55,Wisconsin,0.0,0.0,0.0,0.0,0.0,0.0,0.0,0.0,0.0,zero,zero,nonmetro_nonadjacent,Q3,Constrained Bayesian posterior estimate; not an observed or recovered true suppressed count.
55079,Milwaukee County,55,Wisconsin,240.0,240.0,240.0,240.0,4.3023035070764815,4.302303507076482,4.302303507076482,4.302303507076482,1.0,exact,exact,metro_large,Q4_highest,Constrained Bayesian posterior estimate; not an observed or recovered true suppressed count.
55081,Monroe County,55,Wisconsin,11.0,11.0,11.0,11.0,3.9617082886140498,3.96170828861405,3.96170828861405,3.96170828861405,1.0,exact,exact,nonmetro_adjacent,Q2,Constrained Bayesian posterior estimate; not an observed or recovered true suppressed count.
55083,Oconto County,55,Wisconsin,6.770388888888889,7.0,4.0,9.0,2.8796196266019414,2.9772791071565283,1.7013023469465878,3.8279302806298223,0.5660555555555555,suppressed_1_9,suppressed_1_9,metro_other,Q1_lowest,Constrained Bayesian posterior estimate; not an observed or recovered true suppressed count.
55085,Oneida County,55,Wisconsin,4.416472222222223,4.0,2.0,8.0,1.9697224229197576,1.7839780927490212,0.8919890463745106,3.5679561854980424,0.11622222222222223,suppressed_1_9,suppressed_1_9,nonmetro_nonadjacent,Q1_lowest,Constrained Bayesian posterior estimate; not an observed or recovered true suppressed count.
55087,Outagamie County,55,Wisconsin,20.0,20.0,20.0,20.0,1.740724332802123,1.7407243328021222,1.7407243328021222,1.7407243328021222,0.0,exact,exact,metro_other,Q1_lowest,Constrained Bayesian posterior estimate; not an observed or recovered true suppressed count.
55089,Ozaukee County,55,Wisconsin,13.0,13.0,13.0,13.0,2.3542791740464257,2.354279174046426,2.354279174046426,2.354279174046426,0.0,exact,exact,metro_large,Q1_lowest,Constrained Bayesian posterior estimate; not an observed or recovered true suppressed count.
55091,Pepin County,55,Wisconsin,1.10275,1.0,1.0,2.0,2.487705287854178,2.2559104854719365,2.2559104854719365,4.511820970943873,0.09630555555555556,suppressed_1_9,suppressed_1_9,nonmetro_adjacent,Q1_lowest,Constrained Bayesian posterior estimate; not an observed or recovered true suppressed count.
55093,Pierce County,55,Wisconsin,12.0,12.0,12.0,12.0,4.669642266488701,4.669642266488701,4.669642266488701,4.669642266488701,1.0,exact,exact,metro_large,Q1_lowest,Constrained Bayesian posterior estimate; not an observed or recovered true suppressed count.
55095,Polk County,55,Wisconsin,7.960166666666667,8.0,6.0,9.0,2.9448287768364723,2.959564943953239,2.219673707964929,3.329510561947394,0.7008333333333333,suppressed_1_9,suppressed_1_9,nonmetro_adjacent,Q1_lowest,Constrained Bayesian posterior estimate; not an observed or recovered true suppressed count.
55097,Portage County,55,Wisconsin,18.0,18.0,18.0,18.0,4.224816572547142,4.224816572547142,4.224816572547142,4.224816572547142,1.0,exact,exact,nonmetro_adjacent,Q1_lowest,Constrained Bayesian posterior estimate; not an observed or recovered true suppressed count.
55099,Price County,55,Wisconsin,1.2569444444444444,1.0,1.0,3.0,1.5141355005715231,1.2046160888524828,1.2046160888524828,3.613848266557448,0.035527777777777776,suppressed_1_9,suppressed_1_9,nonmetro_nonadjacent,Q1_lowest,Constrained Bayesian posterior estimate; not an observed or recovered true suppressed count.
55101,Racine County,55,Wisconsin,47.0,47.0,47.0,47.0,3.98264920741044,3.9826492074104394,3.9826492074104394,3.9826492074104394,1.0,exact,exact,metro_other,Q2,Constrained Bayesian posterior estimate; not an observed or recovered true suppressed count.
55103,Richland County,55,Wisconsin,3.094527777777778,3.0,2.0,6.0,3.0005505350209227,2.9088934569289844,1.9392623046193227,5.817786913857969,0.2986388888888889,suppressed_1_9,suppressed_1_9,nonmetro_adjacent,Q2,Constrained Bayesian posterior estimate; not an observed or recovered true suppressed count.
55105,Rock County,55,Wisconsin,27.0,27.0,27.0,27.0,2.742180216083802,2.742180216083801,2.742180216083801,2.742180216083801,0.0,exact,exact,metro_other,Q2,Constrained Bayesian posterior estimate; not an observed or recovered true suppressed count.
55107,Rusk County,55,Wisconsin,3.8162777777777777,4.0,3.0,6.0,4.499266420393513,4.7158688988446125,3.536901674133459,7.073803348266918,1.0,suppressed_1_9,suppressed_1_9,nonmetro_adjacent,Q1_lowest,Constrained Bayesian posterior estimate; not an observed or recovered true suppressed count.
55109,St. Croix County,55,Wisconsin,8.16475,8.0,6.0,9.0,1.4366895828457706,1.4076997657939514,1.0557748243454637,1.5836622365181956,0.0,suppressed_1_9,suppressed_1_9,metro_large,Q1_lowest,Constrained Bayesian posterior estimate; not an observed or recovered true suppressed count.
55111,Sauk County,55,Wisconsin,10.0,10.0,10.0,10.0,2.5460128166285187,2.5460128166285187,2.5460128166285187,2.5460128166285187,0.0,exact,exact,nonmetro_adjacent,Q1_lowest,Constrained Bayesian posterior estimate; not an observed or recovered true suppressed count.
55113,Sawyer County,55,Wisconsin,4.297166666666667,4.0,3.0,7.0,3.9974015262157465,3.720964846184616,2.7907236346384616,6.511688480823077,0.7055277777777778,suppressed_1_9,suppressed_1_9,nonmetro_nonadjacent,Q2,Constrained Bayesian posterior estimate; not an observed or recovered true suppressed count.
55115,Shawano County,55,Wisconsin,11.0,11.0,11.0,11.0,4.474491331689975,4.474491331689975,4.474491331689975,4.474491331689975,1.0,exact,exact,nonmetro_adjacent,Q1_lowest,Constrained Bayesian posterior estimate; not an observed or recovered true suppressed count.
55117,Sheboygan County,55,Wisconsin,21.0,21.0,21.0,21.0,2.9903837801583757,2.9903837801583766,2.9903837801583766,2.9903837801583766,1.0,exact,exact,metro_other,Q1_lowest,Constrained Bayesian posterior estimate; not an observed or recovered true suppressed count.
55119,Taylor County,55,Wisconsin,2.6994166666666666,2.0,2.0,5.0,2.2349124608115867,1.6558484567492384,1.6558484567492384,4.139621141873096,0.16180555555555556,suppressed_1_9,suppressed_1_9,nonmetro_adjacent,Q1_lowest,Constrained Bayesian posterior estimate; not an observed or recovered true suppressed count.
55121,Trempealeau County,55,Wisconsin,6.492555555555556,6.0,4.0,9.0,3.554584679997348,3.284917302206917,2.1899448681379448,4.927375953310376,0.7311388888888889,suppressed_1_9,suppressed_1_9,nonmetro_adjacent,Q1_lowest,Constrained Bayesian posterior estimate; not an observed or recovered true suppressed count.
55123,Vernon County,55,Wisconsin,7.449416666666667,8.0,5.0,9.0,4.00121209517006,4.296940041572895,2.6855875259830593,4.834057546769507,0.9396388888888889,suppressed_1_9,suppressed_1_9,metro_other,Q2,Constrained Bayesian posterior estimate; not an observed or recovered true suppressed count.
55125,Vilas County,55,Wisconsin,7.300388888888889,7.0,5.0,9.0,5.226996276062985,5.011921212598538,3.5799437232846696,6.443898701912406,1.0,suppressed_1_9,suppressed_1_9,nonmetro_nonadjacent,Q1_lowest,Constrained Bayesian posterior estimate; not an observed or recovered true suppressed count.
55127,Walworth County,55,Wisconsin,13.0,13.0,13.0,13.0,2.057447088000177,2.057447088000177,2.057447088000177,2.057447088000177,0.0,exact,exact,nonmetro_adjacent,Q1_lowest,Constrained Bayesian posterior estimate; not an observed or recovered true suppressed count.
55129,Washburn County,55,Wisconsin,6.814416666666666,7.0,5.0,9.0,6.882762498274533,7.070207157069702,5.050147969335502,9.090266344803902,1.0,suppressed_1_9,suppressed_1_9,nonmetro_adjacent,Q1_lowest,Constrained Bayesian posterior estimate; not an observed or recovered true suppressed count.
55131,Washington County,55,Wisconsin,13.0,13.0,13.0,13.0,1.577216261827605,1.5772162618276053,1.5772162618276053,1.5772162618276053,0.0,exact,exact,metro_large,Q1_lowest,Constrained Bayesian posterior estimate; not an observed or recovered true suppressed count.
55133,Waukesha County,55,Wisconsin,39.0,39.0,39.0,39.0,1.5858944851535879,1.5858944851535879,1.5858944851535879,1.5858944851535879,0.0,exact,exact,metro_large,Q1_lowest,Constrained Bayesian posterior estimate; not an observed or recovered true suppressed count.
55135,Waupaca County,55,Wisconsin,14.0,14.0,14.0,14.0,4.556238629743776,4.556238629743777,4.556238629743777,4.556238629743777,1.0,exact,exact,nonmetro_adjacent,Q1_lowest,Constrained Bayesian posterior estimate; not an observed or recovered true suppressed count.
55137,Waushara County,55,Wisconsin,4.57425,4.0,3.0,8.0,3.07804372548096,2.6916270212436664,2.0187202659327497,5.383254042487333,0.46061111111111114,suppressed_1_9,suppressed_1_9,nonmetro_adjacent,Q2,Constrained Bayesian posterior estimate; not an observed or recovered true suppressed count.
55139,Winnebago County,55,Wisconsin,30.0,30.0,30.0,30.0,2.9100192934279154,2.9100192934279154,2.9100192934279154,2.9100192934279154,0.0,exact,exact,metro_other,Q1_lowest,Constrained Bayesian posterior estimate; not an observed or recovered true suppressed count.
55141,Wood County,55,Wisconsin,17.0,17.0,17.0,17.0,3.850474740885701,3.8504747408856996,3.8504747408856996,3.8504747408856996,1.0,exact,exact,nonmetro_adjacent,Q1_lowest,Constrained Bayesian posterior estimate; not an observed or recovered true suppressed count.
56001,Albany County,56,Wyoming,7.012361111111111,7.0,4.0,9.0,3.03547019276369,3.030119386703836,1.7314967924021922,3.895867782904932,0.6446944444444445,suppressed_1_9,suppressed_1_9,nonmetro_adjacent,Q2,Constrained Bayesian posterior estimate; not an observed or recovered true suppressed count.
56003,Big Horn County,56,Wyoming,5.484222222222222,5.0,4.0,8.0,7.729264343408717,7.046819065873665,5.637455252698931,11.274910505397862,1.0,suppressed_1_9,suppressed_1_9,nonmetro_nonadjacent,Q3,Constrained Bayesian posterior estimate; not an observed or recovered true suppressed count.
56005,Campbell County,56,Wyoming,11.0,11.0,11.0,11.0,3.9018161180476745,3.901816118047673,3.901816118047673,3.901816118047673,1.0,exact,exact,nonmetro_nonadjacent,Q1_lowest,Constrained Bayesian posterior estimate; not an observed or recovered true suppressed count.
56007,Carbon County,56,Wyoming,1.2098055555555556,1.0,1.0,2.0,1.3860247411446915,1.1456590976788945,1.1456590976788945,2.291318195357789,0.019055555555555555,suppressed_1_9,suppressed_1_9,nonmetro_nonadjacent,Q3,Constrained Bayesian posterior estimate; not an observed or recovered true suppressed count.
56009,Converse County,56,Wyoming,1.3269444444444445,1.0,1.0,3.0,1.6053236120016512,1.209789617585502,1.209789617585502,3.6293688527565053,0.04819444444444444,suppressed_1_9,suppressed_1_9,nonmetro_adjacent,Q2,Constrained Bayesian posterior estimate; not an observed or recovered true suppressed count.
56011,Crook County,56,Wyoming,2.344,2.0,2.0,4.0,5.173593484450525,4.414328911647207,4.414328911647207,8.828657823294414,1.0,suppressed_1_9,suppressed_1_9,nonmetro_nonadjacent,Q1_lowest,Constrained Bayesian posterior estimate; not an observed or recovered true suppressed count.
56013,Fremont County,56,Wyoming,13.0,13.0,13.0,13.0,5.487037928094479,5.487037928094478,5.487037928094478,5.487037928094478,1.0,exact,exact,nonmetro_nonadjacent,Q4_highest,Constrained Bayesian posterior estimate; not an observed or recovered true suppressed count.
56015,Goshen County,56,Wyoming,4.118888888888889,4.0,3.0,7.0,5.361600698873876,5.2068417901122075,3.9051313425841556,9.111973132696363,1.0,suppressed_1_9,suppressed_1_9,nonmetro_nonadjacent,Q2,Constrained Bayesian posterior estimate; not an observed or recovered true suppressed count.
56017,Hot Springs County,56,Wyoming,0.0,0.0,0.0,0.0,0.0,0.0,0.0,0.0,0.0,zero,zero,nonmetro_nonadjacent,Q1_lowest,Constrained Bayesian posterior estimate; not an observed or recovered true suppressed count.
56019,Johnson County,56,Wyoming,0.0,0.0,0.0,0.0,0.0,0.0,0.0,0.0,0.0,zero,zero,nonmetro_nonadjacent,Q1_lowest,Constrained Bayesian posterior estimate; not an observed or recovered true suppressed count.
56021,Laramie County,56,Wyoming,17.0,17.0,17.0,17.0,2.8124834559796716,2.8124834559796708,2.8124834559796708,2.8124834559796708,0.0,exact,exact,metro_other,Q2,Constrained Bayesian posterior estimate; not an observed or recovered true suppressed count.
56023,Lincoln County,56,Wyoming,2.586361111111111,2.0,2.0,4.0,2.1065689638945,1.6289828631002803,1.6289828631002803,3.2579657262005606,0.121,suppressed_1_9,suppressed_1_9,nonmetro_nonadjacent,Q1_lowest,Constrained Bayesian posterior estimate; not an observed or recovered true suppressed count.
56025,Natrona County,56,Wyoming,22.0,22.0,22.0,22.0,4.581615227622975,4.581615227622975,4.581615227622975,4.581615227622975,1.0,exact,exact,metro_other,Q2,Constrained Bayesian posterior estimate; not an observed or recovered true suppressed count.
56027,Niobrara County,56,Wyoming,0.0,0.0,0.0,0.0,0.0,0.0,0.0,0.0,0.0,zero,zero,nonmetro_nonadjacent,Q2,Constrained Bayesian posterior estimate; not an observed or recovered true suppressed count.
56029,Park County,56,Wyoming,3.496888888888889,3.0,2.0,6.0,1.9323244379607931,1.657751646699969,1.105167764466646,3.315503293399938,0.07183333333333333,suppressed_1_9,suppressed_1_9,nonmetro_nonadjacent,Q1_lowest,Constrained Bayesian posterior estimate; not an observed or recovered true suppressed count.
56031,Platte County,56,Wyoming,2.5051666666666668,2.0,2.0,4.0,4.876426657323235,3.8930955949623343,3.8930955949623343,7.7861911899246685,1.0,suppressed_1_9,suppressed_1_9,nonmetro_adjacent,Q2,Constrained Bayesian posterior estimate; not an observed or recovered true suppressed count.
56033,Sheridan County,56,Wyoming,5.83225,6.0,3.0,9.0,3.0601510071515907,3.148168552944325,1.5740842764721625,4.722252829416487,0.5645555555555556,suppressed_1_9,suppressed_1_9,nonmetro_nonadjacent,Q1_lowest,Constrained Bayesian posterior estimate; not an observed or recovered true suppressed count.
56035,Sublette County,56,Wyoming,0.0,0.0,0.0,0.0,0.0,0.0,0.0,0.0,0.0,zero,zero,nonmetro_nonadjacent,Q1_lowest,Constrained Bayesian posterior estimate; not an observed or recovered true suppressed count.
56037,Sweetwater County,56,Wyoming,7.854666666666667,8.0,6.0,9.0,3.1356330282065916,3.1936510217687237,2.3952382663265426,3.592857399489814,0.6567222222222222,suppressed_1_9,suppressed_1_9,nonmetro_nonadjacent,Q2,Constrained Bayesian posterior estimate; not an observed or recovered true suppressed count.
56039,Teton County,56,Wyoming,1.4740555555555555,1.0,1.0,3.0,1.0504432899980443,0.7126212346875512,0.7126212346875512,2.137863704062654,0.00225,suppressed_1_9,suppressed_1_9,nonmetro_nonadjacent,Q1_lowest,Constrained Bayesian posterior estimate; not an observed or recovered true suppressed count.
56041,Uinta County,56,Wyoming,7.162222222222222,7.0,5.0,9.0,5.815663496291003,5.6839404323042695,4.059957451645906,7.307923412962633,1.0,suppressed_1_9,suppressed_1_9,nonmetro_nonadjacent,Q2,Constrained Bayesian posterior estimate; not an observed or recovered true suppressed count.
56043,Washakie County,56,Wyoming,1.2965277777777777,1.0,1.0,3.0,2.796591483742322,2.156985397208861,2.156985397208861,6.470956191626583,0.24816666666666667,suppressed_1_9,suppressed_1_9,nonmetro_nonadjacent,Q1_lowest,Constrained Bayesian posterior estimate; not an observed or recovered true suppressed count.
56045,Weston County,56,Wyoming,2.295638888888889,2.0,2.0,4.0,5.606092673542429,4.884124154436006,4.884124154436006,9.768248308872012,1.0,suppressed_1_9,suppressed_1_9,nonmetro_nonadjacent,Q2,Constrained Bayesian posterior estimate; not an observed or recovered true suppressed count.
