county_fips,county_name,state_fips,state_name,primary_rurality,svi_quartile,q001_period_status,posterior_mean_county_period_deaths,posterior_median_county_period_deaths,deaths_credible_interval_lower_95,deaths_credible_interval_upper_95,posterior_mean_rate_per_100k,posterior_median_rate_per_100k,rate_credible_interval_lower_95,rate_credible_interval_upper_95,posterior_probability_rate_exceeds_national_rate,posterior_quantity_note
01001,Autauga County,01,Alabama,metro_other,Q2,suppressed_1_9,5.623972222222222,5.0,3.0,9.0,1.5946659584276806,1.417739895767763,0.8506439374606578,2.551931812381973,0.0,Corrected constrained Bayesian posterior summary; not an observed or recovered suppressed count.
01003,Baldwin County,01,Alabama,metro_other,Q2,exact,26.0,26.0,26.0,26.0,1.7889518462325282,1.788951846232708,1.788951846232708,1.788951846232708,0.0,Corrected constrained Bayesian posterior summary; not an observed or recovered suppressed count.
01005,Barbour County,01,Alabama,nonmetro_adjacent,Q4_highest,suppressed_1_9,7.823194444444445,8.0,6.0,9.0,5.289945394112838,5.409499080385157,4.057124310288867,6.085686465433301,1.0,Corrected constrained Bayesian posterior summary; not an observed or recovered suppressed count.
01007,Bibb County,01,Alabama,metro_large,Q4_highest,suppressed_1_9,2.6745555555555556,2.0,2.0,5.0,2.0088596460491677,1.502200724060749,1.502200724060749,3.7555018101518725,0.15452777777777776,Corrected constrained Bayesian posterior summary; not an observed or recovered suppressed count.
01009,Blount County,01,Alabama,metro_large,Q3,suppressed_1_9,6.499194444444444,6.0,4.0,9.0,1.8347023163724192,1.6937812820230522,1.1291875213487015,2.5406719230345787,0.0,Corrected constrained Bayesian posterior summary; not an observed or recovered suppressed count.
01011,Bullock County,01,Alabama,nonmetro_adjacent,Q4_highest,suppressed_1_9,4.678944444444444,4.0,4.0,7.0,7.746981546176488,6.622845505571468,6.622845505571468,11.58997963475007,1.0,Corrected constrained Bayesian posterior summary; not an observed or recovered suppressed count.
01013,Butler County,01,Alabama,nonmetro_adjacent,Q3,suppressed_1_9,5.44425,5.0,4.0,8.0,4.812639227750163,4.419928573954245,3.5359428591633963,7.071885718326793,1.0,Corrected constrained Bayesian posterior summary; not an observed or recovered suppressed count.
01015,Calhoun County,01,Alabama,metro_other,Q4_highest,exact,11.0,11.0,11.0,11.0,1.5903077968464066,1.5903077968454078,1.5903077968454078,1.5903077968454078,0.0,Corrected constrained Bayesian posterior summary; not an observed or recovered suppressed count.
01017,Chambers County,01,Alabama,nonmetro_adjacent,Q4_highest,exact,13.0,13.0,13.0,13.0,6.415317804968321,6.415317804974339,6.415317804974339,6.415317804974339,1.0,Corrected constrained Bayesian posterior summary; not an observed or recovered suppressed count.
01019,Cherokee County,01,Alabama,nonmetro_adjacent,Q2,suppressed_1_9,1.538638888888889,1.0,1.0,4.0,0.9952901113185643,0.6468640033119437,0.6468640033119437,2.587456013247775,0.00575,Corrected constrained Bayesian posterior summary; not an observed or recovered suppressed count.
01021,Chilton County,01,Alabama,metro_large,Q3,exact,10.0,10.0,10.0,10.0,3.6539557725191156,3.6539557725193297,3.6539557725193297,3.6539557725193297,1.0,Corrected constrained Bayesian posterior summary; not an observed or recovered suppressed count.
01023,Choctaw County,01,Alabama,nonmetro_nonadjacent,Q3,suppressed_1_9,2.4221666666666666,2.0,2.0,4.0,3.2607281163477255,2.6924060686832787,2.6924060686832787,5.384812137366557,0.33511111111111114,Corrected constrained Bayesian posterior summary; not an observed or recovered suppressed count.
01025,Clarke County,01,Alabama,nonmetro_nonadjacent,Q4_highest,exact,11.0,11.0,11.0,11.0,8.04876085667764,8.048760856680838,8.048760856680838,8.048760856680838,1.0,Corrected constrained Bayesian posterior summary; not an observed or recovered suppressed count.
01027,Clay County,01,Alabama,nonmetro_nonadjacent,Q3,suppressed_1_9,2.5246944444444446,2.0,2.0,4.0,3.038688625436944,2.4071733766624543,2.4071733766624543,4.814346753324909,0.3938888888888889,Corrected constrained Bayesian posterior summary; not an observed or recovered suppressed count.
01029,Cleburne County,01,Alabama,nonmetro_adjacent,Q3,suppressed_1_9,1.3286666666666667,1.0,1.0,3.0,1.4462465077470998,1.088494611951671,1.088494611951671,3.2654838358550125,0.05272222222222222,Corrected constrained Bayesian posterior summary; not an observed or recovered suppressed count.
01031,Coffee County,01,Alabama,nonmetro_adjacent,Q3,suppressed_1_9,4.3277777777777775,4.0,2.0,8.0,1.3252951376128184,1.224919767755212,0.612459883877606,2.449839535510424,0.0,Corrected constrained Bayesian posterior summary; not an observed or recovered suppressed count.
01033,Colbert County,01,Alabama,metro_other,Q2,suppressed_1_9,7.054861111111111,7.0,4.0,9.0,2.054983501874838,2.0390032187122236,1.165144696406985,2.6215755669157166,0.0,Corrected constrained Bayesian posterior summary; not an observed or recovered suppressed count.
01035,Conecuh County,01,Alabama,nonmetro_nonadjacent,Q3,suppressed_1_9,4.8404444444444445,5.0,4.0,7.0,7.042182940926677,7.274314395868189,5.819451516694551,10.184040154215465,1.0,Corrected constrained Bayesian posterior summary; not an observed or recovered suppressed count.
01037,Coosa County,01,Alabama,nonmetro_adjacent,Q2,zero,0.0,0.0,0.0,0.0,0.0,0.0,0.0,0.0,0.0,Corrected constrained Bayesian posterior summary; not an observed or recovered suppressed count.
01039,Covington County,01,Alabama,nonmetro_adjacent,Q3,suppressed_1_9,3.8191944444444443,4.0,2.0,7.0,1.6988921262626138,1.7793198549854319,0.8896599274927159,3.1138097462245056,0.052444444444444446,Corrected constrained Bayesian posterior summary; not an observed or recovered suppressed count.
01041,Crenshaw County,01,Alabama,nonmetro_adjacent,Q3,suppressed_1_9,4.949222222222223,5.0,4.0,7.0,6.203898694121655,6.267549137585239,5.014039310068191,8.774568792619334,1.0,Corrected constrained Bayesian posterior summary; not an observed or recovered suppressed count.
01043,Cullman County,01,Alabama,nonmetro_adjacent,Q2,exact,14.0,14.0,14.0,14.0,2.6263262947771224,2.6263262947788633,2.6263262947788633,2.6263262947788633,0.0,Corrected constrained Bayesian posterior summary; not an observed or recovered suppressed count.
01045,Dale County,01,Alabama,nonmetro_adjacent,Q4_highest,suppressed_1_9,7.176555555555556,7.0,4.0,9.0,2.4167148408193846,2.3572595174353017,1.347005438534458,3.0307622367025306,0.20422222222222222,Corrected constrained Bayesian posterior summary; not an observed or recovered suppressed count.
01047,Dallas County,01,Alabama,nonmetro_adjacent,Q4_highest,suppressed_1_9,5.4767777777777775,5.0,3.0,9.0,2.4963661870540323,2.279046446966589,1.3674278681799534,4.10228360453986,0.2583611111111111,Corrected constrained Bayesian posterior summary; not an observed or recovered suppressed count.
01049,DeKalb County,01,Alabama,nonmetro_adjacent,Q4_highest,exact,15.0,15.0,15.0,15.0,3.466821363938652,3.466821363939973,3.466821363939973,3.466821363939973,1.0,Corrected constrained Bayesian posterior summary; not an observed or recovered suppressed count.
01051,Elmore County,01,Alabama,metro_other,Q2,suppressed_1_9,8.454805555555556,9.0,7.0,9.0,1.6143844014139308,1.7184853651876872,1.3365997284793123,1.7184853651876872,0.0,Corrected constrained Bayesian posterior summary; not an observed or recovered suppressed count.
01053,Escambia County,01,Alabama,nonmetro_adjacent,Q4_highest,suppressed_1_9,6.516305555555555,6.0,4.0,9.0,2.9691505126307116,2.733896212186798,1.8225974747911986,4.100844318280197,0.49169444444444443,Corrected constrained Bayesian posterior summary; not an observed or recovered suppressed count.
01055,Etowah County,01,Alabama,metro_other,Q3,exact,17.0,17.0,17.0,17.0,2.7537633415777942,2.753763341578425,2.753763341578425,2.753763341578425,0.0,Corrected constrained Bayesian posterior summary; not an observed or recovered suppressed count.
01057,Fayette County,01,Alabama,nonmetro_adjacent,Q3,suppressed_1_9,2.60175,2.0,2.0,5.0,2.6922360537664507,2.0695578389677047,2.0695578389677047,5.173894597419261,0.4340833333333333,Corrected constrained Bayesian posterior summary; not an observed or recovered suppressed count.
01059,Franklin County,01,Alabama,nonmetro_adjacent,Q4_highest,suppressed_1_9,5.1659444444444444,5.0,3.0,8.0,2.7119242188280768,2.624809701296656,1.5748858207779937,4.1996955220746495,0.37780555555555556,Corrected constrained Bayesian posterior summary; not an observed or recovered suppressed count.
01061,Geneva County,01,Alabama,metro_other,Q3,suppressed_1_9,6.7869166666666665,7.0,5.0,9.0,4.230901901134066,4.363736106175933,3.116954361554238,5.6105178507976285,1.0,Corrected constrained Bayesian posterior summary; not an observed or recovered suppressed count.
01063,Greene County,01,Alabama,metro_other,Q4_highest,suppressed_1_9,2.2961666666666667,2.0,2.0,4.0,5.033245652493432,4.384042086804033,4.384042086804033,8.768084173608067,1.0,Corrected constrained Bayesian posterior summary; not an observed or recovered suppressed count.
01065,Hale County,01,Alabama,metro_other,Q4_highest,zero,0.0,0.0,0.0,0.0,0.0,0.0,0.0,0.0,0.0,Corrected constrained Bayesian posterior summary; not an observed or recovered suppressed count.
01067,Henry County,01,Alabama,metro_other,Q3,suppressed_1_9,2.687027777777778,2.0,2.0,5.0,2.5449676817821194,1.894262279555227,1.894262279555227,4.735655698888068,0.15752777777777777,Corrected constrained Bayesian posterior summary; not an observed or recovered suppressed count.
01069,Houston County,01,Alabama,metro_other,Q3,exact,36.0,36.0,36.0,36.0,5.574248211982201,5.574248211982465,5.574248211982465,5.574248211982465,1.0,Corrected constrained Bayesian posterior summary; not an observed or recovered suppressed count.
01071,Jackson County,01,Alabama,nonmetro_adjacent,Q3,suppressed_1_9,8.3455,9.0,6.0,9.0,2.639986840399429,2.84702912510795,1.8980194167386333,2.84702912510795,0.0,Corrected constrained Bayesian posterior summary; not an observed or recovered suppressed count.
01073,Jefferson County,01,Alabama,metro_large,Q3,exact,158.0,158.0,158.0,158.0,3.9750597705584036,3.9750597705585435,3.9750597705585435,3.9750597705585435,1.0,Corrected constrained Bayesian posterior summary; not an observed or recovered suppressed count.
01075,Lamar County,01,Alabama,nonmetro_adjacent,Q2,suppressed_1_9,1.2324722222222222,1.0,1.0,3.0,1.4999601083425418,1.2170336022977595,1.2170336022977595,3.651100806893279,0.028416666666666666,Corrected constrained Bayesian posterior summary; not an observed or recovered suppressed count.
01077,Lauderdale County,01,Alabama,metro_other,Q2,suppressed_1_9,8.183083333333334,8.0,6.0,9.0,1.4347879195936855,1.4026868466547673,1.0520151349910754,1.5780227024866131,0.0,Corrected constrained Bayesian posterior summary; not an observed or recovered suppressed count.
01079,Lawrence County,01,Alabama,metro_other,Q2,exact,11.0,11.0,11.0,11.0,5.523363828999276,5.523363828996656,5.523363828996656,5.523363828996656,1.0,Corrected constrained Bayesian posterior summary; not an observed or recovered suppressed count.
01081,Lee County,01,Alabama,metro_other,Q3,exact,31.0,31.0,31.0,31.0,2.923353444745685,2.923353444747677,2.923353444747677,2.923353444747677,0.0,Corrected constrained Bayesian posterior summary; not an observed or recovered suppressed count.
01083,Limestone County,01,Alabama,metro_other,Q2,exact,16.0,16.0,16.0,16.0,2.4496444953412624,2.4496444953426133,2.4496444953426133,2.4496444953426133,0.0,Corrected constrained Bayesian posterior summary; not an observed or recovered suppressed count.
01085,Lowndes County,01,Alabama,metro_other,Q4_highest,suppressed_1_9,1.2084166666666667,1.0,1.0,3.0,2.07236484825672,1.7149422921918678,1.7149422921918678,5.144826876575603,0.18072222222222223,Corrected constrained Bayesian posterior summary; not an observed or recovered suppressed count.
01087,Macon County,01,Alabama,metro_other,Q4_highest,suppressed_1_9,2.6415277777777777,2.0,2.0,5.0,2.403508346249204,1.8197865390389707,1.8197865390389707,4.549466347597427,0.14202777777777778,Corrected constrained Bayesian posterior summary; not an observed or recovered suppressed count.
01089,Madison County,01,Alabama,metro_other,Q2,exact,38.0,38.0,38.0,38.0,1.591894408804878,1.5918944088060247,1.5918944088060247,1.5918944088060247,0.0,Corrected constrained Bayesian posterior summary; not an observed or recovered suppressed count.
01091,Marengo County,01,Alabama,nonmetro_adjacent,Q3,suppressed_1_9,5.415222222222222,5.0,4.0,8.0,4.812119309198979,4.443141123048351,3.5545128984386802,7.1090257968773605,1.0,Corrected constrained Bayesian posterior summary; not an observed or recovered suppressed count.
01093,Marion County,01,Alabama,nonmetro_nonadjacent,Q3,suppressed_1_9,7.020305555555556,7.0,5.0,9.0,3.9801937598471073,3.9686814339412972,2.8347724528152125,5.102590415067382,0.88525,Corrected constrained Bayesian posterior summary; not an observed or recovered suppressed count.
01095,Marshall County,01,Alabama,nonmetro_adjacent,Q3,exact,17.0,17.0,17.0,17.0,2.8603782093013232,2.8603782093022865,2.8603782093022865,2.8603782093022865,0.0,Corrected constrained Bayesian posterior summary; not an observed or recovered suppressed count.
01097,Mobile County,01,Alabama,metro_other,Q4_highest,exact,101.0,101.0,101.0,101.0,4.081815753305916,4.081815753303139,4.081815753303139,4.081815753303139,1.0,Corrected constrained Bayesian posterior summary; not an observed or recovered suppressed count.
01099,Monroe County,01,Alabama,nonmetro_adjacent,Q3,suppressed_1_9,1.4155,1.0,1.0,3.0,1.1942124356700188,0.843668269636379,0.843668269636379,2.5310048089091373,0.015277777777777777,Corrected constrained Bayesian posterior summary; not an observed or recovered suppressed count.
01101,Montgomery County,01,Alabama,metro_other,Q4_highest,exact,32.0,32.0,32.0,32.0,2.360240567519284,2.3602405675198446,2.3602405675198446,2.3602405675198446,0.0,Corrected constrained Bayesian posterior summary; not an observed or recovered suppressed count.
01103,Morgan County,01,Alabama,metro_other,Q3,exact,14.0,14.0,14.0,14.0,1.89532909682056,1.895329096821533,1.895329096821533,1.895329096821533,0.0,Corrected constrained Bayesian posterior summary; not an observed or recovered suppressed count.
01105,Perry County,01,Alabama,nonmetro_adjacent,Q4_highest,suppressed_1_9,3.5744166666666666,3.0,3.0,5.0,7.227322050809605,6.065875406919142,6.065875406919142,10.109792344865237,1.0,Corrected constrained Bayesian posterior summary; not an observed or recovered suppressed count.
01107,Pickens County,01,Alabama,metro_other,Q4_highest,suppressed_1_9,6.571611111111111,6.0,5.0,9.0,5.743561805600689,5.243975982589999,4.369979985491667,7.865963973884999,1.0,Corrected constrained Bayesian posterior summary; not an observed or recovered suppressed count.
01109,Pike County,01,Alabama,nonmetro_adjacent,Q4_highest,exact,10.0,10.0,10.0,10.0,5.041694816133212,5.0416948161293895,5.0416948161293895,5.0416948161293895,1.0,Corrected constrained Bayesian posterior summary; not an observed or recovered suppressed count.
01111,Randolph County,01,Alabama,nonmetro_adjacent,Q3,suppressed_1_9,2.6035555555555554,2.0,2.0,5.0,1.9149000504229434,1.4709884306759926,1.4709884306759926,3.677471076689982,0.12861111111111112,Corrected constrained Bayesian posterior summary; not an observed or recovered suppressed count.
01113,Russell County,01,Alabama,metro_other,Q4_highest,suppressed_1_9,6.3705,6.0,3.0,9.0,1.81466774531721,1.709129027847409,0.8545645139237045,2.5636935417711135,0.0,Corrected constrained Bayesian posterior summary; not an observed or recovered suppressed count.
01115,St. Clair County,01,Alabama,metro_large,Q2,exact,20.0,20.0,20.0,20.0,3.5751952950407087,3.5751952950429913,3.5751952950429913,3.5751952950429913,1.0,Corrected constrained Bayesian posterior summary; not an observed or recovered suppressed count.
01117,Shelby County,01,Alabama,metro_large,Q1_lowest,exact,34.0,34.0,34.0,34.0,2.490630832836467,2.490630832837649,2.490630832837649,2.490630832837649,0.0,Corrected constrained Bayesian posterior summary; not an observed or recovered suppressed count.
01119,Sumter County,01,Alabama,nonmetro_adjacent,Q4_highest,suppressed_1_9,2.4066111111111113,2.0,2.0,4.0,3.3423761664247533,2.777662041859367,2.777662041859367,5.555324083718734,0.32380555555555557,Corrected constrained Bayesian posterior summary; not an observed or recovered suppressed count.
01121,Talladega County,01,Alabama,nonmetro_adjacent,Q4_highest,exact,14.0,14.0,14.0,14.0,2.88839648605817,2.888396486059361,2.888396486059361,2.888396486059361,0.0,Corrected constrained Bayesian posterior summary; not an observed or recovered suppressed count.
01123,Tallapoosa County,01,Alabama,nonmetro_adjacent,Q4_highest,suppressed_1_9,6.937138888888889,7.0,4.0,9.0,2.8445352920701716,2.8703111417277634,1.6401777952730074,3.690400039364267,0.3773888888888889,Corrected constrained Bayesian posterior summary; not an observed or recovered suppressed count.
01125,Tuscaloosa County,01,Alabama,metro_other,Q3,exact,21.0,21.0,21.0,21.0,1.5413013721259157,1.5413013721251978,1.5413013721251978,1.5413013721251978,0.0,Corrected constrained Bayesian posterior summary; not an observed or recovered suppressed count.
01127,Walker County,01,Alabama,metro_large,Q3,exact,11.0,11.0,11.0,11.0,2.851151735701107,2.851151735703418,2.851151735703418,2.851151735703418,0.0,Corrected constrained Bayesian posterior summary; not an observed or recovered suppressed count.
01129,Washington County,01,Alabama,nonmetro_adjacent,Q2,suppressed_1_9,3.5815277777777776,3.0,3.0,6.0,3.867281184502063,3.2393560160240145,3.2393560160240145,6.478712032048029,1.0,Corrected constrained Bayesian posterior summary; not an observed or recovered suppressed count.
01131,Wilcox County,01,Alabama,nonmetro_nonadjacent,Q4_highest,suppressed_1_9,2.3939444444444447,2.0,2.0,4.0,3.9313951430271983,3.2844497725518536,3.2844497725518536,6.568899545103707,1.0,Corrected constrained Bayesian posterior summary; not an observed or recovered suppressed count.
01133,Winston County,01,Alabama,nonmetro_adjacent,Q3,suppressed_1_9,4.386638888888889,4.0,3.0,7.0,3.088660289026786,2.8164253928913423,2.112319044668507,4.928744437559849,0.39791666666666664,Corrected constrained Bayesian posterior summary; not an observed or recovered suppressed count.
02013,Aleutians East Borough,02,Alaska,nonmetro_nonadjacent,Q4_highest,zero,0.0,0.0,0.0,0.0,0.0,0.0,0.0,0.0,0.0,Corrected constrained Bayesian posterior summary; not an observed or recovered suppressed count.
02016,Aleutians West Census Area,02,Alaska,nonmetro_nonadjacent,Q3,zero,0.0,0.0,0.0,0.0,0.0,0.0,0.0,0.0,0.0,Corrected constrained Bayesian posterior summary; not an observed or recovered suppressed count.
02020,Anchorage Municipality,02,Alaska,metro_other,Q3,exact,47.0,47.0,47.0,47.0,2.7230023012246187,2.7230023012266256,2.7230023012266256,2.7230023012266256,0.0,Corrected constrained Bayesian posterior summary; not an observed or recovered suppressed count.
02050,Bethel Census Area,02,Alaska,nonmetro_nonadjacent,Q4_highest,suppressed_1_9,4.725472222222222,5.0,3.0,7.0,4.292060003107642,4.541408563279987,2.724845137967992,6.357971988591982,0.8295,Corrected constrained Bayesian posterior summary; not an observed or recovered suppressed count.
02060,Bristol Bay Borough,02,Alaska,nonmetro_nonadjacent,Q1_lowest,zero,0.0,0.0,0.0,0.0,0.0,0.0,0.0,0.0,0.0,Corrected constrained Bayesian posterior summary; not an observed or recovered suppressed count.
02068,Denali Borough,02,Alaska,nonmetro_nonadjacent,Q1_lowest,zero,0.0,0.0,0.0,0.0,0.0,0.0,0.0,0.0,0.0,Corrected constrained Bayesian posterior summary; not an observed or recovered suppressed count.
02070,Dillingham Census Area,02,Alaska,nonmetro_nonadjacent,Q4_highest,suppressed_1_9,1.0928055555555556,1.0,1.0,2.0,3.83534747326071,3.5096339451795173,3.5096339451795173,7.019267890359035,1.0,Corrected constrained Bayesian posterior summary; not an observed or recovered suppressed count.
02090,Fairbanks North Star Borough,02,Alaska,metro_other,Q2,exact,22.0,22.0,22.0,22.0,3.837834066012216,3.837834066010746,3.837834066010746,3.837834066010746,1.0,Corrected constrained Bayesian posterior summary; not an observed or recovered suppressed count.
02100,Haines Borough,02,Alaska,nonmetro_nonadjacent,Q2,suppressed_1_9,1.042861111111111,1.0,1.0,2.0,7.756497665380367,7.437709185570845,7.437709185570845,14.87541837114169,1.0,Corrected constrained Bayesian posterior summary; not an observed or recovered suppressed count.
02105,Hoonah-Angoon Census Area,02,Alaska,nonmetro_nonadjacent,Q3,suppressed_1_9,1.0824722222222223,1.0,1.0,2.0,8.02901811468298,7.417297136923305,7.417297136923305,14.83459427384661,1.0,Corrected constrained Bayesian posterior summary; not an observed or recovered suppressed count.
02110,Juneau City and Borough,02,Alaska,nonmetro_nonadjacent,Q2,suppressed_1_9,5.0858888888888885,5.0,3.0,8.0,2.6682452409601,2.623184756148745,1.573910853689247,4.197095609837993,0.35591666666666666,Corrected constrained Bayesian posterior summary; not an observed or recovered suppressed count.
02122,Kenai Peninsula Borough,02,Alaska,nonmetro_nonadjacent,Q2,suppressed_1_9,8.629777777777777,9.0,7.0,9.0,2.390116289983364,2.4926535959297738,1.938730574612046,2.4926535959297738,0.0,Corrected constrained Bayesian posterior summary; not an observed or recovered suppressed count.
02130,Ketchikan Gateway Borough,02,Alaska,nonmetro_nonadjacent,Q3,suppressed_1_9,1.4873888888888889,1.0,1.0,3.0,1.8016290230966947,1.2112696528501175,1.2112696528501175,3.633808958550352,0.09211111111111112,Corrected constrained Bayesian posterior summary; not an observed or recovered suppressed count.
02150,Kodiak Island Borough,02,Alaska,nonmetro_nonadjacent,Q3,suppressed_1_9,1.3666111111111112,1.0,1.0,3.0,1.781389946179454,1.3035090463527816,1.3035090463527816,3.9105271390583454,0.0585,Corrected constrained Bayesian posterior summary; not an observed or recovered suppressed count.
02164,Lake and Peninsula Borough,02,Alaska,nonmetro_nonadjacent,Q4_highest,zero,0.0,0.0,0.0,0.0,0.0,0.0,0.0,0.0,0.0,Corrected constrained Bayesian posterior summary; not an observed or recovered suppressed count.
02170,Matanuska-Susitna Borough,02,Alaska,metro_other,Q2,exact,19.0,19.0,19.0,19.0,2.813176920695769,2.8131769206965425,2.8131769206965425,2.8131769206965425,0.0,Corrected constrained Bayesian posterior summary; not an observed or recovered suppressed count.
02180,Nome Census Area,02,Alaska,nonmetro_nonadjacent,Q4_highest,suppressed_1_9,3.7760277777777778,4.0,3.0,6.0,6.377132638276287,6.755387421468622,5.066540566101466,10.133081132202932,1.0,Corrected constrained Bayesian posterior summary; not an observed or recovered suppressed count.
02185,North Slope Borough,02,Alaska,nonmetro_nonadjacent,Q4_highest,zero,0.0,0.0,0.0,0.0,0.0,0.0,0.0,0.0,0.0,Corrected constrained Bayesian posterior summary; not an observed or recovered suppressed count.
02188,Northwest Arctic Borough,02,Alaska,nonmetro_nonadjacent,Q4_highest,suppressed_1_9,2.364472222222222,2.0,2.0,4.0,5.284563445056761,4.469972956663612,4.469972956663612,8.939945913327223,1.0,Corrected constrained Bayesian posterior summary; not an observed or recovered suppressed count.
02195,Petersburg Borough,02,Alaska,nonmetro_nonadjacent,Q3,zero,0.0,0.0,0.0,0.0,0.0,0.0,0.0,0.0,0.0,Corrected constrained Bayesian posterior summary; not an observed or recovered suppressed count.
02198,Prince of Wales-Hyder Census Area,02,Alaska,nonmetro_nonadjacent,Q4_highest,suppressed_1_9,1.1811666666666667,1.0,1.0,2.0,3.3583539469078074,2.8432515424639617,2.8432515424639617,5.6865030849279234,0.1631388888888889,Corrected constrained Bayesian posterior summary; not an observed or recovered suppressed count.
02220,Sitka City and Borough,02,Alaska,nonmetro_nonadjacent,Q2,suppressed_1_9,2.37175,2.0,2.0,4.0,4.712960019074667,3.9742468802161985,3.9742468802161985,7.948493760432397,1.0,Corrected constrained Bayesian posterior summary; not an observed or recovered suppressed count.
02230,Skagway Municipality,02,Alaska,nonmetro_nonadjacent,Q2,zero,0.0,0.0,0.0,0.0,0.0,0.0,0.0,0.0,0.0,Corrected constrained Bayesian posterior summary; not an observed or recovered suppressed count.
02240,Southeast Fairbanks Census Area,02,Alaska,nonmetro_nonadjacent,Q3,suppressed_1_9,1.1151666666666666,1.0,1.0,2.0,2.640635236356622,2.367928772702517,2.367928772702517,4.735857545405034,0.10744444444444444,Corrected constrained Bayesian posterior summary; not an observed or recovered suppressed count.
02261,Valdez-Cordova Census Area,02,Alaska,nonmetro_nonadjacent,Q4_highest,suppressed_1_9,2.491,2.0,2.0,4.0,4.427657305367959,3.5549235691432632,3.5549235691432632,7.1098471382865265,1.0,Corrected constrained Bayesian posterior summary; not an observed or recovered suppressed count.
02270,Wade Hampton Census Area,02,Alaska,nonmetro_nonadjacent,Q4_highest,suppressed_1_9,4.836805555555555,5.0,4.0,7.0,9.825513550603933,10.157027647429256,8.125622117943404,14.21983870640096,1.0,Corrected constrained Bayesian posterior summary; not an observed or recovered suppressed count.
02275,Wrangell City and Borough,02,Alaska,nonmetro_nonadjacent,Q3,suppressed_1_9,1.0656944444444445,1.0,1.0,2.0,8.033881978472028,7.538635506973238,7.538635506973238,15.077271013946476,1.0,Corrected constrained Bayesian posterior summary; not an observed or recovered suppressed count.
02282,Yakutat City and Borough,02,Alaska,nonmetro_nonadjacent,Q2,zero,0.0,0.0,0.0,0.0,0.0,0.0,0.0,0.0,0.0,Corrected constrained Bayesian posterior summary; not an observed or recovered suppressed count.
02290,Yukon-Koyukuk Census Area,02,Alaska,nonmetro_adjacent,Q4_highest,suppressed_1_9,2.284638888888889,2.0,2.0,4.0,7.3724188869849,6.453902997837942,6.453902997837942,12.907805995675885,1.0,Corrected constrained Bayesian posterior summary; not an observed or recovered suppressed count.
04001,Apache County,04,Arizona,nonmetro_adjacent,Q4_highest,exact,17.0,17.0,17.0,17.0,4.2011303511877465,4.201130351189785,4.201130351189785,4.201130351189785,1.0,Corrected constrained Bayesian posterior summary; not an observed or recovered suppressed count.
04003,Cochise County,04,Arizona,metro_other,Q4_highest,exact,33.0,33.0,33.0,33.0,4.3679797961085205,4.367979796107997,4.367979796107997,4.367979796107997,1.0,Corrected constrained Bayesian posterior summary; not an observed or recovered suppressed count.
04005,Coconino County,04,Arizona,metro_other,Q4_highest,exact,34.0,34.0,34.0,34.0,3.9319904429464296,3.9319904429502883,3.9319904429502883,3.9319904429502883,1.0,Corrected constrained Bayesian posterior summary; not an observed or recovered suppressed count.
04007,Gila County,04,Arizona,nonmetro_adjacent,Q4_highest,exact,10.0,10.0,10.0,10.0,3.087296392801198,3.087296392802895,3.087296392802895,3.087296392802895,1.0,Corrected constrained Bayesian posterior summary; not an observed or recovered suppressed count.
04009,Graham County,04,Arizona,nonmetro_nonadjacent,Q4_highest,suppressed_1_9,7.0435,7.0,5.0,9.0,2.9890427933665653,2.9705827434604744,2.121844816757482,3.8193206701634668,0.6663888888888889,Corrected constrained Bayesian posterior summary; not an observed or recovered suppressed count.
04011,Greenlee County,04,Arizona,nonmetro_nonadjacent,Q2,suppressed_1_9,2.1611944444444444,2.0,2.0,3.0,3.8370755707040276,3.5508841701583695,3.5508841701583695,5.326326255237554,1.0,Corrected constrained Bayesian posterior summary; not an observed or recovered suppressed count.
04012,La Paz County,04,Arizona,nonmetro_adjacent,Q4_highest,suppressed_1_9,4.119805555555556,4.0,3.0,6.0,3.7725775205644902,3.6628694919600018,2.7471521189700012,5.4943042379400024,0.6948333333333333,Corrected constrained Bayesian posterior summary; not an observed or recovered suppressed count.
04013,Maricopa County,04,Arizona,metro_large,Q3,exact,765.0,765.0,765.0,765.0,2.7948703278815943,2.7948703278810343,2.7948703278810343,2.7948703278810343,0.0,Corrected constrained Bayesian posterior summary; not an observed or recovered suppressed count.
04015,Mohave County,04,Arizona,metro_other,Q4_highest,exact,49.0,49.0,49.0,49.0,3.7175962174625448,3.717596217459653,3.717596217459653,3.717596217459653,1.0,Corrected constrained Bayesian posterior summary; not an observed or recovered suppressed count.
04017,Navajo County,04,Arizona,nonmetro_adjacent,Q4_highest,exact,27.0,27.0,27.0,27.0,4.100078357053006,4.100078357053047,4.100078357053047,4.100078357053047,1.0,Corrected constrained Bayesian posterior summary; not an observed or recovered suppressed count.
04019,Pima County,04,Arizona,metro_large,Q4_highest,exact,209.0,209.0,209.0,209.0,3.285444443607921,3.2854444436060533,3.2854444436060533,3.2854444436060533,1.0,Corrected constrained Bayesian posterior summary; not an observed or recovered suppressed count.
04021,Pinal County,04,Arizona,metro_large,Q4_highest,exact,76.0,76.0,76.0,76.0,2.6615965586968033,2.6615965586957335,2.6615965586957335,2.6615965586957335,0.0,Corrected constrained Bayesian posterior summary; not an observed or recovered suppressed count.
04023,Santa Cruz County,04,Arizona,nonmetro_adjacent,Q4_highest,suppressed_1_9,6.6755,7.0,4.0,9.0,2.3049645390070848,2.417010227406134,1.3811487013749335,3.1075845780936007,0.07419444444444444,Corrected constrained Bayesian posterior summary; not an observed or recovered suppressed count.
04025,Yavapai County,04,Arizona,metro_other,Q3,exact,62.0,62.0,62.0,62.0,4.232477712936609,4.232477712932882,4.232477712932882,4.232477712932882,1.0,Corrected constrained Bayesian posterior summary; not an observed or recovered suppressed count.
04027,Yuma County,04,Arizona,metro_other,Q4_highest,exact,37.0,37.0,37.0,37.0,2.8906837170114,2.8906837170130015,2.8906837170130015,2.8906837170130015,0.0,Corrected constrained Bayesian posterior summary; not an observed or recovered suppressed count.
05001,Arkansas County,05,Arkansas,nonmetro_adjacent,Q3,suppressed_1_9,2.8644444444444446,3.0,2.0,5.0,2.85132833410899,2.9862631893290863,1.9908421262193907,4.977105315548477,0.5492222222222222,Corrected constrained Bayesian posterior summary; not an observed or recovered suppressed count.
05003,Ashley County,05,Arkansas,nonmetro_nonadjacent,Q4_highest,suppressed_1_9,1.6825277777777778,1.0,1.0,4.0,1.4986441416022849,0.8907098957869422,0.8907098957869422,3.5628395831477686,0.04641666666666667,Corrected constrained Bayesian posterior summary; not an observed or recovered suppressed count.
05005,Baxter County,05,Arkansas,nonmetro_nonadjacent,Q2,suppressed_1_9,7.522111111111111,8.0,5.0,9.0,2.9540758776718468,3.141751919414063,1.9635949496337894,3.534470909340821,0.5551388888888888,Corrected constrained Bayesian posterior summary; not an observed or recovered suppressed count.
05007,Benton County,05,Arkansas,metro_other,Q2,exact,35.0,35.0,35.0,35.0,1.947637487902735,1.94763748790378,1.94763748790378,1.94763748790378,0.0,Corrected constrained Bayesian posterior summary; not an observed or recovered suppressed count.
05009,Boone County,05,Arkansas,nonmetro_nonadjacent,Q2,suppressed_1_9,4.023666666666666,4.0,2.0,8.0,1.7621614835386463,1.7517966864765675,0.8758983432382837,3.503593372953135,0.075,Corrected constrained Bayesian posterior summary; not an observed or recovered suppressed count.
05011,Bradley County,05,Arkansas,nonmetro_nonadjacent,Q4_highest,suppressed_1_9,1.343611111111111,1.0,1.0,3.0,2.1676740951081306,1.6133195663397006,1.6133195663397006,4.8399586990191015,0.2777777777777778,Corrected constrained Bayesian posterior summary; not an observed or recovered suppressed count.
05013,Calhoun County,05,Arkansas,nonmetro_nonadjacent,Q2,suppressed_1_9,1.0873333333333333,1.0,1.0,2.0,3.7405254165394717,3.4400908183976058,3.4400908183976058,6.8801816367952116,1.0,Corrected constrained Bayesian posterior summary; not an observed or recovered suppressed count.
05015,Carroll County,05,Arkansas,nonmetro_adjacent,Q3,suppressed_1_9,6.685305555555556,7.0,4.0,9.0,3.8955251904288737,4.078897532266993,2.330798589866853,5.24429682720042,0.7685555555555555,Corrected constrained Bayesian posterior summary; not an observed or recovered suppressed count.
05017,Chicot County,05,Arkansas,nonmetro_nonadjacent,Q4_highest,suppressed_1_9,2.5721666666666665,2.0,2.0,5.0,4.378603204865284,3.404603023287484,3.404603023287484,8.511507558218712,1.0,Corrected constrained Bayesian posterior summary; not an observed or recovered suppressed count.
05019,Clark County,05,Arkansas,nonmetro_nonadjacent,Q4_highest,suppressed_1_9,7.37075,7.0,5.0,9.0,5.705444778153094,5.418459918877914,3.8703285134842242,6.966591324271604,1.0,Corrected constrained Bayesian posterior summary; not an observed or recovered suppressed count.
05021,Clay County,05,Arkansas,nonmetro_nonadjacent,Q2,suppressed_1_9,4.06825,4.0,3.0,7.0,4.738567801150418,4.6590723786894035,3.4943042840170517,8.153376662706457,1.0,Corrected constrained Bayesian posterior summary; not an observed or recovered suppressed count.
05023,Cleburne County,05,Arkansas,nonmetro_adjacent,Q2,exact,13.0,13.0,13.0,13.0,8.595382296155286,8.595382296157203,8.595382296157203,8.595382296157203,1.0,Corrected constrained Bayesian posterior summary; not an observed or recovered suppressed count.
05025,Cleveland County,05,Arkansas,nonmetro_adjacent,Q2,suppressed_1_9,3.5508055555555558,3.0,3.0,5.0,7.780200169935826,6.573325445342799,6.573325445342799,10.955542408904666,1.0,Corrected constrained Bayesian posterior summary; not an observed or recovered suppressed count.
05027,Columbia County,05,Arkansas,nonmetro_nonadjacent,Q4_highest,suppressed_1_9,3.260972222222222,3.0,2.0,6.0,2.4004212162109577,2.208317997791682,1.472211998527788,4.416635995583364,0.3536388888888889,Corrected constrained Bayesian posterior summary; not an observed or recovered suppressed count.
05029,Conway County,05,Arkansas,nonmetro_adjacent,Q3,suppressed_1_9,6.0690277777777775,6.0,4.0,9.0,4.8052096006987846,4.750556210956367,3.1670374739709106,7.125834316434549,1.0,Corrected constrained Bayesian posterior summary; not an observed or recovered suppressed count.
05031,Craighead County,05,Arkansas,metro_other,Q4_highest,exact,23.0,23.0,23.0,23.0,3.3940474310770856,3.394047431075013,3.394047431075013,3.394047431075013,1.0,Corrected constrained Bayesian posterior summary; not an observed or recovered suppressed count.
05033,Crawford County,05,Arkansas,metro_other,Q4_highest,exact,15.0,15.0,15.0,15.0,4.029355195718662,4.029355195719213,4.029355195719213,4.029355195719213,1.0,Corrected constrained Bayesian posterior summary; not an observed or recovered suppressed count.
05035,Crittenden County,05,Arkansas,metro_large,Q4_highest,exact,14.0,14.0,14.0,14.0,4.930810167335082,4.930810167330565,4.930810167330565,4.930810167330565,1.0,Corrected constrained Bayesian posterior summary; not an observed or recovered suppressed count.
05037,Cross County,05,Arkansas,nonmetro_adjacent,Q4_highest,suppressed_1_9,3.022472222222222,3.0,2.0,6.0,3.06983985112518,3.0470154483683234,2.031343632245549,6.094030896736647,0.6105,Corrected constrained Bayesian posterior summary; not an observed or recovered suppressed count.
05039,Dallas County,05,Arkansas,nonmetro_adjacent,Q3,suppressed_1_9,5.832027777777777,6.0,5.0,8.0,15.12024001912715,15.555728396982188,12.963106997485157,20.740971195976254,1.0,Corrected constrained Bayesian posterior summary; not an observed or recovered suppressed count.
05041,Desha County,05,Arkansas,nonmetro_nonadjacent,Q4_highest,suppressed_1_9,1.351,1.0,1.0,3.0,2.074249216975419,1.5353436098998958,1.5353436098998958,4.606030829699687,0.2812222222222222,Corrected constrained Bayesian posterior summary; not an observed or recovered suppressed count.
05043,Drew County,05,Arkansas,nonmetro_nonadjacent,Q4_highest,suppressed_1_9,5.971444444444445,6.0,4.0,9.0,5.736423186495062,5.763854866134471,3.842569910756314,8.645782299201707,1.0,Corrected constrained Bayesian posterior summary; not an observed or recovered suppressed count.
05045,Faulkner County,05,Arkansas,metro_other,Q3,exact,38.0,38.0,38.0,38.0,4.952695243719907,4.952695243718223,4.952695243718223,4.952695243718223,1.0,Corrected constrained Bayesian posterior summary; not an observed or recovered suppressed count.
05047,Franklin County,05,Arkansas,nonmetro_adjacent,Q3,suppressed_1_9,4.400555555555556,4.0,3.0,7.0,4.186619308870944,3.8055370564170867,2.8541527923128154,6.659689848729902,0.7303888888888889,Corrected constrained Bayesian posterior summary; not an observed or recovered suppressed count.
05049,Fulton County,05,Arkansas,nonmetro_nonadjacent,Q3,suppressed_1_9,6.620277777777778,7.0,5.0,9.0,8.903967314634862,9.414676135140951,6.724768667957822,12.10458360232408,1.0,Corrected constrained Bayesian posterior summary; not an observed or recovered suppressed count.
05051,Garland County,05,Arkansas,metro_other,Q4_highest,exact,19.0,19.0,19.0,19.0,3.1704712321475,3.1704712321452404,3.1704712321452404,3.1704712321452404,1.0,Corrected constrained Bayesian posterior summary; not an observed or recovered suppressed count.
05053,Grant County,05,Arkansas,metro_other,Q1_lowest,suppressed_1_9,2.6165833333333333,2.0,2.0,5.0,2.3810282122917443,1.8199521352588426,1.8199521352588426,4.549880338147107,0.13336111111111112,Corrected constrained Bayesian posterior summary; not an observed or recovered suppressed count.
05055,Greene County,05,Arkansas,nonmetro_adjacent,Q3,exact,11.0,11.0,11.0,11.0,3.965993409238552,3.9659934092400433,3.9659934092400433,3.9659934092400433,1.0,Corrected constrained Bayesian posterior summary; not an observed or recovered suppressed count.
05057,Hempstead County,05,Arkansas,nonmetro_adjacent,Q4_highest,suppressed_1_9,7.354916666666667,7.0,5.0,9.0,6.109749681561604,5.814919421830869,4.153513872736335,7.476324970925402,1.0,Corrected constrained Bayesian posterior summary; not an observed or recovered suppressed count.
05059,Hot Spring County,05,Arkansas,nonmetro_adjacent,Q3,suppressed_1_9,5.604416666666666,5.0,3.0,9.0,2.795499135408754,2.4940143655227454,1.4964086193136472,4.489225857940942,0.49119444444444443,Corrected constrained Bayesian posterior summary; not an observed or recovered suppressed count.
05061,Howard County,05,Arkansas,nonmetro_adjacent,Q4_highest,suppressed_1_9,4.1184722222222225,4.0,3.0,7.0,5.3846092385823745,5.2297152420050725,3.9222864315038044,9.152001673508877,1.0,Corrected constrained Bayesian posterior summary; not an observed or recovered suppressed count.
05063,Independence County,05,Arkansas,nonmetro_nonadjacent,Q4_highest,suppressed_1_9,7.988111111111111,8.0,6.0,9.0,3.5048641428213068,3.5100805124717547,2.632560384353816,3.9488405765307246,0.8985555555555556,Corrected constrained Bayesian posterior summary; not an observed or recovered suppressed count.
05065,Izard County,05,Arkansas,nonmetro_nonadjacent,Q3,suppressed_1_9,2.7374444444444443,2.0,2.0,5.0,3.2720675636744234,2.3906001601702105,2.3906001601702105,5.976500400425527,0.49625,Corrected constrained Bayesian posterior summary; not an observed or recovered suppressed count.
05067,Jackson County,05,Arkansas,nonmetro_adjacent,Q3,suppressed_1_9,5.520833333333333,5.0,4.0,8.0,5.507230474059698,4.987680429339531,3.990144343471625,7.98028868694325,1.0,Corrected constrained Bayesian posterior summary; not an observed or recovered suppressed count.
05069,Jefferson County,05,Arkansas,nonmetro_adjacent,Q4_highest,exact,17.0,17.0,17.0,17.0,4.362990547708977,4.362990547709302,4.362990547709302,4.362990547709302,1.0,Corrected constrained Bayesian posterior summary; not an observed or recovered suppressed count.
05071,Johnson County,05,Arkansas,nonmetro_nonadjacent,Q4_highest,suppressed_1_9,6.4246944444444445,6.0,4.0,9.0,4.085968051261201,3.8158714814485046,2.54391432096567,5.723807222172757,0.9100555555555555,Corrected constrained Bayesian posterior summary; not an observed or recovered suppressed count.
05073,Lafayette County,05,Arkansas,nonmetro_adjacent,Q4_highest,suppressed_1_9,3.5852222222222223,3.0,3.0,6.0,9.536687296432733,7.979996808001277,7.979996808001277,15.959993616002555,1.0,Corrected constrained Bayesian posterior summary; not an observed or recovered suppressed count.
05075,Lawrence County,05,Arkansas,nonmetro_adjacent,Q3,suppressed_1_9,1.4787777777777777,1.0,1.0,3.0,1.5099430013247983,1.0210749877471001,1.0210749877471001,3.0632249632413,0.09547222222222222,Corrected constrained Bayesian posterior summary; not an observed or recovered suppressed count.
05077,Lee County,05,Arkansas,nonmetro_adjacent,Q4_highest,suppressed_1_9,2.4065833333333333,2.0,2.0,4.0,4.750648137180678,3.948043744324687,3.948043744324687,7.896087488649374,1.0,Corrected constrained Bayesian posterior summary; not an observed or recovered suppressed count.
05079,Lincoln County,05,Arkansas,nonmetro_nonadjacent,Q3,suppressed_1_9,4.8203611111111115,5.0,4.0,7.0,6.204849088150002,6.436083257173014,5.148866605738411,9.01051656004222,1.0,Corrected constrained Bayesian posterior summary; not an observed or recovered suppressed count.
05081,Little River County,05,Arkansas,metro_other,Q2,suppressed_1_9,5.05,5.0,4.0,8.0,7.049626579185165,6.979828296223912,5.583862636979131,11.167725273958261,1.0,Corrected constrained Bayesian posterior summary; not an observed or recovered suppressed count.
05083,Logan County,05,Arkansas,nonmetro_adjacent,Q3,suppressed_1_9,4.874694444444445,5.0,3.0,8.0,3.8023841034330235,3.9001255840438063,2.3400753504262837,6.24020093447009,0.8244722222222223,Corrected constrained Bayesian posterior summary; not an observed or recovered suppressed count.
05085,Lonoke County,05,Arkansas,metro_other,Q2,exact,36.0,36.0,36.0,36.0,8.00872060688264,8.00872060688305,8.00872060688305,8.00872060688305,1.0,Corrected constrained Bayesian posterior summary; not an observed or recovered suppressed count.
05087,Madison County,05,Arkansas,metro_other,Q3,suppressed_1_9,4.203833333333334,4.0,3.0,7.0,4.069302202518724,3.871991946256752,2.903993959692564,6.775985905949315,0.6745277777777777,Corrected constrained Bayesian posterior summary; not an observed or recovered suppressed count.
05089,Marion County,05,Arkansas,nonmetro_nonadjacent,Q2,suppressed_1_9,2.8766944444444444,3.0,2.0,5.0,2.7977149513660855,2.9176351594487615,1.9450901062991743,4.862725265747936,0.22508333333333333,Corrected constrained Bayesian posterior summary; not an observed or recovered suppressed count.
05091,Miller County,05,Arkansas,metro_other,Q4_highest,exact,12.0,12.0,12.0,12.0,4.68735352019975,4.687353520202493,4.687353520202493,4.687353520202493,1.0,Corrected constrained Bayesian posterior summary; not an observed or recovered suppressed count.
05093,Mississippi County,05,Arkansas,nonmetro_adjacent,Q4_highest,suppressed_1_9,8.03663888888889,8.0,6.0,9.0,3.4048937808818445,3.389370932754881,2.54202819956616,3.8130422993492408,0.9081666666666667,Corrected constrained Bayesian posterior summary; not an observed or recovered suppressed count.
05095,Monroe County,05,Arkansas,nonmetro_nonadjacent,Q4_highest,suppressed_1_9,3.5741944444444442,3.0,3.0,5.0,9.057995500253078,7.602828252109785,7.602828252109785,12.671380420182976,1.0,Corrected constrained Bayesian posterior summary; not an observed or recovered suppressed count.
05097,Montgomery County,05,Arkansas,nonmetro_adjacent,Q3,suppressed_1_9,3.7214444444444443,3.5,3.0,6.0,7.117069449488552,6.693568436956147,5.737344374533841,11.474688749067681,1.0,Corrected constrained Bayesian posterior summary; not an observed or recovered suppressed count.
05099,Nevada County,05,Arkansas,nonmetro_nonadjacent,Q4_highest,suppressed_1_9,3.692222222222222,3.0,3.0,6.0,7.559368225171003,6.142128861863522,6.142128861863522,12.284257723727045,1.0,Corrected constrained Bayesian posterior summary; not an observed or recovered suppressed count.
05101,Newton County,05,Arkansas,nonmetro_nonadjacent,Q1_lowest,suppressed_1_9,3.4911666666666665,3.0,3.0,5.0,7.982728921813809,6.859651529702291,6.859651529702291,11.432752549503817,1.0,Corrected constrained Bayesian posterior summary; not an observed or recovered suppressed count.
05103,Ouachita County,05,Arkansas,nonmetro_nonadjacent,Q3,suppressed_1_9,4.826027777777778,5.0,3.0,8.0,3.5913021764806787,3.7207640961147783,2.232458457668867,5.953222553783645,0.8201388888888889,Corrected constrained Bayesian posterior summary; not an observed or recovered suppressed count.
05105,Perry County,05,Arkansas,metro_other,Q2,suppressed_1_9,3.576611111111111,3.0,3.0,6.0,5.839937154844626,4.898439030762197,4.898439030762197,9.796878061524394,1.0,Corrected constrained Bayesian posterior summary; not an observed or recovered suppressed count.
05107,Phillips County,05,Arkansas,nonmetro_nonadjacent,Q4_highest,suppressed_1_9,5.869694444444445,6.0,4.0,9.0,6.119811125126915,6.255669200212692,4.170446133475128,9.383503800319039,1.0,Corrected constrained Bayesian posterior summary; not an observed or recovered suppressed count.
05109,Pike County,05,Arkansas,nonmetro_nonadjacent,Q3,suppressed_1_9,5.07125,5.0,4.0,8.0,8.200465710455502,8.085250885334972,6.468200708267978,12.936401416535956,1.0,Corrected constrained Bayesian posterior summary; not an observed or recovered suppressed count.
05111,Poinsett County,05,Arkansas,metro_other,Q3,suppressed_1_9,5.952833333333333,6.0,4.0,9.0,4.355848571546717,4.390361692630778,2.9269077950871853,6.585542538946166,0.8509166666666667,Corrected constrained Bayesian posterior summary; not an observed or recovered suppressed count.
05113,Polk County,05,Arkansas,nonmetro_nonadjacent,Q3,suppressed_1_9,4.488555555555555,4.0,3.0,7.0,3.8288128187565293,3.41206677414677,2.5590500806100778,5.971116854756848,0.7524166666666666,Corrected constrained Bayesian posterior summary; not an observed or recovered suppressed count.
05115,Pope County,05,Arkansas,nonmetro_nonadjacent,Q4_highest,suppressed_1_9,8.350277777777778,9.0,6.0,9.0,2.1650680554914046,2.333528658324734,1.5556857722164892,2.333528658324734,0.0,Corrected constrained Bayesian posterior summary; not an observed or recovered suppressed count.
05117,Prairie County,05,Arkansas,nonmetro_adjacent,Q2,suppressed_1_9,3.5584444444444445,3.0,3.0,5.0,7.38220534913264,6.223679024127129,6.223679024127129,10.372798373545216,1.0,Corrected constrained Bayesian posterior summary; not an observed or recovered suppressed count.
05119,Pulaski County,05,Arkansas,metro_other,Q4_highest,exact,131.0,131.0,131.0,131.0,5.49709933594387,5.497099335942007,5.497099335942007,5.497099335942007,1.0,Corrected constrained Bayesian posterior summary; not an observed or recovered suppressed count.
05121,Randolph County,05,Arkansas,nonmetro_nonadjacent,Q3,suppressed_1_9,4.396527777777778,4.0,3.0,7.0,3.9305950415537096,3.5760902605181757,2.6820676953886315,6.258157955906807,0.7282222222222222,Corrected constrained Bayesian posterior summary; not an observed or recovered suppressed count.
05123,St. Francis County,05,Arkansas,nonmetro_adjacent,Q4_highest,exact,13.0,13.0,13.0,13.0,9.366736556928291,9.366736556931745,9.366736556931745,9.366736556931745,1.0,Corrected constrained Bayesian posterior summary; not an observed or recovered suppressed count.
05125,Saline County,05,Arkansas,metro_other,Q2,exact,30.0,30.0,30.0,30.0,3.9482983492190113,3.94829834921646,3.94829834921646,3.94829834921646,1.0,Corrected constrained Bayesian posterior summary; not an observed or recovered suppressed count.
05127,Scott County,05,Arkansas,nonmetro_adjacent,Q4_highest,suppressed_1_9,1.3185,1.0,1.0,3.0,2.2063253012042936,1.673360107095047,1.673360107095047,5.020080321285141,0.26172222222222224,Corrected constrained Bayesian posterior summary; not an observed or recovered suppressed count.
05129,Searcy County,05,Arkansas,nonmetro_nonadjacent,Q3,suppressed_1_9,4.830638888888889,5.0,4.0,7.0,10.242433451830674,10.601530861056336,8.481224688845069,14.842143205478871,1.0,Corrected constrained Bayesian posterior summary; not an observed or recovered suppressed count.
05131,Sebastian County,05,Arkansas,metro_other,Q4_highest,exact,27.0,27.0,27.0,27.0,3.497368553991604,3.497368553993541,3.497368553993541,3.497368553993541,1.0,Corrected constrained Bayesian posterior summary; not an observed or recovered suppressed count.
05133,Sevier County,05,Arkansas,nonmetro_adjacent,Q4_highest,suppressed_1_9,1.4260277777777777,1.0,1.0,3.0,1.477060207963981,1.035786420840023,1.035786420840023,3.107359262520068,0.08127777777777778,Corrected constrained Bayesian posterior summary; not an observed or recovered suppressed count.
05135,Sharp County,05,Arkansas,nonmetro_nonadjacent,Q3,suppressed_1_9,5.889,6.0,4.0,9.0,5.534982518138181,5.639309748486785,3.7595398323245233,8.458964622730177,1.0,Corrected constrained Bayesian posterior summary; not an observed or recovered suppressed count.
05137,Stone County,05,Arkansas,nonmetro_nonadjacent,Q4_highest,suppressed_1_9,1.3661666666666668,1.0,1.0,3.0,1.8049023234502164,1.3211435818844792,1.3211435818844792,3.9634307456534374,0.06180555555555556,Corrected constrained Bayesian posterior summary; not an observed or recovered suppressed count.
05139,Union County,05,Arkansas,nonmetro_nonadjacent,Q3,suppressed_1_9,5.889194444444445,6.0,3.0,9.0,2.5898180478466206,2.638545633646734,1.319272816823367,3.957818450470101,0.35405555555555557,Corrected constrained Bayesian posterior summary; not an observed or recovered suppressed count.
05141,Van Buren County,05,Arkansas,nonmetro_adjacent,Q4_highest,suppressed_1_9,6.054388888888889,6.0,4.0,9.0,6.23033350712867,6.174364040503828,4.116242693669219,9.261546060755743,1.0,Corrected constrained Bayesian posterior summary; not an observed or recovered suppressed count.
05143,Washington County,05,Arkansas,metro_other,Q4_highest,exact,25.0,25.0,25.0,25.0,1.6488078789265654,1.648807878927378,1.648807878927378,1.648807878927378,0.0,Corrected constrained Bayesian posterior summary; not an observed or recovered suppressed count.
05145,White County,05,Arkansas,nonmetro_adjacent,Q4_highest,exact,33.0,33.0,33.0,33.0,7.021470806642703,7.021470806639332,7.021470806639332,7.021470806639332,1.0,Corrected constrained Bayesian posterior summary; not an observed or recovered suppressed count.
05147,Woodruff County,05,Arkansas,nonmetro_nonadjacent,Q4_highest,zero,0.0,0.0,0.0,0.0,0.0,0.0,0.0,0.0,0.0,Corrected constrained Bayesian posterior summary; not an observed or recovered suppressed count.
05149,Yell County,05,Arkansas,nonmetro_nonadjacent,Q4_highest,suppressed_1_9,4.659805555555556,4.0,3.0,8.0,3.788952673157317,3.2524556039810055,2.4393417029857543,6.504911207962011,0.7843888888888889,Corrected constrained Bayesian posterior summary; not an observed or recovered suppressed count.
06001,Alameda County,06,California,metro_large,Q3,exact,279.0,279.0,279.0,279.0,2.8231857009569437,2.8231857009590633,2.8231857009590633,2.8231857009590633,0.0,Corrected constrained Bayesian posterior summary; not an observed or recovered suppressed count.
06003,Alpine County,06,California,nonmetro_adjacent,Q2,zero,0.0,0.0,0.0,0.0,0.0,0.0,0.0,0.0,0.0,Corrected constrained Bayesian posterior summary; not an observed or recovered suppressed count.
06005,Amador County,06,California,nonmetro_adjacent,Q3,suppressed_1_9,8.475944444444444,9.0,7.0,9.0,3.440708461149552,3.6534425577345413,2.841566433793532,3.6534425577345413,0.8909166666666667,Corrected constrained Bayesian posterior summary; not an observed or recovered suppressed count.
06007,Butte County,06,California,metro_other,Q4_highest,exact,38.0,38.0,38.0,38.0,3.0085950811046382,3.008595081105389,3.008595081105389,3.008595081105389,1.0,Corrected constrained Bayesian posterior summary; not an observed or recovered suppressed count.
06009,Calaveras County,06,California,nonmetro_adjacent,Q2,exact,10.0,10.0,10.0,10.0,3.5962555786938433,3.5962555786914665,3.5962555786914665,3.5962555786914665,1.0,Corrected constrained Bayesian posterior summary; not an observed or recovered suppressed count.
06011,Colusa County,06,California,nonmetro_adjacent,Q4_highest,suppressed_1_9,3.1738055555555555,3.0,2.0,6.0,2.4218834124818884,2.289255000114463,1.5261700000763085,4.578510000228926,0.3283333333333333,Corrected constrained Bayesian posterior summary; not an observed or recovered suppressed count.
06013,Contra Costa County,06,California,metro_large,Q2,exact,212.0,212.0,212.0,212.0,3.0495391887377106,3.049539188736268,3.049539188736268,3.049539188736268,1.0,Corrected constrained Bayesian posterior summary; not an observed or recovered suppressed count.
06015,Del Norte County,06,California,nonmetro_nonadjacent,Q4_highest,suppressed_1_9,8.215444444444444,8.0,6.0,9.0,4.992370226327001,4.861448711716091,3.6460865337870687,5.469129800680603,1.0,Corrected constrained Bayesian posterior summary; not an observed or recovered suppressed count.
06017,El Dorado County,06,California,metro_large,Q1_lowest,exact,36.0,36.0,36.0,36.0,3.112374889012724,3.1123748890135765,3.1123748890135765,3.1123748890135765,1.0,Corrected constrained Bayesian posterior summary; not an observed or recovered suppressed count.
06019,Fresno County,06,California,metro_large,Q4_highest,exact,194.0,194.0,194.0,194.0,3.19600558608776,3.1960055860905885,3.1960055860905885,3.1960055860905885,1.0,Corrected constrained Bayesian posterior summary; not an observed or recovered suppressed count.
06021,Glenn County,06,California,nonmetro_adjacent,Q4_highest,suppressed_1_9,6.874361111111111,7.0,4.0,9.0,4.037732733702566,4.11152813753649,2.3494446500208515,5.286250462546915,0.958,Corrected constrained Bayesian posterior summary; not an observed or recovered suppressed count.
06023,Humboldt County,06,California,nonmetro_nonadjacent,Q4_highest,exact,24.0,24.0,24.0,24.0,2.9694885056054017,2.9694885056049096,2.9694885056049096,2.9694885056049096,1.0,Corrected constrained Bayesian posterior summary; not an observed or recovered suppressed count.
06025,Imperial County,06,California,metro_other,Q4_highest,exact,24.0,24.0,24.0,24.0,2.2205218781544724,2.2205218781544134,2.2205218781544134,2.2205218781544134,0.0,Corrected constrained Bayesian posterior summary; not an observed or recovered suppressed count.
06027,Inyo County,06,California,nonmetro_adjacent,Q3,suppressed_1_9,5.93125,6.0,4.0,9.0,5.353838516046296,5.415895653743738,3.610597102495825,8.123843480615607,1.0,Corrected constrained Bayesian posterior summary; not an observed or recovered suppressed count.
06029,Kern County,06,California,metro_other,Q4_highest,exact,184.0,184.0,184.0,184.0,3.3627611485573805,3.362761148558381,3.362761148558381,3.362761148558381,1.0,Corrected constrained Bayesian posterior summary; not an observed or recovered suppressed count.
06031,Kings County,06,California,metro_other,Q4_highest,exact,14.0,14.0,14.0,14.0,1.5223166179348142,1.522316617934412,1.522316617934412,1.522316617934412,0.0,Corrected constrained Bayesian posterior summary; not an observed or recovered suppressed count.
06033,Lake County,06,California,nonmetro_adjacent,Q4_highest,exact,24.0,24.0,24.0,24.0,5.978120080508341,5.9781200805053505,5.9781200805053505,5.9781200805053505,1.0,Corrected constrained Bayesian posterior summary; not an observed or recovered suppressed count.
06035,Lassen County,06,California,nonmetro_nonadjacent,Q4_highest,suppressed_1_9,4.8695,5.0,3.0,8.0,2.6925182330410737,2.7646762840539,1.65880577043234,4.42348205448624,0.29577777777777775,Corrected constrained Bayesian posterior summary; not an observed or recovered suppressed count.
06037,Los Angeles County,06,California,metro_large,Q4_highest,exact,1769.0,1769.0,1769.0,1769.0,3.000677196356208,3.000677196357887,3.000677196357887,3.000677196357887,1.0,Corrected constrained Bayesian posterior summary; not an observed or recovered suppressed count.
06039,Madera County,06,California,metro_large,Q4_highest,exact,29.0,29.0,29.0,29.0,3.0112850503207627,3.0112850503196116,3.0112850503196116,3.0112850503196116,1.0,Corrected constrained Bayesian posterior summary; not an observed or recovered suppressed count.
06041,Marin County,06,California,metro_large,Q2,exact,40.0,40.0,40.0,40.0,2.592035065051034,2.59203506505036,2.59203506505036,2.59203506505036,0.0,Corrected constrained Bayesian posterior summary; not an observed or recovered suppressed count.
06043,Mariposa County,06,California,nonmetro_adjacent,Q4_highest,suppressed_1_9,3.0631944444444446,3.0,2.0,6.0,2.9885698551603874,2.926914934095632,1.9512766227304212,5.853829868191264,0.28791666666666665,Corrected constrained Bayesian posterior summary; not an observed or recovered suppressed count.
06045,Mendocino County,06,California,nonmetro_adjacent,Q4_highest,exact,26.0,26.0,26.0,26.0,4.885555854117239,4.885555854117302,4.885555854117302,4.885555854117302,1.0,Corrected constrained Bayesian posterior summary; not an observed or recovered suppressed count.
06047,Merced County,06,California,metro_other,Q4_highest,exact,43.0,43.0,43.0,43.0,2.4969499466056924,2.496949946605919,2.496949946605919,2.496949946605919,0.0,Corrected constrained Bayesian posterior summary; not an observed or recovered suppressed count.
06049,Modoc County,06,California,nonmetro_adjacent,Q4_highest,suppressed_1_9,4.033138888888889,4.0,3.0,6.0,7.7909457548035865,7.726930283771514,5.795197712828636,11.590395425657272,1.0,Corrected constrained Bayesian posterior summary; not an observed or recovered suppressed count.
06051,Mono County,06,California,nonmetro_nonadjacent,Q2,suppressed_1_9,1.2515833333333333,1.0,1.0,3.0,1.5402206907861027,1.2306177701206005,1.2306177701206005,3.691853310361801,0.03144444444444444,Corrected constrained Bayesian posterior summary; not an observed or recovered suppressed count.
06053,Monterey County,06,California,metro_other,Q4_highest,exact,64.0,64.0,64.0,64.0,2.459529215364034,2.459529215364064,2.459529215364064,2.459529215364064,0.0,Corrected constrained Bayesian posterior summary; not an observed or recovered suppressed count.
06055,Napa County,06,California,metro_other,Q3,exact,33.0,33.0,33.0,33.0,4.073274505373067,4.0732745053748705,4.0732745053748705,4.0732745053748705,1.0,Corrected constrained Bayesian posterior summary; not an observed or recovered suppressed count.
06057,Nevada County,06,California,nonmetro_adjacent,Q1_lowest,exact,24.0,24.0,24.0,24.0,3.9384744647376664,3.938474464736705,3.938474464736705,3.938474464736705,1.0,Corrected constrained Bayesian posterior summary; not an observed or recovered suppressed count.
06059,Orange County,06,California,metro_large,Q3,exact,324.0,324.0,324.0,324.0,1.708164160059454,1.7081641600587778,1.7081641600587778,1.7081641600587778,0.0,Corrected constrained Bayesian posterior summary; not an observed or recovered suppressed count.
06061,Placer County,06,California,metro_large,Q1_lowest,exact,70.0,70.0,70.0,70.0,2.8126750387935853,2.8126750387948247,2.8126750387948247,2.8126750387948247,0.0,Corrected constrained Bayesian posterior summary; not an observed or recovered suppressed count.
06063,Plumas County,06,California,nonmetro_nonadjacent,Q2,zero,0.0,0.0,0.0,0.0,0.0,0.0,0.0,0.0,0.0,Corrected constrained Bayesian posterior summary; not an observed or recovered suppressed count.
06065,Riverside County,06,California,metro_large,Q4_highest,exact,379.0,379.0,379.0,379.0,2.5411672446074083,2.5411672446090043,2.5411672446090043,2.5411672446090043,0.0,Corrected constrained Bayesian posterior summary; not an observed or recovered suppressed count.
06067,Sacramento County,06,California,metro_large,Q4_highest,exact,391.0,391.0,391.0,391.0,4.12455393371071,4.124553933711561,4.124553933711561,4.124553933711561,1.0,Corrected constrained Bayesian posterior summary; not an observed or recovered suppressed count.
06069,San Benito County,06,California,metro_large,Q3,suppressed_1_9,6.710472222222222,7.0,4.0,9.0,1.684131433876136,1.7567944023510929,1.003882515629196,2.2587356601656907,0.0,Corrected constrained Bayesian posterior summary; not an observed or recovered suppressed count.
06071,San Bernardino County,06,California,metro_large,Q4_highest,exact,429.0,429.0,429.0,429.0,3.2580152110595884,3.2580152110578706,3.2580152110578706,3.2580152110578706,1.0,Corrected constrained Bayesian posterior summary; not an observed or recovered suppressed count.
06073,San Diego County,06,California,metro_large,Q3,exact,483.0,483.0,483.0,483.0,2.4391714573910206,2.4391714573913106,2.4391714573913106,2.4391714573913106,0.0,Corrected constrained Bayesian posterior summary; not an observed or recovered suppressed count.
06075,San Francisco County,06,California,metro_large,Q2,exact,121.0,121.0,121.0,121.0,2.4159860807264506,2.4159860807254825,2.4159860807254825,2.4159860807254825,0.0,Corrected constrained Bayesian posterior summary; not an observed or recovered suppressed count.
06077,San Joaquin County,06,California,metro_other,Q4_highest,exact,129.0,129.0,129.0,129.0,2.7273724810656703,2.727372481065375,2.727372481065375,2.727372481065375,0.0,Corrected constrained Bayesian posterior summary; not an observed or recovered suppressed count.
06079,San Luis Obispo County,06,California,metro_other,Q3,exact,23.0,23.0,23.0,23.0,1.357721955071756,1.3577219550723902,1.3577219550723902,1.3577219550723902,0.0,Corrected constrained Bayesian posterior summary; not an observed or recovered suppressed count.
06081,San Mateo County,06,California,metro_large,Q2,exact,101.0,101.0,101.0,101.0,2.263966882425313,2.263966882423458,2.263966882423458,2.263966882423458,0.0,Corrected constrained Bayesian posterior summary; not an observed or recovered suppressed count.
06083,Santa Barbara County,06,California,metro_other,Q4_highest,exact,69.0,69.0,69.0,69.0,2.5868526401276974,2.5868526401268084,2.5868526401268084,2.5868526401268084,0.0,Corrected constrained Bayesian posterior summary; not an observed or recovered suppressed count.
06085,Santa Clara County,06,California,metro_large,Q2,exact,245.0,245.0,245.0,245.0,2.1500041201084903,2.1500041201099362,2.1500041201099362,2.1500041201099362,0.0,Corrected constrained Bayesian posterior summary; not an observed or recovered suppressed count.
06087,Santa Cruz County,06,California,metro_other,Q3,exact,42.0,42.0,42.0,42.0,2.6262261193188183,2.6262261193194574,2.6262261193194574,2.6262261193194574,0.0,Corrected constrained Bayesian posterior summary; not an observed or recovered suppressed count.
06089,Shasta County,06,California,metro_other,Q4_highest,exact,63.0,63.0,63.0,63.0,5.813615487473733,5.813615487471659,5.813615487471659,5.813615487471659,1.0,Corrected constrained Bayesian posterior summary; not an observed or recovered suppressed count.
06091,Sierra County,06,California,nonmetro_adjacent,Q2,zero,0.0,0.0,0.0,0.0,0.0,0.0,0.0,0.0,0.0,Corrected constrained Bayesian posterior summary; not an observed or recovered suppressed count.
06093,Siskiyou County,06,California,nonmetro_nonadjacent,Q4_highest,exact,10.0,10.0,10.0,10.0,3.8466716673412926,3.8466716673398342,3.8466716673398342,3.8466716673398342,1.0,Corrected constrained Bayesian posterior summary; not an observed or recovered suppressed count.
06095,Solano County,06,California,metro_other,Q3,exact,139.0,139.0,139.0,139.0,5.149368739252801,5.149368739256713,5.149368739256713,5.149368739256713,1.0,Corrected constrained Bayesian posterior summary; not an observed or recovered suppressed count.
06097,Sonoma County,06,California,metro_other,Q3,exact,106.0,106.0,106.0,106.0,3.6302874194479857,3.6302874194444357,3.6302874194444357,3.6302874194444357,1.0,Corrected constrained Bayesian posterior summary; not an observed or recovered suppressed count.
06099,Stanislaus County,06,California,metro_other,Q4_highest,exact,108.0,108.0,108.0,108.0,3.2594750373983667,3.2594750374009673,3.2594750374009673,3.2594750374009673,1.0,Corrected constrained Bayesian posterior summary; not an observed or recovered suppressed count.
06101,Sutter County,06,California,metro_other,Q4_highest,exact,16.0,16.0,16.0,16.0,2.723798336781257,2.7237983367806406,2.7237983367806406,2.7237983367806406,0.0,Corrected constrained Bayesian posterior summary; not an observed or recovered suppressed count.
06103,Tehama County,06,California,nonmetro_adjacent,Q4_highest,exact,21.0,21.0,21.0,21.0,5.389203116500958,5.389203116499173,5.389203116499173,5.389203116499173,1.0,Corrected constrained Bayesian posterior summary; not an observed or recovered suppressed count.
06105,Trinity County,06,California,nonmetro_adjacent,Q3,suppressed_1_9,1.5083888888888888,1.0,1.0,3.0,1.7208443298514462,1.1408492481803454,1.1408492481803454,3.422547744541036,0.10261111111111111,Corrected constrained Bayesian posterior summary; not an observed or recovered suppressed count.
06107,Tulare County,06,California,metro_other,Q4_highest,exact,70.0,70.0,70.0,70.0,2.453998913930262,2.453998913930195,2.453998913930195,2.453998913930195,0.0,Corrected constrained Bayesian posterior summary; not an observed or recovered suppressed count.
06109,Tuolumne County,06,California,nonmetro_adjacent,Q3,suppressed_1_9,7.892916666666666,8.0,5.0,9.0,2.410558764033925,2.4432628553802176,1.5270392846126357,2.748670712302745,0.0,Corrected constrained Bayesian posterior summary; not an observed or recovered suppressed count.
06111,Ventura County,06,California,metro_other,Q3,exact,183.0,183.0,183.0,183.0,3.6419367222434245,3.641936722245009,3.641936722245009,3.641936722245009,1.0,Corrected constrained Bayesian posterior summary; not an observed or recovered suppressed count.
06113,Yolo County,06,California,metro_large,Q3,exact,35.0,35.0,35.0,35.0,2.641262251681272,2.641262251683616,2.641262251683616,2.641262251683616,0.0,Corrected constrained Bayesian posterior summary; not an observed or recovered suppressed count.
06115,Yuba County,06,California,metro_other,Q4_highest,exact,17.0,17.0,17.0,17.0,3.40170085042748,3.401700850425213,3.401700850425213,3.401700850425213,1.0,Corrected constrained Bayesian posterior summary; not an observed or recovered suppressed count.
08001,Adams County,08,Colorado,metro_large,Q3,exact,122.0,122.0,122.0,122.0,3.8566624000992276,3.85666240010217,3.85666240010217,3.85666240010217,1.0,Corrected constrained Bayesian posterior summary; not an observed or recovered suppressed count.
08003,Alamosa County,08,Colorado,nonmetro_nonadjacent,Q4_highest,suppressed_1_9,1.2506944444444446,1.0,1.0,3.0,1.2646562494376345,1.0111632421938197,1.0111632421938197,3.0334897265814593,0.033,Corrected constrained Bayesian posterior summary; not an observed or recovered suppressed count.
08005,Arapahoe County,08,Colorado,metro_large,Q2,exact,205.0,205.0,205.0,205.0,5.1928589829762775,5.1928589829747684,5.1928589829747684,5.1928589829747684,1.0,Corrected constrained Bayesian posterior summary; not an observed or recovered suppressed count.
08007,Archuleta County,08,Colorado,nonmetro_nonadjacent,Q2,suppressed_1_9,3.7495,4.0,3.0,6.0,4.446803211612942,4.743889277624261,3.5579169582181955,7.115833916436391,1.0,Corrected constrained Bayesian posterior summary; not an observed or recovered suppressed count.
08009,Baca County,08,Colorado,nonmetro_nonadjacent,Q3,suppressed_1_9,2.141388888888889,2.0,2.0,3.0,10.298604765486356,9.618621651517337,9.618621651517337,14.427932477276007,1.0,Corrected constrained Bayesian posterior summary; not an observed or recovered suppressed count.
08011,Bent County,08,Colorado,nonmetro_nonadjacent,Q4_highest,suppressed_1_9,3.311111111111111,3.0,3.0,5.0,9.868889484995512,8.94161127835236,8.94161127835236,14.9026854639206,1.0,Corrected constrained Bayesian posterior summary; not an observed or recovered suppressed count.
08013,Boulder County,08,Colorado,metro_other,Q1_lowest,exact,49.0,49.0,49.0,49.0,2.490506848640425,2.4905068486397,2.4905068486397,2.4905068486397,0.0,Corrected constrained Bayesian posterior summary; not an observed or recovered suppressed count.
08014,Broomfield County,08,Colorado,metro_large,Q1_lowest,exact,11.0,11.0,11.0,11.0,2.448089377518024,2.448089377517637,2.448089377517637,2.448089377517637,0.0,Corrected constrained Bayesian posterior summary; not an observed or recovered suppressed count.
08015,Chaffee County,08,Colorado,nonmetro_adjacent,Q3,suppressed_1_9,4.585444444444445,4.0,3.0,8.0,3.7367835356603543,3.259691470202345,2.444768602651759,6.51938294040469,0.7769722222222222,Corrected constrained Bayesian posterior summary; not an observed or recovered suppressed count.
08017,Cheyenne County,08,Colorado,nonmetro_nonadjacent,Q1_lowest,suppressed_1_9,1.0204444444444445,1.0,1.0,1.0,9.71481763560359,9.52018278750952,9.52018278750952,9.52018278750952,1.0,Corrected constrained Bayesian posterior summary; not an observed or recovered suppressed count.
08019,Clear Creek County,08,Colorado,metro_large,Q1_lowest,suppressed_1_9,2.272638888888889,2.0,2.0,4.0,4.035941908877465,3.551767004084532,3.551767004084532,7.103534008169064,1.0,Corrected constrained Bayesian posterior summary; not an observed or recovered suppressed count.
08021,Conejos County,08,Colorado,nonmetro_nonadjacent,Q4_highest,suppressed_1_9,1.1441666666666668,1.0,1.0,2.0,2.454819169401906,2.145508378210217,2.145508378210217,4.291016756420434,0.13233333333333333,Corrected constrained Bayesian posterior summary; not an observed or recovered suppressed count.
08023,Costilla County,08,Colorado,nonmetro_nonadjacent,Q4_highest,suppressed_1_9,2.1741111111111113,2.0,2.0,3.0,9.72756649266166,8.94854586129754,8.94854586129754,13.422818791946307,1.0,Corrected constrained Bayesian posterior summary; not an observed or recovered suppressed count.
08025,Crowley County,08,Colorado,nonmetro_adjacent,Q4_highest,zero,0.0,0.0,0.0,0.0,0.0,0.0,0.0,0.0,0.0,Corrected constrained Bayesian posterior summary; not an observed or recovered suppressed count.
08027,Custer County,08,Colorado,nonmetro_adjacent,Q1_lowest,suppressed_1_9,3.358361111111111,3.0,3.0,5.0,10.588186869003009,9.458351724572799,9.458351724572799,15.763919540954662,1.0,Corrected constrained Bayesian posterior summary; not an observed or recovered suppressed count.
08029,Delta County,08,Colorado,nonmetro_adjacent,Q3,suppressed_1_9,5.528944444444445,5.0,3.0,9.0,2.918372601354363,2.6391769990446177,1.5835061994267707,4.750518598280313,0.4733888888888889,Corrected constrained Bayesian posterior summary; not an observed or recovered suppressed count.
08031,Denver County,08,Colorado,metro_large,Q3,exact,216.0,216.0,216.0,216.0,4.98492981865151,4.984929818650099,4.984929818650099,4.984929818650099,1.0,Corrected constrained Bayesian posterior summary; not an observed or recovered suppressed count.
08033,Dolores County,08,Colorado,nonmetro_nonadjacent,Q1_lowest,suppressed_1_9,2.1044722222222223,2.0,2.0,3.0,15.050219711244116,14.30308231423872,14.30308231423872,21.454623471358076,1.0,Corrected constrained Bayesian posterior summary; not an observed or recovered suppressed count.
08035,Douglas County,08,Colorado,metro_large,Q1_lowest,exact,78.0,78.0,78.0,78.0,3.4902717624055692,3.490271762403777,3.490271762403777,3.490271762403777,1.0,Corrected constrained Bayesian posterior summary; not an observed or recovered suppressed count.
08037,Eagle County,08,Colorado,nonmetro_nonadjacent,Q2,suppressed_1_9,6.775666666666667,7.0,4.0,9.0,2.0546082881777425,2.1226336425303005,1.2129335100173146,2.729100397538958,0.0,Corrected constrained Bayesian posterior summary; not an observed or recovered suppressed count.
08039,Elbert County,08,Colorado,metro_large,Q1_lowest,suppressed_1_9,5.550805555555556,5.0,4.0,8.0,3.320713793353036,2.991199889923844,2.392959911939075,4.78591982387815,0.7798055555555555,Corrected constrained Bayesian posterior summary; not an observed or recovered suppressed count.
08041,El Paso County,08,Colorado,metro_other,Q2,exact,226.0,226.0,226.0,226.0,5.1083443675040305,5.108344367507856,5.108344367507856,5.108344367507856,1.0,Corrected constrained Bayesian posterior summary; not an observed or recovered suppressed count.
08043,Fremont County,08,Colorado,nonmetro_adjacent,Q3,exact,27.0,27.0,27.0,27.0,9.14017989228168,9.140179892281287,9.140179892281287,9.140179892281287,1.0,Corrected constrained Bayesian posterior summary; not an observed or recovered suppressed count.
08045,Garfield County,08,Colorado,nonmetro_nonadjacent,Q3,suppressed_1_9,6.46125,6.0,3.0,9.0,1.7428310940754737,1.6184154094725853,0.8092077047362927,2.427623114208878,0.0,Corrected constrained Bayesian posterior summary; not an observed or recovered suppressed count.
08047,Gilpin County,08,Colorado,metro_large,Q1_lowest,suppressed_1_9,4.265833333333333,4.0,4.0,6.0,11.806574225270683,11.070825606819628,11.070825606819628,16.606238410229444,1.0,Corrected constrained Bayesian posterior summary; not an observed or recovered suppressed count.
08049,Grand County,08,Colorado,nonmetro_nonadjacent,Q1_lowest,suppressed_1_9,2.684083333333333,2.0,2.0,5.0,2.8180536015517608,2.099825714465699,2.099825714465699,5.249564286164248,0.4781388888888889,Corrected constrained Bayesian posterior summary; not an observed or recovered suppressed count.
08051,Gunnison County,08,Colorado,nonmetro_nonadjacent,Q1_lowest,zero,0.0,0.0,0.0,0.0,0.0,0.0,0.0,0.0,0.0,Corrected constrained Bayesian posterior summary; not an observed or recovered suppressed count.
08053,Hinsdale County,08,Colorado,nonmetro_nonadjacent,Q1_lowest,zero,0.0,0.0,0.0,0.0,0.0,0.0,0.0,0.0,0.0,Corrected constrained Bayesian posterior summary; not an observed or recovered suppressed count.
08055,Huerfano County,08,Colorado,nonmetro_adjacent,Q3,suppressed_1_9,2.4529722222222223,2.0,2.0,4.0,5.864846915054554,4.781829049611476,4.781829049611476,9.563658099222952,1.0,Corrected constrained Bayesian posterior summary; not an observed or recovered suppressed count.
08057,Jackson County,08,Colorado,nonmetro_nonadjacent,Q2,zero,0.0,0.0,0.0,0.0,0.0,0.0,0.0,0.0,0.0,Corrected constrained Bayesian posterior summary; not an observed or recovered suppressed count.
08059,Jefferson County,08,Colorado,metro_large,Q1_lowest,exact,149.0,149.0,149.0,149.0,4.2855659550021254,4.285565955003858,4.285565955003858,4.285565955003858,1.0,Corrected constrained Bayesian posterior summary; not an observed or recovered suppressed count.
08061,Kiowa County,08,Colorado,nonmetro_nonadjacent,Q2,zero,0.0,0.0,0.0,0.0,0.0,0.0,0.0,0.0,0.0,Corrected constrained Bayesian posterior summary; not an observed or recovered suppressed count.
08063,Kit Carson County,08,Colorado,nonmetro_nonadjacent,Q3,suppressed_1_9,1.132638888888889,1.0,1.0,2.0,2.6837876190995487,2.3694997985925172,2.3694997985925172,4.7389995971850345,0.12130555555555556,Corrected constrained Bayesian posterior summary; not an observed or recovered suppressed count.
08065,Lake County,08,Colorado,nonmetro_nonadjacent,Q1_lowest,suppressed_1_9,2.2570555555555556,2.0,2.0,4.0,4.951637829749547,4.3876968978982935,4.3876968978982935,8.775393795796587,1.0,Corrected constrained Bayesian posterior summary; not an observed or recovered suppressed count.
08067,La Plata County,08,Colorado,nonmetro_adjacent,Q2,suppressed_1_9,8.001722222222222,8.0,6.0,9.0,2.361281611411239,2.3607733893623553,1.7705800420217663,2.6558700630326495,0.0,Corrected constrained Bayesian posterior summary; not an observed or recovered suppressed count.
08069,Larimer County,08,Colorado,metro_other,Q1_lowest,exact,53.0,53.0,53.0,53.0,2.417901963654815,2.41790196365574,2.41790196365574,2.41790196365574,0.0,Corrected constrained Bayesian posterior summary; not an observed or recovered suppressed count.
08071,Las Animas County,08,Colorado,nonmetro_nonadjacent,Q4_highest,suppressed_1_9,2.5456944444444445,2.0,2.0,4.0,2.934450438541366,2.3054223533751386,2.3054223533751386,4.610844706750277,0.40975,Corrected constrained Bayesian posterior summary; not an observed or recovered suppressed count.
08073,Lincoln County,08,Colorado,nonmetro_adjacent,Q2,zero,0.0,0.0,0.0,0.0,0.0,0.0,0.0,0.0,0.0,Corrected constrained Bayesian posterior summary; not an observed or recovered suppressed count.
08075,Logan County,08,Colorado,nonmetro_adjacent,Q3,suppressed_1_9,5.58275,5.0,4.0,8.0,4.359241646948993,3.9042063919667047,3.1233651135733638,6.2467302271467275,1.0,Corrected constrained Bayesian posterior summary; not an observed or recovered suppressed count.
08077,Mesa County,08,Colorado,metro_other,Q3,exact,42.0,42.0,42.0,42.0,4.43634635189669,4.43634635189733,4.43634635189733,4.43634635189733,1.0,Corrected constrained Bayesian posterior summary; not an observed or recovered suppressed count.
08079,Mineral County,08,Colorado,nonmetro_nonadjacent,Q1_lowest,suppressed_1_9,1.0252222222222223,1.0,1.0,1.0,19.43917751654418,18.960940462646946,18.960940462646946,18.960940462646946,1.0,Corrected constrained Bayesian posterior summary; not an observed or recovered suppressed count.
08081,Moffat County,08,Colorado,nonmetro_nonadjacent,Q4_highest,suppressed_1_9,3.7940555555555555,4.0,3.0,6.0,4.7869685780055296,5.0468091549118075,3.785106866183855,7.57021373236771,1.0,Corrected constrained Bayesian posterior summary; not an observed or recovered suppressed count.
08083,Montezuma County,08,Colorado,nonmetro_adjacent,Q3,suppressed_1_9,6.060305555555556,6.0,4.0,9.0,3.820981271549234,3.7829590305536986,2.5219726870357992,5.674438545830549,0.8726388888888889,Corrected constrained Bayesian posterior summary; not an observed or recovered suppressed count.
08085,Montrose County,08,Colorado,nonmetro_nonadjacent,Q3,exact,17.0,17.0,17.0,17.0,6.488029585417402,6.4880295854149095,6.4880295854149095,6.4880295854149095,1.0,Corrected constrained Bayesian posterior summary; not an observed or recovered suppressed count.
08087,Morgan County,08,Colorado,nonmetro_adjacent,Q4_highest,exact,11.0,11.0,11.0,11.0,6.247160381639634,6.247160381644707,6.247160381644707,6.247160381644707,1.0,Corrected constrained Bayesian posterior summary; not an observed or recovered suppressed count.
08089,Otero County,08,Colorado,nonmetro_adjacent,Q4_highest,suppressed_1_9,4.616805555555556,4.0,3.0,8.0,4.216145270499248,3.6528679579554897,2.7396509684666173,7.305735915910979,0.7833611111111111,Corrected constrained Bayesian posterior summary; not an observed or recovered suppressed count.
08091,Ouray County,08,Colorado,nonmetro_nonadjacent,Q1_lowest,zero,0.0,0.0,0.0,0.0,0.0,0.0,0.0,0.0,0.0,Corrected constrained Bayesian posterior summary; not an observed or recovered suppressed count.
08093,Park County,08,Colorado,metro_large,Q1_lowest,suppressed_1_9,3.664361111111111,3.0,3.0,6.0,3.3345112575169793,2.7299530448076292,2.7299530448076292,5.4599060896152585,0.47530555555555554,Corrected constrained Bayesian posterior summary; not an observed or recovered suppressed count.
08095,Phillips County,08,Colorado,nonmetro_nonadjacent,Q2,zero,0.0,0.0,0.0,0.0,0.0,0.0,0.0,0.0,0.0,Corrected constrained Bayesian posterior summary; not an observed or recovered suppressed count.
08097,Pitkin County,08,Colorado,nonmetro_nonadjacent,Q1_lowest,suppressed_1_9,2.6575555555555557,2.0,2.0,5.0,2.575949476150982,1.9385856079404467,1.9385856079404467,4.846464019851117,0.14922222222222223,Corrected constrained Bayesian posterior summary; not an observed or recovered suppressed count.
08099,Prowers County,08,Colorado,nonmetro_nonadjacent,Q4_highest,suppressed_1_9,3.74925,4.0,3.0,6.0,5.219179798432118,5.56823876607829,4.176179074558717,8.352358149117434,1.0,Corrected constrained Bayesian posterior summary; not an observed or recovered suppressed count.
08101,Pueblo County,08,Colorado,metro_other,Q4_highest,exact,60.0,60.0,60.0,60.0,5.901440049727062,5.901440049729468,5.901440049729468,5.901440049729468,1.0,Corrected constrained Bayesian posterior summary; not an observed or recovered suppressed count.
08103,Rio Blanco County,08,Colorado,nonmetro_nonadjacent,Q3,suppressed_1_9,1.1169444444444445,1.0,1.0,2.0,2.8722823680023275,2.571553475454522,2.571553475454522,5.143106950909044,0.10847222222222222,Corrected constrained Bayesian posterior summary; not an observed or recovered suppressed count.
08105,Rio Grande County,08,Colorado,nonmetro_nonadjacent,Q4_highest,suppressed_1_9,2.4743333333333335,2.0,2.0,4.0,3.6593902823775992,2.9578797917652624,2.9578797917652624,5.915759583530525,1.0,Corrected constrained Bayesian posterior summary; not an observed or recovered suppressed count.
08107,Routt County,08,Colorado,nonmetro_nonadjacent,Q1_lowest,suppressed_1_9,2.660722222222222,2.0,2.0,5.0,1.7550590834091369,1.3192351074846804,1.3192351074846804,3.2980877687117007,0.035388888888888886,Corrected constrained Bayesian posterior summary; not an observed or recovered suppressed count.
08109,Saguache County,08,Colorado,nonmetro_nonadjacent,Q3,zero,0.0,0.0,0.0,0.0,0.0,0.0,0.0,0.0,0.0,Corrected constrained Bayesian posterior summary; not an observed or recovered suppressed count.
08111,San Juan County,08,Colorado,nonmetro_nonadjacent,Q2,suppressed_1_9,1.012138888888889,1.0,1.0,1.0,21.836869231701684,21.57497303128371,21.57497303128371,21.57497303128371,1.0,Corrected constrained Bayesian posterior summary; not an observed or recovered suppressed count.
08113,San Miguel County,08,Colorado,nonmetro_nonadjacent,Q2,suppressed_1_9,1.1165,1.0,1.0,2.0,2.3237179487174564,2.081252081252081,2.081252081252081,4.162504162504162,0.10794444444444444,Corrected constrained Bayesian posterior summary; not an observed or recovered suppressed count.
08115,Sedgwick County,08,Colorado,nonmetro_nonadjacent,Q3,suppressed_1_9,2.0769444444444445,2.0,2.0,3.0,15.16571335847907,14.603870025556773,14.603870025556773,21.90580503833516,1.0,Corrected constrained Bayesian posterior summary; not an observed or recovered suppressed count.
08117,Summit County,08,Colorado,nonmetro_nonadjacent,Q1_lowest,suppressed_1_9,2.8466944444444446,3.0,2.0,5.0,1.5429656329142811,1.6260603268381257,1.0840402178920836,2.7101005447302096,0.015,Corrected constrained Bayesian posterior summary; not an observed or recovered suppressed count.
08119,Teller County,08,Colorado,metro_other,Q1_lowest,suppressed_1_9,5.626361111111111,5.0,4.0,8.0,3.7464366596614265,3.3293602967125895,2.6634882373700717,5.326976474740143,0.7962222222222223,Corrected constrained Bayesian posterior summary; not an observed or recovered suppressed count.
08121,Washington County,08,Colorado,nonmetro_nonadjacent,Q2,zero,0.0,0.0,0.0,0.0,0.0,0.0,0.0,0.0,0.0,Corrected constrained Bayesian posterior summary; not an observed or recovered suppressed count.
08123,Weld County,08,Colorado,metro_other,Q3,exact,51.0,51.0,51.0,51.0,2.4544317894167915,2.4544317894155276,2.4544317894155276,2.4544317894155276,0.0,Corrected constrained Bayesian posterior summary; not an observed or recovered suppressed count.
08125,Yuma County,08,Colorado,nonmetro_nonadjacent,Q3,suppressed_1_9,1.1500555555555556,1.0,1.0,2.0,1.9226554024920026,1.6717935000668716,1.6717935000668716,3.343587000133743,0.1361111111111111,Corrected constrained Bayesian posterior summary; not an observed or recovered suppressed count.
09001,Fairfield County,09,Connecticut,nonmetro_adjacent,Q1_lowest,exact,120.0,120.0,120.0,120.0,2.8114309972915184,2.811430997291889,2.811430997291889,2.811430997291889,0.0,Corrected constrained Bayesian posterior summary; not an observed or recovered suppressed count.
09003,Hartford County,09,Connecticut,nonmetro_adjacent,Q1_lowest,exact,153.0,153.0,153.0,153.0,3.8090970199416585,3.809097019941743,3.809097019941743,3.809097019941743,1.0,Corrected constrained Bayesian posterior summary; not an observed or recovered suppressed count.
09005,Litchfield County,09,Connecticut,nonmetro_adjacent,Q1_lowest,exact,30.0,30.0,30.0,30.0,3.670108616862373,3.6701086168645163,3.6701086168645163,3.6701086168645163,1.0,Corrected constrained Bayesian posterior summary; not an observed or recovered suppressed count.
09007,Middlesex County,09,Connecticut,nonmetro_adjacent,Q1_lowest,exact,36.0,36.0,36.0,36.0,4.909461350267011,4.90946135026552,4.90946135026552,4.90946135026552,1.0,Corrected constrained Bayesian posterior summary; not an observed or recovered suppressed count.
09009,New Haven County,09,Connecticut,nonmetro_adjacent,Q1_lowest,exact,149.0,149.0,149.0,149.0,3.864501249158134,3.8645012491546407,3.8645012491546407,3.8645012491546407,1.0,Corrected constrained Bayesian posterior summary; not an observed or recovered suppressed count.
09011,New London County,09,Connecticut,nonmetro_adjacent,Q1_lowest,exact,34.0,34.0,34.0,34.0,2.8368439276955186,2.8368439276938546,2.8368439276938546,2.8368439276938546,0.0,Corrected constrained Bayesian posterior summary; not an observed or recovered suppressed count.
09013,Tolland County,09,Connecticut,nonmetro_adjacent,Q1_lowest,exact,21.0,21.0,21.0,21.0,3.0999924714449807,3.099992471446855,3.099992471446855,3.099992471446855,1.0,Corrected constrained Bayesian posterior summary; not an observed or recovered suppressed count.
09015,Windham County,09,Connecticut,nonmetro_adjacent,Q1_lowest,exact,12.0,12.0,12.0,12.0,2.287413507176171,2.2874135071767596,2.2874135071767596,2.2874135071767596,0.0,Corrected constrained Bayesian posterior summary; not an observed or recovered suppressed count.
10001,Kent County,10,Delaware,metro_other,Q4_highest,exact,41.0,41.0,41.0,41.0,3.6672531290132246,3.6672531290166486,3.6672531290166486,3.6672531290166486,1.0,Corrected constrained Bayesian posterior summary; not an observed or recovered suppressed count.
10003,New Castle County,10,Delaware,metro_large,Q3,exact,121.0,121.0,121.0,121.0,3.52341220050213,3.5234122004990436,3.5234122004990436,3.5234122004990436,1.0,Corrected constrained Bayesian posterior summary; not an observed or recovered suppressed count.
10005,Sussex County,10,Delaware,nonmetro_adjacent,Q3,exact,39.0,39.0,39.0,39.0,2.575981548045552,2.575981548046019,2.575981548046019,2.575981548046019,0.0,Corrected constrained Bayesian posterior summary; not an observed or recovered suppressed count.
11001,District of Columbia,11,District of Columbia,metro_large,Q3,exact,167.0,167.0,167.0,167.0,4.032219120928502,4.032219120927942,4.032219120927942,4.032219120927942,1.0,Corrected constrained Bayesian posterior summary; not an observed or recovered suppressed count.
12001,Alachua County,12,Florida,metro_other,Q3,exact,52.0,52.0,52.0,52.0,3.09283562470634,3.0928356247081883,3.0928356247081883,3.0928356247081883,1.0,Corrected constrained Bayesian posterior summary; not an observed or recovered suppressed count.
12003,Baker County,12,Florida,metro_large,Q3,suppressed_1_9,5.64275,5.0,4.0,8.0,3.261950319966496,2.8903906073866823,2.3123124859093456,4.624624971818691,0.49044444444444446,Corrected constrained Bayesian posterior summary; not an observed or recovered suppressed count.
12005,Bay County,12,Florida,metro_other,Q3,exact,23.0,23.0,23.0,23.0,2.089359166290168,2.0893591662911875,2.0893591662911875,2.0893591662911875,0.0,Corrected constrained Bayesian posterior summary; not an observed or recovered suppressed count.
12007,Bradford County,12,Florida,nonmetro_adjacent,Q4_highest,suppressed_1_9,5.059861111111111,5.0,3.0,8.0,3.0014599069345427,2.9659508838533633,1.779570530312018,4.745521414165382,0.6030833333333333,Corrected constrained Bayesian posterior summary; not an observed or recovered suppressed count.
12009,Brevard County,12,Florida,metro_other,Q2,exact,112.0,112.0,112.0,112.0,2.978606161249549,2.9786061612468444,2.9786061612468444,2.9786061612468444,1.0,Corrected constrained Bayesian posterior summary; not an observed or recovered suppressed count.
12011,Broward County,12,Florida,metro_large,Q4_highest,exact,227.0,227.0,227.0,227.0,1.9255409434049038,1.9255409434047888,1.9255409434047888,1.9255409434047888,0.0,Corrected constrained Bayesian posterior summary; not an observed or recovered suppressed count.
12013,Calhoun County,12,Florida,nonmetro_adjacent,Q4_highest,zero,0.0,0.0,0.0,0.0,0.0,0.0,0.0,0.0,0.0,Corrected constrained Bayesian posterior summary; not an observed or recovered suppressed count.
12015,Charlotte County,12,Florida,metro_other,Q3,exact,37.0,37.0,37.0,37.0,3.084924640294031,3.0849246402936186,3.0849246402936186,3.0849246402936186,1.0,Corrected constrained Bayesian posterior summary; not an observed or recovered suppressed count.
12017,Citrus County,12,Florida,metro_other,Q3,exact,17.0,17.0,17.0,17.0,1.7705585278959812,1.7705585278951494,1.7705585278951494,1.7705585278951494,0.0,Corrected constrained Bayesian posterior summary; not an observed or recovered suppressed count.
12019,Clay County,12,Florida,metro_large,Q2,exact,31.0,31.0,31.0,31.0,2.28080204771942,2.2808020477187934,2.2808020477187934,2.2808020477187934,0.0,Corrected constrained Bayesian posterior summary; not an observed or recovered suppressed count.
12021,Collier County,12,Florida,metro_other,Q3,exact,36.0,36.0,36.0,36.0,1.5110863367584941,1.511086336757343,1.511086336757343,1.511086336757343,0.0,Corrected constrained Bayesian posterior summary; not an observed or recovered suppressed count.
12023,Columbia County,12,Florida,nonmetro_adjacent,Q4_highest,exact,18.0,18.0,18.0,18.0,4.150592727702394,4.150592727700364,4.150592727700364,4.150592727700364,1.0,Corrected constrained Bayesian posterior summary; not an observed or recovered suppressed count.
12027,DeSoto County,12,Florida,nonmetro_adjacent,Q4_highest,suppressed_1_9,7.878055555555555,8.0,6.0,9.0,3.5978770736531738,3.653568623152664,2.740176467364498,4.110264701046748,0.8783611111111111,Corrected constrained Bayesian posterior summary; not an observed or recovered suppressed count.
12029,Dixie County,12,Florida,nonmetro_adjacent,Q4_highest,suppressed_1_9,2.8318333333333334,3.0,2.0,5.0,2.744343657531421,2.907314804046982,1.938209869364655,4.845524673411637,0.20869444444444443,Corrected constrained Bayesian posterior summary; not an observed or recovered suppressed count.
12031,Duval County,12,Florida,metro_large,Q4_highest,exact,197.0,197.0,197.0,197.0,3.268659774826017,3.2686597748275035,3.2686597748275035,3.2686597748275035,1.0,Corrected constrained Bayesian posterior summary; not an observed or recovered suppressed count.
12033,Escambia County,12,Florida,metro_other,Q4_highest,exact,56.0,56.0,56.0,56.0,2.8774745638948644,2.8774745638956074,2.8774745638956074,2.8774745638956074,0.0,Corrected constrained Bayesian posterior summary; not an observed or recovered suppressed count.
12035,Flagler County,12,Florida,metro_other,Q2,exact,29.0,29.0,29.0,29.0,3.870010355614951,3.8700103556139176,3.8700103556139176,3.8700103556139176,1.0,Corrected constrained Bayesian posterior summary; not an observed or recovered suppressed count.
12037,Franklin County,12,Florida,nonmetro_adjacent,Q4_highest,suppressed_1_9,1.3375833333333333,1.0,1.0,3.0,1.7841819063000288,1.3338846723312303,1.3338846723312303,4.001654016993691,0.05316666666666667,Corrected constrained Bayesian posterior summary; not an observed or recovered suppressed count.
12039,Gadsden County,12,Florida,metro_other,Q4_highest,exact,16.0,16.0,16.0,16.0,6.014178425634958,6.014178425638443,6.014178425638443,6.014178425638443,1.0,Corrected constrained Bayesian posterior summary; not an observed or recovered suppressed count.
12041,Gilchrist County,12,Florida,metro_other,Q3,zero,0.0,0.0,0.0,0.0,0.0,0.0,0.0,0.0,0.0,Corrected constrained Bayesian posterior summary; not an observed or recovered suppressed count.
12043,Glades County,12,Florida,nonmetro_adjacent,Q4_highest,suppressed_1_9,1.3208888888888888,1.0,1.0,3.0,1.6801995661004598,1.272021878776315,1.272021878776315,3.816065636328945,0.04919444444444444,Corrected constrained Bayesian posterior summary; not an observed or recovered suppressed count.
12045,Gulf County,12,Florida,nonmetro_adjacent,Q3,zero,0.0,0.0,0.0,0.0,0.0,0.0,0.0,0.0,0.0,Corrected constrained Bayesian posterior summary; not an observed or recovered suppressed count.
12047,Hamilton County,12,Florida,nonmetro_adjacent,Q4_highest,suppressed_1_9,1.2896388888888888,1.0,1.0,3.0,1.5359426526720013,1.1909866133104665,1.1909866133104665,3.572959839931399,0.041305555555555554,Corrected constrained Bayesian posterior summary; not an observed or recovered suppressed count.
12049,Hardee County,12,Florida,nonmetro_adjacent,Q4_highest,suppressed_1_9,7.258444444444445,7.0,5.0,9.0,4.633335532051105,4.468360813752338,3.191686295537384,5.7450353319672915,1.0,Corrected constrained Bayesian posterior summary; not an observed or recovered suppressed count.
12051,Hendry County,12,Florida,nonmetro_adjacent,Q4_highest,suppressed_1_9,6.955416666666666,7.0,4.0,9.0,2.7174903952594236,2.7349091619456924,1.5628052353975386,3.516311779644462,0.37772222222222224,Corrected constrained Bayesian posterior summary; not an observed or recovered suppressed count.
12053,Hernando County,12,Florida,metro_large,Q3,exact,52.0,52.0,52.0,52.0,4.2235114761741945,4.2235114761741155,4.2235114761741155,4.2235114761741155,1.0,Corrected constrained Bayesian posterior summary; not an observed or recovered suppressed count.
12055,Highlands County,12,Florida,metro_other,Q4_highest,exact,17.0,17.0,17.0,17.0,2.6597159423389636,2.659715942337358,2.659715942337358,2.659715942337358,0.0,Corrected constrained Bayesian posterior summary; not an observed or recovered suppressed count.
12057,Hillsborough County,12,Florida,metro_large,Q4_highest,exact,199.0,199.0,199.0,199.0,2.1920137997743607,2.1920137997733082,2.1920137997733082,2.1920137997733082,0.0,Corrected constrained Bayesian posterior summary; not an observed or recovered suppressed count.
12059,Holmes County,12,Florida,nonmetro_adjacent,Q4_highest,suppressed_1_9,5.770527777777778,6.0,4.0,9.0,4.871041292669809,5.064744314824507,3.3764962098830043,7.597116472236761,1.0,Corrected constrained Bayesian posterior summary; not an observed or recovered suppressed count.
12061,Indian River County,12,Florida,metro_other,Q3,exact,24.0,24.0,24.0,24.0,2.4111176635477434,2.4111176635466136,2.4111176635466136,2.4111176635466136,0.0,Corrected constrained Bayesian posterior summary; not an observed or recovered suppressed count.
12063,Jackson County,12,Florida,nonmetro_adjacent,Q4_highest,suppressed_1_9,7.482555555555556,8.0,5.0,9.0,2.6071077104855602,2.7873981728604975,1.7421238580378111,3.1358229444680603,0.2658611111111111,Corrected constrained Bayesian posterior summary; not an observed or recovered suppressed count.
12065,Jefferson County,12,Florida,metro_other,Q3,suppressed_1_9,3.831,4.0,3.0,6.0,4.268190781775714,4.45647693216128,3.34235769912096,6.68471539824192,1.0,Corrected constrained Bayesian posterior summary; not an observed or recovered suppressed count.
12067,Lafayette County,12,Florida,nonmetro_nonadjacent,Q4_highest,zero,0.0,0.0,0.0,0.0,0.0,0.0,0.0,0.0,0.0,Corrected constrained Bayesian posterior summary; not an observed or recovered suppressed count.
12069,Lake County,12,Florida,metro_large,Q3,exact,48.0,48.0,48.0,48.0,1.9857530492682325,1.9857530492686017,1.9857530492686017,1.9857530492686017,0.0,Corrected constrained Bayesian posterior summary; not an observed or recovered suppressed count.
12071,Lee County,12,Florida,metro_other,Q3,exact,98.0,98.0,98.0,98.0,2.0134345392369664,2.0134345392368056,2.0134345392368056,2.0134345392368056,0.0,Corrected constrained Bayesian posterior summary; not an observed or recovered suppressed count.
12073,Leon County,12,Florida,metro_other,Q3,exact,67.0,67.0,67.0,67.0,3.7711868938323176,3.771186893830958,3.771186893830958,3.771186893830958,1.0,Corrected constrained Bayesian posterior summary; not an observed or recovered suppressed count.
12075,Levy County,12,Florida,metro_other,Q4_highest,exact,15.0,15.0,15.0,15.0,5.608629811732132,5.608629811736993,5.608629811736993,5.608629811736993,1.0,Corrected constrained Bayesian posterior summary; not an observed or recovered suppressed count.
12077,Liberty County,12,Florida,nonmetro_adjacent,Q4_highest,suppressed_1_9,1.1290555555555555,1.0,1.0,2.0,2.3579958137849024,2.0884674825612963,2.0884674825612963,4.176934965122593,0.11880555555555555,Corrected constrained Bayesian posterior summary; not an observed or recovered suppressed count.
12079,Madison County,12,Florida,nonmetro_adjacent,Q4_highest,suppressed_1_9,5.743138888888889,6.0,4.0,9.0,5.1941673424643255,5.426475775307726,3.6176505168718176,8.13971366296159,1.0,Corrected constrained Bayesian posterior summary; not an observed or recovered suppressed count.
12081,Manatee County,12,Florida,metro_other,Q3,exact,76.0,76.0,76.0,76.0,2.973690275291125,2.973690275289377,2.973690275289377,2.973690275289377,1.0,Corrected constrained Bayesian posterior summary; not an observed or recovered suppressed count.
12083,Marion County,12,Florida,metro_other,Q4_highest,exact,94.0,94.0,94.0,94.0,3.9825682141924124,3.9825682141909917,3.9825682141909917,3.9825682141909917,1.0,Corrected constrained Bayesian posterior summary; not an observed or recovered suppressed count.
12085,Martin County,12,Florida,metro_other,Q2,exact,29.0,29.0,29.0,29.0,2.9773607647511455,2.9773607647505127,2.9773607647505127,2.9773607647505127,1.0,Corrected constrained Bayesian posterior summary; not an observed or recovered suppressed count.
12086,Miami-Dade County,12,Florida,metro_large,Q4_highest,exact,416.0,416.0,416.0,416.0,2.5543121363297496,2.554312136329042,2.554312136329042,2.554312136329042,0.0,Corrected constrained Bayesian posterior summary; not an observed or recovered suppressed count.
12087,Monroe County,12,Florida,nonmetro_adjacent,Q3,exact,15.0,15.0,15.0,15.0,3.167711307465121,3.1677113074622834,3.1677113074622834,3.1677113074622834,1.0,Corrected constrained Bayesian posterior summary; not an observed or recovered suppressed count.
12089,Nassau County,12,Florida,metro_large,Q2,exact,20.0,20.0,20.0,20.0,3.4619865224844077,3.461986522486468,3.461986522486468,3.461986522486468,1.0,Corrected constrained Bayesian posterior summary; not an observed or recovered suppressed count.
12091,Okaloosa County,12,Florida,metro_other,Q3,exact,31.0,31.0,31.0,31.0,2.3989314694918815,2.3989314694925565,2.3989314694925565,2.3989314694925565,0.0,Corrected constrained Bayesian posterior summary; not an observed or recovered suppressed count.
12093,Okeechobee County,12,Florida,nonmetro_adjacent,Q4_highest,exact,11.0,11.0,11.0,11.0,4.418753188530965,4.41875318853213,4.41875318853213,4.41875318853213,1.0,Corrected constrained Bayesian posterior summary; not an observed or recovered suppressed count.
12095,Orange County,12,Florida,metro_large,Q4_highest,exact,172.0,172.0,172.0,172.0,1.9819362641570737,1.9819362641561526,1.9819362641561526,1.9819362641561526,0.0,Corrected constrained Bayesian posterior summary; not an observed or recovered suppressed count.
12097,Osceola County,12,Florida,metro_large,Q4_highest,exact,54.0,54.0,54.0,54.0,2.166295254006781,2.1662952540081477,2.1662952540081477,2.1662952540081477,0.0,Corrected constrained Bayesian posterior summary; not an observed or recovered suppressed count.
12099,Palm Beach County,12,Florida,metro_large,Q4_highest,exact,156.0,156.0,156.0,156.0,1.707401695799588,1.7074016958001201,1.7074016958001201,1.7074016958001201,0.0,Corrected constrained Bayesian posterior summary; not an observed or recovered suppressed count.
12101,Pasco County,12,Florida,metro_large,Q3,exact,82.0,82.0,82.0,82.0,2.2718897967221627,2.271889796721275,2.271889796721275,2.271889796721275,0.0,Corrected constrained Bayesian posterior summary; not an observed or recovered suppressed count.
12103,Pinellas County,12,Florida,metro_large,Q3,exact,167.0,167.0,167.0,167.0,2.88049333364028,2.880493333641506,2.880493333641506,2.880493333641506,0.0,Corrected constrained Bayesian posterior summary; not an observed or recovered suppressed count.
12105,Polk County,12,Florida,metro_other,Q4_highest,exact,123.0,123.0,123.0,123.0,2.6273849125292186,2.6273849125305113,2.6273849125305113,2.6273849125305113,0.0,Corrected constrained Bayesian posterior summary; not an observed or recovered suppressed count.
12107,Putnam County,12,Florida,nonmetro_adjacent,Q4_highest,exact,21.0,21.0,21.0,21.0,4.6512658087623295,4.651265808766529,4.651265808766529,4.651265808766529,1.0,Corrected constrained Bayesian posterior summary; not an observed or recovered suppressed count.
12109,St. Johns County,12,Florida,metro_large,Q1_lowest,exact,38.0,38.0,38.0,38.0,2.113774466939503,2.113774466939455,2.113774466939455,2.113774466939455,0.0,Corrected constrained Bayesian posterior summary; not an observed or recovered suppressed count.
12111,St. Lucie County,12,Florida,metro_other,Q4_highest,exact,62.0,62.0,62.0,62.0,2.908037534319421,2.9080375343218785,2.9080375343218785,2.9080375343218785,0.0,Corrected constrained Bayesian posterior summary; not an observed or recovered suppressed count.
12113,Santa Rosa County,12,Florida,metro_other,Q2,exact,23.0,23.0,23.0,23.0,1.9548962927511573,1.9548962927516695,1.9548962927516695,1.9548962927516695,0.0,Corrected constrained Bayesian posterior summary; not an observed or recovered suppressed count.
12115,Sarasota County,12,Florida,metro_other,Q2,exact,82.0,82.0,82.0,82.0,3.001280668423547,3.001280668421806,3.001280668421806,3.001280668421806,1.0,Corrected constrained Bayesian posterior summary; not an observed or recovered suppressed count.
12117,Seminole County,12,Florida,metro_large,Q2,exact,51.0,51.0,51.0,51.0,1.774692056131547,1.774692056130378,1.774692056130378,1.774692056130378,0.0,Corrected constrained Bayesian posterior summary; not an observed or recovered suppressed count.
12119,Sumter County,12,Florida,metro_other,Q2,exact,30.0,30.0,30.0,30.0,3.495265080902137,3.495265080903736,3.495265080903736,3.495265080903736,1.0,Corrected constrained Bayesian posterior summary; not an observed or recovered suppressed count.
12121,Suwannee County,12,Florida,nonmetro_adjacent,Q4_highest,exact,11.0,11.0,11.0,11.0,4.03181468313875,4.031814683136019,4.031814683136019,4.031814683136019,1.0,Corrected constrained Bayesian posterior summary; not an observed or recovered suppressed count.
12123,Taylor County,12,Florida,nonmetro_adjacent,Q4_highest,suppressed_1_9,2.8698333333333332,3.0,2.0,5.0,2.2128067524076305,2.3131727477408015,1.5421151651605343,3.8552879129013355,0.21969444444444444,Corrected constrained Bayesian posterior summary; not an observed or recovered suppressed count.
12125,Union County,12,Florida,nonmetro_adjacent,Q3,suppressed_1_9,6.034777777777777,6.0,5.0,8.0,6.455412453233873,6.418210602883915,5.348508835736596,8.557614137178554,1.0,Corrected constrained Bayesian posterior summary; not an observed or recovered suppressed count.
12127,Volusia County,12,Florida,metro_other,Q3,exact,101.0,101.0,101.0,101.0,2.9262520737258186,2.926252073727645,2.926252073727645,2.926252073727645,0.0,Corrected constrained Bayesian posterior summary; not an observed or recovered suppressed count.
12129,Wakulla County,12,Florida,metro_other,Q2,suppressed_1_9,5.968055555555556,6.0,4.0,9.0,2.8219090999841083,2.837013570381578,1.8913423802543856,4.255520355572368,0.33016666666666666,Corrected constrained Bayesian posterior summary; not an observed or recovered suppressed count.
12131,Walton County,12,Florida,metro_other,Q3,exact,10.0,10.0,10.0,10.0,2.040349960823517,2.0403499608252806,2.0403499608252806,2.0403499608252806,0.0,Corrected constrained Bayesian posterior summary; not an observed or recovered suppressed count.
12133,Washington County,12,Florida,metro_other,Q4_highest,suppressed_1_9,4.596583333333333,4.0,3.0,8.0,2.977833203767285,2.591344908007256,1.9435086810054418,5.182689816014512,0.47075,Corrected constrained Bayesian posterior summary; not an observed or recovered suppressed count.
13001,Appling County,13,Georgia,nonmetro_nonadjacent,Q4_highest,suppressed_1_9,2.799027777777778,3.0,2.0,5.0,2.527270392476046,2.708730237555642,1.805820158370428,4.5145503959260695,0.1965,Corrected constrained Bayesian posterior summary; not an observed or recovered suppressed count.
13003,Atkinson County,13,Georgia,nonmetro_nonadjacent,Q4_highest,suppressed_1_9,2.2885833333333334,2.0,2.0,4.0,4.590018719080975,4.011231448054552,4.011231448054552,8.022462896109104,1.0,Corrected constrained Bayesian posterior summary; not an observed or recovered suppressed count.
13005,Bacon County,13,Georgia,nonmetro_nonadjacent,Q4_highest,suppressed_1_9,3.6968888888888887,3.0,3.0,6.0,5.5476356021093505,4.501868275334264,4.501868275334264,9.003736550668528,1.0,Corrected constrained Bayesian posterior summary; not an observed or recovered suppressed count.
13007,Baker County,13,Georgia,nonmetro_adjacent,Q3,zero,0.0,0.0,0.0,0.0,0.0,0.0,0.0,0.0,0.0,Corrected constrained Bayesian posterior summary; not an observed or recovered suppressed count.
13009,Baldwin County,13,Georgia,nonmetro_adjacent,Q4_highest,exact,20.0,20.0,20.0,20.0,7.563009321404239,7.563009321408988,7.563009321408988,7.563009321408988,1.0,Corrected constrained Bayesian posterior summary; not an observed or recovered suppressed count.
13011,Banks County,13,Georgia,nonmetro_adjacent,Q2,suppressed_1_9,3.9430555555555555,4.0,3.0,6.0,3.3821874163079015,3.431031968640368,2.573273976480276,5.146547952960552,0.5928611111111111,Corrected constrained Bayesian posterior summary; not an observed or recovered suppressed count.
13013,Barrow County,13,Georgia,metro_large,Q2,exact,17.0,17.0,17.0,17.0,3.184289837808787,3.1842898378072606,3.1842898378072606,3.1842898378072606,1.0,Corrected constrained Bayesian posterior summary; not an observed or recovered suppressed count.
13015,Bartow County,13,Georgia,metro_large,Q2,exact,15.0,15.0,15.0,15.0,2.2275948509908328,2.2275948509887553,2.2275948509887553,2.2275948509887553,0.0,Corrected constrained Bayesian posterior summary; not an observed or recovered suppressed count.
13017,Ben Hill County,13,Georgia,nonmetro_nonadjacent,Q4_highest,suppressed_1_9,6.671611111111111,7.0,5.0,9.0,6.565641654801989,6.888814533430433,4.920581809593166,8.8570472572677,1.0,Corrected constrained Bayesian posterior summary; not an observed or recovered suppressed count.
13019,Berrien County,13,Georgia,nonmetro_adjacent,Q3,suppressed_1_9,4.040972222222222,4.0,3.0,7.0,3.5951070463341814,3.558655539937012,2.668991654952759,6.227647194889771,0.6281388888888889,Corrected constrained Bayesian posterior summary; not an observed or recovered suppressed count.
13021,Bibb County,13,Georgia,metro_other,Q4_highest,exact,26.0,26.0,26.0,26.0,2.7884340047359784,2.788434004738193,2.788434004738193,2.788434004738193,0.0,Corrected constrained Bayesian posterior summary; not an observed or recovered suppressed count.
13023,Bleckley County,13,Georgia,nonmetro_adjacent,Q3,suppressed_1_9,3.7644444444444445,4.0,3.0,6.0,4.967399607356377,5.278228626472956,3.9586714698547167,7.9173429397094335,1.0,Corrected constrained Bayesian posterior summary; not an observed or recovered suppressed count.
13025,Brantley County,13,Georgia,metro_other,Q2,suppressed_1_9,3.759777777777778,4.0,3.0,6.0,3.363220454042546,3.578105572004902,2.6835791790036763,5.3671583580073525,0.5159166666666667,Corrected constrained Bayesian posterior summary; not an observed or recovered suppressed count.
13027,Brooks County,13,Georgia,metro_other,Q4_highest,suppressed_1_9,4.0327222222222225,4.0,3.0,7.0,4.2039928926675305,4.1698809498988805,3.1274107124241604,7.29729166232304,1.0,Corrected constrained Bayesian posterior summary; not an observed or recovered suppressed count.
13029,Bryan County,13,Georgia,metro_other,Q2,suppressed_1_9,6.270305555555556,6.0,4.0,9.0,2.2686523543115036,2.1708533986519,1.4472355991012666,3.25628009797785,0.07552777777777778,Corrected constrained Bayesian posterior summary; not an observed or recovered suppressed count.
13031,Bulloch County,13,Georgia,nonmetro_adjacent,Q4_highest,exact,19.0,19.0,19.0,19.0,3.8327392587491826,3.8327392587482274,3.8327392587482274,3.8327392587482274,1.0,Corrected constrained Bayesian posterior summary; not an observed or recovered suppressed count.
13033,Burke County,13,Georgia,metro_other,Q3,suppressed_1_9,4.024972222222222,4.0,3.0,7.0,2.821789428010501,2.8042821388259873,2.1032116041194904,4.907493742945478,0.275,Corrected constrained Bayesian posterior summary; not an observed or recovered suppressed count.
13035,Butts County,13,Georgia,metro_large,Q3,suppressed_1_9,3.9478055555555556,4.0,3.0,6.0,2.5176367967776927,2.5509227963215695,1.9131920972411771,3.8263841944823542,0.25127777777777777,Corrected constrained Bayesian posterior summary; not an observed or recovered suppressed count.
13037,Calhoun County,13,Georgia,nonmetro_adjacent,Q4_highest,suppressed_1_9,2.1711944444444446,2.0,2.0,3.0,6.330751237592426,5.831583858175881,5.831583858175881,8.74737578726382,1.0,Corrected constrained Bayesian posterior summary; not an observed or recovered suppressed count.
13039,Camden County,13,Georgia,nonmetro_adjacent,Q3,suppressed_1_9,7.881472222222222,8.0,5.0,9.0,2.318434649482235,2.3533010931083576,1.4708131831927236,2.647463729746902,0.0,Corrected constrained Bayesian posterior summary; not an observed or recovered suppressed count.
13043,Candler County,13,Georgia,nonmetro_nonadjacent,Q4_highest,suppressed_1_9,4.8830277777777775,5.0,4.0,7.0,7.39695788435302,7.574150937679886,6.059320750143908,10.60381131275184,1.0,Corrected constrained Bayesian posterior summary; not an observed or recovered suppressed count.
13045,Carroll County,13,Georgia,metro_large,Q4_highest,exact,15.0,15.0,15.0,15.0,2.012898654576749,2.0128986545785392,2.0128986545785392,2.0128986545785392,0.0,Corrected constrained Bayesian posterior summary; not an observed or recovered suppressed count.
13047,Catoosa County,13,Georgia,metro_other,Q2,exact,16.0,16.0,16.0,16.0,3.8962715116795663,3.8962715116802915,3.8962715116802915,3.8962715116802915,1.0,Corrected constrained Bayesian posterior summary; not an observed or recovered suppressed count.
13049,Charlton County,13,Georgia,nonmetro_adjacent,Q4_highest,zero,0.0,0.0,0.0,0.0,0.0,0.0,0.0,0.0,0.0,Corrected constrained Bayesian posterior summary; not an observed or recovered suppressed count.
13051,Chatham County,13,Georgia,metro_other,Q4_highest,exact,61.0,61.0,61.0,61.0,3.412931092360183,3.4129310923617484,3.4129310923617484,3.4129310923617484,1.0,Corrected constrained Bayesian posterior summary; not an observed or recovered suppressed count.
13053,Chattahoochee County,13,Georgia,metro_other,Q3,zero,0.0,0.0,0.0,0.0,0.0,0.0,0.0,0.0,0.0,Corrected constrained Bayesian posterior summary; not an observed or recovered suppressed count.
13055,Chattooga County,13,Georgia,nonmetro_adjacent,Q4_highest,suppressed_1_9,7.90075,8.0,6.0,9.0,5.266183645718794,5.332337963580131,3.9992534726850986,5.998880209027648,1.0,Corrected constrained Bayesian posterior summary; not an observed or recovered suppressed count.
13057,Cherokee County,13,Georgia,metro_large,Q1_lowest,exact,20.0,20.0,20.0,20.0,1.2047793597204228,1.2047793597200092,1.2047793597200092,1.2047793597200092,0.0,Corrected constrained Bayesian posterior summary; not an observed or recovered suppressed count.
13059,Clarke County,13,Georgia,metro_other,Q4_highest,exact,20.0,20.0,20.0,20.0,2.5818444696911778,2.581844469689146,2.581844469689146,2.581844469689146,0.0,Corrected constrained Bayesian posterior summary; not an observed or recovered suppressed count.
13061,Clay County,13,Georgia,nonmetro_nonadjacent,Q4_highest,suppressed_1_9,1.0561666666666667,1.0,1.0,2.0,6.178219752361511,5.849663644340451,5.849663644340451,11.699327288680902,1.0,Corrected constrained Bayesian posterior summary; not an observed or recovered suppressed count.
13063,Clayton County,13,Georgia,metro_large,Q4_highest,exact,44.0,44.0,44.0,44.0,2.47947529794628,2.4794752979455854,2.4794752979455854,2.4794752979455854,0.0,Corrected constrained Bayesian posterior summary; not an observed or recovered suppressed count.
13065,Clinch County,13,Georgia,nonmetro_adjacent,Q4_highest,suppressed_1_9,2.2182222222222223,2.0,2.0,3.0,5.517416730232544,4.974629390110437,4.974629390110437,7.461944085165656,1.0,Corrected constrained Bayesian posterior summary; not an observed or recovered suppressed count.
13067,Cobb County,13,Georgia,metro_large,Q2,exact,72.0,72.0,72.0,72.0,1.5563798604436687,1.5563798604446057,1.5563798604446057,1.5563798604446057,0.0,Corrected constrained Bayesian posterior summary; not an observed or recovered suppressed count.
13069,Coffee County,13,Georgia,nonmetro_nonadjacent,Q4_highest,suppressed_1_9,7.637888888888889,8.0,5.0,9.0,2.9351998097312384,3.074357171130249,1.9214732319564056,3.4586518175215297,0.5805277777777778,Corrected constrained Bayesian posterior summary; not an observed or recovered suppressed count.
13071,Colquitt County,13,Georgia,nonmetro_adjacent,Q4_highest,exact,15.0,15.0,15.0,15.0,5.437540781558553,5.437540781555862,5.437540781555862,5.437540781555862,1.0,Corrected constrained Bayesian posterior summary; not an observed or recovered suppressed count.
13073,Columbia County,13,Georgia,metro_other,Q1_lowest,exact,20.0,20.0,20.0,20.0,2.0580726355562184,2.0580726355575267,2.0580726355575267,2.0580726355575267,0.0,Corrected constrained Bayesian posterior summary; not an observed or recovered suppressed count.
13075,Cook County,13,Georgia,nonmetro_adjacent,Q4_highest,suppressed_1_9,2.6605555555555553,2.0,2.0,5.0,2.5365681065092134,1.906795820303562,1.906795820303562,4.766989550758905,0.14730555555555555,Corrected constrained Bayesian posterior summary; not an observed or recovered suppressed count.
13077,Coweta County,13,Georgia,metro_large,Q1_lowest,suppressed_1_9,7.946166666666667,8.0,5.0,9.0,0.8671815517342923,0.8730564943944317,0.5456603089965197,0.9821885561937357,0.0,Corrected constrained Bayesian posterior summary; not an observed or recovered suppressed count.
13079,Crawford County,13,Georgia,metro_other,Q3,suppressed_1_9,1.1780277777777777,1.0,1.0,2.0,1.6015822086878748,1.3595453680289311,1.3595453680289311,2.7190907360578622,0.019222222222222224,Corrected constrained Bayesian posterior summary; not an observed or recovered suppressed count.
13081,Crisp County,13,Georgia,nonmetro_adjacent,Q4_highest,suppressed_1_9,6.907055555555556,7.0,5.0,9.0,5.611295255219059,5.6868033665875934,4.0620024047054235,7.3116043284697625,1.0,Corrected constrained Bayesian posterior summary; not an observed or recovered suppressed count.
13083,Dade County,13,Georgia,metro_other,Q2,suppressed_1_9,4.950555555555556,5.0,4.0,7.0,5.113523551132512,5.164595663805481,4.131676531044384,7.230433929327673,1.0,Corrected constrained Bayesian posterior summary; not an observed or recovered suppressed count.
13085,Dawson County,13,Georgia,metro_large,Q1_lowest,suppressed_1_9,2.8015555555555554,3.0,2.0,5.0,1.5798008050004577,1.691703884152118,1.1278025894347454,2.819506473586863,0.014527777777777778,Corrected constrained Bayesian posterior summary; not an observed or recovered suppressed count.
13087,Decatur County,13,Georgia,nonmetro_adjacent,Q4_highest,suppressed_1_9,6.42675,6.0,4.0,9.0,3.794749614725556,3.5427700919348837,2.361846727956589,5.314155137902326,0.9096388888888889,Corrected constrained Bayesian posterior summary; not an observed or recovered suppressed count.
13089,DeKalb County,13,Georgia,metro_large,Q4_highest,exact,104.0,104.0,104.0,104.0,2.273152992158357,2.273152992157841,2.273152992157841,2.273152992157841,0.0,Corrected constrained Bayesian posterior summary; not an observed or recovered suppressed count.
13091,Dodge County,13,Georgia,nonmetro_nonadjacent,Q4_highest,suppressed_1_9,4.21225,4.0,3.0,7.0,3.5095064320467575,3.332666799973339,2.499500099980004,5.832166899953342,0.6789444444444445,Corrected constrained Bayesian posterior summary; not an observed or recovered suppressed count.
13093,Dooly County,13,Georgia,nonmetro_adjacent,Q4_highest,suppressed_1_9,1.1863333333333332,1.0,1.0,2.0,1.6902224501819916,1.4247449706502537,1.4247449706502537,2.8494899413005075,0.021361111111111112,Corrected constrained Bayesian posterior summary; not an observed or recovered suppressed count.
13095,Dougherty County,13,Georgia,metro_other,Q4_highest,exact,16.0,16.0,16.0,16.0,3.1539149941080846,3.1539149941061213,3.1539149941061213,3.1539149941061213,1.0,Corrected constrained Bayesian posterior summary; not an observed or recovered suppressed count.
13097,Douglas County,13,Georgia,metro_large,Q3,exact,27.0,27.0,27.0,27.0,3.0388021267127283,3.0388021267112957,3.0388021267112957,3.0388021267112957,1.0,Corrected constrained Bayesian posterior summary; not an observed or recovered suppressed count.
13099,Early County,13,Georgia,nonmetro_adjacent,Q4_highest,suppressed_1_9,2.4892777777777777,2.0,2.0,4.0,3.9875018465999803,3.203741970621686,3.203741970621686,6.407483941243372,1.0,Corrected constrained Bayesian posterior summary; not an observed or recovered suppressed count.
13101,Echols County,13,Georgia,metro_other,Q2,suppressed_1_9,1.0393333333333334,1.0,1.0,2.0,4.558479532160967,4.385964912280701,4.385964912280701,8.771929824561402,1.0,Corrected constrained Bayesian posterior summary; not an observed or recovered suppressed count.
13103,Effingham County,13,Georgia,metro_other,Q2,suppressed_1_9,7.182111111111111,7.0,4.0,9.0,1.749464380635485,1.7051045959876452,0.9743454834215116,2.192277337698401,0.0,Corrected constrained Bayesian posterior summary; not an observed or recovered suppressed count.
13105,Elbert County,13,Georgia,nonmetro_adjacent,Q4_highest,suppressed_1_9,5.67825,5.0,4.0,9.0,4.8085309983308715,4.234166334990304,3.387333067992243,7.621499402982547,1.0,Corrected constrained Bayesian posterior summary; not an observed or recovered suppressed count.
13107,Emanuel County,13,Georgia,nonmetro_nonadjacent,Q4_highest,suppressed_1_9,2.8392222222222223,3.0,2.0,5.0,2.0702942389372643,2.1875296227969754,1.4583530818646502,3.645882704661626,0.06563888888888889,Corrected constrained Bayesian posterior summary; not an observed or recovered suppressed count.
13109,Evans County,13,Georgia,nonmetro_adjacent,Q4_highest,suppressed_1_9,1.2689722222222222,1.0,1.0,3.0,1.9740708475505029,1.5556454372919324,1.5556454372919324,4.666936311875797,0.22483333333333333,Corrected constrained Bayesian posterior summary; not an observed or recovered suppressed count.
13111,Fannin County,13,Georgia,nonmetro_adjacent,Q3,suppressed_1_9,6.188027777777778,6.0,4.0,9.0,3.9648545400693975,3.8443795171459327,2.5629196780972885,5.766569275718899,0.8810555555555556,Corrected constrained Bayesian posterior summary; not an observed or recovered suppressed count.
13113,Fayette County,13,Georgia,metro_large,Q1_lowest,suppressed_1_9,8.25913888888889,9.0,6.0,9.0,1.1450288489853666,1.2477402038530219,0.8318268025686811,1.2477402038530219,0.0,Corrected constrained Bayesian posterior summary; not an observed or recovered suppressed count.
13115,Floyd County,13,Georgia,metro_other,Q4_highest,exact,17.0,17.0,17.0,17.0,2.848434785086366,2.8484347850855953,2.8484347850855953,2.8484347850855953,0.0,Corrected constrained Bayesian posterior summary; not an observed or recovered suppressed count.
13117,Forsyth County,13,Georgia,metro_large,Q1_lowest,exact,21.0,21.0,21.0,21.0,1.3328890369883373,1.3328890369876707,1.3328890369876707,1.3328890369876707,0.0,Corrected constrained Bayesian posterior summary; not an observed or recovered suppressed count.
13119,Franklin County,13,Georgia,nonmetro_adjacent,Q4_highest,suppressed_1_9,4.5176388888888885,4.0,3.0,8.0,3.1208646887777864,2.7632706070905524,2.0724529553179143,5.526541214181105,0.443,Corrected constrained Bayesian posterior summary; not an observed or recovered suppressed count.
13121,Fulton County,13,Georgia,metro_large,Q3,exact,161.0,161.0,161.0,161.0,2.4958276272942634,2.4958276272926345,2.4958276272926345,2.4958276272926345,0.0,Corrected constrained Bayesian posterior summary; not an observed or recovered suppressed count.
13123,Gilmer County,13,Georgia,nonmetro_adjacent,Q3,suppressed_1_9,3.580277777777778,3.0,2.0,7.0,1.84581798851222,1.5466548433496419,1.0311032288997615,3.6088613011491644,0.09597222222222222,Corrected constrained Bayesian posterior summary; not an observed or recovered suppressed count.
13125,Glascock County,13,Georgia,nonmetro_nonadjacent,Q3,zero,0.0,0.0,0.0,0.0,0.0,0.0,0.0,0.0,0.0,Corrected constrained Bayesian posterior summary; not an observed or recovered suppressed count.
13127,Glynn County,13,Georgia,metro_other,Q4_highest,exact,16.0,16.0,16.0,16.0,3.1165390833484197,3.1165390833479423,3.1165390833479423,3.1165390833479423,1.0,Corrected constrained Bayesian posterior summary; not an observed or recovered suppressed count.
13129,Gordon County,13,Georgia,nonmetro_adjacent,Q3,suppressed_1_9,8.035722222222223,8.0,6.0,9.0,2.2670577510946783,2.2569797097524096,1.6927347823143069,2.5391021734714605,0.0,Corrected constrained Bayesian posterior summary; not an observed or recovered suppressed count.
13131,Grady County,13,Georgia,nonmetro_adjacent,Q4_highest,suppressed_1_9,3.23,3.0,2.0,6.0,2.105784714479851,1.9558371961117957,1.3038914640745305,3.9116743922235915,0.14366666666666666,Corrected constrained Bayesian posterior summary; not an observed or recovered suppressed count.
13133,Greene County,13,Georgia,nonmetro_adjacent,Q3,suppressed_1_9,2.8939444444444447,3.0,2.0,5.0,2.4390803499758507,2.5284663166145522,1.685644211076368,4.21411052769092,0.2335,Corrected constrained Bayesian posterior summary; not an observed or recovered suppressed count.
13135,Gwinnett County,13,Georgia,metro_large,Q3,exact,71.0,71.0,71.0,71.0,1.2228368747672125,1.22283687476652,1.22283687476652,1.22283687476652,0.0,Corrected constrained Bayesian posterior summary; not an observed or recovered suppressed count.
13137,Habersham County,13,Georgia,nonmetro_adjacent,Q3,suppressed_1_9,7.2405277777777775,7.0,4.0,9.0,2.549068734563576,2.4643895707033368,1.4082226118304781,3.1685008766185763,0.21672222222222223,Corrected constrained Bayesian posterior summary; not an observed or recovered suppressed count.
13139,Hall County,13,Georgia,metro_other,Q4_highest,exact,28.0,28.0,28.0,28.0,2.204542144153252,2.204542144153436,2.204542144153436,2.204542144153436,0.0,Corrected constrained Bayesian posterior summary; not an observed or recovered suppressed count.
13141,Hancock County,13,Georgia,nonmetro_nonadjacent,Q4_highest,suppressed_1_9,2.366527777777778,2.0,2.0,4.0,4.610687898720734,3.89658464355992,3.89658464355992,7.79316928711984,1.0,Corrected constrained Bayesian posterior summary; not an observed or recovered suppressed count.
13143,Haralson County,13,Georgia,metro_large,Q2,suppressed_1_9,4.17725,4.0,3.0,7.0,2.239500123308074,2.144473156557263,1.608354867417947,3.7528280239752094,0.12777777777777777,Corrected constrained Bayesian posterior summary; not an observed or recovered suppressed count.
13145,Harris County,13,Georgia,metro_other,Q1_lowest,suppressed_1_9,4.554805555555555,4.0,3.0,8.0,2.1009153811816965,1.8450099399910518,1.383757454993289,3.6900198799821036,0.08522222222222223,Corrected constrained Bayesian posterior summary; not an observed or recovered suppressed count.
13147,Hart County,13,Georgia,nonmetro_adjacent,Q4_highest,suppressed_1_9,5.179861111111111,5.0,3.0,9.0,3.206609700015197,3.095266100026619,1.8571596600159714,5.571478980047915,0.6298055555555555,Corrected constrained Bayesian posterior summary; not an observed or recovered suppressed count.
13149,Heard County,13,Georgia,metro_large,Q3,suppressed_1_9,2.2726944444444444,2.0,2.0,4.0,3.185767174257949,2.8035156085731505,2.8035156085731505,5.607031217146301,0.2333888888888889,Corrected constrained Bayesian posterior summary; not an observed or recovered suppressed count.
13151,Henry County,13,Georgia,metro_large,Q2,exact,21.0,21.0,21.0,21.0,1.4177435328960986,1.4177435328953631,1.4177435328953631,1.4177435328953631,0.0,Corrected constrained Bayesian posterior summary; not an observed or recovered suppressed count.
13153,Houston County,13,Georgia,metro_other,Q2,exact,19.0,19.0,19.0,19.0,1.8975256265836271,1.8975256265829359,1.8975256265829359,1.8975256265829359,0.0,Corrected constrained Bayesian posterior summary; not an observed or recovered suppressed count.
13155,Irwin County,13,Georgia,nonmetro_nonadjacent,Q4_highest,suppressed_1_9,6.935027777777778,7.0,6.0,9.0,12.423467052026227,12.539858837017665,10.748450431729426,16.12267564759414,1.0,Corrected constrained Bayesian posterior summary; not an observed or recovered suppressed count.
13157,Jackson County,13,Georgia,nonmetro_adjacent,Q2,exact,12.0,12.0,12.0,12.0,2.420145289390026,2.420145289388873,2.420145289388873,2.420145289388873,0.0,Corrected constrained Bayesian posterior summary; not an observed or recovered suppressed count.
13159,Jasper County,13,Georgia,metro_large,Q3,zero,0.0,0.0,0.0,0.0,0.0,0.0,0.0,0.0,0.0,Corrected constrained Bayesian posterior summary; not an observed or recovered suppressed count.
13161,Jeff Davis County,13,Georgia,nonmetro_nonadjacent,Q4_highest,suppressed_1_9,3.875638888888889,4.0,3.0,6.0,4.300817729641158,4.438821936658011,3.329116452493508,6.658232904987016,1.0,Corrected constrained Bayesian posterior summary; not an observed or recovered suppressed count.
13163,Jefferson County,13,Georgia,nonmetro_adjacent,Q4_highest,suppressed_1_9,1.3134166666666667,1.0,1.0,3.0,1.4327817110104766,1.0908813230208685,1.0908813230208685,3.2726439690626057,0.04836111111111111,Corrected constrained Bayesian posterior summary; not an observed or recovered suppressed count.
13165,Jenkins County,13,Georgia,nonmetro_nonadjacent,Q4_highest,suppressed_1_9,2.347861111111111,2.0,2.0,4.0,4.496698353112065,3.8304636776281766,3.8304636776281766,7.660927355256353,1.0,Corrected constrained Bayesian posterior summary; not an observed or recovered suppressed count.
13167,Johnson County,13,Georgia,nonmetro_nonadjacent,Q4_highest,suppressed_1_9,1.1403611111111112,1.0,1.0,2.0,2.0301237469049824,1.7802463860998363,1.7802463860998363,3.5604927721996726,0.12858333333333333,Corrected constrained Bayesian posterior summary; not an observed or recovered suppressed count.
13169,Jones County,13,Georgia,metro_other,Q2,suppressed_1_9,4.264027777777778,4.0,3.0,7.0,2.4731905213025187,2.320051041122905,1.7400382808421786,4.060089321965083,0.14894444444444443,Corrected constrained Bayesian posterior summary; not an observed or recovered suppressed count.
13171,Lamar County,13,Georgia,nonmetro_adjacent,Q2,suppressed_1_9,2.6831388888888887,2.0,2.0,5.0,2.2743090873466465,1.6952600528921136,1.6952600528921136,4.238150132230285,0.15630555555555556,Corrected constrained Bayesian posterior summary; not an observed or recovered suppressed count.
13173,Lanier County,13,Georgia,metro_other,Q4_highest,suppressed_1_9,2.39975,2.0,2.0,4.0,3.860974354021924,3.2178138172925315,3.2178138172925315,6.435627634585063,1.0,Corrected constrained Bayesian posterior summary; not an observed or recovered suppressed count.
13175,Laurens County,13,Georgia,nonmetro_adjacent,Q4_highest,suppressed_1_9,7.488083333333333,8.0,5.0,9.0,2.54270333533641,2.716533160380722,1.697833225237951,3.0560998054283126,0.2776666666666667,Corrected constrained Bayesian posterior summary; not an observed or recovered suppressed count.
13177,Lee County,13,Georgia,metro_other,Q2,suppressed_1_9,5.7981388888888885,6.0,4.0,9.0,2.9699928742828656,3.073392615662009,2.048928410441339,4.610088923493013,0.5352777777777777,Corrected constrained Bayesian posterior summary; not an observed or recovered suppressed count.
13179,Liberty County,13,Georgia,metro_other,Q4_highest,suppressed_1_9,5.915333333333334,6.0,3.0,9.0,1.49378236030407,1.515162993659043,0.7575814968295215,2.2727444904885643,0.0,Corrected constrained Bayesian posterior summary; not an observed or recovered suppressed count.
13181,Lincoln County,13,Georgia,metro_other,Q3,suppressed_1_9,1.1745833333333333,1.0,1.0,2.0,2.4743697774028086,2.106593638087213,2.106593638087213,4.213187276174426,0.15544444444444444,Corrected constrained Bayesian posterior summary; not an observed or recovered suppressed count.
13183,Long County,13,Georgia,metro_other,Q4_highest,suppressed_1_9,2.563861111111111,2.0,2.0,5.0,2.224357435699632,1.7351621942861108,1.7351621942861108,4.337905485715278,0.11758333333333333,Corrected constrained Bayesian posterior summary; not an observed or recovered suppressed count.
13185,Lowndes County,13,Georgia,metro_other,Q4_highest,exact,22.0,22.0,22.0,22.0,3.0662747410061835,3.0662747410043165,3.0662747410043165,3.0662747410043165,1.0,Corrected constrained Bayesian posterior summary; not an observed or recovered suppressed count.
13187,Lumpkin County,13,Georgia,metro_large,Q2,suppressed_1_9,4.527583333333333,4.0,3.0,8.0,2.1752168370621816,1.9217464832039357,1.441309862402952,3.8434929664078714,0.08277777777777778,Corrected constrained Bayesian posterior summary; not an observed or recovered suppressed count.
13189,McDuffie County,13,Georgia,metro_other,Q3,suppressed_1_9,1.4190277777777778,1.0,1.0,3.0,1.0967652456483274,0.7728990671108261,0.7728990671108261,2.318697201332478,0.015944444444444445,Corrected constrained Bayesian posterior summary; not an observed or recovered suppressed count.
13191,McIntosh County,13,Georgia,metro_other,Q3,suppressed_1_9,2.5480833333333335,2.0,2.0,4.0,3.426270802799791,2.6892925815864137,2.6892925815864137,5.378585163172827,0.409,Corrected constrained Bayesian posterior summary; not an observed or recovered suppressed count.
13193,Macon County,13,Georgia,nonmetro_adjacent,Q4_highest,suppressed_1_9,4.8646666666666665,5.0,4.0,7.0,6.656996369077321,6.8421916908424105,5.473753352673929,9.579068367179376,1.0,Corrected constrained Bayesian posterior summary; not an observed or recovered suppressed count.
13195,Madison County,13,Georgia,metro_other,Q3,suppressed_1_9,1.3659444444444444,1.0,1.0,3.0,0.7278942136156139,0.532887129177169,0.532887129177169,1.5986613875315068,0.00011111111111111112,Corrected constrained Bayesian posterior summary; not an observed or recovered suppressed count.
13197,Marion County,13,Georgia,metro_other,Q4_highest,suppressed_1_9,2.33375,2.0,2.0,4.0,4.982493221460378,4.269945985183288,4.269945985183288,8.539891970366575,1.0,Corrected constrained Bayesian posterior summary; not an observed or recovered suppressed count.
13199,Meriwether County,13,Georgia,metro_large,Q4_highest,suppressed_1_9,5.473583333333333,5.0,4.0,8.0,4.332457383177532,3.957606123208194,3.1660848985665555,6.332169797133111,1.0,Corrected constrained Bayesian posterior summary; not an observed or recovered suppressed count.
13201,Miller County,13,Georgia,nonmetro_nonadjacent,Q4_highest,suppressed_1_9,2.2695833333333333,2.0,2.0,4.0,6.552482412830798,5.774172128071138,5.774172128071138,11.548344256142276,1.0,Corrected constrained Bayesian posterior summary; not an observed or recovered suppressed count.
13205,Mitchell County,13,Georgia,nonmetro_adjacent,Q4_highest,suppressed_1_9,5.6523055555555555,5.0,4.0,9.0,4.431616727864874,3.9201850327335452,3.136148026186836,7.056333058920381,1.0,Corrected constrained Bayesian posterior summary; not an observed or recovered suppressed count.
13207,Monroe County,13,Georgia,metro_other,Q2,exact,11.0,11.0,11.0,11.0,6.256363005553669,6.256363005556787,6.256363005556787,6.256363005556787,1.0,Corrected constrained Bayesian posterior summary; not an observed or recovered suppressed count.
13209,Montgomery County,13,Georgia,nonmetro_nonadjacent,Q4_highest,zero,0.0,0.0,0.0,0.0,0.0,0.0,0.0,0.0,0.0,Corrected constrained Bayesian posterior summary; not an observed or recovered suppressed count.
13211,Morgan County,13,Georgia,metro_large,Q2,suppressed_1_9,1.3472777777777778,1.0,1.0,3.0,1.0867071397974601,0.8065947184177839,0.8065947184177839,2.4197841552533514,0.010055555555555555,Corrected constrained Bayesian posterior summary; not an observed or recovered suppressed count.
13213,Murray County,13,Georgia,metro_other,Q3,suppressed_1_9,6.439222222222222,6.0,4.0,9.0,2.6509547974993137,2.4701319873858596,1.6467546582572394,3.7051979810787894,0.24972222222222223,Corrected constrained Bayesian posterior summary; not an observed or recovered suppressed count.
13215,Muscogee County,13,Georgia,metro_other,Q4_highest,exact,46.0,46.0,46.0,46.0,3.8201189053520666,3.8201189053532327,3.8201189053532327,3.8201189053532327,1.0,Corrected constrained Bayesian posterior summary; not an observed or recovered suppressed count.
13217,Newton County,13,Georgia,metro_large,Q3,exact,12.0,12.0,12.0,12.0,1.7090121909549474,1.7090121909536289,1.7090121909536289,1.7090121909536289,0.0,Corrected constrained Bayesian posterior summary; not an observed or recovered suppressed count.
13219,Oconee County,13,Georgia,metro_other,Q1_lowest,suppressed_1_9,4.558305555555555,4.0,3.0,8.0,1.7740186946599978,1.5567352149072966,1.1675514111804723,3.113470429814593,0.028277777777777777,Corrected constrained Bayesian posterior summary; not an observed or recovered suppressed count.
13221,Oglethorpe County,13,Georgia,metro_other,Q2,suppressed_1_9,1.2748055555555555,1.0,1.0,3.0,1.3681547544522856,1.0732262253560427,1.0732262253560427,3.219678676068128,0.04002777777777778,Corrected constrained Bayesian posterior summary; not an observed or recovered suppressed count.
13223,Paulding County,13,Georgia,metro_large,Q1_lowest,exact,22.0,22.0,22.0,22.0,2.063906035987562,2.0639060359870163,2.0639060359870163,2.0639060359870163,0.0,Corrected constrained Bayesian posterior summary; not an observed or recovered suppressed count.
13225,Peach County,13,Georgia,metro_other,Q4_highest,suppressed_1_9,4.607916666666667,4.0,3.0,8.0,2.7027013816789727,2.346137378074173,1.7596030335556299,4.692274756148346,0.4656111111111111,Corrected constrained Bayesian posterior summary; not an observed or recovered suppressed count.
13227,Pickens County,13,Georgia,metro_large,Q2,suppressed_1_9,5.912916666666667,6.0,4.0,9.0,2.8548678605164084,2.896913338837469,1.931275559224979,4.345370008256203,0.3201111111111111,Corrected constrained Bayesian posterior summary; not an observed or recovered suppressed count.
13229,Pierce County,13,Georgia,nonmetro_adjacent,Q2,suppressed_1_9,6.462305555555556,6.0,5.0,9.0,5.37517617430237,4.990642545227698,4.158868787689748,7.485963817841547,1.0,Corrected constrained Bayesian posterior summary; not an observed or recovered suppressed count.
13231,Pike County,13,Georgia,metro_large,Q1_lowest,suppressed_1_9,4.852194444444445,5.0,4.0,7.0,4.088468524134202,4.213009774182677,3.3704078193461413,5.898213683855746,1.0,Corrected constrained Bayesian posterior summary; not an observed or recovered suppressed count.
13233,Polk County,13,Georgia,nonmetro_adjacent,Q4_highest,exact,10.0,10.0,10.0,10.0,3.824223395833212,3.8242233958338914,3.8242233958338914,3.8242233958338914,1.0,Corrected constrained Bayesian posterior summary; not an observed or recovered suppressed count.
13235,Pulaski County,13,Georgia,nonmetro_adjacent,Q4_highest,suppressed_1_9,5.0841666666666665,5.0,4.0,8.0,8.134146081320647,7.999488032765903,6.399590426212723,12.799180852425446,1.0,Corrected constrained Bayesian posterior summary; not an observed or recovered suppressed count.
13237,Putnam County,13,Georgia,nonmetro_adjacent,Q3,suppressed_1_9,4.541944444444445,4.0,3.0,8.0,3.3220775632276482,2.925687536571094,2.1942656524283204,5.851375073142188,0.44416666666666665,Corrected constrained Bayesian posterior summary; not an observed or recovered suppressed count.
13239,Quitman County,13,Georgia,nonmetro_adjacent,Q4_highest,zero,0.0,0.0,0.0,0.0,0.0,0.0,0.0,0.0,0.0,Corrected constrained Bayesian posterior summary; not an observed or recovered suppressed count.
13241,Rabun County,13,Georgia,nonmetro_nonadjacent,Q2,suppressed_1_9,5.324694444444445,5.0,4.0,8.0,5.12541818539606,4.812875404281534,3.850300323425227,7.700600646850454,1.0,Corrected constrained Bayesian posterior summary; not an observed or recovered suppressed count.
13243,Randolph County,13,Georgia,nonmetro_adjacent,Q4_highest,suppressed_1_9,2.319777777777778,2.0,2.0,4.0,6.100504333290832,5.259559248934939,5.259559248934939,10.519118497869878,1.0,Corrected constrained Bayesian posterior summary; not an observed or recovered suppressed count.
13245,Richmond County,13,Georgia,metro_other,Q4_highest,exact,54.0,54.0,54.0,54.0,4.395150033330148,4.395150033329888,4.395150033329888,4.395150033329888,1.0,Corrected constrained Bayesian posterior summary; not an observed or recovered suppressed count.
13247,Rockdale County,13,Georgia,metro_large,Q4_highest,exact,12.0,12.0,12.0,12.0,2.1257825537030968,2.1257825537025816,2.1257825537025816,2.1257825537025816,0.0,Corrected constrained Bayesian posterior summary; not an observed or recovered suppressed count.
13249,Schley County,13,Georgia,nonmetro_adjacent,Q2,suppressed_1_9,1.064,1.0,1.0,2.0,3.739105988190676,3.5141973573235874,3.5141973573235874,7.028394714647175,1.0,Corrected constrained Bayesian posterior summary; not an observed or recovered suppressed count.
13251,Screven County,13,Georgia,nonmetro_adjacent,Q3,suppressed_1_9,6.385083333333333,6.0,5.0,9.0,7.551039313772507,7.095637365626367,5.913031138021973,10.643456048439552,1.0,Corrected constrained Bayesian posterior summary; not an observed or recovered suppressed count.
13253,Seminole County,13,Georgia,nonmetro_adjacent,Q4_highest,zero,0.0,0.0,0.0,0.0,0.0,0.0,0.0,0.0,0.0,Corrected constrained Bayesian posterior summary; not an observed or recovered suppressed count.
13255,Spalding County,13,Georgia,metro_large,Q4_highest,suppressed_1_9,6.490027777777778,7.0,3.0,9.0,1.5783794023045938,1.7024050118803549,0.7296021479487236,2.1888064438461705,0.0,Corrected constrained Bayesian posterior summary; not an observed or recovered suppressed count.
13257,Stephens County,13,Georgia,nonmetro_nonadjacent,Q4_highest,suppressed_1_9,7.404,7.0,5.0,9.0,4.616247895753355,4.364361867946879,3.1174013342477713,5.611322401645988,1.0,Corrected constrained Bayesian posterior summary; not an observed or recovered suppressed count.
13259,Stewart County,13,Georgia,metro_other,Q4_highest,suppressed_1_9,1.061611111111111,1.0,1.0,2.0,3.238396409955204,3.0504545177231406,3.0504545177231406,6.100909035446281,1.0,Corrected constrained Bayesian posterior summary; not an observed or recovered suppressed count.
13261,Sumter County,13,Georgia,nonmetro_adjacent,Q4_highest,suppressed_1_9,5.084361111111111,5.0,3.0,8.0,2.908207558921404,2.859953783146864,1.7159722698881188,4.5759260530349835,0.3526944444444444,Corrected constrained Bayesian posterior summary; not an observed or recovered suppressed count.
13263,Talbot County,13,Georgia,metro_other,Q3,suppressed_1_9,1.0848055555555556,1.0,1.0,2.0,3.073103556815934,2.8328611898016995,2.8328611898016995,5.665722379603399,0.0796111111111111,Corrected constrained Bayesian posterior summary; not an observed or recovered suppressed count.
13265,Taliaferro County,13,Georgia,nonmetro_adjacent,Q3,zero,0.0,0.0,0.0,0.0,0.0,0.0,0.0,0.0,0.0,Corrected constrained Bayesian posterior summary; not an observed or recovered suppressed count.
13267,Tattnall County,13,Georgia,nonmetro_adjacent,Q4_highest,suppressed_1_9,4.1034444444444444,4.0,3.0,7.0,2.8040867337571176,2.733398023753229,2.0500485178149215,4.78344654156815,0.3010277777777778,Corrected constrained Bayesian posterior summary; not an observed or recovered suppressed count.
13269,Taylor County,13,Georgia,nonmetro_adjacent,Q4_highest,suppressed_1_9,2.3456944444444443,2.0,2.0,4.0,4.972746909002882,4.239893154692502,4.239893154692502,8.479786309385004,1.0,Corrected constrained Bayesian posterior summary; not an observed or recovered suppressed count.
13271,Telfair County,13,Georgia,nonmetro_nonadjacent,Q4_highest,suppressed_1_9,1.18925,1.0,1.0,2.0,1.5182754790691464,1.2766663687778472,1.2766663687778472,2.5533327375556945,0.01927777777777778,Corrected constrained Bayesian posterior summary; not an observed or recovered suppressed count.
13273,Terrell County,13,Georgia,metro_other,Q4_highest,suppressed_1_9,4.698666666666667,4.0,4.0,7.0,9.003346874122402,7.664597225415804,7.664597225415804,13.413045144477657,1.0,Corrected constrained Bayesian posterior summary; not an observed or recovered suppressed count.
13275,Thomas County,13,Georgia,nonmetro_adjacent,Q4_highest,exact,13.0,13.0,13.0,13.0,4.780659657485139,4.780659657484122,4.780659657484122,4.780659657484122,1.0,Corrected constrained Bayesian posterior summary; not an observed or recovered suppressed count.
13277,Tift County,13,Georgia,nonmetro_nonadjacent,Q4_highest,suppressed_1_9,7.6935,8.0,5.0,9.0,3.111640491973064,3.2356045929407196,2.02225287058795,3.6400551670583092,0.5996666666666667,Corrected constrained Bayesian posterior summary; not an observed or recovered suppressed count.
13279,Toombs County,13,Georgia,nonmetro_nonadjacent,Q4_highest,suppressed_1_9,1.5154722222222223,1.0,1.0,4.0,0.9350207134926329,0.6169830761542211,0.6169830761542211,2.4679323046168844,0.0043055555555555555,Corrected constrained Bayesian posterior summary; not an observed or recovered suppressed count.
13281,Towns County,13,Georgia,nonmetro_nonadjacent,Q3,suppressed_1_9,4.117805555555556,4.0,3.0,7.0,5.393327512188752,5.239030779305828,3.929273084479371,9.1683038637852,1.0,Corrected constrained Bayesian posterior summary; not an observed or recovered suppressed count.
13283,Treutlen County,13,Georgia,nonmetro_nonadjacent,Q4_highest,suppressed_1_9,5.605861111111111,5.0,5.0,8.0,14.317101547982832,12.769761205465457,12.769761205465457,20.431617928744732,1.0,Corrected constrained Bayesian posterior summary; not an observed or recovered suppressed count.
13285,Troup County,13,Georgia,nonmetro_adjacent,Q4_highest,exact,18.0,18.0,18.0,18.0,4.262352534441721,4.262352534442176,4.262352534442176,4.262352534442176,1.0,Corrected constrained Bayesian posterior summary; not an observed or recovered suppressed count.
13287,Turner County,13,Georgia,nonmetro_nonadjacent,Q4_highest,suppressed_1_9,2.284638888888889,2.0,2.0,4.0,4.426994184681221,3.875443253822156,3.875443253822156,7.750886507644312,1.0,Corrected constrained Bayesian posterior summary; not an observed or recovered suppressed count.
13289,Twiggs County,13,Georgia,metro_other,Q3,suppressed_1_9,1.125388888888889,1.0,1.0,2.0,2.3854103372101623,2.1196320318792656,2.1196320318792656,4.239264063758531,0.11522222222222223,Corrected constrained Bayesian posterior summary; not an observed or recovered suppressed count.
13291,Union County,13,Georgia,nonmetro_adjacent,Q2,suppressed_1_9,6.359361111111111,6.0,4.0,9.0,4.063411634991328,3.8337923234698374,2.5558615489798915,5.750688485204757,0.9036666666666666,Corrected constrained Bayesian posterior summary; not an observed or recovered suppressed count.
13293,Upson County,13,Georgia,nonmetro_adjacent,Q3,suppressed_1_9,3.0355555555555553,3.0,2.0,6.0,1.836680636734194,1.8151675399639386,1.2101116933092926,3.6303350799278773,0.10519444444444444,Corrected constrained Bayesian posterior summary; not an observed or recovered suppressed count.
13295,Walker County,13,Georgia,metro_other,Q3,exact,21.0,21.0,21.0,21.0,5.046487764668955,5.04648776467026,5.04648776467026,5.04648776467026,1.0,Corrected constrained Bayesian posterior summary; not an observed or recovered suppressed count.
13297,Walton County,13,Georgia,metro_large,Q2,exact,18.0,18.0,18.0,18.0,2.9465688842320215,2.9465688842325823,2.9465688842325823,2.9465688842325823,1.0,Corrected constrained Bayesian posterior summary; not an observed or recovered suppressed count.
13299,Ware County,13,Georgia,nonmetro_nonadjacent,Q4_highest,suppressed_1_9,5.216527777777777,5.0,3.0,9.0,2.41873204578161,2.3183352498238063,1.3910011498942838,4.173003449682851,0.20208333333333334,Corrected constrained Bayesian posterior summary; not an observed or recovered suppressed count.
13301,Warren County,13,Georgia,nonmetro_adjacent,Q4_highest,zero,0.0,0.0,0.0,0.0,0.0,0.0,0.0,0.0,0.0,Corrected constrained Bayesian posterior summary; not an observed or recovered suppressed count.
13303,Washington County,13,Georgia,nonmetro_nonadjacent,Q4_highest,suppressed_1_9,4.101527777777778,4.0,3.0,7.0,3.426477454473542,3.341659635257851,2.5062447264433882,5.8479043617012385,0.6475555555555556,Corrected constrained Bayesian posterior summary; not an observed or recovered suppressed count.
13305,Wayne County,13,Georgia,nonmetro_adjacent,Q4_highest,suppressed_1_9,5.0151666666666666,5.0,3.0,8.0,2.714848437276984,2.706638301097271,1.6239829806583628,4.330621281755634,0.3344722222222222,Corrected constrained Bayesian posterior summary; not an observed or recovered suppressed count.
13307,Webster County,13,Georgia,nonmetro_adjacent,Q4_highest,suppressed_1_9,1.0501666666666667,1.0,1.0,2.0,7.218136412577317,6.873324627122138,6.873324627122138,13.746649254244277,1.0,Corrected constrained Bayesian posterior summary; not an observed or recovered suppressed count.
13309,Wheeler County,13,Georgia,nonmetro_nonadjacent,Q4_highest,zero,0.0,0.0,0.0,0.0,0.0,0.0,0.0,0.0,0.0,Corrected constrained Bayesian posterior summary; not an observed or recovered suppressed count.
13311,White County,13,Georgia,nonmetro_adjacent,Q2,suppressed_1_9,4.666527777777778,4.0,3.0,8.0,2.6240920059043615,2.249288662460497,1.6869664968453728,4.498577324920994,0.24686111111111111,Corrected constrained Bayesian posterior summary; not an observed or recovered suppressed count.
13313,Whitfield County,13,Georgia,metro_other,Q4_highest,exact,17.0,17.0,17.0,17.0,2.727847471605007,2.727847471606317,2.727847471606317,2.727847471606317,0.0,Corrected constrained Bayesian posterior summary; not an observed or recovered suppressed count.
13315,Wilcox County,13,Georgia,nonmetro_nonadjacent,Q4_highest,suppressed_1_9,3.419861111111111,3.0,3.0,5.0,6.536431787289907,5.73394495412844,5.73394495412844,9.556574923547402,1.0,Corrected constrained Bayesian posterior summary; not an observed or recovered suppressed count.
13317,Wilkes County,13,Georgia,nonmetro_adjacent,Q3,suppressed_1_9,3.659111111111111,3.0,3.0,6.0,6.345132675159931,5.202191856835681,5.202191856835681,10.404383713671361,1.0,Corrected constrained Bayesian posterior summary; not an observed or recovered suppressed count.
13319,Wilkinson County,13,Georgia,nonmetro_adjacent,Q4_highest,zero,0.0,0.0,0.0,0.0,0.0,0.0,0.0,0.0,0.0,Corrected constrained Bayesian posterior summary; not an observed or recovered suppressed count.
13321,Worth County,13,Georgia,metro_other,Q4_highest,suppressed_1_9,2.891583333333333,3.0,2.0,5.0,2.375368295380863,2.4644300594749122,1.6429533729832748,4.107383432458186,0.22794444444444445,Corrected constrained Bayesian posterior summary; not an observed or recovered suppressed count.
15001,Hawaii County,15,Hawaii,nonmetro_nonadjacent,Q3,exact,20.0,20.0,20.0,20.0,1.6240634229252144,1.624063422924792,1.624063422924792,1.624063422924792,0.0,Corrected constrained Bayesian posterior summary; not an observed or recovered suppressed count.
15003,Honolulu County,15,Hawaii,metro_large,Q3,exact,84.0,84.0,84.0,84.0,1.4181829969311452,1.4181829969313222,1.4181829969313222,1.4181829969313222,0.0,Corrected constrained Bayesian posterior summary; not an observed or recovered suppressed count.
15005,Kalawao County,15,Hawaii,metro_other,Q1_lowest,zero,0.0,0.0,0.0,0.0,0.0,0.0,0.0,0.0,0.0,Corrected constrained Bayesian posterior summary; not an observed or recovered suppressed count.
15007,Kauai County,15,Hawaii,nonmetro_nonadjacent,Q2,exact,11.0,11.0,11.0,11.0,2.505129822660555,2.5051298226595824,2.5051298226595824,2.5051298226595824,0.0,Corrected constrained Bayesian posterior summary; not an observed or recovered suppressed count.
15009,Maui County,15,Hawaii,metro_other,Q2,exact,20.0,20.0,20.0,20.0,2.016612856713541,2.0166128567136066,2.0166128567136066,2.0166128567136066,0.0,Corrected constrained Bayesian posterior summary; not an observed or recovered suppressed count.
16001,Ada County,16,Idaho,metro_other,Q1_lowest,exact,78.0,78.0,78.0,78.0,2.5429564019907915,2.542956401990548,2.542956401990548,2.542956401990548,0.0,Corrected constrained Bayesian posterior summary; not an observed or recovered suppressed count.
16003,Adams County,16,Idaho,nonmetro_nonadjacent,Q1_lowest,suppressed_1_9,2.14525,2.0,2.0,3.0,7.63869106964441,7.121492664862555,7.121492664862555,10.682238997293833,1.0,Corrected constrained Bayesian posterior summary; not an observed or recovered suppressed count.
16005,Bannock County,16,Idaho,metro_other,Q2,exact,16.0,16.0,16.0,16.0,2.9862278902473047,2.9862278902486596,2.9862278902486596,2.9862278902486596,1.0,Corrected constrained Bayesian posterior summary; not an observed or recovered suppressed count.
16007,Bear Lake County,16,Idaho,nonmetro_nonadjacent,Q1_lowest,zero,0.0,0.0,0.0,0.0,0.0,0.0,0.0,0.0,0.0,Corrected constrained Bayesian posterior summary; not an observed or recovered suppressed count.
16009,Benewah County,16,Idaho,nonmetro_adjacent,Q3,suppressed_1_9,3.540722222222222,3.0,3.0,5.0,5.908392247603492,5.0060907437382145,5.0060907437382145,8.343484572897024,1.0,Corrected constrained Bayesian posterior summary; not an observed or recovered suppressed count.
16011,Bingham County,16,Idaho,nonmetro_adjacent,Q3,suppressed_1_9,7.7835,8.0,5.0,9.0,2.6465847886404013,2.720200206735216,1.7001251292095099,3.0602252325771175,0.32119444444444445,Corrected constrained Bayesian posterior summary; not an observed or recovered suppressed count.
16013,Blaine County,16,Idaho,nonmetro_nonadjacent,Q2,suppressed_1_9,2.7311666666666667,3.0,2.0,5.0,1.8657931471075637,2.0494463079224765,1.3662975386149843,3.41574384653746,0.043722222222222225,Corrected constrained Bayesian posterior summary; not an observed or recovered suppressed count.
16015,Boise County,16,Idaho,metro_other,Q1_lowest,suppressed_1_9,1.1094444444444445,1.0,1.0,2.0,2.2448846531730373,2.023431334857652,2.023431334857652,4.046862669715304,0.10227777777777777,Corrected constrained Bayesian posterior summary; not an observed or recovered suppressed count.
16017,Bonner County,16,Idaho,nonmetro_adjacent,Q2,exact,11.0,11.0,11.0,11.0,3.6671189446676418,3.667118944669843,3.667118944669843,3.667118944669843,1.0,Corrected constrained Bayesian posterior summary; not an observed or recovered suppressed count.
16019,Bonneville County,16,Idaho,metro_other,Q2,exact,25.0,25.0,25.0,25.0,3.2738282313979705,3.2738282313994174,3.2738282313994174,3.2738282313994174,1.0,Corrected constrained Bayesian posterior summary; not an observed or recovered suppressed count.
16021,Boundary County,16,Idaho,nonmetro_nonadjacent,Q3,suppressed_1_9,4.982888888888889,5.0,4.0,7.0,6.35540136840938,6.377225651752461,5.101780521401969,8.928115912453446,1.0,Corrected constrained Bayesian posterior summary; not an observed or recovered suppressed count.
16023,Butte County,16,Idaho,metro_other,Q3,suppressed_1_9,1.0417777777777777,1.0,1.0,2.0,6.481135857770592,6.221226825930074,6.221226825930074,12.442453651860149,1.0,Corrected constrained Bayesian posterior summary; not an observed or recovered suppressed count.
16025,Camas County,16,Idaho,nonmetro_nonadjacent,Q2,zero,0.0,0.0,0.0,0.0,0.0,0.0,0.0,0.0,0.0,Corrected constrained Bayesian posterior summary; not an observed or recovered suppressed count.
16027,Canyon County,16,Idaho,metro_other,Q3,exact,33.0,33.0,33.0,33.0,2.221252948207012,2.2212529482084586,2.2212529482084586,2.2212529482084586,0.0,Corrected constrained Bayesian posterior summary; not an observed or recovered suppressed count.
16029,Caribou County,16,Idaho,nonmetro_adjacent,Q1_lowest,suppressed_1_9,1.0941944444444445,1.0,1.0,2.0,2.5424505528830035,2.3235820340637123,2.3235820340637123,4.647164068127425,0.08897222222222222,Corrected constrained Bayesian posterior summary; not an observed or recovered suppressed count.
16031,Cassia County,16,Idaho,nonmetro_adjacent,Q3,suppressed_1_9,5.580055555555556,5.0,4.0,8.0,3.700351168818894,3.3156938420933963,2.6525550736747174,5.305110147349435,0.78925,Corrected constrained Bayesian posterior summary; not an observed or recovered suppressed count.
16033,Clark County,16,Idaho,nonmetro_adjacent,Q3,zero,0.0,0.0,0.0,0.0,0.0,0.0,0.0,0.0,0.0,Corrected constrained Bayesian posterior summary; not an observed or recovered suppressed count.
16035,Clearwater County,16,Idaho,nonmetro_adjacent,Q3,zero,0.0,0.0,0.0,0.0,0.0,0.0,0.0,0.0,0.0,Corrected constrained Bayesian posterior summary; not an observed or recovered suppressed count.
16037,Custer County,16,Idaho,nonmetro_adjacent,Q2,suppressed_1_9,1.0845555555555555,1.0,1.0,2.0,4.074519331114392,3.7568562626793898,3.7568562626793898,7.5137125253587795,1.0,Corrected constrained Bayesian posterior summary; not an observed or recovered suppressed count.
16039,Elmore County,16,Idaho,nonmetro_adjacent,Q4_highest,suppressed_1_9,2.9818333333333333,3.0,2.0,5.0,1.7271772415366564,1.7376999803060669,1.158466653537378,2.896166633843445,0.024166666666666666,Corrected constrained Bayesian posterior summary; not an observed or recovered suppressed count.
16041,Franklin County,16,Idaho,metro_other,Q1_lowest,suppressed_1_9,2.347027777777778,2.0,2.0,4.0,2.63480071148481,2.2452232874559375,2.2452232874559375,4.490446574911875,0.28547222222222224,Corrected constrained Bayesian posterior summary; not an observed or recovered suppressed count.
16043,Fremont County,16,Idaho,nonmetro_adjacent,Q3,suppressed_1_9,1.2276944444444444,1.0,1.0,3.0,1.4884392284911425,1.2123857326446983,1.2123857326446983,3.6371571979340946,0.02736111111111111,Corrected constrained Bayesian posterior summary; not an observed or recovered suppressed count.
16045,Gem County,16,Idaho,metro_other,Q3,suppressed_1_9,4.085138888888889,4.0,3.0,7.0,3.405616273781739,3.334639400431836,2.5009795503238768,5.835618950755713,0.64725,Corrected constrained Bayesian posterior summary; not an observed or recovered suppressed count.
16047,Gooding County,16,Idaho,nonmetro_adjacent,Q4_highest,suppressed_1_9,2.7198333333333333,2.0,2.0,5.0,2.877095366042166,2.1156409334207797,2.1156409334207797,5.289102333551949,0.4944722222222222,Corrected constrained Bayesian posterior summary; not an observed or recovered suppressed count.
16049,Idaho County,16,Idaho,nonmetro_adjacent,Q3,suppressed_1_9,5.464416666666667,5.0,4.0,8.0,5.25803864966805,4.811161895597787,3.8489295164782296,7.697859032956459,1.0,Corrected constrained Bayesian posterior summary; not an observed or recovered suppressed count.
16051,Jefferson County,16,Idaho,metro_other,Q1_lowest,suppressed_1_9,2.7018333333333335,2.0,2.0,5.0,1.3846040840310823,1.0249367101581477,1.0249367101581477,2.5623417753953692,0.008333333333333333,Corrected constrained Bayesian posterior summary; not an observed or recovered suppressed count.
16053,Jerome County,16,Idaho,metro_other,Q3,suppressed_1_9,5.43025,5.0,4.0,8.0,3.6081874842174995,3.322303286422411,2.657842629137929,5.315685258275858,0.7528888888888889,Corrected constrained Bayesian posterior summary; not an observed or recovered suppressed count.
16055,Kootenai County,16,Idaho,metro_other,Q2,exact,45.0,45.0,45.0,45.0,4.193751310548925,4.193751310547285,4.193751310547285,4.193751310547285,1.0,Corrected constrained Bayesian posterior summary; not an observed or recovered suppressed count.
16057,Latah County,16,Idaho,nonmetro_adjacent,Q2,suppressed_1_9,6.286194444444445,6.0,4.0,9.0,2.558379571219802,2.441903056448659,1.6279353709657725,3.6628545846729885,0.2083611111111111,Corrected constrained Bayesian posterior summary; not an observed or recovered suppressed count.
16059,Lemhi County,16,Idaho,nonmetro_nonadjacent,Q2,suppressed_1_9,1.1699722222222222,1.0,1.0,2.0,2.372158354904134,2.027533910504653,2.027533910504653,4.055067821009306,0.15169444444444444,Corrected constrained Bayesian posterior summary; not an observed or recovered suppressed count.
16061,Lewis County,16,Idaho,nonmetro_adjacent,Q3,zero,0.0,0.0,0.0,0.0,0.0,0.0,0.0,0.0,0.0,Corrected constrained Bayesian posterior summary; not an observed or recovered suppressed count.
16063,Lincoln County,16,Idaho,nonmetro_adjacent,Q3,suppressed_1_9,1.0871388888888889,1.0,1.0,2.0,3.3614881694741126,3.092050338579512,3.092050338579512,6.184100677159024,1.0,Corrected constrained Bayesian posterior summary; not an observed or recovered suppressed count.
16065,Madison County,16,Idaho,nonmetro_adjacent,Q2,suppressed_1_9,5.12075,5.0,3.0,8.0,1.7116064683900185,1.6712458803789048,1.002747528227343,2.673993408606248,0.01875,Corrected constrained Bayesian posterior summary; not an observed or recovered suppressed count.
16067,Minidoka County,16,Idaho,nonmetro_nonadjacent,Q3,suppressed_1_9,5.369166666666667,5.0,4.0,8.0,4.080689087339256,3.800114003420103,3.040091202736082,6.080182405472164,1.0,Corrected constrained Bayesian posterior summary; not an observed or recovered suppressed count.
16069,Nez Perce County,16,Idaho,metro_other,Q3,suppressed_1_9,6.673527777777778,7.0,4.0,9.0,2.6434524084597055,2.7727713849993068,1.5844407914281753,3.564991780713395,0.29886111111111113,Corrected constrained Bayesian posterior summary; not an observed or recovered suppressed count.
16071,Oneida County,16,Idaho,nonmetro_adjacent,Q1_lowest,suppressed_1_9,1.0765833333333332,1.0,1.0,2.0,3.803778162503326,3.5331943610217995,3.5331943610217995,7.066388722043599,1.0,Corrected constrained Bayesian posterior summary; not an observed or recovered suppressed count.
16073,Owyhee County,16,Idaho,metro_other,Q3,zero,0.0,0.0,0.0,0.0,0.0,0.0,0.0,0.0,0.0,Corrected constrained Bayesian posterior summary; not an observed or recovered suppressed count.
16075,Payette County,16,Idaho,nonmetro_adjacent,Q3,exact,11.0,11.0,11.0,11.0,7.007753123232104,7.007753123228154,7.007753123228154,7.007753123228154,1.0,Corrected constrained Bayesian posterior summary; not an observed or recovered suppressed count.
16077,Power County,16,Idaho,nonmetro_adjacent,Q4_highest,suppressed_1_9,3.465611111111111,3.0,3.0,5.0,7.223634965629187,6.25312656328164,6.25312656328164,10.421877605469401,1.0,Corrected constrained Bayesian posterior summary; not an observed or recovered suppressed count.
16079,Shoshone County,16,Idaho,nonmetro_adjacent,Q3,suppressed_1_9,5.079583333333333,5.0,4.0,8.0,6.2313178028317475,6.133689905173154,4.906951924138523,9.813903848277047,1.0,Corrected constrained Bayesian posterior summary; not an observed or recovered suppressed count.
16081,Teton County,16,Idaho,nonmetro_nonadjacent,Q1_lowest,suppressed_1_9,1.1551666666666667,1.0,1.0,2.0,1.5415582393635943,1.334489891239074,1.334489891239074,2.668979782478148,0.014333333333333333,Corrected constrained Bayesian posterior summary; not an observed or recovered suppressed count.
16083,Twin Falls County,16,Idaho,metro_other,Q3,exact,14.0,14.0,14.0,14.0,2.532135512655942,2.5321355126579648,2.5321355126579648,2.5321355126579648,0.0,Corrected constrained Bayesian posterior summary; not an observed or recovered suppressed count.
16085,Valley County,16,Idaho,nonmetro_nonadjacent,Q1_lowest,suppressed_1_9,1.1786388888888888,1.0,1.0,2.0,1.607746404158042,1.3640703860319192,1.3640703860319192,2.7281407720638384,0.017277777777777777,Corrected constrained Bayesian posterior summary; not an observed or recovered suppressed count.
16087,Washington County,16,Idaho,nonmetro_adjacent,Q4_highest,suppressed_1_9,6.286083333333333,6.0,5.0,9.0,9.596634250847695,9.159885806756943,7.633238172297452,13.739828710135415,1.0,Corrected constrained Bayesian posterior summary; not an observed or recovered suppressed count.
17001,Adams County,17,Illinois,nonmetro_nonadjacent,Q2,exact,12.0,12.0,12.0,12.0,3.0892245274144985,3.0892245274130063,3.0892245274130063,3.0892245274130063,1.0,Corrected constrained Bayesian posterior summary; not an observed or recovered suppressed count.
17003,Alexander County,17,Illinois,metro_other,Q4_highest,suppressed_1_9,1.0895277777777779,1.0,1.0,2.0,3.579851413762363,3.2856908164941676,3.2856908164941676,6.571381632988335,1.0,Corrected constrained Bayesian posterior summary; not an observed or recovered suppressed count.
17005,Bond County,17,Illinois,metro_large,Q3,suppressed_1_9,2.365527777777778,2.0,2.0,4.0,2.3924185624201315,2.022735547554513,2.022735547554513,4.045471095109026,0.29825,Corrected constrained Bayesian posterior summary; not an observed or recovered suppressed count.
17007,Boone County,17,Illinois,metro_other,Q2,suppressed_1_9,6.6505833333333335,7.0,4.0,9.0,2.083849027674511,2.1933328946667543,1.2533330826667168,2.8199994360001126,0.0,Corrected constrained Bayesian posterior summary; not an observed or recovered suppressed count.
17009,Brown County,17,Illinois,nonmetro_nonadjacent,Q2,zero,0.0,0.0,0.0,0.0,0.0,0.0,0.0,0.0,0.0,Corrected constrained Bayesian posterior summary; not an observed or recovered suppressed count.
17011,Bureau County,17,Illinois,nonmetro_nonadjacent,Q2,suppressed_1_9,2.947861111111111,3.0,2.0,5.0,1.5051088861322752,1.5317297824433131,1.0211531882955422,2.5528829707388554,0.023666666666666666,Corrected constrained Bayesian posterior summary; not an observed or recovered suppressed count.
17013,Calhoun County,17,Illinois,metro_large,Q1_lowest,zero,0.0,0.0,0.0,0.0,0.0,0.0,0.0,0.0,0.0,Corrected constrained Bayesian posterior summary; not an observed or recovered suppressed count.
17015,Carroll County,17,Illinois,nonmetro_nonadjacent,Q1_lowest,suppressed_1_9,2.4055833333333334,2.0,2.0,4.0,2.650985016291694,2.2040267568848284,2.2040267568848284,4.408053513769657,0.3233888888888889,Corrected constrained Bayesian posterior summary; not an observed or recovered suppressed count.
17017,Cass County,17,Illinois,nonmetro_adjacent,Q2,suppressed_1_9,1.2027777777777777,1.0,1.0,2.0,1.6077552469250882,1.3367018219245832,1.3367018219245832,2.6734036438491664,0.022444444444444444,Corrected constrained Bayesian posterior summary; not an observed or recovered suppressed count.
17019,Champaign County,17,Illinois,metro_other,Q2,exact,28.0,28.0,28.0,28.0,2.241104416257059,2.241104416256331,2.241104416256331,2.241104416256331,0.0,Corrected constrained Bayesian posterior summary; not an observed or recovered suppressed count.
17021,Christian County,17,Illinois,nonmetro_adjacent,Q1_lowest,suppressed_1_9,4.4446111111111115,4.0,3.0,7.0,2.2452974009410887,2.02069188490139,1.5155189136760427,3.536210798577433,0.18730555555555556,Corrected constrained Bayesian posterior summary; not an observed or recovered suppressed count.
17023,Clark County,17,Illinois,nonmetro_adjacent,Q1_lowest,suppressed_1_9,4.790416666666666,5.0,4.0,7.0,5.241041406826221,5.470339817509464,4.376271854007571,7.658475744513249,1.0,Corrected constrained Bayesian posterior summary; not an observed or recovered suppressed count.
17025,Clay County,17,Illinois,nonmetro_nonadjacent,Q3,suppressed_1_9,3.6378333333333335,3.0,3.0,6.0,4.647622211150418,3.8327392587482274,3.8327392587482274,7.665478517496455,1.0,Corrected constrained Bayesian posterior summary; not an observed or recovered suppressed count.
17027,Clinton County,17,Illinois,metro_large,Q1_lowest,exact,12.0,12.0,12.0,12.0,5.3924344145144785,5.392434414516433,5.392434414516433,5.392434414516433,1.0,Corrected constrained Bayesian posterior summary; not an observed or recovered suppressed count.
17029,Coles County,17,Illinois,nonmetro_nonadjacent,Q3,suppressed_1_9,7.717805555555556,8.0,5.0,9.0,2.693015553989441,2.7914831848031656,1.7446769905019786,3.140418582903561,0.30577777777777776,Corrected constrained Bayesian posterior summary; not an observed or recovered suppressed count.
17031,Cook County,17,Illinois,metro_large,Q4_highest,exact,612.0,612.0,612.0,612.0,1.986326543513973,1.9863265435152864,1.9863265435152864,1.9863265435152864,0.0,Corrected constrained Bayesian posterior summary; not an observed or recovered suppressed count.
17033,Crawford County,17,Illinois,nonmetro_adjacent,Q1_lowest,suppressed_1_9,4.9765,5.0,4.0,7.0,4.4808305270926025,4.501989879526751,3.601591903621401,6.3027858313374505,1.0,Corrected constrained Bayesian posterior summary; not an observed or recovered suppressed count.
17035,Cumberland County,17,Illinois,nonmetro_nonadjacent,Q1_lowest,suppressed_1_9,3.4013055555555556,3.0,3.0,5.0,5.429059146937549,4.788507581803671,4.788507581803671,7.980845969672784,1.0,Corrected constrained Bayesian posterior summary; not an observed or recovered suppressed count.
17037,DeKalb County,17,Illinois,metro_large,Q3,suppressed_1_9,6.352555555555556,6.0,3.0,9.0,1.0385813545100293,0.9809419331422676,0.4904709665711338,1.4714128997134015,0.0,Corrected constrained Bayesian posterior summary; not an observed or recovered suppressed count.
17039,De Witt County,17,Illinois,nonmetro_adjacent,Q1_lowest,suppressed_1_9,4.882444444444444,5.0,4.0,7.0,5.287406942143346,5.414712857777152,4.3317702862217216,7.5805980008880125,1.0,Corrected constrained Bayesian posterior summary; not an observed or recovered suppressed count.
17041,Douglas County,17,Illinois,nonmetro_adjacent,Q2,suppressed_1_9,2.5131111111111113,2.0,2.0,4.0,2.1314711938506417,1.696280904117722,1.696280904117722,3.392561808235444,0.10002777777777777,Corrected constrained Bayesian posterior summary; not an observed or recovered suppressed count.
17043,DuPage County,17,Illinois,metro_large,Q1_lowest,exact,58.0,58.0,58.0,58.0,1.0460735898345976,1.0460735898341846,1.0460735898341846,1.0460735898341846,0.0,Corrected constrained Bayesian posterior summary; not an observed or recovered suppressed count.
17045,Edgar County,17,Illinois,nonmetro_adjacent,Q2,suppressed_1_9,3.8593055555555558,4.0,3.0,6.0,3.8707630140791776,4.011875150445318,3.0089063628339887,6.017812725667977,1.0,Corrected constrained Bayesian posterior summary; not an observed or recovered suppressed count.
17047,Edwards County,17,Illinois,nonmetro_nonadjacent,Q2,suppressed_1_9,2.1926111111111113,2.0,2.0,3.0,5.950259467317147,5.427555700290374,5.427555700290374,8.141333550435562,1.0,Corrected constrained Bayesian posterior summary; not an observed or recovered suppressed count.
17049,Effingham County,17,Illinois,nonmetro_nonadjacent,Q1_lowest,suppressed_1_9,6.995027777777778,7.0,5.0,9.0,3.3995887353659646,3.402005239088068,2.430003742205763,4.374006735970374,0.62925,Corrected constrained Bayesian posterior summary; not an observed or recovered suppressed count.
17051,Fayette County,17,Illinois,nonmetro_adjacent,Q3,suppressed_1_9,1.3141944444444444,1.0,1.0,3.0,1.0298522407685278,0.7836376459525116,0.7836376459525116,2.3509129378575344,0.007638888888888889,Corrected constrained Bayesian posterior summary; not an observed or recovered suppressed count.
17053,Ford County,17,Illinois,metro_other,Q2,suppressed_1_9,2.349861111111111,2.0,2.0,4.0,2.960604138933636,2.519812022023157,2.519812022023157,5.039624044046314,0.2862222222222222,Corrected constrained Bayesian posterior summary; not an observed or recovered suppressed count.
17055,Franklin County,17,Illinois,nonmetro_nonadjacent,Q2,suppressed_1_9,7.320916666666666,7.0,5.0,9.0,3.2481971509356686,3.105810527810315,2.218436091293082,3.9931849643275474,0.7325833333333334,Corrected constrained Bayesian posterior summary; not an observed or recovered suppressed count.
17057,Fulton County,17,Illinois,nonmetro_adjacent,Q1_lowest,suppressed_1_9,5.759555555555556,6.0,4.0,9.0,2.8899069014679073,3.010551984706396,2.0070346564709305,4.515827977059594,0.5262222222222223,Corrected constrained Bayesian posterior summary; not an observed or recovered suppressed count.
17059,Gallatin County,17,Illinois,nonmetro_adjacent,Q2,suppressed_1_9,1.0719722222222223,1.0,1.0,2.0,3.730026174267107,3.4795921917951214,3.4795921917951214,6.959184383590243,1.0,Corrected constrained Bayesian posterior summary; not an observed or recovered suppressed count.
17061,Greene County,17,Illinois,nonmetro_adjacent,Q1_lowest,suppressed_1_9,1.16775,1.0,1.0,2.0,1.6190641247823574,1.3864818024263432,1.3864818024263432,2.7729636048526864,0.017611111111111112,Corrected constrained Bayesian posterior summary; not an observed or recovered suppressed count.
17063,Grundy County,17,Illinois,metro_large,Q1_lowest,suppressed_1_9,4.58025,4.0,3.0,8.0,1.4517892801672458,1.267869029129291,0.9509017718469681,2.535738058258582,0.0,Corrected constrained Bayesian posterior summary; not an observed or recovered suppressed count.
17065,Hamilton County,17,Illinois,nonmetro_nonadjacent,Q2,suppressed_1_9,1.140388888888889,1.0,1.0,2.0,2.3845535481971303,2.0910003345600536,2.0910003345600536,4.182000669120107,0.12841666666666668,Corrected constrained Bayesian posterior summary; not an observed or recovered suppressed count.
17067,Hancock County,17,Illinois,nonmetro_nonadjacent,Q1_lowest,suppressed_1_9,1.2931666666666666,1.0,1.0,3.0,1.2438121986255664,0.9618344105878731,0.9618344105878731,2.8855032317636193,0.006638888888888889,Corrected constrained Bayesian posterior summary; not an observed or recovered suppressed count.
17069,Hardin County,17,Illinois,nonmetro_nonadjacent,Q1_lowest,zero,0.0,0.0,0.0,0.0,0.0,0.0,0.0,0.0,0.0,Corrected constrained Bayesian posterior summary; not an observed or recovered suppressed count.
17071,Henderson County,17,Illinois,nonmetro_nonadjacent,Q1_lowest,suppressed_1_9,1.0915277777777779,1.0,1.0,2.0,2.889168284216809,2.6469031233456852,2.6469031233456852,5.2938062466913705,0.08547222222222223,Corrected constrained Bayesian posterior summary; not an observed or recovered suppressed count.
17073,Henry County,17,Illinois,metro_other,Q1_lowest,suppressed_1_9,3.5265,3.0,2.0,7.0,1.2107115269074369,1.0299545103424599,0.6866363402283066,2.403227190799073,0.002138888888888889,Corrected constrained Bayesian posterior summary; not an observed or recovered suppressed count.
17075,Iroquois County,17,Illinois,nonmetro_adjacent,Q2,suppressed_1_9,4.358888888888889,4.0,3.0,7.0,2.735795898328983,2.510544286001205,1.882908214500904,4.393452500502109,0.3863888888888889,Corrected constrained Bayesian posterior summary; not an observed or recovered suppressed count.
17077,Jackson County,17,Illinois,nonmetro_nonadjacent,Q4_highest,suppressed_1_9,7.21175,7.0,4.0,9.0,2.226212929892311,2.1608472990952223,1.23476988519727,2.778232241693857,0.0,Corrected constrained Bayesian posterior summary; not an observed or recovered suppressed count.
17079,Jasper County,17,Illinois,nonmetro_nonadjacent,Q1_lowest,suppressed_1_9,2.225972222222222,2.0,2.0,3.0,3.9952118282382614,3.5896331394931438,3.5896331394931438,5.384449709239716,1.0,Corrected constrained Bayesian posterior summary; not an observed or recovered suppressed count.
17081,Jefferson County,17,Illinois,nonmetro_nonadjacent,Q3,exact,16.0,16.0,16.0,16.0,7.252190388127934,7.252190388128165,7.252190388128165,7.252190388128165,1.0,Corrected constrained Bayesian posterior summary; not an observed or recovered suppressed count.
17083,Jersey County,17,Illinois,metro_large,Q1_lowest,suppressed_1_9,2.5325,2.0,2.0,4.0,1.975290346232386,1.5599528894227395,1.5599528894227395,3.119905778845479,0.10816666666666666,Corrected constrained Bayesian posterior summary; not an observed or recovered suppressed count.
17085,Jo Daviess County,17,Illinois,nonmetro_adjacent,Q1_lowest,suppressed_1_9,2.698138888888889,2.0,2.0,5.0,2.084229183027711,1.5449383955814762,1.5449383955814762,3.8623459889536904,0.1624722222222222,Corrected constrained Bayesian posterior summary; not an observed or recovered suppressed count.
17087,Johnson County,17,Illinois,nonmetro_adjacent,Q2,suppressed_1_9,1.1613055555555556,1.0,1.0,2.0,1.483812119791312,1.277710343065227,1.277710343065227,2.555420686130454,0.015,Corrected constrained Bayesian posterior summary; not an observed or recovered suppressed count.
17089,Kane County,17,Illinois,metro_large,Q3,exact,30.0,30.0,30.0,30.0,0.9587231341801612,0.9587231341809724,0.9587231341809724,0.9587231341809724,0.0,Corrected constrained Bayesian posterior summary; not an observed or recovered suppressed count.
17091,Kankakee County,17,Illinois,metro_other,Q3,exact,16.0,16.0,16.0,16.0,2.486475902162683,2.4864759021633893,2.4864759021633893,2.4864759021633893,0.0,Corrected constrained Bayesian posterior summary; not an observed or recovered suppressed count.
17093,Kendall County,17,Illinois,metro_large,Q1_lowest,suppressed_1_9,7.511388888888889,8.0,5.0,9.0,0.9217604318694421,0.981720366770729,0.6135752292317056,1.1044354126170701,0.0,Corrected constrained Bayesian posterior summary; not an observed or recovered suppressed count.
17095,Knox County,17,Illinois,nonmetro_adjacent,Q3,exact,19.0,19.0,19.0,19.0,6.467270505499724,6.467270505502286,6.467270505502286,6.467270505502286,1.0,Corrected constrained Bayesian posterior summary; not an observed or recovered suppressed count.
17097,Lake County,17,Illinois,metro_large,Q2,exact,54.0,54.0,54.0,54.0,1.2742217159950784,1.274221715994385,1.274221715994385,1.274221715994385,0.0,Corrected constrained Bayesian posterior summary; not an observed or recovered suppressed count.
17099,LaSalle County,17,Illinois,nonmetro_adjacent,Q2,exact,16.0,16.0,16.0,16.0,2.461606629105775,2.4616066291066523,2.4616066291066523,2.4616066291066523,0.0,Corrected constrained Bayesian posterior summary; not an observed or recovered suppressed count.
17101,Lawrence County,17,Illinois,nonmetro_nonadjacent,Q3,suppressed_1_9,3.61325,3.0,3.0,6.0,3.978254885769657,3.3030553261767137,3.3030553261767137,6.606110652353427,1.0,Corrected constrained Bayesian posterior summary; not an observed or recovered suppressed count.
17103,Lee County,17,Illinois,nonmetro_adjacent,Q2,suppressed_1_9,3.1686111111111113,3.0,2.0,6.0,1.5621388059004213,1.4790128082509193,0.9860085388339462,2.9580256165018386,0.043916666666666666,Corrected constrained Bayesian posterior summary; not an observed or recovered suppressed count.
17105,Livingston County,17,Illinois,nonmetro_adjacent,Q2,suppressed_1_9,7.1995555555555555,7.0,5.0,9.0,3.380993676944023,3.287280104441585,2.3480572174582752,4.226502991424895,0.6963055555555555,Corrected constrained Bayesian posterior summary; not an observed or recovered suppressed count.
17107,Logan County,17,Illinois,nonmetro_adjacent,Q2,suppressed_1_9,5.617333333333334,5.0,4.0,9.0,3.3497920791285947,2.9816568470767835,2.3853254776614268,5.366982324738211,0.7887777777777778,Corrected constrained Bayesian posterior summary; not an observed or recovered suppressed count.
17109,McDonough County,17,Illinois,nonmetro_nonadjacent,Q3,suppressed_1_9,7.017111111111111,7.0,5.0,9.0,4.222927001817897,4.212629463130465,3.0090210450931894,5.41623788116774,1.0,Corrected constrained Bayesian posterior summary; not an observed or recovered suppressed count.
17111,McHenry County,17,Illinois,metro_large,Q1_lowest,exact,28.0,28.0,28.0,28.0,1.5011070664621509,1.5011070664615154,1.5011070664615154,1.5011070664615154,0.0,Corrected constrained Bayesian posterior summary; not an observed or recovered suppressed count.
17113,McLean County,17,Illinois,metro_other,Q1_lowest,suppressed_1_9,8.079083333333333,8.0,5.0,9.0,0.7864286087427258,0.7787305329534425,0.4867065830959016,0.8760718495726229,0.0,Corrected constrained Bayesian posterior summary; not an observed or recovered suppressed count.
17115,Macon County,17,Illinois,metro_other,Q3,exact,15.0,15.0,15.0,15.0,2.449911558191095,2.449911558192749,2.449911558192749,2.449911558192749,0.0,Corrected constrained Bayesian posterior summary; not an observed or recovered suppressed count.
17117,Macoupin County,17,Illinois,metro_large,Q1_lowest,suppressed_1_9,3.0718055555555557,3.0,2.0,6.0,1.1545667114775626,1.1275779250311024,0.7517186166874016,2.255155850062205,0.0019722222222222224,Corrected constrained Bayesian posterior summary; not an observed or recovered suppressed count.
17119,Madison County,17,Illinois,metro_large,Q2,exact,38.0,38.0,38.0,38.0,2.405483489521365,2.4054834895209543,2.4054834895209543,2.4054834895209543,0.0,Corrected constrained Bayesian posterior summary; not an observed or recovered suppressed count.
17121,Marion County,17,Illinois,nonmetro_nonadjacent,Q3,exact,17.0,17.0,17.0,17.0,7.669265194162302,7.66926519416775,7.66926519416775,7.66926519416775,1.0,Corrected constrained Bayesian posterior summary; not an observed or recovered suppressed count.
17123,Marshall County,17,Illinois,metro_other,Q1_lowest,suppressed_1_9,3.4632222222222224,3.0,3.0,5.0,4.995776614141404,4.327568051007602,4.327568051007602,7.212613418346003,1.0,Corrected constrained Bayesian posterior summary; not an observed or recovered suppressed count.
17125,Mason County,17,Illinois,nonmetro_adjacent,Q1_lowest,suppressed_1_9,1.2051944444444445,1.0,1.0,2.0,1.5605868989412373,1.2948839136571406,1.2948839136571406,2.5897678273142812,0.02325,Corrected constrained Bayesian posterior summary; not an observed or recovered suppressed count.
17127,Massac County,17,Illinois,metro_other,Q3,suppressed_1_9,3.6080277777777776,3.0,3.0,6.0,4.370612193257178,3.6340730690958423,3.6340730690958423,7.2681461381916845,1.0,Corrected constrained Bayesian posterior summary; not an observed or recovered suppressed count.
17129,Menard County,17,Illinois,metro_other,Q1_lowest,zero,0.0,0.0,0.0,0.0,0.0,0.0,0.0,0.0,0.0,Corrected constrained Bayesian posterior summary; not an observed or recovered suppressed count.
17131,Mercer County,17,Illinois,metro_other,Q1_lowest,suppressed_1_9,2.388888888888889,2.0,2.0,4.0,2.5818289676397588,2.161531228722427,2.161531228722427,4.323062457444854,0.31516666666666665,Corrected constrained Bayesian posterior summary; not an observed or recovered suppressed count.
17133,Monroe County,17,Illinois,metro_large,Q1_lowest,suppressed_1_9,5.519222222222222,5.0,4.0,8.0,2.6374068640642903,2.3892921483081424,1.9114337186465138,3.8228674372930276,0.2066388888888889,Corrected constrained Bayesian posterior summary; not an observed or recovered suppressed count.
17135,Montgomery County,17,Illinois,nonmetro_adjacent,Q2,exact,10.0,10.0,10.0,10.0,5.958019792539358,5.958019792541751,5.958019792541751,5.958019792541751,1.0,Corrected constrained Bayesian posterior summary; not an observed or recovered suppressed count.
17137,Morgan County,17,Illinois,nonmetro_adjacent,Q2,exact,10.0,10.0,10.0,10.0,5.085668078788561,5.08566807878717,5.08566807878717,5.08566807878717,1.0,Corrected constrained Bayesian posterior summary; not an observed or recovered suppressed count.
17139,Moultrie County,17,Illinois,nonmetro_adjacent,Q2,suppressed_1_9,3.7146666666666666,3.0,3.0,6.0,4.299979935484488,3.4727045422975413,3.4727045422975413,6.945409084595083,1.0,Corrected constrained Bayesian posterior summary; not an observed or recovered suppressed count.
17141,Ogle County,17,Illinois,nonmetro_adjacent,Q2,suppressed_1_9,5.590638888888889,5.0,3.0,9.0,1.82486523617431,1.6320721767599449,0.9792433060559671,2.937729918167901,0.04402777777777778,Corrected constrained Bayesian posterior summary; not an observed or recovered suppressed count.
17143,Peoria County,17,Illinois,metro_other,Q3,exact,28.0,28.0,28.0,28.0,2.6124545036395577,2.6124545036383093,2.6124545036383093,2.6124545036383093,0.0,Corrected constrained Bayesian posterior summary; not an observed or recovered suppressed count.
17145,Perry County,17,Illinois,nonmetro_nonadjacent,Q3,suppressed_1_9,1.289111111111111,1.0,1.0,3.0,1.0402097275115139,0.8069201471822349,0.8069201471822349,2.4207604415467046,0.006333333333333333,Corrected constrained Bayesian posterior summary; not an observed or recovered suppressed count.
17147,Piatt County,17,Illinois,metro_other,Q1_lowest,suppressed_1_9,1.2261944444444444,1.0,1.0,3.0,1.2321457082146217,1.004853442125466,1.004853442125466,3.014560326376398,0.028305555555555556,Corrected constrained Bayesian posterior summary; not an observed or recovered suppressed count.
17149,Pike County,17,Illinois,nonmetro_nonadjacent,Q2,suppressed_1_9,2.462666666666667,2.0,2.0,4.0,2.782611315752262,2.259835935911053,2.259835935911053,4.519671871822106,0.35805555555555557,Corrected constrained Bayesian posterior summary; not an observed or recovered suppressed count.
17151,Pope County,17,Illinois,nonmetro_adjacent,Q2,suppressed_1_9,2.1197222222222223,2.0,2.0,3.0,9.1061183186794,8.591803419537761,8.591803419537761,12.887705129306642,1.0,Corrected constrained Bayesian posterior summary; not an observed or recovered suppressed count.
17153,Pulaski County,17,Illinois,nonmetro_adjacent,Q3,suppressed_1_9,3.254166666666667,3.0,3.0,5.0,10.710837557330686,9.874267658481996,9.874267658481996,16.45711276413666,1.0,Corrected constrained Bayesian posterior summary; not an observed or recovered suppressed count.
17155,Putnam County,17,Illinois,nonmetro_adjacent,Q1_lowest,suppressed_1_9,1.0773611111111112,1.0,1.0,2.0,3.188685326044503,2.9597182348240447,2.9597182348240447,5.9194364696480894,1.0,Corrected constrained Bayesian posterior summary; not an observed or recovered suppressed count.
17157,Randolph County,17,Illinois,nonmetro_adjacent,Q2,suppressed_1_9,5.743277777777778,6.0,4.0,9.0,3.1373573714649328,3.277595992592633,2.185063995061755,4.91639398888895,0.5196666666666667,Corrected constrained Bayesian posterior summary; not an observed or recovered suppressed count.
17159,Richland County,17,Illinois,nonmetro_nonadjacent,Q2,suppressed_1_9,2.4892222222222222,2.0,2.0,4.0,2.673679361361588,2.148204637973813,2.148204637973813,4.296409275947626,0.37216666666666665,Corrected constrained Bayesian posterior summary; not an observed or recovered suppressed count.
17161,Rock Island County,17,Illinois,metro_other,Q4_highest,exact,26.0,26.0,26.0,26.0,3.054550751945993,3.0545507519481574,3.0545507519481574,3.0545507519481574,1.0,Corrected constrained Bayesian posterior summary; not an observed or recovered suppressed count.
17163,St. Clair County,17,Illinois,metro_large,Q3,exact,52.0,52.0,52.0,52.0,3.4045539837854646,3.404553983786466,3.404553983786466,3.404553983786466,1.0,Corrected constrained Bayesian posterior summary; not an observed or recovered suppressed count.
17165,Saline County,17,Illinois,nonmetro_nonadjacent,Q3,suppressed_1_9,4.3245,4.0,3.0,7.0,3.116105462642018,2.8822804603001897,2.161710345225142,5.043990805525332,0.378,Corrected constrained Bayesian posterior summary; not an observed or recovered suppressed count.
17167,Sangamon County,17,Illinois,metro_other,Q2,exact,37.0,37.0,37.0,37.0,3.174172870599909,3.1741728706018404,3.1741728706018404,3.1741728706018404,1.0,Corrected constrained Bayesian posterior summary; not an observed or recovered suppressed count.
17169,Schuyler County,17,Illinois,nonmetro_nonadjacent,Q2,suppressed_1_9,2.195972222222222,2.0,2.0,3.0,5.411731041997437,4.9287791414066735,4.9287791414066735,7.393168712110009,1.0,Corrected constrained Bayesian posterior summary; not an observed or recovered suppressed count.
17171,Scott County,17,Illinois,nonmetro_nonadjacent,Q1_lowest,suppressed_1_9,1.071888888888889,1.0,1.0,2.0,3.6813163749292324,3.434419754782429,3.434419754782429,6.868839509564858,1.0,Corrected constrained Bayesian posterior summary; not an observed or recovered suppressed count.
17173,Shelby County,17,Illinois,nonmetro_adjacent,Q1_lowest,suppressed_1_9,6.415861111111111,6.0,5.0,9.0,5.108454381302068,4.777336316514456,3.98111359709538,7.166004474771683,1.0,Corrected constrained Bayesian posterior summary; not an observed or recovered suppressed count.
17175,Stark County,17,Illinois,metro_other,Q1_lowest,suppressed_1_9,1.0704444444444445,1.0,1.0,2.0,3.3732847333853417,3.1512936060252734,3.1512936060252734,6.302587212050547,1.0,Corrected constrained Bayesian posterior summary; not an observed or recovered suppressed count.
17177,Stephenson County,17,Illinois,nonmetro_adjacent,Q3,suppressed_1_9,6.854694444444444,7.0,4.0,9.0,2.614599093887517,2.6700232673456155,1.5257275813403517,3.4328870580157913,0.35647222222222225,Corrected constrained Bayesian posterior summary; not an observed or recovered suppressed count.
17179,Tazewell County,17,Illinois,metro_other,Q1_lowest,exact,21.0,21.0,21.0,21.0,2.6845088499295797,2.684508849930842,2.684508849930842,2.684508849930842,0.0,Corrected constrained Bayesian posterior summary; not an observed or recovered suppressed count.
17181,Union County,17,Illinois,nonmetro_adjacent,Q3,suppressed_1_9,2.6314722222222224,2.0,2.0,5.0,2.621144911270317,1.9921509253541048,1.9921509253541048,4.9803773133852625,0.4484444444444444,Corrected constrained Bayesian posterior summary; not an observed or recovered suppressed count.
17183,Vermilion County,17,Illinois,nonmetro_adjacent,Q3,exact,12.0,12.0,12.0,12.0,2.7347123880181274,2.7347123880192252,2.7347123880192252,2.7347123880192252,0.0,Corrected constrained Bayesian posterior summary; not an observed or recovered suppressed count.
17185,Wabash County,17,Illinois,nonmetro_nonadjacent,Q2,zero,0.0,0.0,0.0,0.0,0.0,0.0,0.0,0.0,0.0,Corrected constrained Bayesian posterior summary; not an observed or recovered suppressed count.
17187,Warren County,17,Illinois,nonmetro_adjacent,Q3,suppressed_1_9,2.628527777777778,2.0,2.0,5.0,2.659726368076078,2.023738452042458,2.023738452042458,5.059346130106145,0.4478611111111111,Corrected constrained Bayesian posterior summary; not an observed or recovered suppressed count.
17189,Washington County,17,Illinois,nonmetro_adjacent,Q1_lowest,suppressed_1_9,3.578027777777778,3.0,3.0,6.0,4.362384513261495,3.65764447695684,3.65764447695684,7.31528895391368,1.0,Corrected constrained Bayesian posterior summary; not an observed or recovered suppressed count.
17191,Wayne County,17,Illinois,nonmetro_nonadjacent,Q2,suppressed_1_9,4.968972222222222,5.0,4.0,7.0,5.188443377069971,5.220841599665866,4.176673279732693,7.309178239532212,1.0,Corrected constrained Bayesian posterior summary; not an observed or recovered suppressed count.
17193,White County,17,Illinois,nonmetro_adjacent,Q2,suppressed_1_9,6.080583333333333,6.0,5.0,8.0,7.498098937462464,7.398729884703126,6.165608237252604,9.864973179604167,1.0,Corrected constrained Bayesian posterior summary; not an observed or recovered suppressed count.
17195,Whiteside County,17,Illinois,nonmetro_adjacent,Q2,suppressed_1_9,5.6571388888888885,6.0,3.0,9.0,1.7197616922044061,1.8239909530048732,0.9119954765024366,2.7359864295073097,0.0,Corrected constrained Bayesian posterior summary; not an observed or recovered suppressed count.
17197,Will County,17,Illinois,metro_large,Q1_lowest,exact,41.0,41.0,41.0,41.0,0.9802072253701287,0.9802072253704407,0.9802072253704407,0.9802072253704407,0.0,Corrected constrained Bayesian posterior summary; not an observed or recovered suppressed count.
17199,Williamson County,17,Illinois,nonmetro_nonadjacent,Q2,exact,11.0,11.0,11.0,11.0,2.747554676340496,2.747554676338059,2.747554676338059,2.747554676338059,0.0,Corrected constrained Bayesian posterior summary; not an observed or recovered suppressed count.
17201,Winnebago County,17,Illinois,metro_other,Q4_highest,exact,44.0,44.0,44.0,44.0,2.5975774048562505,2.597577404854872,2.597577404854872,2.597577404854872,0.0,Corrected constrained Bayesian posterior summary; not an observed or recovered suppressed count.
17203,Woodford County,17,Illinois,metro_other,Q1_lowest,suppressed_1_9,5.862166666666667,6.0,4.0,9.0,2.55456586978581,2.6146297248537986,1.743086483235866,3.9219445872806977,0.3011666666666667,Corrected constrained Bayesian posterior summary; not an observed or recovered suppressed count.
18001,Adams County,18,Indiana,nonmetro_adjacent,Q3,exact,12.0,12.0,12.0,12.0,5.542289981850877,5.542289981849001,5.542289981849001,5.542289981849001,1.0,Corrected constrained Bayesian posterior summary; not an observed or recovered suppressed count.
18003,Allen County,18,Indiana,metro_other,Q3,exact,71.0,71.0,71.0,71.0,3.0401865561253754,3.040186556123771,3.040186556123771,3.040186556123771,1.0,Corrected constrained Bayesian posterior summary; not an observed or recovered suppressed count.
18005,Bartholomew County,18,Indiana,metro_other,Q2,exact,13.0,13.0,13.0,13.0,2.5845701164061454,2.584570116405062,2.584570116405062,2.584570116405062,0.0,Corrected constrained Bayesian posterior summary; not an observed or recovered suppressed count.
18007,Benton County,18,Indiana,metro_other,Q2,suppressed_1_9,1.14525,1.0,1.0,2.0,2.181262380007961,1.9046167911016303,1.9046167911016303,3.8092335822032606,0.13033333333333333,Corrected constrained Bayesian posterior summary; not an observed or recovered suppressed count.
18009,Blackford County,18,Indiana,nonmetro_adjacent,Q2,suppressed_1_9,1.2618888888888888,1.0,1.0,3.0,1.7708484386387153,1.4033315090023717,1.4033315090023717,4.209994527007114,0.035583333333333335,Corrected constrained Bayesian posterior summary; not an observed or recovered suppressed count.
18011,Boone County,18,Indiana,metro_large,Q1_lowest,exact,17.0,17.0,17.0,17.0,3.8698016612804147,3.86980166128309,3.86980166128309,3.86980166128309,1.0,Corrected constrained Bayesian posterior summary; not an observed or recovered suppressed count.
18013,Brown County,18,Indiana,metro_large,Q1_lowest,suppressed_1_9,3.684361111111111,3.0,3.0,6.0,3.9775460289013145,3.2387265327273314,3.2387265327273314,6.477453065454663,1.0,Corrected constrained Bayesian posterior summary; not an observed or recovered suppressed count.
18015,Carroll County,18,Indiana,metro_other,Q1_lowest,zero,0.0,0.0,0.0,0.0,0.0,0.0,0.0,0.0,0.0,Corrected constrained Bayesian posterior summary; not an observed or recovered suppressed count.
18017,Cass County,18,Indiana,nonmetro_adjacent,Q3,exact,13.0,13.0,13.0,13.0,5.76739646413805,5.767396464142322,5.767396464142322,5.767396464142322,1.0,Corrected constrained Bayesian posterior summary; not an observed or recovered suppressed count.
18019,Clark County,18,Indiana,metro_large,Q2,exact,22.0,22.0,22.0,22.0,2.983095341084675,2.9830953410830534,2.9830953410830534,2.9830953410830534,1.0,Corrected constrained Bayesian posterior summary; not an observed or recovered suppressed count.
18021,Clay County,18,Indiana,metro_other,Q1_lowest,suppressed_1_9,5.553583333333333,5.0,4.0,8.0,3.511725600296338,3.16167543504654,2.529340348037232,5.058680696074464,0.7741111111111111,Corrected constrained Bayesian posterior summary; not an observed or recovered suppressed count.
18023,Clinton County,18,Indiana,nonmetro_adjacent,Q2,suppressed_1_9,4.939444444444445,5.0,3.0,8.0,2.518351591453216,2.549225545279344,1.5295353271676064,4.078760872446951,0.31625,Corrected constrained Bayesian posterior summary; not an observed or recovered suppressed count.
18025,Crawford County,18,Indiana,nonmetro_adjacent,Q2,suppressed_1_9,1.2043611111111112,1.0,1.0,2.0,1.905122215719641,1.5818529825837988,1.5818529825837988,3.1637059651675976,0.17930555555555555,Corrected constrained Bayesian posterior summary; not an observed or recovered suppressed count.
18027,Daviess County,18,Indiana,nonmetro_nonadjacent,Q3,suppressed_1_9,7.484555555555556,8.0,5.0,9.0,3.7158211313222513,3.971721344030503,2.482325840019064,4.468186512034316,0.9426388888888889,Corrected constrained Bayesian posterior summary; not an observed or recovered suppressed count.
18029,Dearborn County,18,Indiana,metro_large,Q1_lowest,suppressed_1_9,7.504083333333333,8.0,5.0,9.0,2.4693744803414965,2.6325661596783005,1.6453538497989377,2.961636929638088,0.24836111111111112,Corrected constrained Bayesian posterior summary; not an observed or recovered suppressed count.
18031,Decatur County,18,Indiana,nonmetro_adjacent,Q1_lowest,suppressed_1_9,5.711166666666666,6.0,4.0,9.0,3.598741432943176,3.7807421596859467,2.520494773123964,5.671113239528919,0.8074444444444444,Corrected constrained Bayesian posterior summary; not an observed or recovered suppressed count.
18033,DeKalb County,18,Indiana,nonmetro_adjacent,Q1_lowest,suppressed_1_9,5.166194444444445,5.0,3.0,8.0,1.966298787168647,1.9030437281387853,1.141826236883271,3.0448699650220563,0.08294444444444445,Corrected constrained Bayesian posterior summary; not an observed or recovered suppressed count.
18035,Delaware County,18,Indiana,metro_other,Q3,exact,22.0,22.0,22.0,22.0,3.25076873292294,3.2507687329242287,3.2507687329242287,3.2507687329242287,1.0,Corrected constrained Bayesian posterior summary; not an observed or recovered suppressed count.
18037,Dubois County,18,Indiana,nonmetro_nonadjacent,Q1_lowest,suppressed_1_9,7.632333333333333,8.0,5.0,9.0,2.9396509445349026,3.081260543688423,1.9257878398052644,3.466418111649476,0.5760833333333333,Corrected constrained Bayesian posterior summary; not an observed or recovered suppressed count.
18039,Elkhart County,18,Indiana,metro_other,Q4_highest,exact,38.0,38.0,38.0,38.0,3.064125700111682,3.064125700112405,3.064125700112405,3.064125700112405,1.0,Corrected constrained Bayesian posterior summary; not an observed or recovered suppressed count.
18041,Fayette County,18,Indiana,nonmetro_adjacent,Q3,exact,26.0,26.0,26.0,26.0,18.651362984210664,18.651362984218075,18.651362984218075,18.651362984218075,1.0,Corrected constrained Bayesian posterior summary; not an observed or recovered suppressed count.
18043,Floyd County,18,Indiana,metro_large,Q1_lowest,exact,10.0,10.0,10.0,10.0,2.0774213384417486,2.07742133844102,2.07742133844102,2.07742133844102,0.0,Corrected constrained Bayesian posterior summary; not an observed or recovered suppressed count.
18045,Fountain County,18,Indiana,nonmetro_adjacent,Q2,suppressed_1_9,1.3688055555555556,1.0,1.0,3.0,1.3767632471234479,1.0058136026231619,1.0058136026231619,3.0174408078694857,0.0638611111111111,Corrected constrained Bayesian posterior summary; not an observed or recovered suppressed count.
18047,Franklin County,18,Indiana,metro_large,Q1_lowest,suppressed_1_9,6.466694444444444,6.0,5.0,9.0,4.698915459448494,4.359799739865282,3.633166449887735,6.539699609797923,1.0,Corrected constrained Bayesian posterior summary; not an observed or recovered suppressed count.
18049,Fulton County,18,Indiana,nonmetro_nonadjacent,Q3,suppressed_1_9,5.6555277777777775,5.0,4.0,9.0,4.671403254214952,4.129944576143788,3.3039556609150305,7.433900237058819,1.0,Corrected constrained Bayesian posterior summary; not an observed or recovered suppressed count.
18051,Gibson County,18,Indiana,nonmetro_adjacent,Q1_lowest,suppressed_1_9,7.304944444444445,7.0,5.0,9.0,3.664510138024919,3.5115353937685296,2.508239566977521,4.514831220559539,0.9232222222222223,Corrected constrained Bayesian posterior summary; not an observed or recovered suppressed count.
18053,Grant County,18,Indiana,nonmetro_adjacent,Q4_highest,exact,37.0,37.0,37.0,37.0,9.344921035418155,9.34492103541725,9.34492103541725,9.34492103541725,1.0,Corrected constrained Bayesian posterior summary; not an observed or recovered suppressed count.
18055,Greene County,18,Indiana,nonmetro_adjacent,Q3,suppressed_1_9,7.474027777777778,8.0,5.0,9.0,3.9685384203313054,4.247817683665017,2.6548860522906357,4.778794894123144,0.9418888888888889,Corrected constrained Bayesian posterior summary; not an observed or recovered suppressed count.
18057,Hamilton County,18,Indiana,metro_large,Q1_lowest,exact,50.0,50.0,50.0,50.0,2.3200036748880217,2.320003674885821,2.320003674885821,2.320003674885821,0.0,Corrected constrained Bayesian posterior summary; not an observed or recovered suppressed count.
18059,Hancock County,18,Indiana,metro_large,Q1_lowest,exact,12.0,12.0,12.0,12.0,2.411788823768356,2.411788823770591,2.411788823770591,2.411788823770591,0.0,Corrected constrained Bayesian posterior summary; not an observed or recovered suppressed count.
18061,Harrison County,18,Indiana,metro_large,Q1_lowest,suppressed_1_9,7.205027777777778,7.0,5.0,9.0,2.992208152968553,2.907061251780575,2.0764723227004107,3.737650180860739,0.422,Corrected constrained Bayesian posterior summary; not an observed or recovered suppressed count.
18063,Hendricks County,18,Indiana,metro_large,Q1_lowest,exact,30.0,30.0,30.0,30.0,2.7714470741350796,2.771447074137133,2.771447074137133,2.771447074137133,0.0,Corrected constrained Bayesian posterior summary; not an observed or recovered suppressed count.
18065,Henry County,18,Indiana,nonmetro_adjacent,Q2,suppressed_1_9,8.30261111111111,9.0,6.0,9.0,2.8446751447100707,3.0836174258646976,2.0557449505764653,3.0836174258646976,0.5094444444444445,Corrected constrained Bayesian posterior summary; not an observed or recovered suppressed count.
18067,Howard County,18,Indiana,metro_other,Q2,exact,22.0,22.0,22.0,22.0,4.396043560796845,4.396043560795285,4.396043560795285,4.396043560795285,1.0,Corrected constrained Bayesian posterior summary; not an observed or recovered suppressed count.
18069,Huntington County,18,Indiana,nonmetro_adjacent,Q1_lowest,suppressed_1_9,7.367444444444445,7.0,5.0,9.0,3.3459335052060046,3.179058181306229,2.270755843790164,4.087360518822296,0.744,Corrected constrained Bayesian posterior summary; not an observed or recovered suppressed count.
18071,Jackson County,18,Indiana,nonmetro_adjacent,Q2,suppressed_1_9,6.678055555555556,7.0,4.0,9.0,2.431035877523235,2.548234437568256,1.4561339643247178,3.276301419730615,0.125,Corrected constrained Bayesian posterior summary; not an observed or recovered suppressed count.
18073,Jasper County,18,Indiana,metro_large,Q1_lowest,suppressed_1_9,2.8021944444444444,3.0,2.0,5.0,1.3990266627613166,1.4977832807444982,0.9985221871629988,2.4963054679074967,0.014222222222222223,Corrected constrained Bayesian posterior summary; not an observed or recovered suppressed count.
18075,Jay County,18,Indiana,nonmetro_adjacent,Q2,suppressed_1_9,6.675111111111111,7.0,5.0,9.0,5.4941899279891295,5.76160139595371,4.115429568538364,7.407773223369055,1.0,Corrected constrained Bayesian posterior summary; not an observed or recovered suppressed count.
18077,Jefferson County,18,Indiana,nonmetro_adjacent,Q3,exact,11.0,11.0,11.0,11.0,5.598477214196584,5.598477214197739,5.598477214197739,5.598477214197739,1.0,Corrected constrained Bayesian posterior summary; not an observed or recovered suppressed count.
18079,Jennings County,18,Indiana,nonmetro_adjacent,Q2,suppressed_1_9,7.070138888888889,7.0,5.0,9.0,4.273252436606369,4.230859892052632,3.0220427800375944,5.439677004067669,1.0,Corrected constrained Bayesian posterior summary; not an observed or recovered suppressed count.
18081,Johnson County,18,Indiana,metro_large,Q1_lowest,exact,24.0,24.0,24.0,24.0,2.4309040836139553,2.430904083614997,2.430904083614997,2.430904083614997,0.0,Corrected constrained Bayesian posterior summary; not an observed or recovered suppressed count.
18083,Knox County,18,Indiana,nonmetro_nonadjacent,Q2,suppressed_1_9,6.399,6.0,4.0,9.0,2.951527423514513,2.767489379759505,1.8449929198396702,4.151234069639258,0.4592222222222222,Corrected constrained Bayesian posterior summary; not an observed or recovered suppressed count.
18085,Kosciusko County,18,Indiana,nonmetro_adjacent,Q2,exact,10.0,10.0,10.0,10.0,2.0815596710307696,2.0815596710303095,2.0815596710303095,2.0815596710303095,0.0,Corrected constrained Bayesian posterior summary; not an observed or recovered suppressed count.
18087,LaGrange County,18,Indiana,nonmetro_adjacent,Q2,suppressed_1_9,6.715611111111111,7.0,4.0,9.0,2.761898364443254,2.878857669276831,1.645061525301046,3.7013884319273544,0.31683333333333336,Corrected constrained Bayesian posterior summary; not an observed or recovered suppressed count.
18089,Lake County,18,Indiana,metro_large,Q3,exact,119.0,119.0,119.0,119.0,4.000229929182437,4.000229929182484,4.000229929182484,4.000229929182484,1.0,Corrected constrained Bayesian posterior summary; not an observed or recovered suppressed count.
18091,LaPorte County,18,Indiana,metro_other,Q3,exact,27.0,27.0,27.0,27.0,4.049979750098746,4.049979750101249,4.049979750101249,4.049979750101249,1.0,Corrected constrained Bayesian posterior summary; not an observed or recovered suppressed count.
18093,Lawrence County,18,Indiana,nonmetro_adjacent,Q2,exact,25.0,25.0,25.0,25.0,9.210342108948852,9.210342108947295,9.210342108947295,9.210342108947295,1.0,Corrected constrained Bayesian posterior summary; not an observed or recovered suppressed count.
18095,Madison County,18,Indiana,metro_large,Q3,exact,46.0,46.0,46.0,46.0,5.8338469655132315,5.833846965511818,5.833846965511818,5.833846965511818,1.0,Corrected constrained Bayesian posterior summary; not an observed or recovered suppressed count.
18097,Marion County,18,Indiana,metro_large,Q4_highest,exact,225.0,225.0,225.0,225.0,3.8650357017630217,3.865035701764225,3.865035701764225,3.865035701764225,1.0,Corrected constrained Bayesian posterior summary; not an observed or recovered suppressed count.
18099,Marshall County,18,Indiana,nonmetro_adjacent,Q2,suppressed_1_9,6.933305555555555,7.0,4.0,9.0,2.497273598629037,2.521295946116304,1.440740540637888,3.241666216435248,0.16077777777777777,Corrected constrained Bayesian posterior summary; not an observed or recovered suppressed count.
18101,Martin County,18,Indiana,nonmetro_nonadjacent,Q1_lowest,suppressed_1_9,3.4760833333333334,3.0,3.0,5.0,5.8247316152256055,5.0269781158886016,5.0269781158886016,8.378296859814338,1.0,Corrected constrained Bayesian posterior summary; not an observed or recovered suppressed count.
18103,Miami County,18,Indiana,nonmetro_adjacent,Q2,suppressed_1_9,6.27825,6.0,4.0,9.0,2.939062982763936,2.8088046663608193,1.872536444240546,4.213206999541229,0.42141666666666666,Corrected constrained Bayesian posterior summary; not an observed or recovered suppressed count.
18105,Monroe County,18,Indiana,metro_other,Q2,exact,25.0,25.0,25.0,25.0,2.9194898133146103,2.9194898133161433,2.9194898133161433,2.9194898133161433,0.0,Corrected constrained Bayesian posterior summary; not an observed or recovered suppressed count.
18107,Montgomery County,18,Indiana,nonmetro_adjacent,Q2,suppressed_1_9,5.319944444444444,5.0,3.0,9.0,2.310558077023908,2.1715998175856153,1.3029598905513693,3.9088796716541077,0.22625,Corrected constrained Bayesian posterior summary; not an observed or recovered suppressed count.
18109,Morgan County,18,Indiana,metro_large,Q1_lowest,exact,16.0,16.0,16.0,16.0,3.697797499364246,3.697797499364441,3.697797499364441,3.697797499364441,1.0,Corrected constrained Bayesian posterior summary; not an observed or recovered suppressed count.
18111,Newton County,18,Indiana,metro_large,Q2,suppressed_1_9,1.2143333333333333,1.0,1.0,2.0,1.4523259939637583,1.1959862700776196,1.1959862700776196,2.391972540155239,0.024277777777777777,Corrected constrained Bayesian posterior summary; not an observed or recovered suppressed count.
18113,Noble County,18,Indiana,nonmetro_adjacent,Q3,suppressed_1_9,7.070277777777778,7.0,4.0,9.0,2.477226798468486,2.4526034385500206,1.4014876791714403,3.153347278135741,0.18780555555555556,Corrected constrained Bayesian posterior summary; not an observed or recovered suppressed count.
18115,Ohio County,18,Indiana,metro_large,Q1_lowest,suppressed_1_9,3.2691666666666666,3.0,3.0,5.0,9.116725694151182,8.366100560528738,8.366100560528738,13.943500934214564,1.0,Corrected constrained Bayesian posterior summary; not an observed or recovered suppressed count.
18117,Orange County,18,Indiana,nonmetro_adjacent,Q3,exact,11.0,11.0,11.0,11.0,9.305315873178117,9.305315873177005,9.305315873177005,9.305315873177005,1.0,Corrected constrained Bayesian posterior summary; not an observed or recovered suppressed count.
18119,Owen County,18,Indiana,metro_other,Q1_lowest,suppressed_1_9,4.101277777777778,4.0,3.0,7.0,3.205550735700192,3.1263922215361526,2.3447941661521146,5.471186387688268,0.6489444444444444,Corrected constrained Bayesian posterior summary; not an observed or recovered suppressed count.
18121,Parke County,18,Indiana,nonmetro_adjacent,Q3,suppressed_1_9,2.804972222222222,3.0,2.0,5.0,2.8169159458311035,3.0127741624487827,2.008516108299189,5.021290270747971,0.5298611111111111,Corrected constrained Bayesian posterior summary; not an observed or recovered suppressed count.
18123,Perry County,18,Indiana,nonmetro_nonadjacent,Q2,suppressed_1_9,2.713972222222222,2.0,2.0,5.0,2.352794706783664,1.7338384582708428,1.7338384582708428,4.334596145677107,0.16830555555555557,Corrected constrained Bayesian posterior summary; not an observed or recovered suppressed count.
18125,Pike County,18,Indiana,nonmetro_adjacent,Q1_lowest,suppressed_1_9,1.2368611111111112,1.0,1.0,3.0,1.687372765872087,1.3642378685147543,1.3642378685147543,4.092713605544263,0.031166666666666665,Corrected constrained Bayesian posterior summary; not an observed or recovered suppressed count.
18127,Porter County,18,Indiana,metro_large,Q1_lowest,exact,36.0,36.0,36.0,36.0,3.456227834539992,3.4562278345388524,3.4562278345388524,3.4562278345388524,1.0,Corrected constrained Bayesian posterior summary; not an observed or recovered suppressed count.
18129,Posey County,18,Indiana,metro_other,Q1_lowest,suppressed_1_9,1.4139444444444444,1.0,1.0,3.0,0.9364614700798752,0.6623042890825761,0.6623042890825761,1.9869128672477285,0.002277777777777778,Corrected constrained Bayesian posterior summary; not an observed or recovered suppressed count.
18131,Pulaski County,18,Indiana,nonmetro_adjacent,Q2,suppressed_1_9,5.066777777777777,5.0,4.0,8.0,6.812840727940934,6.723050651463608,5.378440521170886,10.756881042341773,1.0,Corrected constrained Bayesian posterior summary; not an observed or recovered suppressed count.
18133,Putnam County,18,Indiana,nonmetro_adjacent,Q1_lowest,suppressed_1_9,6.174666666666667,6.0,4.0,9.0,2.748009162008346,2.6702745042190337,1.7801830028126893,4.0054117563285505,0.39222222222222225,Corrected constrained Bayesian posterior summary; not an observed or recovered suppressed count.
18135,Randolph County,18,Indiana,nonmetro_adjacent,Q3,suppressed_1_9,7.207833333333333,7.0,5.0,9.0,4.929005992720316,4.78688121012357,3.419200864373978,6.154561555873161,1.0,Corrected constrained Bayesian posterior summary; not an observed or recovered suppressed count.
18137,Ripley County,18,Indiana,nonmetro_adjacent,Q1_lowest,suppressed_1_9,7.082333333333334,7.0,5.0,9.0,4.084838207953976,4.037351266863151,2.8838223334736792,5.190880200252623,0.8923611111111112,Corrected constrained Bayesian posterior summary; not an observed or recovered suppressed count.
18139,Rush County,18,Indiana,nonmetro_adjacent,Q1_lowest,suppressed_1_9,2.5764722222222223,2.0,2.0,5.0,2.571817233029623,1.9963865403619447,1.9963865403619447,4.990966350904862,0.42433333333333334,Corrected constrained Bayesian posterior summary; not an observed or recovered suppressed count.
18141,St. Joseph County,18,Indiana,metro_other,Q3,exact,64.0,64.0,64.0,64.0,3.9159346724201702,3.915934672419827,3.915934672419827,3.915934672419827,1.0,Corrected constrained Bayesian posterior summary; not an observed or recovered suppressed count.
18143,Scott County,18,Indiana,nonmetro_adjacent,Q3,suppressed_1_9,7.148361111111111,7.0,5.0,9.0,4.8957353581281,4.794126510149851,3.4243760786784647,6.163876941621236,1.0,Corrected constrained Bayesian posterior summary; not an observed or recovered suppressed count.
18145,Shelby County,18,Indiana,metro_large,Q2,exact,20.0,20.0,20.0,20.0,7.393305361996715,7.393305361994715,7.393305361994715,7.393305361994715,1.0,Corrected constrained Bayesian posterior summary; not an observed or recovered suppressed count.
18147,Spencer County,18,Indiana,nonmetro_adjacent,Q1_lowest,suppressed_1_9,5.458888888888889,5.0,4.0,8.0,4.53512855377176,4.153893444325366,3.323114755460293,6.646229510920586,1.0,Corrected constrained Bayesian posterior summary; not an observed or recovered suppressed count.
18149,Starke County,18,Indiana,nonmetro_adjacent,Q2,exact,10.0,10.0,10.0,10.0,7.1765355992015145,7.17653559920484,7.17653559920484,7.17653559920484,1.0,Corrected constrained Bayesian posterior summary; not an observed or recovered suppressed count.
18151,Steuben County,18,Indiana,nonmetro_nonadjacent,Q1_lowest,suppressed_1_9,6.341527777777777,6.0,4.0,9.0,3.0406105541197666,2.876856171575702,1.9179041143838016,4.315284257363554,0.44094444444444447,Corrected constrained Bayesian posterior summary; not an observed or recovered suppressed count.
18153,Sullivan County,18,Indiana,metro_other,Q3,suppressed_1_9,4.201083333333333,4.0,3.0,7.0,3.382514761137508,3.22061191626409,2.4154589371980677,5.636070853462158,0.6778333333333333,Corrected constrained Bayesian posterior summary; not an observed or recovered suppressed count.
18155,Switzerland County,18,Indiana,nonmetro_adjacent,Q3,suppressed_1_9,3.6204722222222223,3.0,3.0,6.0,5.908274131374975,4.895721139723881,4.895721139723881,9.791442279447763,1.0,Corrected constrained Bayesian posterior summary; not an observed or recovered suppressed count.
18157,Tippecanoe County,18,Indiana,metro_other,Q3,exact,15.0,15.0,15.0,15.0,1.306526885709937,1.306526885710254,1.306526885710254,1.306526885710254,0.0,Corrected constrained Bayesian posterior summary; not an observed or recovered suppressed count.
18159,Tipton County,18,Indiana,metro_large,Q1_lowest,suppressed_1_9,2.4300277777777777,2.0,2.0,4.0,2.6503225915903452,2.1813105313672456,2.1813105313672456,4.362621062734491,0.33841666666666664,Corrected constrained Bayesian posterior summary; not an observed or recovered suppressed count.
18161,Union County,18,Indiana,nonmetro_adjacent,Q1_lowest,suppressed_1_9,3.384333333333333,3.0,3.0,5.0,8.052376533659823,7.137928573128078,7.137928573128078,11.89654762188013,1.0,Corrected constrained Bayesian posterior summary; not an observed or recovered suppressed count.
18163,Vanderburgh County,18,Indiana,metro_other,Q3,exact,56.0,56.0,56.0,56.0,5.166881030716981,5.166881030718954,5.166881030718954,5.166881030718954,1.0,Corrected constrained Bayesian posterior summary; not an observed or recovered suppressed count.
18165,Vermillion County,18,Indiana,metro_other,Q2,suppressed_1_9,2.5781944444444442,2.0,2.0,5.0,2.785671238271288,2.1609473593223267,2.1609473593223267,5.402368398305818,0.42238888888888887,Corrected constrained Bayesian posterior summary; not an observed or recovered suppressed count.
18167,Vigo County,18,Indiana,metro_other,Q3,exact,27.0,27.0,27.0,27.0,4.232207096004097,4.232207096000565,4.232207096000565,4.232207096000565,1.0,Corrected constrained Bayesian posterior summary; not an observed or recovered suppressed count.
18169,Wabash County,18,Indiana,nonmetro_adjacent,Q1_lowest,exact,12.0,12.0,12.0,12.0,6.491012652061962,6.4910126520654945,6.4910126520654945,6.4910126520654945,1.0,Corrected constrained Bayesian posterior summary; not an observed or recovered suppressed count.
18171,Warren County,18,Indiana,metro_other,Q1_lowest,suppressed_1_9,1.1556388888888889,1.0,1.0,2.0,2.294573284270173,1.9855452307203558,1.9855452307203558,3.9710904614407116,0.13955555555555554,Corrected constrained Bayesian posterior summary; not an observed or recovered suppressed count.
18173,Warrick County,18,Indiana,metro_other,Q1_lowest,exact,13.0,13.0,13.0,13.0,3.3490308419996997,3.349030841997877,3.349030841997877,3.349030841997877,1.0,Corrected constrained Bayesian posterior summary; not an observed or recovered suppressed count.
18175,Washington County,18,Indiana,metro_large,Q2,suppressed_1_9,5.7748333333333335,6.0,4.0,9.0,3.4145355998997498,3.5476718403547673,2.365114560236511,5.321507760532151,0.8166944444444444,Corrected constrained Bayesian posterior summary; not an observed or recovered suppressed count.
18177,Wayne County,18,Indiana,nonmetro_nonadjacent,Q4_highest,exact,59.0,59.0,59.0,59.0,14.86415672364798,14.864156723637535,14.864156723637535,14.864156723637535,1.0,Corrected constrained Bayesian posterior summary; not an observed or recovered suppressed count.
18179,Wells County,18,Indiana,metro_other,Q1_lowest,suppressed_1_9,5.798805555555556,6.0,4.0,9.0,3.4045933641115576,3.522718599367085,2.3484790662447232,5.284077899050627,0.8218611111111112,Corrected constrained Bayesian posterior summary; not an observed or recovered suppressed count.
18181,White County,18,Indiana,nonmetro_adjacent,Q1_lowest,suppressed_1_9,4.273777777777778,4.0,3.0,7.0,2.902080437968358,2.716173454836826,2.0371300911276196,4.753303545964445,0.35936111111111113,Corrected constrained Bayesian posterior summary; not an observed or recovered suppressed count.
18183,Whitley County,18,Indiana,metro_other,Q1_lowest,suppressed_1_9,6.121166666666666,6.0,4.0,9.0,2.9567139715147905,2.8981867011872904,1.9321244674581937,4.347280051780936,0.3726111111111111,Corrected constrained Bayesian posterior summary; not an observed or recovered suppressed count.
19001,Adair County,19,Iowa,nonmetro_adjacent,Q1_lowest,zero,0.0,0.0,0.0,0.0,0.0,0.0,0.0,0.0,0.0,Corrected constrained Bayesian posterior summary; not an observed or recovered suppressed count.
19003,Adams County,19,Iowa,nonmetro_nonadjacent,Q1_lowest,zero,0.0,0.0,0.0,0.0,0.0,0.0,0.0,0.0,0.0,Corrected constrained Bayesian posterior summary; not an observed or recovered suppressed count.
19005,Allamakee County,19,Iowa,nonmetro_adjacent,Q1_lowest,suppressed_1_9,4.97975,5.0,4.0,7.0,5.965701484311273,5.9899608256562,4.791968660524961,8.38594515591868,1.0,Corrected constrained Bayesian posterior summary; not an observed or recovered suppressed count.
19007,Appanoose County,19,Iowa,nonmetro_nonadjacent,Q2,suppressed_1_9,6.226305555555555,6.0,5.0,9.0,8.479008546078571,8.170824708573917,6.809020590478265,12.256237062860878,1.0,Corrected constrained Bayesian posterior summary; not an observed or recovered suppressed count.
19009,Audubon County,19,Iowa,nonmetro_nonadjacent,Q1_lowest,zero,0.0,0.0,0.0,0.0,0.0,0.0,0.0,0.0,0.0,Corrected constrained Bayesian posterior summary; not an observed or recovered suppressed count.
19011,Benton County,19,Iowa,metro_other,Q1_lowest,suppressed_1_9,2.9074722222222222,3.0,2.0,5.0,1.8872826908551343,1.9473438230253932,1.2982292153502621,3.2455730383756554,0.07422222222222222,Corrected constrained Bayesian posterior summary; not an observed or recovered suppressed count.
19013,Black Hawk County,19,Iowa,metro_other,Q3,exact,26.0,26.0,26.0,26.0,3.310098984689381,3.310098984690792,3.310098984690792,3.310098984690792,1.0,Corrected constrained Bayesian posterior summary; not an observed or recovered suppressed count.
19015,Boone County,19,Iowa,metro_other,Q1_lowest,suppressed_1_9,4.190138888888889,4.0,3.0,7.0,2.6326251799361895,2.5131626895867103,1.8848720171900328,4.398034706776743,0.3324722222222222,Corrected constrained Bayesian posterior summary; not an observed or recovered suppressed count.
19017,Bremer County,19,Iowa,metro_other,Q1_lowest,suppressed_1_9,4.3645,4.0,3.0,7.0,2.883751354495487,2.642915664561144,1.982186748420858,4.6251024129820015,0.39461111111111113,Corrected constrained Bayesian posterior summary; not an observed or recovered suppressed count.
19019,Buchanan County,19,Iowa,nonmetro_adjacent,Q1_lowest,suppressed_1_9,4.237833333333334,4.0,3.0,7.0,3.383310580115076,3.193434299081089,2.395075724310817,5.5885100233919065,0.6852222222222222,Corrected constrained Bayesian posterior summary; not an observed or recovered suppressed count.
19021,Buena Vista County,19,Iowa,nonmetro_nonadjacent,Q3,suppressed_1_9,5.694555555555556,6.0,4.0,9.0,4.662089266578394,4.912154307140636,3.2747695380937567,7.368231460710952,1.0,Corrected constrained Bayesian posterior summary; not an observed or recovered suppressed count.
19023,Butler County,19,Iowa,nonmetro_adjacent,Q1_lowest,suppressed_1_9,5.06675,5.0,4.0,8.0,5.912124712663004,5.83423764016756,4.667390112134047,9.334780224268094,1.0,Corrected constrained Bayesian posterior summary; not an observed or recovered suppressed count.
19025,Calhoun County,19,Iowa,nonmetro_nonadjacent,Q1_lowest,suppressed_1_9,2.4155277777777777,2.0,2.0,4.0,4.146472882632444,3.433181701141533,3.433181701141533,6.866363402283066,1.0,Corrected constrained Bayesian posterior summary; not an observed or recovered suppressed count.
19027,Carroll County,19,Iowa,nonmetro_nonadjacent,Q1_lowest,suppressed_1_9,5.511805555555555,5.0,4.0,8.0,4.508007520880926,4.089410879468704,3.2715287035749627,6.5430574071499255,1.0,Corrected constrained Bayesian posterior summary; not an observed or recovered suppressed count.
19029,Cass County,19,Iowa,nonmetro_adjacent,Q1_lowest,suppressed_1_9,2.535222222222222,2.0,2.0,4.0,3.251910855713565,2.5653852567309294,2.5653852567309294,5.130770513461859,0.39866666666666667,Corrected constrained Bayesian posterior summary; not an observed or recovered suppressed count.
19031,Cedar County,19,Iowa,nonmetro_adjacent,Q1_lowest,suppressed_1_9,5.4374722222222225,5.0,4.0,8.0,4.922838667880332,4.526771325619715,3.621417060495772,7.242834120991544,1.0,Corrected constrained Bayesian posterior summary; not an observed or recovered suppressed count.
19033,Cerro Gordo County,19,Iowa,nonmetro_nonadjacent,Q1_lowest,exact,10.0,10.0,10.0,10.0,3.9282389312020425,3.928238931204752,3.928238931204752,3.928238931204752,1.0,Corrected constrained Bayesian posterior summary; not an observed or recovered suppressed count.
19035,Cherokee County,19,Iowa,nonmetro_nonadjacent,Q1_lowest,suppressed_1_9,1.2849722222222222,1.0,1.0,3.0,1.8709009962182543,1.4559855566232784,1.4559855566232784,4.367956669869835,0.04041666666666666,Corrected constrained Bayesian posterior summary; not an observed or recovered suppressed count.
19037,Chickasaw County,19,Iowa,nonmetro_adjacent,Q1_lowest,suppressed_1_9,2.4476944444444446,2.0,2.0,4.0,3.459785495418548,2.826974995406166,2.826974995406166,5.653949990812332,0.3496944444444444,Corrected constrained Bayesian posterior summary; not an observed or recovered suppressed count.
19039,Clarke County,19,Iowa,nonmetro_adjacent,Q4_highest,suppressed_1_9,3.706777777777778,3.0,3.0,6.0,6.464896624825852,5.232223520588799,5.232223520588799,10.464447041177598,1.0,Corrected constrained Bayesian posterior summary; not an observed or recovered suppressed count.
19041,Clay County,19,Iowa,nonmetro_nonadjacent,Q1_lowest,zero,0.0,0.0,0.0,0.0,0.0,0.0,0.0,0.0,0.0,Corrected constrained Bayesian posterior summary; not an observed or recovered suppressed count.
19043,Clayton County,19,Iowa,nonmetro_adjacent,Q2,suppressed_1_9,6.728305555555556,7.0,5.0,9.0,6.545362668958226,6.809669731018046,4.864049807870033,8.75528965416606,1.0,Corrected constrained Bayesian posterior summary; not an observed or recovered suppressed count.
19045,Clinton County,19,Iowa,nonmetro_adjacent,Q2,suppressed_1_9,4.312805555555555,4.0,2.0,8.0,1.552480212654933,1.4398796260632611,0.7199398130316306,2.8797592521265223,0.012277777777777778,Corrected constrained Bayesian posterior summary; not an observed or recovered suppressed count.
19047,Crawford County,19,Iowa,nonmetro_nonadjacent,Q4_highest,suppressed_1_9,1.3635555555555556,1.0,1.0,3.0,1.386276629513774,1.0166631083457875,1.0166631083457875,3.0499893250373624,0.059166666666666666,Corrected constrained Bayesian posterior summary; not an observed or recovered suppressed count.
19049,Dallas County,19,Iowa,metro_other,Q1_lowest,suppressed_1_9,7.171194444444445,7.0,4.0,9.0,1.1407056633593107,1.1134741506975916,0.6362709432557666,1.4316096223254748,0.0,Corrected constrained Bayesian posterior summary; not an observed or recovered suppressed count.
19051,Davis County,19,Iowa,nonmetro_nonadjacent,Q2,zero,0.0,0.0,0.0,0.0,0.0,0.0,0.0,0.0,0.0,Corrected constrained Bayesian posterior summary; not an observed or recovered suppressed count.
19053,Decatur County,19,Iowa,nonmetro_nonadjacent,Q3,zero,0.0,0.0,0.0,0.0,0.0,0.0,0.0,0.0,0.0,Corrected constrained Bayesian posterior summary; not an observed or recovered suppressed count.
19055,Delaware County,19,Iowa,nonmetro_adjacent,Q1_lowest,suppressed_1_9,3.8114166666666667,4.0,3.0,6.0,3.6565612957903126,3.837482611406917,2.8781119585551878,5.7562239171103755,0.5434444444444444,Corrected constrained Bayesian posterior summary; not an observed or recovered suppressed count.
19057,Des Moines County,19,Iowa,nonmetro_nonadjacent,Q2,exact,16.0,16.0,16.0,16.0,6.9227208023385876,6.92272080234334,6.92272080234334,6.92272080234334,1.0,Corrected constrained Bayesian posterior summary; not an observed or recovered suppressed count.
19059,Dickinson County,19,Iowa,nonmetro_nonadjacent,Q1_lowest,suppressed_1_9,6.623666666666667,7.0,5.0,9.0,6.196133458057378,6.5481758652946676,4.677268475210477,8.419083255378858,1.0,Corrected constrained Bayesian posterior summary; not an observed or recovered suppressed count.
19061,Dubuque County,19,Iowa,metro_other,Q1_lowest,exact,23.0,23.0,23.0,23.0,3.895499004953359,3.8954990049540585,3.8954990049540585,3.8954990049540585,1.0,Corrected constrained Bayesian posterior summary; not an observed or recovered suppressed count.
19063,Emmet County,19,Iowa,nonmetro_nonadjacent,Q1_lowest,suppressed_1_9,2.3651944444444446,2.0,2.0,4.0,4.28547126242184,3.623779239368737,3.623779239368737,7.247558478737474,1.0,Corrected constrained Bayesian posterior summary; not an observed or recovered suppressed count.
19065,Fayette County,19,Iowa,nonmetro_adjacent,Q1_lowest,suppressed_1_9,2.7151944444444442,2.0,2.0,5.0,2.3442821264058598,1.7267876569218283,1.7267876569218283,4.316969142304571,0.16719444444444445,Corrected constrained Bayesian posterior summary; not an observed or recovered suppressed count.
19067,Floyd County,19,Iowa,nonmetro_nonadjacent,Q1_lowest,suppressed_1_9,3.796972222222222,4.0,3.0,6.0,4.117923152747822,4.338112487256795,3.253584365442596,6.507168730885192,1.0,Corrected constrained Bayesian posterior summary; not an observed or recovered suppressed count.
19069,Franklin County,19,Iowa,nonmetro_nonadjacent,Q1_lowest,suppressed_1_9,1.2233611111111111,1.0,1.0,3.0,2.045480723499778,1.6720171214553237,1.6720171214553237,5.016051364365971,0.19133333333333333,Corrected constrained Bayesian posterior summary; not an observed or recovered suppressed count.
19071,Fremont County,19,Iowa,nonmetro_adjacent,Q1_lowest,suppressed_1_9,2.268222222222222,2.0,2.0,4.0,5.717438551682129,5.04133897963299,5.04133897963299,10.08267795926598,1.0,Corrected constrained Bayesian posterior summary; not an observed or recovered suppressed count.
19073,Greene County,19,Iowa,nonmetro_adjacent,Q1_lowest,zero,0.0,0.0,0.0,0.0,0.0,0.0,0.0,0.0,0.0,Corrected constrained Bayesian posterior summary; not an observed or recovered suppressed count.
19075,Grundy County,19,Iowa,metro_other,Q1_lowest,suppressed_1_9,1.1664166666666667,1.0,1.0,2.0,1.5774964724116165,1.352429639847987,1.352429639847987,2.704859279695974,0.016555555555555556,Corrected constrained Bayesian posterior summary; not an observed or recovered suppressed count.
19077,Guthrie County,19,Iowa,metro_other,Q1_lowest,zero,0.0,0.0,0.0,0.0,0.0,0.0,0.0,0.0,0.0,Corrected constrained Bayesian posterior summary; not an observed or recovered suppressed count.
19079,Hamilton County,19,Iowa,nonmetro_adjacent,Q1_lowest,suppressed_1_9,2.5837777777777777,2.0,2.0,5.0,2.9102823552093255,2.252734256203467,2.252734256203467,5.631835640508667,0.42291666666666666,Corrected constrained Bayesian posterior summary; not an observed or recovered suppressed count.
19081,Hancock County,19,Iowa,nonmetro_nonadjacent,Q1_lowest,suppressed_1_9,3.66575,3.0,3.0,6.0,5.753264486158899,4.708393496139117,4.708393496139117,9.416786992278235,1.0,Corrected constrained Bayesian posterior summary; not an observed or recovered suppressed count.
19083,Hardin County,19,Iowa,nonmetro_adjacent,Q1_lowest,suppressed_1_9,3.8781666666666665,4.0,3.0,6.0,3.8928426835837437,4.015137066741616,3.011352800056212,6.022705600112424,1.0,Corrected constrained Bayesian posterior summary; not an observed or recovered suppressed count.
19085,Harrison County,19,Iowa,metro_other,Q1_lowest,suppressed_1_9,1.262361111111111,1.0,1.0,3.0,1.457691814216335,1.1547344110854505,1.1547344110854505,3.464203233256351,0.036583333333333336,Corrected constrained Bayesian posterior summary; not an observed or recovered suppressed count.
19087,Henry County,19,Iowa,nonmetro_adjacent,Q1_lowest,suppressed_1_9,2.5701111111111112,2.0,2.0,5.0,2.157183118557659,1.6786691510970102,1.6786691510970102,4.196672877742526,0.11863888888888889,Corrected constrained Bayesian posterior summary; not an observed or recovered suppressed count.
19089,Howard County,19,Iowa,nonmetro_adjacent,Q1_lowest,suppressed_1_9,2.355888888888889,2.0,2.0,4.0,4.20086818867025,3.5662702162942885,3.5662702162942885,7.132540432588577,1.0,Corrected constrained Bayesian posterior summary; not an observed or recovered suppressed count.
19091,Humboldt County,19,Iowa,nonmetro_nonadjacent,Q1_lowest,suppressed_1_9,1.1375555555555557,1.0,1.0,2.0,1.9833935829334202,1.743557554834885,1.743557554834885,3.48711510966977,0.12491666666666666,Corrected constrained Bayesian posterior summary; not an observed or recovered suppressed count.
19093,Ida County,19,Iowa,nonmetro_adjacent,Q1_lowest,suppressed_1_9,1.1122222222222222,1.0,1.0,2.0,2.700879607146647,2.4283632831471587,2.4283632831471587,4.856726566294317,0.10355555555555555,Corrected constrained Bayesian posterior summary; not an observed or recovered suppressed count.
19095,Iowa County,19,Iowa,nonmetro_adjacent,Q1_lowest,suppressed_1_9,2.721111111111111,2.0,2.0,5.0,2.7718639398510514,2.0373030182644216,2.0373030182644216,5.093257545661054,0.49316666666666664,Corrected constrained Bayesian posterior summary; not an observed or recovered suppressed count.
19097,Jackson County,19,Iowa,nonmetro_adjacent,Q1_lowest,suppressed_1_9,4.080694444444444,4.0,3.0,7.0,3.515779064380137,3.4462556432436156,2.5846917324327117,6.030947375676328,0.6408055555555555,Corrected constrained Bayesian posterior summary; not an observed or recovered suppressed count.
19099,Jasper County,19,Iowa,metro_other,Q1_lowest,suppressed_1_9,4.864361111111111,5.0,3.0,8.0,2.151791379809707,2.211792392318887,1.3270754353913323,3.5388678277102197,0.13552777777777777,Corrected constrained Bayesian posterior summary; not an observed or recovered suppressed count.
19101,Jefferson County,19,Iowa,nonmetro_nonadjacent,Q3,suppressed_1_9,1.4420277777777777,1.0,1.0,3.0,1.4535398130969652,1.0079832271591,1.0079832271591,3.0239496814773004,0.08416666666666667,Corrected constrained Bayesian posterior summary; not an observed or recovered suppressed count.
19103,Johnson County,19,Iowa,metro_other,Q2,exact,22.0,22.0,22.0,22.0,2.3563282408087454,2.356328240808178,2.356328240808178,2.356328240808178,0.0,Corrected constrained Bayesian posterior summary; not an observed or recovered suppressed count.
19105,Jones County,19,Iowa,metro_other,Q1_lowest,suppressed_1_9,1.2765555555555557,1.0,1.0,3.0,1.0215141241740746,0.8002112557715236,0.8002112557715236,2.400633767314571,0.005111111111111111,Corrected constrained Bayesian posterior summary; not an observed or recovered suppressed count.
19107,Keokuk County,19,Iowa,nonmetro_adjacent,Q1_lowest,suppressed_1_9,3.547638888888889,3.0,3.0,5.0,5.920823273284364,5.006842685002837,5.006842685002837,8.344737808338062,1.0,Corrected constrained Bayesian posterior summary; not an observed or recovered suppressed count.
19109,Kossuth County,19,Iowa,nonmetro_nonadjacent,Q1_lowest,suppressed_1_9,2.6315,2.0,2.0,5.0,3.014283914273118,2.2909245025830174,2.2909245025830174,5.7273112564575435,0.45402777777777775,Corrected constrained Bayesian posterior summary; not an observed or recovered suppressed count.
19111,Lee County,19,Iowa,nonmetro_nonadjacent,Q2,exact,14.0,14.0,14.0,14.0,7.065960743545749,7.0659607435409555,7.0659607435409555,7.0659607435409555,1.0,Corrected constrained Bayesian posterior summary; not an observed or recovered suppressed count.
19113,Linn County,19,Iowa,metro_other,Q1_lowest,exact,31.0,31.0,31.0,31.0,2.257392231366018,2.2573922313666834,2.2573922313666834,2.2573922313666834,0.0,Corrected constrained Bayesian posterior summary; not an observed or recovered suppressed count.
19115,Louisa County,19,Iowa,nonmetro_adjacent,Q2,suppressed_1_9,1.2148055555555555,1.0,1.0,3.0,1.8800674078099373,1.547628259692022,1.547628259692022,4.642884779076066,0.18375,Corrected constrained Bayesian posterior summary; not an observed or recovered suppressed count.
19117,Lucas County,19,Iowa,nonmetro_adjacent,Q2,suppressed_1_9,3.4387777777777777,3.0,3.0,5.0,6.61023754907095,5.766790973049864,5.766790973049864,9.611318288416438,1.0,Corrected constrained Bayesian posterior summary; not an observed or recovered suppressed count.
19119,Lyon County,19,Iowa,nonmetro_adjacent,Q1_lowest,suppressed_1_9,2.3599722222222224,2.0,2.0,4.0,3.259495079242251,2.762316478598953,2.762316478598953,5.524632957197906,0.29455555555555557,Corrected constrained Bayesian posterior summary; not an observed or recovered suppressed count.
19121,Madison County,19,Iowa,metro_other,Q1_lowest,suppressed_1_9,1.2108055555555555,1.0,1.0,3.0,1.2011959876544478,0.9920634920634921,0.9920634920634921,2.9761904761904763,0.025555555555555557,Corrected constrained Bayesian posterior summary; not an observed or recovered suppressed count.
19123,Mahaska County,19,Iowa,nonmetro_nonadjacent,Q1_lowest,suppressed_1_9,4.318777777777778,4.0,3.0,7.0,3.2643082755320387,3.0233630378751806,2.2675222784063855,5.290885316281566,0.7091388888888889,Corrected constrained Bayesian posterior summary; not an observed or recovered suppressed count.
19125,Marion County,19,Iowa,nonmetro_adjacent,Q1_lowest,suppressed_1_9,4.995111111111111,5.0,3.0,8.0,2.481907131093562,2.4843362598814474,1.4906017559288685,3.974938015810316,0.3308333333333333,Corrected constrained Bayesian posterior summary; not an observed or recovered suppressed count.
19127,Marshall County,19,Iowa,nonmetro_adjacent,Q3,exact,10.0,10.0,10.0,10.0,4.184065405309097,4.184065405310416,4.184065405310416,4.184065405310416,1.0,Corrected constrained Bayesian posterior summary; not an observed or recovered suppressed count.
19129,Mills County,19,Iowa,metro_other,Q1_lowest,exact,13.0,13.0,13.0,13.0,14.732046734588408,14.732046734585179,14.732046734585179,14.732046734585179,1.0,Corrected constrained Bayesian posterior summary; not an observed or recovered suppressed count.
19131,Mitchell County,19,Iowa,nonmetro_nonadjacent,Q1_lowest,suppressed_1_9,2.47075,2.0,2.0,4.0,3.8927839924362657,3.1510950055144162,3.1510950055144162,6.3021900110288325,1.0,Corrected constrained Bayesian posterior summary; not an observed or recovered suppressed count.
19133,Monona County,19,Iowa,nonmetro_adjacent,Q1_lowest,suppressed_1_9,2.2946944444444446,2.0,2.0,4.0,4.482262807781287,3.906631506983104,3.906631506983104,7.813263013966208,1.0,Corrected constrained Bayesian posterior summary; not an observed or recovered suppressed count.
19135,Monroe County,19,Iowa,nonmetro_nonadjacent,Q1_lowest,suppressed_1_9,2.2269444444444444,2.0,2.0,3.0,4.892877893492198,4.394252317968098,4.394252317968098,6.591378476952147,1.0,Corrected constrained Bayesian posterior summary; not an observed or recovered suppressed count.
19137,Montgomery County,19,Iowa,nonmetro_adjacent,Q1_lowest,zero,0.0,0.0,0.0,0.0,0.0,0.0,0.0,0.0,0.0,Corrected constrained Bayesian posterior summary; not an observed or recovered suppressed count.
19139,Muscatine County,19,Iowa,nonmetro_adjacent,Q2,exact,17.0,17.0,17.0,17.0,6.680472977488411,6.680472977486806,6.680472977486806,6.680472977486806,1.0,Corrected constrained Bayesian posterior summary; not an observed or recovered suppressed count.
19141,O'Brien County,19,Iowa,nonmetro_nonadjacent,Q2,suppressed_1_9,5.153833333333333,5.0,4.0,8.0,6.151700704632636,5.9680826937538045,4.774466155003044,9.548932310006087,1.0,Corrected constrained Bayesian posterior summary; not an observed or recovered suppressed count.
19143,Osceola County,19,Iowa,nonmetro_nonadjacent,Q2,zero,0.0,0.0,0.0,0.0,0.0,0.0,0.0,0.0,0.0,Corrected constrained Bayesian posterior summary; not an observed or recovered suppressed count.
19145,Page County,19,Iowa,nonmetro_adjacent,Q2,suppressed_1_9,1.2627777777777778,1.0,1.0,3.0,1.3942253431284213,1.1040939804796184,1.1040939804796184,3.3122819414388553,0.03575,Corrected constrained Bayesian posterior summary; not an observed or recovered suppressed count.
19147,Palo Alto County,19,Iowa,nonmetro_nonadjacent,Q1_lowest,suppressed_1_9,2.350861111111111,2.0,2.0,4.0,4.433913827067695,3.7721614485099964,3.7721614485099964,7.544322897019993,1.0,Corrected constrained Bayesian posterior summary; not an observed or recovered suppressed count.
19149,Plymouth County,19,Iowa,nonmetro_adjacent,Q1_lowest,suppressed_1_9,5.7306944444444445,6.0,4.0,9.0,3.7388561950785983,3.914558242102379,2.609705494734919,5.871837363153568,0.8134166666666667,Corrected constrained Bayesian posterior summary; not an observed or recovered suppressed count.
19151,Pocahontas County,19,Iowa,nonmetro_nonadjacent,Q1_lowest,zero,0.0,0.0,0.0,0.0,0.0,0.0,0.0,0.0,0.0,Corrected constrained Bayesian posterior summary; not an observed or recovered suppressed count.
19153,Polk County,19,Iowa,metro_other,Q2,exact,87.0,87.0,87.0,87.0,2.896316850407832,2.896316850405235,2.896316850405235,2.896316850405235,0.0,Corrected constrained Bayesian posterior summary; not an observed or recovered suppressed count.
19155,Pottawattamie County,19,Iowa,metro_other,Q2,exact,19.0,19.0,19.0,19.0,3.394560484813027,3.394560484814702,3.394560484814702,3.394560484814702,1.0,Corrected constrained Bayesian posterior summary; not an observed or recovered suppressed count.
19157,Poweshiek County,19,Iowa,nonmetro_adjacent,Q1_lowest,suppressed_1_9,2.8326944444444444,3.0,2.0,5.0,2.555545531547264,2.7064820244485546,1.8043213496323696,4.510803374080924,0.20572222222222222,Corrected constrained Bayesian posterior summary; not an observed or recovered suppressed count.
19159,Ringgold County,19,Iowa,nonmetro_nonadjacent,Q1_lowest,suppressed_1_9,2.1454444444444443,2.0,2.0,3.0,7.593418434362341,7.078643731860976,7.078643731860976,10.617965597791464,1.0,Corrected constrained Bayesian posterior summary; not an observed or recovered suppressed count.
19161,Sac County,19,Iowa,nonmetro_nonadjacent,Q1_lowest,suppressed_1_9,1.1430833333333332,1.0,1.0,2.0,1.9719212899057683,1.7250897046646425,1.7250897046646425,3.450179409329285,0.1305,Corrected constrained Bayesian posterior summary; not an observed or recovered suppressed count.
19163,Scott County,19,Iowa,metro_other,Q2,exact,35.0,35.0,35.0,35.0,3.3520922802272257,3.352092280227253,3.352092280227253,3.352092280227253,1.0,Corrected constrained Bayesian posterior summary; not an observed or recovered suppressed count.
19165,Shelby County,19,Iowa,nonmetro_adjacent,Q1_lowest,suppressed_1_9,3.7288055555555557,4.0,3.0,6.0,5.332502296079219,5.72033292337614,4.290249692532105,8.58049938506421,1.0,Corrected constrained Bayesian posterior summary; not an observed or recovered suppressed count.
19167,Sioux County,19,Iowa,nonmetro_adjacent,Q1_lowest,suppressed_1_9,6.244583333333333,6.0,4.0,9.0,2.9093152442142465,2.7953652843585335,1.8635768562390223,4.1930479265378,0.4103888888888889,Corrected constrained Bayesian posterior summary; not an observed or recovered suppressed count.
19169,Story County,19,Iowa,metro_other,Q1_lowest,exact,10.0,10.0,10.0,10.0,1.679083489069185,1.679083489068327,1.679083489068327,1.679083489068327,0.0,Corrected constrained Bayesian posterior summary; not an observed or recovered suppressed count.
19171,Tama County,19,Iowa,nonmetro_adjacent,Q2,suppressed_1_9,1.39325,1.0,1.0,3.0,1.3795100796066975,0.9901382232959721,0.9901382232959721,2.9704146698879166,0.073,Corrected constrained Bayesian posterior summary; not an observed or recovered suppressed count.
19173,Taylor County,19,Iowa,nonmetro_nonadjacent,Q1_lowest,zero,0.0,0.0,0.0,0.0,0.0,0.0,0.0,0.0,0.0,Corrected constrained Bayesian posterior summary; not an observed or recovered suppressed count.
19175,Union County,19,Iowa,nonmetro_adjacent,Q2,suppressed_1_9,3.8198055555555555,4.0,3.0,6.0,5.293228695133002,5.542929992794191,4.157197494595643,8.314394989191285,1.0,Corrected constrained Bayesian posterior summary; not an observed or recovered suppressed count.
19177,Van Buren County,19,Iowa,nonmetro_nonadjacent,Q2,zero,0.0,0.0,0.0,0.0,0.0,0.0,0.0,0.0,0.0,Corrected constrained Bayesian posterior summary; not an observed or recovered suppressed count.
19179,Wapello County,19,Iowa,nonmetro_nonadjacent,Q4_highest,suppressed_1_9,7.714416666666667,8.0,5.0,9.0,3.6543897047209852,3.7896731406916158,2.3685457129322596,4.263382283278068,0.837,Corrected constrained Bayesian posterior summary; not an observed or recovered suppressed count.
19181,Warren County,19,Iowa,metro_other,Q1_lowest,suppressed_1_9,7.036972222222222,7.0,4.0,9.0,2.178575212447783,2.167128987517337,1.2383594214384783,2.786308698236576,0.0,Corrected constrained Bayesian posterior summary; not an observed or recovered suppressed count.
19183,Washington County,19,Iowa,metro_other,Q1_lowest,suppressed_1_9,6.612916666666667,6.0,5.0,9.0,4.927290564536359,4.470605767081439,3.7255048059012,6.705908650622159,1.0,Corrected constrained Bayesian posterior summary; not an observed or recovered suppressed count.
19185,Wayne County,19,Iowa,nonmetro_nonadjacent,Q2,zero,0.0,0.0,0.0,0.0,0.0,0.0,0.0,0.0,0.0,Corrected constrained Bayesian posterior summary; not an observed or recovered suppressed count.
19187,Webster County,19,Iowa,nonmetro_nonadjacent,Q2,suppressed_1_9,6.395694444444445,6.0,4.0,9.0,2.9203417476514004,2.7396634780027855,1.8264423186685235,4.109495217004178,0.45616666666666666,Corrected constrained Bayesian posterior summary; not an observed or recovered suppressed count.
19189,Winnebago County,19,Iowa,nonmetro_nonadjacent,Q1_lowest,suppressed_1_9,1.1771944444444444,1.0,1.0,2.0,1.8727838054726311,1.5908873969900412,1.5908873969900412,3.1817747939800824,0.15788888888888888,Corrected constrained Bayesian posterior summary; not an observed or recovered suppressed count.
19191,Winneshiek County,19,Iowa,nonmetro_nonadjacent,Q1_lowest,suppressed_1_9,4.145694444444445,4.0,3.0,7.0,3.4762692709386234,3.354100807499769,2.515575605624827,5.869676413124597,0.659,Corrected constrained Bayesian posterior summary; not an observed or recovered suppressed count.
19193,Woodbury County,19,Iowa,metro_other,Q3,exact,19.0,19.0,19.0,19.0,3.0123777014273827,3.012377701428977,3.012377701428977,3.012377701428977,1.0,Corrected constrained Bayesian posterior summary; not an observed or recovered suppressed count.
19195,Worth County,19,Iowa,nonmetro_nonadjacent,Q1_lowest,suppressed_1_9,3.351472222222222,3.0,3.0,5.0,7.608681942928238,6.810751907010534,6.810751907010534,11.351253178350891,1.0,Corrected constrained Bayesian posterior summary; not an observed or recovered suppressed count.
19197,Wright County,19,Iowa,nonmetro_nonadjacent,Q2,suppressed_1_9,2.546361111111111,2.0,2.0,4.0,3.3580307153094573,2.6375133524113465,2.6375133524113465,5.275026704822693,0.40655555555555556,Corrected constrained Bayesian posterior summary; not an observed or recovered suppressed count.
20001,Allen County,20,Kansas,nonmetro_nonadjacent,Q3,zero,0.0,0.0,0.0,0.0,0.0,0.0,0.0,0.0,0.0,Corrected constrained Bayesian posterior summary; not an observed or recovered suppressed count.
20003,Anderson County,20,Kansas,nonmetro_adjacent,Q2,zero,0.0,0.0,0.0,0.0,0.0,0.0,0.0,0.0,0.0,Corrected constrained Bayesian posterior summary; not an observed or recovered suppressed count.
20005,Atchison County,20,Kansas,nonmetro_adjacent,Q2,suppressed_1_9,1.2313888888888889,1.0,1.0,3.0,1.2734114673103711,1.0341261633919339,1.0341261633919339,3.102378490175801,0.029138888888888888,Corrected constrained Bayesian posterior summary; not an observed or recovered suppressed count.
20007,Barber County,20,Kansas,nonmetro_nonadjacent,Q3,suppressed_1_9,2.1152777777777776,2.0,2.0,3.0,8.407972723495941,7.949757532395262,7.949757532395262,11.924636298592892,1.0,Corrected constrained Bayesian posterior summary; not an observed or recovered suppressed count.
20009,Barton County,20,Kansas,nonmetro_nonadjacent,Q3,suppressed_1_9,5.4663055555555555,5.0,4.0,8.0,3.6089085778134424,3.301049073395525,2.64083925871642,5.28167851743284,0.7625277777777778,Corrected constrained Bayesian posterior summary; not an observed or recovered suppressed count.
20011,Bourbon County,20,Kansas,nonmetro_adjacent,Q3,suppressed_1_9,2.4209722222222223,2.0,2.0,4.0,2.7950312550904326,2.3090155512197374,2.3090155512197374,4.618031102439475,0.3383888888888889,Corrected constrained Bayesian posterior summary; not an observed or recovered suppressed count.
20013,Brown County,20,Kansas,nonmetro_adjacent,Q1_lowest,suppressed_1_9,2.2583611111111113,2.0,2.0,4.0,4.01436463215225,3.5551131414757275,3.5551131414757275,7.110226282951455,1.0,Corrected constrained Bayesian posterior summary; not an observed or recovered suppressed count.
20015,Butler County,20,Kansas,metro_other,Q1_lowest,suppressed_1_9,7.5303611111111115,8.0,5.0,9.0,1.8464823160869563,1.9616401273104442,1.2260250795690277,2.2068451432242497,0.0,Corrected constrained Bayesian posterior summary; not an observed or recovered suppressed count.
20017,Chase County,20,Kansas,nonmetro_adjacent,Q1_lowest,zero,0.0,0.0,0.0,0.0,0.0,0.0,0.0,0.0,0.0,Corrected constrained Bayesian posterior summary; not an observed or recovered suppressed count.
20019,Chautauqua County,20,Kansas,nonmetro_nonadjacent,Q3,suppressed_1_9,2.0874722222222224,2.0,2.0,3.0,10.449900992307413,10.012014417300762,10.012014417300762,15.01802162595114,1.0,Corrected constrained Bayesian posterior summary; not an observed or recovered suppressed count.
20021,Cherokee County,20,Kansas,metro_other,Q2,suppressed_1_9,6.122805555555556,6.0,5.0,9.0,5.277143335968324,5.171299288946348,4.309416074121957,7.7569489334195225,1.0,Corrected constrained Bayesian posterior summary; not an observed or recovered suppressed count.
20023,Cheyenne County,20,Kansas,nonmetro_nonadjacent,Q2,suppressed_1_9,1.0271666666666666,1.0,1.0,2.0,6.519623399980954,6.34719136781974,6.34719136781974,12.69438273563948,1.0,Corrected constrained Bayesian posterior summary; not an observed or recovered suppressed count.
20025,Clark County,20,Kansas,nonmetro_nonadjacent,Q1_lowest,suppressed_1_9,3.06625,3.0,3.0,4.0,26.462846293254806,25.89108483645465,25.89108483645465,34.5214464486062,1.0,Corrected constrained Bayesian posterior summary; not an observed or recovered suppressed count.
20027,Clay County,20,Kansas,nonmetro_adjacent,Q2,zero,0.0,0.0,0.0,0.0,0.0,0.0,0.0,0.0,0.0,Corrected constrained Bayesian posterior summary; not an observed or recovered suppressed count.
20029,Cloud County,20,Kansas,nonmetro_nonadjacent,Q2,suppressed_1_9,1.0898055555555555,1.0,1.0,2.0,2.0609420668983724,1.8911098923958471,1.8911098923958471,3.7822197847916943,0.08536111111111111,Corrected constrained Bayesian posterior summary; not an observed or recovered suppressed count.
20031,Coffey County,20,Kansas,nonmetro_adjacent,Q2,zero,0.0,0.0,0.0,0.0,0.0,0.0,0.0,0.0,0.0,Corrected constrained Bayesian posterior summary; not an observed or recovered suppressed count.
20033,Comanche County,20,Kansas,nonmetro_nonadjacent,Q2,zero,0.0,0.0,0.0,0.0,0.0,0.0,0.0,0.0,0.0,Corrected constrained Bayesian posterior summary; not an observed or recovered suppressed count.
20035,Cowley County,20,Kansas,nonmetro_adjacent,Q4_highest,exact,12.0,12.0,12.0,12.0,5.801922370274471,5.801922370278686,5.801922370278686,5.801922370278686,1.0,Corrected constrained Bayesian posterior summary; not an observed or recovered suppressed count.
20037,Crawford County,20,Kansas,nonmetro_adjacent,Q3,suppressed_1_9,4.6441944444444445,4.0,3.0,8.0,1.989766432642556,1.7137666878031226,1.2853250158523417,3.427533375606245,0.0945,Corrected constrained Bayesian posterior summary; not an observed or recovered suppressed count.
20039,Decatur County,20,Kansas,nonmetro_nonadjacent,Q1_lowest,zero,0.0,0.0,0.0,0.0,0.0,0.0,0.0,0.0,0.0,Corrected constrained Bayesian posterior summary; not an observed or recovered suppressed count.
20041,Dickinson County,20,Kansas,nonmetro_adjacent,Q1_lowest,suppressed_1_9,6.032916666666667,6.0,5.0,8.0,5.450429288594035,5.420690776694643,4.517242313912202,7.227587702259525,1.0,Corrected constrained Bayesian posterior summary; not an observed or recovered suppressed count.
20043,Doniphan County,20,Kansas,metro_other,Q1_lowest,zero,0.0,0.0,0.0,0.0,0.0,0.0,0.0,0.0,0.0,Corrected constrained Bayesian posterior summary; not an observed or recovered suppressed count.
20045,Douglas County,20,Kansas,metro_other,Q2,exact,22.0,22.0,22.0,22.0,3.0275590442802875,3.0275590442821794,3.0275590442821794,3.0275590442821794,1.0,Corrected constrained Bayesian posterior summary; not an observed or recovered suppressed count.
20047,Edwards County,20,Kansas,nonmetro_nonadjacent,Q2,zero,0.0,0.0,0.0,0.0,0.0,0.0,0.0,0.0,0.0,Corrected constrained Bayesian posterior summary; not an observed or recovered suppressed count.
20049,Elk County,20,Kansas,nonmetro_adjacent,Q2,zero,0.0,0.0,0.0,0.0,0.0,0.0,0.0,0.0,0.0,Corrected constrained Bayesian posterior summary; not an observed or recovered suppressed count.
20051,Ellis County,20,Kansas,nonmetro_nonadjacent,Q1_lowest,suppressed_1_9,2.670166666666667,2.0,2.0,5.0,1.5454857654394507,1.1575949806681638,1.1575949806681638,2.8939874516704096,0.008222222222222223,Corrected constrained Bayesian posterior summary; not an observed or recovered suppressed count.
20053,Ellsworth County,20,Kansas,nonmetro_nonadjacent,Q1_lowest,zero,0.0,0.0,0.0,0.0,0.0,0.0,0.0,0.0,0.0,Corrected constrained Bayesian posterior summary; not an observed or recovered suppressed count.
20055,Finney County,20,Kansas,nonmetro_nonadjacent,Q4_highest,suppressed_1_9,4.674277777777778,4.0,3.0,8.0,2.087094528859096,1.7860252454668446,1.3395189341001335,3.572050490933689,0.09833333333333333,Corrected constrained Bayesian posterior summary; not an observed or recovered suppressed count.
20057,Ford County,20,Kansas,nonmetro_nonadjacent,Q3,suppressed_1_9,5.667888888888889,5.0,4.0,9.0,2.795202931808531,2.465823683743318,1.9726589469946543,4.438482630737972,0.4988611111111111,Corrected constrained Bayesian posterior summary; not an observed or recovered suppressed count.
20059,Franklin County,20,Kansas,nonmetro_adjacent,Q1_lowest,suppressed_1_9,3.983611111111111,4.0,3.0,6.0,2.559783008367495,2.5703141566477963,1.927735617485847,3.855471234971694,0.2616111111111111,Corrected constrained Bayesian posterior summary; not an observed or recovered suppressed count.
20061,Geary County,20,Kansas,metro_other,Q3,suppressed_1_9,5.428222222222222,5.0,4.0,8.0,2.6348163141385266,2.4269606201369776,1.941568496109582,3.883136992219164,0.18316666666666667,Corrected constrained Bayesian posterior summary; not an observed or recovered suppressed count.
20063,Gove County,20,Kansas,nonmetro_nonadjacent,Q1_lowest,zero,0.0,0.0,0.0,0.0,0.0,0.0,0.0,0.0,0.0,Corrected constrained Bayesian posterior summary; not an observed or recovered suppressed count.
20065,Graham County,20,Kansas,nonmetro_nonadjacent,Q2,zero,0.0,0.0,0.0,0.0,0.0,0.0,0.0,0.0,0.0,Corrected constrained Bayesian posterior summary; not an observed or recovered suppressed count.
20067,Grant County,20,Kansas,nonmetro_nonadjacent,Q2,zero,0.0,0.0,0.0,0.0,0.0,0.0,0.0,0.0,0.0,Corrected constrained Bayesian posterior summary; not an observed or recovered suppressed count.
20069,Gray County,20,Kansas,nonmetro_nonadjacent,Q2,suppressed_1_9,1.0709722222222222,1.0,1.0,2.0,3.078567960854555,2.8745544440611703,2.8745544440611703,5.749108888122341,0.0675,Corrected constrained Bayesian posterior summary; not an observed or recovered suppressed count.
20071,Greeley County,20,Kansas,nonmetro_nonadjacent,Q2,zero,0.0,0.0,0.0,0.0,0.0,0.0,0.0,0.0,0.0,Corrected constrained Bayesian posterior summary; not an observed or recovered suppressed count.
20073,Greenwood County,20,Kansas,nonmetro_adjacent,Q2,suppressed_1_9,3.2429722222222224,3.0,3.0,5.0,9.143117150815785,8.45809016324114,8.45809016324114,14.096816938735234,1.0,Corrected constrained Bayesian posterior summary; not an observed or recovered suppressed count.
20075,Hamilton County,20,Kansas,nonmetro_nonadjacent,Q2,suppressed_1_9,1.0229166666666667,1.0,1.0,1.0,6.910198383207995,6.755387421468622,6.755387421468622,6.755387421468622,1.0,Corrected constrained Bayesian posterior summary; not an observed or recovered suppressed count.
20077,Harper County,20,Kansas,nonmetro_adjacent,Q3,suppressed_1_9,2.1880277777777777,2.0,2.0,3.0,6.779537019821328,6.196938712276135,6.196938712276135,9.295408068414202,1.0,Corrected constrained Bayesian posterior summary; not an observed or recovered suppressed count.
20079,Harvey County,20,Kansas,metro_other,Q2,suppressed_1_9,4.288388888888889,4.0,3.0,7.0,2.1074821061555444,1.9657565213972599,1.4743173910479448,3.4400739124452047,0.14941666666666667,Corrected constrained Bayesian posterior summary; not an observed or recovered suppressed count.
20081,Haskell County,20,Kansas,nonmetro_nonadjacent,Q2,suppressed_1_9,2.0861388888888888,2.0,2.0,3.0,9.331449672969246,8.946144211844695,8.946144211844695,13.419216317767042,1.0,Corrected constrained Bayesian posterior summary; not an observed or recovered suppressed count.
20083,Hodgeman County,20,Kansas,nonmetro_nonadjacent,Q1_lowest,zero,0.0,0.0,0.0,0.0,0.0,0.0,0.0,0.0,0.0,Corrected constrained Bayesian posterior summary; not an observed or recovered suppressed count.
20085,Jackson County,20,Kansas,metro_other,Q1_lowest,suppressed_1_9,2.243888888888889,2.0,2.0,4.0,2.8125252423969953,2.5068311147877966,2.5068311147877966,5.013662229575593,0.21294444444444444,Corrected constrained Bayesian posterior summary; not an observed or recovered suppressed count.
20087,Jefferson County,20,Kansas,metro_other,Q1_lowest,zero,0.0,0.0,0.0,0.0,0.0,0.0,0.0,0.0,0.0,Corrected constrained Bayesian posterior summary; not an observed or recovered suppressed count.
20089,Jewell County,20,Kansas,nonmetro_nonadjacent,Q1_lowest,zero,0.0,0.0,0.0,0.0,0.0,0.0,0.0,0.0,0.0,Corrected constrained Bayesian posterior summary; not an observed or recovered suppressed count.
20091,Johnson County,20,Kansas,metro_large,Q1_lowest,exact,65.0,65.0,65.0,65.0,1.7583972939085906,1.7583972939077215,1.7583972939077215,1.7583972939077215,0.0,Corrected constrained Bayesian posterior summary; not an observed or recovered suppressed count.
20093,Kearny County,20,Kansas,nonmetro_nonadjacent,Q3,suppressed_1_9,1.0528333333333333,1.0,1.0,2.0,4.585511033680266,4.355400696864112,4.355400696864112,8.710801393728223,1.0,Corrected constrained Bayesian posterior summary; not an observed or recovered suppressed count.
20095,Kingman County,20,Kansas,nonmetro_adjacent,Q1_lowest,suppressed_1_9,4.315972222222222,4.0,4.0,6.0,10.102221806104922,9.362638391498724,9.362638391498724,14.043957587248087,1.0,Corrected constrained Bayesian posterior summary; not an observed or recovered suppressed count.
20097,Kiowa County,20,Kansas,nonmetro_nonadjacent,Q2,suppressed_1_9,1.0274722222222221,1.0,1.0,2.0,7.067979791037149,6.878998417830364,6.878998417830364,13.757996835660729,1.0,Corrected constrained Bayesian posterior summary; not an observed or recovered suppressed count.
20099,Labette County,20,Kansas,nonmetro_nonadjacent,Q2,suppressed_1_9,4.975222222222222,5.0,4.0,7.0,4.205846687649663,4.226792794163645,3.381434235330916,5.917509911829102,1.0,Corrected constrained Bayesian posterior summary; not an observed or recovered suppressed count.
20101,Lane County,20,Kansas,nonmetro_nonadjacent,Q1_lowest,suppressed_1_9,2.0353055555555555,2.0,2.0,3.0,22.159015302746703,21.774632553075666,21.774632553075666,32.6619488296135,1.0,Corrected constrained Bayesian posterior summary; not an observed or recovered suppressed count.
20103,Leavenworth County,20,Kansas,metro_large,Q1_lowest,suppressed_1_9,7.517027777777778,8.0,5.0,9.0,1.511665294725527,1.608790430914517,1.0054940193215731,1.8098892347788316,0.0,Corrected constrained Bayesian posterior summary; not an observed or recovered suppressed count.
20105,Lincoln County,20,Kansas,nonmetro_nonadjacent,Q1_lowest,suppressed_1_9,1.0324444444444445,1.0,1.0,2.0,5.86682830120033,5.6824639163541315,5.6824639163541315,11.364927832708263,1.0,Corrected constrained Bayesian posterior summary; not an observed or recovered suppressed count.
20107,Linn County,20,Kansas,metro_large,Q2,suppressed_1_9,1.0829722222222222,1.0,1.0,2.0,1.8480439279566134,1.7064555212368389,1.7064555212368389,3.4129110424736777,0.07830555555555556,Corrected constrained Bayesian posterior summary; not an observed or recovered suppressed count.
20109,Logan County,20,Kansas,nonmetro_nonadjacent,Q2,zero,0.0,0.0,0.0,0.0,0.0,0.0,0.0,0.0,0.0,Corrected constrained Bayesian posterior summary; not an observed or recovered suppressed count.
20111,Lyon County,20,Kansas,nonmetro_adjacent,Q3,suppressed_1_9,5.841444444444445,6.0,4.0,9.0,2.99825715217707,3.079639476871908,2.053092984581272,4.619459215307861,0.5535555555555556,Corrected constrained Bayesian posterior summary; not an observed or recovered suppressed count.
20113,McPherson County,20,Kansas,nonmetro_nonadjacent,Q1_lowest,suppressed_1_9,4.151555555555555,4.0,3.0,7.0,2.337943018113998,2.252594707528735,1.6894460306465509,3.9420407381752858,0.11766666666666667,Corrected constrained Bayesian posterior summary; not an observed or recovered suppressed count.
20115,Marion County,20,Kansas,nonmetro_adjacent,Q1_lowest,suppressed_1_9,1.1778055555555556,1.0,1.0,2.0,1.671215102382462,1.4189227538452807,1.4189227538452807,2.8378455076905613,0.019166666666666665,Corrected constrained Bayesian posterior summary; not an observed or recovered suppressed count.
20117,Marshall County,20,Kansas,nonmetro_adjacent,Q1_lowest,suppressed_1_9,2.229833333333333,2.0,2.0,4.0,3.766419494509477,3.3782071854466835,3.3782071854466835,6.756414370893367,1.0,Corrected constrained Bayesian posterior summary; not an observed or recovered suppressed count.
20119,Meade County,20,Kansas,nonmetro_nonadjacent,Q2,zero,0.0,0.0,0.0,0.0,0.0,0.0,0.0,0.0,0.0,Corrected constrained Bayesian posterior summary; not an observed or recovered suppressed count.
20121,Miami County,20,Kansas,metro_large,Q1_lowest,suppressed_1_9,1.3486111111111112,1.0,1.0,3.0,0.6449968965751219,0.47826752372206915,0.47826752372206915,1.4348025711662076,0.0,Corrected constrained Bayesian posterior summary; not an observed or recovered suppressed count.
20123,Mitchell County,20,Kansas,nonmetro_nonadjacent,Q1_lowest,zero,0.0,0.0,0.0,0.0,0.0,0.0,0.0,0.0,0.0,Corrected constrained Bayesian posterior summary; not an observed or recovered suppressed count.
20125,Montgomery County,20,Kansas,nonmetro_nonadjacent,Q4_highest,exact,12.0,12.0,12.0,12.0,6.43397136882464,6.433971368827408,6.433971368827408,6.433971368827408,1.0,Corrected constrained Bayesian posterior summary; not an observed or recovered suppressed count.
20127,Morris County,20,Kansas,nonmetro_adjacent,Q1_lowest,suppressed_1_9,1.0593055555555555,1.0,1.0,2.0,3.259702605028877,3.0772071268117056,3.0772071268117056,6.154414253623411,1.0,Corrected constrained Bayesian posterior summary; not an observed or recovered suppressed count.
20129,Morton County,20,Kansas,nonmetro_nonadjacent,Q2,suppressed_1_9,1.0384722222222222,1.0,1.0,2.0,6.708043551592447,6.459531038046638,6.459531038046638,12.919062076093276,1.0,Corrected constrained Bayesian posterior summary; not an observed or recovered suppressed count.
20131,Nemaha County,20,Kansas,nonmetro_nonadjacent,Q1_lowest,suppressed_1_9,1.1410277777777778,1.0,1.0,2.0,1.8748710589673707,1.6431423454213838,1.6431423454213838,3.2862846908427676,0.12941666666666668,Corrected constrained Bayesian posterior summary; not an observed or recovered suppressed count.
20133,Neosho County,20,Kansas,nonmetro_nonadjacent,Q3,suppressed_1_9,2.48425,2.0,2.0,4.0,2.6344673269858103,2.120935756855925,2.120935756855925,4.24187151371185,0.3726388888888889,Corrected constrained Bayesian posterior summary; not an observed or recovered suppressed count.
20135,Ness County,20,Kansas,nonmetro_nonadjacent,Q1_lowest,zero,0.0,0.0,0.0,0.0,0.0,0.0,0.0,0.0,0.0,Corrected constrained Bayesian posterior summary; not an observed or recovered suppressed count.
20137,Norton County,20,Kansas,nonmetro_nonadjacent,Q1_lowest,suppressed_1_9,2.1198333333333332,2.0,2.0,3.0,6.625100269819894,6.250585992436791,6.250585992436791,9.375878988655186,1.0,Corrected constrained Bayesian posterior summary; not an observed or recovered suppressed count.
20139,Osage County,20,Kansas,metro_other,Q1_lowest,suppressed_1_9,4.667944444444444,4.0,4.0,7.0,4.929087500203796,4.223775633038373,4.223775633038373,7.391607357817152,1.0,Corrected constrained Bayesian posterior summary; not an observed or recovered suppressed count.
20141,Osborne County,20,Kansas,nonmetro_nonadjacent,Q1_lowest,zero,0.0,0.0,0.0,0.0,0.0,0.0,0.0,0.0,0.0,Corrected constrained Bayesian posterior summary; not an observed or recovered suppressed count.
20143,Ottawa County,20,Kansas,nonmetro_nonadjacent,Q1_lowest,zero,0.0,0.0,0.0,0.0,0.0,0.0,0.0,0.0,0.0,Corrected constrained Bayesian posterior summary; not an observed or recovered suppressed count.
20145,Pawnee County,20,Kansas,nonmetro_nonadjacent,Q2,zero,0.0,0.0,0.0,0.0,0.0,0.0,0.0,0.0,0.0,Corrected constrained Bayesian posterior summary; not an observed or recovered suppressed count.
20147,Phillips County,20,Kansas,nonmetro_nonadjacent,Q2,suppressed_1_9,1.0703055555555556,1.0,1.0,2.0,3.6241003472561193,3.386042731859276,3.386042731859276,6.772085463718552,1.0,Corrected constrained Bayesian posterior summary; not an observed or recovered suppressed count.
20149,Pottawatomie County,20,Kansas,metro_other,Q1_lowest,suppressed_1_9,4.951638888888889,5.0,4.0,7.0,3.2064800544511427,3.237796744071594,2.590237395257275,4.532915441700232,0.6033611111111111,Corrected constrained Bayesian posterior summary; not an observed or recovered suppressed count.
20151,Pratt County,20,Kansas,nonmetro_nonadjacent,Q2,suppressed_1_9,1.1073055555555555,1.0,1.0,2.0,2.022180422139584,1.8262171737463018,1.8262171737463018,3.6524343474926035,0.10013888888888889,Corrected constrained Bayesian posterior summary; not an observed or recovered suppressed count.
20153,Rawlins County,20,Kansas,nonmetro_nonadjacent,Q2,zero,0.0,0.0,0.0,0.0,0.0,0.0,0.0,0.0,0.0,Corrected constrained Bayesian posterior summary; not an observed or recovered suppressed count.
20155,Reno County,20,Kansas,nonmetro_adjacent,Q3,exact,14.0,14.0,14.0,14.0,3.7875201212009304,3.787520121200644,3.787520121200644,3.787520121200644,1.0,Corrected constrained Bayesian posterior summary; not an observed or recovered suppressed count.
20157,Republic County,20,Kansas,nonmetro_nonadjacent,Q1_lowest,suppressed_1_9,2.1231944444444446,2.0,2.0,3.0,7.660537034367245,7.216048491845864,7.216048491845864,10.824072737768798,1.0,Corrected constrained Bayesian posterior summary; not an observed or recovered suppressed count.
20159,Rice County,20,Kansas,nonmetro_nonadjacent,Q1_lowest,suppressed_1_9,2.2326944444444443,2.0,2.0,4.0,3.9699403350742446,3.556187766714083,3.556187766714083,7.112375533428166,1.0,Corrected constrained Bayesian posterior summary; not an observed or recovered suppressed count.
20161,Riley County,20,Kansas,metro_other,Q3,suppressed_1_9,5.286722222222222,5.0,3.0,9.0,1.2161520056457629,1.150194727967445,0.690116836780467,2.0703505103414006,0.0,Corrected constrained Bayesian posterior summary; not an observed or recovered suppressed count.
20163,Rooks County,20,Kansas,nonmetro_nonadjacent,Q1_lowest,zero,0.0,0.0,0.0,0.0,0.0,0.0,0.0,0.0,0.0,Corrected constrained Bayesian posterior summary; not an observed or recovered suppressed count.
20165,Rush County,20,Kansas,nonmetro_nonadjacent,Q1_lowest,zero,0.0,0.0,0.0,0.0,0.0,0.0,0.0,0.0,0.0,Corrected constrained Bayesian posterior summary; not an observed or recovered suppressed count.
20167,Russell County,20,Kansas,nonmetro_nonadjacent,Q2,suppressed_1_9,2.209611111111111,2.0,2.0,3.0,5.476790460056404,4.957243772462511,4.957243772462511,7.435865658693766,1.0,Corrected constrained Bayesian posterior summary; not an observed or recovered suppressed count.
20169,Saline County,20,Kansas,nonmetro_nonadjacent,Q3,exact,15.0,15.0,15.0,15.0,4.655623527659758,4.65562352765906,4.65562352765906,4.65562352765906,1.0,Corrected constrained Bayesian posterior summary; not an observed or recovered suppressed count.
20171,Scott County,20,Kansas,nonmetro_nonadjacent,Q2,suppressed_1_9,1.0754166666666667,1.0,1.0,2.0,3.633901015973622,3.379063323646685,3.379063323646685,6.75812664729337,1.0,Corrected constrained Bayesian posterior summary; not an observed or recovered suppressed count.
20173,Sedgwick County,20,Kansas,metro_other,Q3,exact,106.0,106.0,106.0,106.0,3.365237477821462,3.3652374778243552,3.3652374778243552,3.3652374778243552,1.0,Corrected constrained Bayesian posterior summary; not an observed or recovered suppressed count.
20175,Seward County,20,Kansas,nonmetro_nonadjacent,Q4_highest,suppressed_1_9,2.487527777777778,2.0,2.0,4.0,1.944687663413242,1.5635505104992418,1.5635505104992418,3.1271010209984835,0.09141666666666666,Corrected constrained Bayesian posterior summary; not an observed or recovered suppressed count.
20177,Shawnee County,20,Kansas,metro_other,Q3,exact,20.0,20.0,20.0,20.0,1.8791588133477048,1.8791588133487926,1.8791588133487926,1.8791588133487926,0.0,Corrected constrained Bayesian posterior summary; not an observed or recovered suppressed count.
20179,Sheridan County,20,Kansas,nonmetro_nonadjacent,Q1_lowest,zero,0.0,0.0,0.0,0.0,0.0,0.0,0.0,0.0,0.0,Corrected constrained Bayesian posterior summary; not an observed or recovered suppressed count.
20181,Sherman County,20,Kansas,nonmetro_nonadjacent,Q2,zero,0.0,0.0,0.0,0.0,0.0,0.0,0.0,0.0,0.0,Corrected constrained Bayesian posterior summary; not an observed or recovered suppressed count.
20183,Smith County,20,Kansas,nonmetro_nonadjacent,Q1_lowest,suppressed_1_9,2.084138888888889,2.0,2.0,3.0,9.75400799778859,9.360228389572706,9.360228389572706,14.040342584359058,1.0,Corrected constrained Bayesian posterior summary; not an observed or recovered suppressed count.
20185,Stafford County,20,Kansas,nonmetro_nonadjacent,Q1_lowest,zero,0.0,0.0,0.0,0.0,0.0,0.0,0.0,0.0,0.0,Corrected constrained Bayesian posterior summary; not an observed or recovered suppressed count.
20187,Stanton County,20,Kansas,nonmetro_nonadjacent,Q2,suppressed_1_9,1.02,1.0,1.0,1.0,8.532708716746498,8.365400702693659,8.365400702693659,8.365400702693659,1.0,Corrected constrained Bayesian posterior summary; not an observed or recovered suppressed count.
20189,Stevens County,20,Kansas,nonmetro_nonadjacent,Q3,zero,0.0,0.0,0.0,0.0,0.0,0.0,0.0,0.0,0.0,Corrected constrained Bayesian posterior summary; not an observed or recovered suppressed count.
20191,Sumner County,20,Kansas,metro_other,Q2,suppressed_1_9,5.012944444444445,5.0,4.0,7.0,3.7148882071152767,3.705295608483645,2.9642364867869158,5.187413851877103,1.0,Corrected constrained Bayesian posterior summary; not an observed or recovered suppressed count.
20193,Thomas County,20,Kansas,nonmetro_nonadjacent,Q1_lowest,zero,0.0,0.0,0.0,0.0,0.0,0.0,0.0,0.0,0.0,Corrected constrained Bayesian posterior summary; not an observed or recovered suppressed count.
20195,Trego County,20,Kansas,nonmetro_nonadjacent,Q1_lowest,zero,0.0,0.0,0.0,0.0,0.0,0.0,0.0,0.0,0.0,Corrected constrained Bayesian posterior summary; not an observed or recovered suppressed count.
20197,Wabaunsee County,20,Kansas,metro_other,Q1_lowest,zero,0.0,0.0,0.0,0.0,0.0,0.0,0.0,0.0,0.0,Corrected constrained Bayesian posterior summary; not an observed or recovered suppressed count.
20199,Wallace County,20,Kansas,nonmetro_nonadjacent,Q1_lowest,zero,0.0,0.0,0.0,0.0,0.0,0.0,0.0,0.0,0.0,Corrected constrained Bayesian posterior summary; not an observed or recovered suppressed count.
20201,Washington County,20,Kansas,nonmetro_nonadjacent,Q1_lowest,zero,0.0,0.0,0.0,0.0,0.0,0.0,0.0,0.0,0.0,Corrected constrained Bayesian posterior summary; not an observed or recovered suppressed count.
20203,Wichita County,20,Kansas,nonmetro_nonadjacent,Q2,zero,0.0,0.0,0.0,0.0,0.0,0.0,0.0,0.0,0.0,Corrected constrained Bayesian posterior summary; not an observed or recovered suppressed count.
20205,Wilson County,20,Kansas,nonmetro_nonadjacent,Q2,suppressed_1_9,3.3300833333333335,3.0,3.0,5.0,6.553347108788859,5.903768572271967,5.903768572271967,9.839614287119945,1.0,Corrected constrained Bayesian posterior summary; not an observed or recovered suppressed count.
20207,Woodson County,20,Kansas,nonmetro_nonadjacent,Q1_lowest,suppressed_1_9,1.0483333333333333,1.0,1.0,2.0,5.639232562309149,5.3792361484669176,5.3792361484669176,10.758472296933835,1.0,Corrected constrained Bayesian posterior summary; not an observed or recovered suppressed count.
20209,Wyandotte County,20,Kansas,metro_large,Q4_highest,exact,35.0,35.0,35.0,35.0,3.5063640507542857,3.5063640507521154,3.5063640507521154,3.5063640507521154,1.0,Corrected constrained Bayesian posterior summary; not an observed or recovered suppressed count.
21001,Adair County,21,Kentucky,nonmetro_nonadjacent,Q3,suppressed_1_9,5.594861111111111,5.0,4.0,8.025000000001455,4.854164196385741,4.338056030331688,3.4704448242653503,6.962579928683621,1.0,Corrected constrained Bayesian posterior summary; not an observed or recovered suppressed count.
21003,Allen County,21,Kentucky,metro_other,Q3,suppressed_1_9,4.184472222222222,4.0,3.0,7.0,3.2560185365308505,3.112477142745983,2.334357857059487,5.44683499980547,0.6741944444444444,Corrected constrained Bayesian posterior summary; not an observed or recovered suppressed count.
21005,Anderson County,21,Kentucky,nonmetro_adjacent,Q1_lowest,suppressed_1_9,5.493,5.0,4.0,8.0,3.8322810199884962,3.4883315310287086,2.7906652248229675,5.581330449645935,0.75725,Corrected constrained Bayesian posterior summary; not an observed or recovered suppressed count.
21007,Ballard County,21,Kentucky,metro_other,Q2,zero,0.0,0.0,0.0,0.0,0.0,0.0,0.0,0.0,0.0,Corrected constrained Bayesian posterior summary; not an observed or recovered suppressed count.
21009,Barren County,21,Kentucky,nonmetro_adjacent,Q4_highest,suppressed_1_9,7.371138888888889,8.0,5.0,9.0,2.744648906364332,2.9788057967560806,1.8617536229725504,3.3511565213505907,0.5088611111111111,Corrected constrained Bayesian posterior summary; not an observed or recovered suppressed count.
21011,Bath County,21,Kentucky,nonmetro_adjacent,Q3,suppressed_1_9,2.5350277777777777,2.0,2.0,4.0,3.313155471912202,2.6139007240505006,2.6139007240505006,5.227801448101001,0.39691666666666664,Corrected constrained Bayesian posterior summary; not an observed or recovered suppressed count.
21013,Bell County,21,Kentucky,nonmetro_nonadjacent,Q4_highest,suppressed_1_9,6.177555555555555,6.0,4.0,9.0,4.251352682271808,4.129160128829796,2.752773419219864,6.193740193244695,0.8833888888888889,Corrected constrained Bayesian posterior summary; not an observed or recovered suppressed count.
21015,Boone County,21,Kentucky,metro_large,Q1_lowest,exact,22.0,22.0,22.0,22.0,2.6502415936130057,2.6502415936143633,2.6502415936143633,2.6502415936143633,0.0,Corrected constrained Bayesian posterior summary; not an observed or recovered suppressed count.
21017,Bourbon County,21,Kentucky,metro_other,Q3,exact,10.0,10.0,10.0,10.0,8.300270588829317,8.300270588821196,8.300270588821196,8.300270588821196,1.0,Corrected constrained Bayesian posterior summary; not an observed or recovered suppressed count.
21019,Boyd County,21,Kentucky,metro_other,Q3,suppressed_1_9,8.351305555555555,9.0,6.0,9.0,2.9318668879178613,3.1596020305709054,2.1064013537139368,3.1596020305709054,0.5338611111111111,Corrected constrained Bayesian posterior summary; not an observed or recovered suppressed count.
21021,Boyle County,21,Kentucky,nonmetro_nonadjacent,Q3,suppressed_1_9,4.864277777777778,5.0,3.0,8.0,2.6370366354640034,2.710614767429253,1.6263688604575517,4.336983627886805,0.29388888888888887,Corrected constrained Bayesian posterior summary; not an observed or recovered suppressed count.
21023,Bracken County,21,Kentucky,metro_large,Q2,suppressed_1_9,1.127361111111111,1.0,1.0,2.0,2.2366944648358476,1.9840088883598197,1.9840088883598197,3.9680177767196394,0.11663888888888889,Corrected constrained Bayesian posterior summary; not an observed or recovered suppressed count.
21025,Breathitt County,21,Kentucky,nonmetro_nonadjacent,Q3,suppressed_1_9,2.5028333333333332,2.0,2.0,4.0,3.2153149796816978,2.5693400650043037,2.5693400650043037,5.138680130008607,0.3828888888888889,Corrected constrained Bayesian posterior summary; not an observed or recovered suppressed count.
21027,Breckinridge County,21,Kentucky,nonmetro_adjacent,Q3,suppressed_1_9,2.957666666666667,3.0,2.0,6.0,2.3670233341064666,2.400902739430026,1.6006018262866837,4.801805478860052,0.24858333333333332,Corrected constrained Bayesian posterior summary; not an observed or recovered suppressed count.
21029,Bullitt County,21,Kentucky,metro_large,Q1_lowest,exact,11.0,11.0,11.0,11.0,2.1943955138562283,2.1943955138576077,2.1943955138576077,2.1943955138576077,0.0,Corrected constrained Bayesian posterior summary; not an observed or recovered suppressed count.
21031,Butler County,21,Kentucky,metro_other,Q4_highest,suppressed_1_9,5.0336944444444445,5.0,4.0,8.0,6.702923478228996,6.658055581447994,5.326444465158395,10.65288893031679,1.0,Corrected constrained Bayesian posterior summary; not an observed or recovered suppressed count.
21033,Caldwell County,21,Kentucky,nonmetro_nonadjacent,Q3,suppressed_1_9,2.5800555555555555,2.0,2.0,5.0,3.4042163287453207,2.6388705633988656,2.6388705633988656,6.5971764084971625,0.421,Corrected constrained Bayesian posterior summary; not an observed or recovered suppressed count.
21035,Calloway County,21,Kentucky,nonmetro_nonadjacent,Q3,suppressed_1_9,7.693194444444444,8.0,5.0,9.0,3.333258713976852,3.4661894879138306,2.1663684299461443,3.8994631739030594,0.8311111111111111,Corrected constrained Bayesian posterior summary; not an observed or recovered suppressed count.
21037,Campbell County,21,Kentucky,metro_large,Q1_lowest,exact,18.0,18.0,18.0,18.0,3.2047629899744403,3.204762989972653,3.204762989972653,3.204762989972653,1.0,Corrected constrained Bayesian posterior summary; not an observed or recovered suppressed count.
21039,Carlisle County,21,Kentucky,metro_other,Q2,suppressed_1_9,3.2384444444444442,3.0,3.0,4.0,11.385334145841734,10.547039797496836,10.547039797496836,14.06271972999578,1.0,Corrected constrained Bayesian posterior summary; not an observed or recovered suppressed count.
21041,Carroll County,21,Kentucky,nonmetro_adjacent,Q4_highest,suppressed_1_9,4.979166666666667,5.0,4.0,7.0,7.629737460417112,7.661661048115231,6.129328838492186,10.726325467361324,1.0,Corrected constrained Bayesian posterior summary; not an observed or recovered suppressed count.
21043,Carter County,21,Kentucky,metro_other,Q3,suppressed_1_9,4.614472222222222,4.0,3.0,8.0,2.9093198551296178,2.5219090851774792,1.8914318138831094,5.0438181703549585,0.4692777777777778,Corrected constrained Bayesian posterior summary; not an observed or recovered suppressed count.
21045,Casey County,21,Kentucky,nonmetro_nonadjacent,Q4_highest,suppressed_1_9,4.180777777777778,4.0,3.0,7.0,4.3605638242525355,4.172012057114845,3.129009042836134,7.301021099950979,1.0,Corrected constrained Bayesian posterior summary; not an observed or recovered suppressed count.
21047,Christian County,21,Kentucky,metro_other,Q4_highest,exact,14.0,14.0,14.0,14.0,3.2530072890619977,3.253007289059904,3.253007289059904,3.253007289059904,1.0,Corrected constrained Bayesian posterior summary; not an observed or recovered suppressed count.
21049,Clark County,21,Kentucky,metro_other,Q3,suppressed_1_9,6.581416666666667,7.0,4.0,9.0,2.969484362426656,3.1583459291176936,1.8047691023529675,4.060730480294177,0.5106944444444445,Corrected constrained Bayesian posterior summary; not an observed or recovered suppressed count.
21051,Clay County,21,Kentucky,nonmetro_nonadjacent,Q4_highest,suppressed_1_9,5.579833333333333,5.0,4.0,8.0,4.69323441920265,4.2055327989502995,3.3644262391602395,6.728852478320479,1.0,Corrected constrained Bayesian posterior summary; not an observed or recovered suppressed count.
21053,Clinton County,21,Kentucky,nonmetro_nonadjacent,Q3,suppressed_1_9,3.55425,3.0,3.0,5.0,6.230388977514042,5.2588216733570565,5.2588216733570565,8.764702788928428,1.0,Corrected constrained Bayesian posterior summary; not an observed or recovered suppressed count.
21055,Crittenden County,21,Kentucky,nonmetro_adjacent,Q3,zero,0.0,0.0,0.0,0.0,0.0,0.0,0.0,0.0,0.0,Corrected constrained Bayesian posterior summary; not an observed or recovered suppressed count.
21057,Cumberland County,21,Kentucky,nonmetro_nonadjacent,Q4_highest,zero,0.0,0.0,0.0,0.0,0.0,0.0,0.0,0.0,0.0,Corrected constrained Bayesian posterior summary; not an observed or recovered suppressed count.
21059,Daviess County,21,Kentucky,metro_other,Q3,suppressed_1_9,8.429,9.0,6.0,9.0,1.3646025750827837,1.4570439169225937,0.9713626112817292,1.4570439169225937,0.0,Corrected constrained Bayesian posterior summary; not an observed or recovered suppressed count.
21061,Edmonson County,21,Kentucky,metro_other,Q2,suppressed_1_9,3.6585833333333335,3.0,3.0,6.0,4.942161524467981,4.052520667855406,4.052520667855406,8.105041335710812,1.0,Corrected constrained Bayesian posterior summary; not an observed or recovered suppressed count.
21063,Elliott County,21,Kentucky,nonmetro_adjacent,Q4_highest,suppressed_1_9,1.1452777777777778,1.0,1.0,2.0,2.598710666373874,2.2690658255996006,2.2690658255996006,4.538131651199201,0.1315,Corrected constrained Bayesian posterior summary; not an observed or recovered suppressed count.
21065,Estill County,21,Kentucky,nonmetro_adjacent,Q4_highest,suppressed_1_9,1.3422777777777777,1.0,1.0,3.0,1.5924708773117622,1.186394428691763,1.186394428691763,3.5591832860752883,0.05486111111111111,Corrected constrained Bayesian posterior summary; not an observed or recovered suppressed count.
21067,Fayette County,21,Kentucky,metro_other,Q3,exact,53.0,53.0,53.0,53.0,2.7324968112264516,2.7324968112277777,2.7324968112277777,2.7324968112277777,0.0,Corrected constrained Bayesian posterior summary; not an observed or recovered suppressed count.
21069,Fleming County,21,Kentucky,nonmetro_nonadjacent,Q3,suppressed_1_9,2.6715,2.0,2.0,5.0,2.9444830208638324,2.204366850731299,2.204366850731299,5.510917126828247,0.4683888888888889,Corrected constrained Bayesian posterior summary; not an observed or recovered suppressed count.
21071,Floyd County,21,Kentucky,nonmetro_nonadjacent,Q3,exact,10.0,10.0,10.0,10.0,4.767125899795431,4.767125899795014,4.767125899795014,4.767125899795014,1.0,Corrected constrained Bayesian posterior summary; not an observed or recovered suppressed count.
21073,Franklin County,21,Kentucky,nonmetro_adjacent,Q3,exact,13.0,13.0,13.0,13.0,4.200540254098669,4.200540254100373,4.200540254100373,4.200540254100373,1.0,Corrected constrained Bayesian posterior summary; not an observed or recovered suppressed count.
21075,Fulton County,21,Kentucky,nonmetro_nonadjacent,Q4_highest,suppressed_1_9,2.280972222222222,2.0,2.0,4.0,6.093154059626849,5.342593829304127,5.342593829304127,10.685187658608253,1.0,Corrected constrained Bayesian posterior summary; not an observed or recovered suppressed count.
21077,Gallatin County,21,Kentucky,metro_large,Q3,suppressed_1_9,2.265083333333333,2.0,2.0,4.0,4.291312228053102,3.789098762859254,3.789098762859254,7.578197525718508,1.0,Corrected constrained Bayesian posterior summary; not an observed or recovered suppressed count.
21079,Garrard County,21,Kentucky,nonmetro_adjacent,Q2,suppressed_1_9,5.298555555555556,5.0,4.0,8.0,4.988988800485015,4.70787627701144,3.7663010216091526,7.532602043218305,1.0,Corrected constrained Bayesian posterior summary; not an observed or recovered suppressed count.
21081,Grant County,21,Kentucky,metro_large,Q2,suppressed_1_9,5.333555555555556,5.0,4.0,8.0,3.4964276011054167,3.277764302524534,2.622211442019627,5.244422884039254,0.7219444444444445,Corrected constrained Bayesian posterior summary; not an observed or recovered suppressed count.
21083,Graves County,21,Kentucky,nonmetro_adjacent,Q3,suppressed_1_9,6.806111111111111,7.0,4.0,9.0,3.0881702736073624,3.1761444328994113,1.814939675942521,4.083614270870672,0.5783611111111111,Corrected constrained Bayesian posterior summary; not an observed or recovered suppressed count.
21085,Grayson County,21,Kentucky,nonmetro_adjacent,Q3,exact,11.0,11.0,11.0,11.0,6.876848152947383,6.876848152941103,6.876848152941103,6.876848152941103,1.0,Corrected constrained Bayesian posterior summary; not an observed or recovered suppressed count.
21087,Green County,21,Kentucky,nonmetro_adjacent,Q3,suppressed_1_9,6.184138888888889,6.0,5.0,9.0,9.14651081004235,8.874164349523753,7.395136957936462,13.311246524285629,1.0,Corrected constrained Bayesian posterior summary; not an observed or recovered suppressed count.
21089,Greenup County,21,Kentucky,metro_other,Q1_lowest,suppressed_1_9,4.745527777777777,5.0,3.0,8.0,2.2436528836968006,2.363965599572595,1.418379359743557,3.782344959316152,0.11661111111111111,Corrected constrained Bayesian posterior summary; not an observed or recovered suppressed count.
21091,Hancock County,21,Kentucky,nonmetro_adjacent,Q1_lowest,suppressed_1_9,2.2769166666666667,2.0,2.0,4.0,4.257351383021794,3.739575932089301,3.739575932089301,7.479151864178602,1.0,Corrected constrained Bayesian posterior summary; not an observed or recovered suppressed count.
21093,Hardin County,21,Kentucky,metro_other,Q3,exact,30.0,30.0,30.0,30.0,4.472038578785968,4.47203857878614,4.47203857878614,4.47203857878614,1.0,Corrected constrained Bayesian posterior summary; not an observed or recovered suppressed count.
21095,Harlan County,21,Kentucky,nonmetro_nonadjacent,Q4_highest,suppressed_1_9,7.425416666666667,8.0,5.0,9.0,4.82865992968244,5.202304620947079,3.251440388091925,5.852592698565465,1.0,Corrected constrained Bayesian posterior summary; not an observed or recovered suppressed count.
21097,Harrison County,21,Kentucky,nonmetro_adjacent,Q2,suppressed_1_9,4.1195,4.0,3.0,7.0,3.588445892385767,3.4843509089800433,2.6132631817350327,6.097614090715076,0.65175,Corrected constrained Bayesian posterior summary; not an observed or recovered suppressed count.
21099,Hart County,21,Kentucky,nonmetro_adjacent,Q4_highest,suppressed_1_9,3.009333333333333,3.0,2.0,6.0,2.577477053087058,2.5694831056485805,1.7129887370990535,5.138966211297161,0.27169444444444446,Corrected constrained Bayesian posterior summary; not an observed or recovered suppressed count.
21101,Henderson County,21,Kentucky,nonmetro_adjacent,Q3,suppressed_1_9,7.904111111111111,8.0,6.0,9.0,2.9645715838384588,3.0005363458718244,2.2504022594038684,3.375603389105802,0.6767222222222222,Corrected constrained Bayesian posterior summary; not an observed or recovered suppressed count.
21103,Henry County,21,Kentucky,metro_large,Q3,suppressed_1_9,3.7564722222222224,4.0,3.0,6.0,3.9214884564709354,4.175714047102055,3.1317855353265407,6.263571070653081,1.0,Corrected constrained Bayesian posterior summary; not an observed or recovered suppressed count.
21105,Hickman County,21,Kentucky,nonmetro_adjacent,Q1_lowest,suppressed_1_9,1.0792777777777778,1.0,1.0,2.0,4.083533022240521,3.7835792659856224,3.7835792659856224,7.567158531971245,1.0,Corrected constrained Bayesian posterior summary; not an observed or recovered suppressed count.
21107,Hopkins County,21,Kentucky,nonmetro_nonadjacent,Q3,exact,10.0,10.0,10.0,10.0,3.7113325539536617,3.7113325539534965,3.7113325539534965,3.7113325539534965,1.0,Corrected constrained Bayesian posterior summary; not an observed or recovered suppressed count.
21109,Jackson County,21,Kentucky,nonmetro_nonadjacent,Q3,suppressed_1_9,1.2571388888888888,1.0,1.0,3.0,1.5895444174696063,1.2644143232854541,1.2644143232854541,3.7932429698563626,0.034416666666666665,Corrected constrained Bayesian posterior summary; not an observed or recovered suppressed count.
21111,Jefferson County,21,Kentucky,metro_large,Q3,exact,158.0,158.0,158.0,158.0,3.396748623620563,3.396748623618109,3.396748623618109,3.396748623618109,1.0,Corrected constrained Bayesian posterior summary; not an observed or recovered suppressed count.
21113,Jessamine County,21,Kentucky,metro_other,Q2,exact,14.0,14.0,14.0,14.0,4.273973940970601,4.273973940970314,4.273973940970314,4.273973940970314,1.0,Corrected constrained Bayesian posterior summary; not an observed or recovered suppressed count.
21115,Johnson County,21,Kentucky,nonmetro_nonadjacent,Q4_highest,suppressed_1_9,4.560194444444445,4.0,3.0,8.0,3.4234665959300785,3.0029128254406774,2.2521846190805084,6.005825650881355,0.765,Corrected constrained Bayesian posterior summary; not an observed or recovered suppressed count.
21117,Kenton County,21,Kentucky,metro_large,Q2,exact,25.0,25.0,25.0,25.0,2.44872852219986,2.4487285222021318,2.4487285222021318,2.4487285222021318,0.0,Corrected constrained Bayesian posterior summary; not an observed or recovered suppressed count.
21119,Knott County,21,Kentucky,nonmetro_nonadjacent,Q3,suppressed_1_9,3.8744444444444444,4.0,3.0,6.0,4.593730815542132,4.742595622584241,3.5569467169381803,7.113893433876361,1.0,Corrected constrained Bayesian posterior summary; not an observed or recovered suppressed count.
21121,Knox County,21,Kentucky,nonmetro_nonadjacent,Q4_highest,exact,14.0,14.0,14.0,14.0,7.721241134361446,7.721241134360627,7.721241134360627,7.721241134360627,1.0,Corrected constrained Bayesian posterior summary; not an observed or recovered suppressed count.
21123,Larue County,21,Kentucky,metro_other,Q2,suppressed_1_9,1.2496944444444444,1.0,1.0,3.0,1.3970715189815572,1.1179304870823132,1.1179304870823132,3.35379146124694,0.03425,Corrected constrained Bayesian posterior summary; not an observed or recovered suppressed count.
21125,Laurel County,21,Kentucky,nonmetro_nonadjacent,Q3,exact,12.0,12.0,12.0,12.0,3.2073041005360956,3.2073041005382925,3.2073041005382925,3.2073041005382925,1.0,Corrected constrained Bayesian posterior summary; not an observed or recovered suppressed count.
21127,Lawrence County,21,Kentucky,metro_other,Q2,suppressed_1_9,3.8570555555555557,4.0,3.0,6.0,4.0621964776768085,4.21274354923644,3.1595576619273302,6.3191153238546605,1.0,Corrected constrained Bayesian posterior summary; not an observed or recovered suppressed count.
21129,Lee County,21,Kentucky,nonmetro_nonadjacent,Q4_highest,zero,0.0,0.0,0.0,0.0,0.0,0.0,0.0,0.0,0.0,Corrected constrained Bayesian posterior summary; not an observed or recovered suppressed count.
21131,Leslie County,21,Kentucky,nonmetro_nonadjacent,Q3,suppressed_1_9,2.3850555555555557,2.0,2.0,4.0,4.0099794134885,3.3625878476075184,3.3625878476075184,6.725175695215037,1.0,Corrected constrained Bayesian posterior summary; not an observed or recovered suppressed count.
21133,Letcher County,21,Kentucky,nonmetro_nonadjacent,Q3,zero,0.0,0.0,0.0,0.0,0.0,0.0,0.0,0.0,0.0,Corrected constrained Bayesian posterior summary; not an observed or recovered suppressed count.
21135,Lewis County,21,Kentucky,nonmetro_adjacent,Q3,suppressed_1_9,2.5498055555555554,2.0,2.0,4.0,3.255375680560533,2.5534305339223247,2.5534305339223247,5.106861067844649,0.40897222222222224,Corrected constrained Bayesian posterior summary; not an observed or recovered suppressed count.
21137,Lincoln County,21,Kentucky,nonmetro_nonadjacent,Q3,suppressed_1_9,4.560694444444445,4.0,3.0,8.0,3.0961103869868993,2.715472763808179,2.036604572856134,5.430945527616358,0.45222222222222225,Corrected constrained Bayesian posterior summary; not an observed or recovered suppressed count.
21139,Livingston County,21,Kentucky,metro_other,Q1_lowest,suppressed_1_9,2.298,2.0,2.0,4.0,4.266300311896646,3.7130551017377096,3.7130551017377096,7.426110203475419,1.0,Corrected constrained Bayesian posterior summary; not an observed or recovered suppressed count.
21141,Logan County,21,Kentucky,nonmetro_adjacent,Q2,exact,10.0,10.0,10.0,10.0,5.991037408035902,5.991037408037576,5.991037408037576,5.991037408037576,1.0,Corrected constrained Bayesian posterior summary; not an observed or recovered suppressed count.
21143,Lyon County,21,Kentucky,nonmetro_adjacent,Q1_lowest,suppressed_1_9,3.394222222222222,3.0,3.0,5.0,6.463707766267837,5.712979890310786,5.712979890310786,9.521633150517976,1.0,Corrected constrained Bayesian posterior summary; not an observed or recovered suppressed count.
21145,McCracken County,21,Kentucky,metro_other,Q3,exact,23.0,23.0,23.0,23.0,5.73588971130821,5.735889711310177,5.735889711310177,5.735889711310177,1.0,Corrected constrained Bayesian posterior summary; not an observed or recovered suppressed count.
21147,McCreary County,21,Kentucky,nonmetro_nonadjacent,Q3,suppressed_1_9,3.8490277777777777,4.0,3.0,6.0,3.782122038909822,3.93046998594857,2.947852489461427,5.895704978922854,1.0,Corrected constrained Bayesian posterior summary; not an observed or recovered suppressed count.
21149,McLean County,21,Kentucky,metro_other,Q1_lowest,zero,0.0,0.0,0.0,0.0,0.0,0.0,0.0,0.0,0.0,Corrected constrained Bayesian posterior summary; not an observed or recovered suppressed count.
21151,Madison County,21,Kentucky,nonmetro_adjacent,Q2,exact,19.0,19.0,19.0,19.0,3.3134410608609963,3.3134410608591924,3.3134410608591924,3.3134410608591924,1.0,Corrected constrained Bayesian posterior summary; not an observed or recovered suppressed count.
21153,Magoffin County,21,Kentucky,nonmetro_nonadjacent,Q4_highest,suppressed_1_9,2.510388888888889,2.0,2.0,4.0,3.6184221062715003,2.8827582230678312,2.8827582230678312,5.7655164461356625,0.3854166666666667,Corrected constrained Bayesian posterior summary; not an observed or recovered suppressed count.
21155,Marion County,21,Kentucky,nonmetro_adjacent,Q4_highest,suppressed_1_9,2.9979722222222223,3.0,2.0,6.0,2.5455729903731648,2.5472947729511257,1.6981965153007506,5.094589545902251,0.2648333333333333,Corrected constrained Bayesian posterior summary; not an observed or recovered suppressed count.
21157,Marshall County,21,Kentucky,nonmetro_adjacent,Q1_lowest,suppressed_1_9,6.202972222222222,6.0,4.0,9.0,3.2773832712815647,3.170141493982015,2.113427662654676,4.755212240973022,0.6522222222222223,Corrected constrained Bayesian posterior summary; not an observed or recovered suppressed count.
21159,Martin County,21,Kentucky,nonmetro_adjacent,Q3,suppressed_1_9,2.38125,2.0,2.0,4.0,3.603313913901241,3.0264053870015886,3.0264053870015886,6.052810774003177,1.0,Corrected constrained Bayesian posterior summary; not an observed or recovered suppressed count.
21161,Mason County,21,Kentucky,nonmetro_adjacent,Q3,suppressed_1_9,1.361361111111111,1.0,1.0,3.0,1.33777611814887,0.9826754321315213,0.9826754321315213,2.9480262963945636,0.06213888888888889,Corrected constrained Bayesian posterior summary; not an observed or recovered suppressed count.
21163,Meade County,21,Kentucky,metro_large,Q1_lowest,suppressed_1_9,6.68425,7.0,5.0,9.0,3.7574553242671276,3.934949660751126,2.810678329107947,5.059220992394304,0.8211666666666667,Corrected constrained Bayesian posterior summary; not an observed or recovered suppressed count.
21165,Menifee County,21,Kentucky,nonmetro_nonadjacent,Q3,zero,0.0,0.0,0.0,0.0,0.0,0.0,0.0,0.0,0.0,Corrected constrained Bayesian posterior summary; not an observed or recovered suppressed count.
21167,Mercer County,21,Kentucky,nonmetro_adjacent,Q1_lowest,suppressed_1_9,4.151472222222222,4.0,3.0,7.0,3.048383991177171,2.9371594730735904,2.202869604805193,5.140029077878784,0.6607777777777778,Corrected constrained Bayesian posterior summary; not an observed or recovered suppressed count.
21169,Metcalfe County,21,Kentucky,nonmetro_nonadjacent,Q3,suppressed_1_9,1.2354444444444443,1.0,1.0,3.0,1.9962584740892788,1.6158221302998967,1.6158221302998967,4.847466390899689,0.20266666666666666,Corrected constrained Bayesian posterior summary; not an observed or recovered suppressed count.
21171,Monroe County,21,Kentucky,nonmetro_adjacent,Q3,suppressed_1_9,1.2269166666666667,1.0,1.0,3.0,1.8517819769791466,1.5092972711905337,1.5092972711905337,4.527891813571601,0.1928888888888889,Corrected constrained Bayesian posterior summary; not an observed or recovered suppressed count.
21173,Montgomery County,21,Kentucky,nonmetro_adjacent,Q3,suppressed_1_9,3.227527777777778,3.0,2.0,6.0,1.8960140152721943,1.7623526232618798,1.1749017488412532,3.5247052465237596,0.14372222222222222,Corrected constrained Bayesian posterior summary; not an observed or recovered suppressed count.
21175,Morgan County,21,Kentucky,nonmetro_nonadjacent,Q3,suppressed_1_9,1.2153333333333334,1.0,1.0,3.0,1.4647158547649557,1.2051968086388507,1.2051968086388507,3.615590425916552,0.025722222222222223,Corrected constrained Bayesian posterior summary; not an observed or recovered suppressed count.
21177,Muhlenberg County,21,Kentucky,nonmetro_adjacent,Q2,suppressed_1_9,4.8349722222222224,5.0,3.0,8.0,2.6376220471677345,2.7276496388591878,1.6365897833155125,4.3642394221747,0.29094444444444445,Corrected constrained Bayesian posterior summary; not an observed or recovered suppressed count.
21179,Nelson County,21,Kentucky,metro_large,Q1_lowest,suppressed_1_9,6.283444444444444,6.0,4.0,9.0,2.215530693470571,2.1155887154497917,1.410392476966528,3.173383073174688,0.07363888888888889,Corrected constrained Bayesian posterior summary; not an observed or recovered suppressed count.
21181,Nicholas County,21,Kentucky,nonmetro_adjacent,Q2,suppressed_1_9,1.1275555555555556,1.0,1.0,2.0,2.4769464337158738,2.1967400377839286,2.1967400377839286,4.393480075567857,0.11697222222222223,Corrected constrained Bayesian posterior summary; not an observed or recovered suppressed count.
21183,Ohio County,21,Kentucky,nonmetro_adjacent,Q2,suppressed_1_9,2.9135833333333334,3.0,2.0,5.0,2.042226536854021,2.1027988252363894,1.4018658834909266,3.504664708727316,0.07877777777777778,Corrected constrained Bayesian posterior summary; not an observed or recovered suppressed count.
21185,Oldham County,21,Kentucky,metro_large,Q1_lowest,exact,17.0,17.0,17.0,17.0,4.119993601894115,4.119993601892289,4.119993601892289,4.119993601892289,1.0,Corrected constrained Bayesian posterior summary; not an observed or recovered suppressed count.
21187,Owen County,21,Kentucky,nonmetro_adjacent,Q2,suppressed_1_9,2.3961111111111113,2.0,2.0,4.0,3.56299049979217,2.9739776951672865,2.9739776951672865,5.947955390334573,1.0,Corrected constrained Bayesian posterior summary; not an observed or recovered suppressed count.
21189,Owsley County,21,Kentucky,nonmetro_nonadjacent,Q3,suppressed_1_9,1.0749444444444445,1.0,1.0,2.0,4.377344319112189,4.072158651301055,4.072158651301055,8.14431730260211,1.0,Corrected constrained Bayesian posterior summary; not an observed or recovered suppressed count.
21191,Pendleton County,21,Kentucky,metro_large,Q3,suppressed_1_9,3.6920277777777777,3.0,3.0,6.0,4.190105634556902,3.4047189404514655,3.4047189404514655,6.809437880902931,1.0,Corrected constrained Bayesian posterior summary; not an observed or recovered suppressed count.
21193,Perry County,21,Kentucky,nonmetro_nonadjacent,Q3,suppressed_1_9,3.1086388888888887,3.0,2.0,6.0,1.9383441966925383,1.8706040804110342,1.2470693869406895,3.7412081608220684,0.11630555555555555,Corrected constrained Bayesian posterior summary; not an observed or recovered suppressed count.
21195,Pike County,21,Kentucky,nonmetro_nonadjacent,Q4_highest,exact,12.0,12.0,12.0,12.0,3.5292768217658996,3.5292768217685793,3.5292768217685793,3.5292768217685793,1.0,Corrected constrained Bayesian posterior summary; not an observed or recovered suppressed count.
21197,Powell County,21,Kentucky,nonmetro_adjacent,Q4_highest,suppressed_1_9,2.549638888888889,2.0,2.0,4.0,3.324474057462219,2.607799929589402,2.607799929589402,5.215599859178804,0.4082777777777778,Corrected constrained Bayesian posterior summary; not an observed or recovered suppressed count.
21199,Pulaski County,21,Kentucky,nonmetro_nonadjacent,Q3,suppressed_1_9,8.231055555555555,8.0,6.0,9.0,2.0850784161400475,2.0265477758638157,1.519910831897862,2.279866247846793,0.0,Corrected constrained Bayesian posterior summary; not an observed or recovered suppressed count.
21201,Robertson County,21,Kentucky,nonmetro_adjacent,Q3,suppressed_1_9,1.0531944444444445,1.0,1.0,2.0,7.845023794747257,7.4487895716946,7.4487895716946,14.8975791433892,1.0,Corrected constrained Bayesian posterior summary; not an observed or recovered suppressed count.
21203,Rockcastle County,21,Kentucky,nonmetro_nonadjacent,Q3,suppressed_1_9,1.3367222222222221,1.0,1.0,3.0,1.3609747930335196,1.018143313852858,1.018143313852858,3.054429941558574,0.05663888888888889,Corrected constrained Bayesian posterior summary; not an observed or recovered suppressed count.
21205,Rowan County,21,Kentucky,nonmetro_adjacent,Q3,suppressed_1_9,4.539166666666667,4.0,3.0,8.0,3.0779228117764146,2.7123241227326664,2.0342430920495,5.424648245465333,0.44808333333333333,Corrected constrained Bayesian posterior summary; not an observed or recovered suppressed count.
21207,Russell County,21,Kentucky,nonmetro_nonadjacent,Q3,suppressed_1_9,4.199416666666667,4.0,3.0,7.0,3.852958626932112,3.669994128009395,2.7524955960070465,6.422489724016441,0.6782222222222222,Corrected constrained Bayesian posterior summary; not an observed or recovered suppressed count.
21209,Scott County,21,Kentucky,metro_other,Q1_lowest,suppressed_1_9,7.731083333333333,8.0,5.0,9.0,2.1796548940445972,2.255471633215203,1.4096697707595018,2.5374055873671035,0.0,Corrected constrained Bayesian posterior summary; not an observed or recovered suppressed count.
21211,Shelby County,21,Kentucky,metro_large,Q2,suppressed_1_9,5.216277777777778,5.0,3.0,9.0,1.764515300935049,1.6913548090291284,1.0148128854174772,3.044438656252431,0.027555555555555555,Corrected constrained Bayesian posterior summary; not an observed or recovered suppressed count.
21213,Simpson County,21,Kentucky,nonmetro_adjacent,Q1_lowest,suppressed_1_9,3.897666666666667,4.0,3.0,6.0,3.319451423251959,3.4066037012749213,2.554952775956191,5.109905551912382,0.5736388888888889,Corrected constrained Bayesian posterior summary; not an observed or recovered suppressed count.
21215,Spencer County,21,Kentucky,metro_large,Q1_lowest,suppressed_1_9,2.5043611111111113,2.0,2.0,4.0,2.0798613994779833,1.6609916119923593,1.6609916119923593,3.3219832239847187,0.09877777777777778,Corrected constrained Bayesian posterior summary; not an observed or recovered suppressed count.
21217,Taylor County,21,Kentucky,nonmetro_nonadjacent,Q2,suppressed_1_9,5.897555555555556,6.0,4.0,9.0,3.7475729526309887,3.812670775878503,2.5417805172523353,5.719006163817754,0.8416944444444444,Corrected constrained Bayesian posterior summary; not an observed or recovered suppressed count.
21219,Todd County,21,Kentucky,nonmetro_adjacent,Q4_highest,suppressed_1_9,1.2679166666666666,1.0,1.0,3.0,1.6977540326551177,1.3390107388661256,1.3390107388661256,4.017032216598378,0.03705555555555556,Corrected constrained Bayesian posterior summary; not an observed or recovered suppressed count.
21221,Trigg County,21,Kentucky,metro_other,Q3,suppressed_1_9,2.593638888888889,2.0,2.0,5.0,2.985346158323484,2.30205227960727,2.30205227960727,5.755130699018175,0.43025,Corrected constrained Bayesian posterior summary; not an observed or recovered suppressed count.
21223,Trimble County,21,Kentucky,nonmetro_adjacent,Q2,suppressed_1_9,2.322416666666667,2.0,2.0,4.0,4.5342874063661744,3.9048009527714327,3.9048009527714327,7.809601905542865,1.0,Corrected constrained Bayesian posterior summary; not an observed or recovered suppressed count.
21225,Union County,21,Kentucky,nonmetro_adjacent,Q1_lowest,zero,0.0,0.0,0.0,0.0,0.0,0.0,0.0,0.0,0.0,Corrected constrained Bayesian posterior summary; not an observed or recovered suppressed count.
21227,Warren County,21,Kentucky,metro_other,Q4_highest,exact,31.0,31.0,31.0,31.0,3.7142384732831575,3.714238473280248,3.714238473280248,3.714238473280248,1.0,Corrected constrained Bayesian posterior summary; not an observed or recovered suppressed count.
21229,Washington County,21,Kentucky,nonmetro_adjacent,Q2,suppressed_1_9,4.9425,5.0,4.0,7.0,6.7788125248607445,6.857675796519044,5.486140637215235,9.600746115126661,1.0,Corrected constrained Bayesian posterior summary; not an observed or recovered suppressed count.
21231,Wayne County,21,Kentucky,nonmetro_nonadjacent,Q3,suppressed_1_9,4.345666666666666,4.0,3.0,7.0,3.6526801824530364,3.362135628551256,2.521601721413442,5.883737349964697,0.7166666666666667,Corrected constrained Bayesian posterior summary; not an observed or recovered suppressed count.
21233,Webster County,21,Kentucky,nonmetro_nonadjacent,Q3,suppressed_1_9,1.2421111111111112,1.0,1.0,3.0,1.6134665789134517,1.29897121479788,1.29897121479788,3.8969136443936403,0.03158333333333333,Corrected constrained Bayesian posterior summary; not an observed or recovered suppressed count.
21235,Whitley County,21,Kentucky,nonmetro_nonadjacent,Q4_highest,suppressed_1_9,8.279944444444444,9.0,6.0,9.0,3.75362986805338,4.0800598408776665,2.720039893918444,4.0800598408776665,0.963,Corrected constrained Bayesian posterior summary; not an observed or recovered suppressed count.
21237,Wolfe County,21,Kentucky,nonmetro_nonadjacent,Q4_highest,zero,0.0,0.0,0.0,0.0,0.0,0.0,0.0,0.0,0.0,Corrected constrained Bayesian posterior summary; not an observed or recovered suppressed count.
21239,Woodford County,21,Kentucky,metro_other,Q1_lowest,suppressed_1_9,1.46175,1.0,1.0,3.0,0.8988083525999253,0.6148851394559496,0.6148851394559496,1.844655418367849,0.003416666666666667,Corrected constrained Bayesian posterior summary; not an observed or recovered suppressed count.
22001,Acadia Parish,22,Louisiana,metro_other,Q4_highest,suppressed_1_9,8.41088888888889,9.0,7.0,9.0,2.395664018390065,2.5634598733081164,1.9938021236840906,2.5634598733081164,0.0,Corrected constrained Bayesian posterior summary; not an observed or recovered suppressed count.
22003,Allen Parish,22,Louisiana,nonmetro_adjacent,Q4_highest,suppressed_1_9,2.6509722222222223,2.0,2.0,5.0,1.88430503331716,1.4215954565809208,1.4215954565809208,3.553988641452302,0.035472222222222224,Corrected constrained Bayesian posterior summary; not an observed or recovered suppressed count.
22005,Ascension Parish,22,Louisiana,metro_other,Q2,suppressed_1_9,7.841444444444445,8.0,5.0,9.0,1.0062654722604119,1.0266123588728824,0.6416327242955514,1.1549389037319926,0.0,Corrected constrained Bayesian posterior summary; not an observed or recovered suppressed count.
22007,Assumption Parish,22,Louisiana,metro_other,Q3,suppressed_1_9,2.7398333333333333,3.0,2.0,5.0,2.1916036742257448,2.3997120345558534,1.5998080230372356,3.999520057593089,0.1778888888888889,Corrected constrained Bayesian posterior summary; not an observed or recovered suppressed count.
22009,Avoyelles Parish,22,Louisiana,nonmetro_adjacent,Q4_highest,exact,11.0,11.0,11.0,11.0,4.683282384899706,4.683282384897692,4.683282384897692,4.683282384897692,1.0,Corrected constrained Bayesian posterior summary; not an observed or recovered suppressed count.
22011,Beauregard Parish,22,Louisiana,nonmetro_adjacent,Q3,suppressed_1_9,6.2,6.0,4.0,9.0,2.7921136300172043,2.702045448404442,1.801363632269628,4.053068172606663,0.3973888888888889,Corrected constrained Bayesian posterior summary; not an observed or recovered suppressed count.
22013,Bienville Parish,22,Louisiana,nonmetro_adjacent,Q4_highest,suppressed_1_9,1.254388888888889,1.0,1.0,3.0,1.6414620564115923,1.308575092581688,1.308575092581688,3.9257252777450637,0.03288888888888889,Corrected constrained Bayesian posterior summary; not an observed or recovered suppressed count.
22015,Bossier Parish,22,Louisiana,metro_other,Q4_highest,exact,25.0,25.0,25.0,25.0,3.231514766084524,3.231514766083572,3.231514766083572,3.231514766083572,1.0,Corrected constrained Bayesian posterior summary; not an observed or recovered suppressed count.
22017,Caddo Parish,22,Louisiana,metro_other,Q4_highest,exact,72.0,72.0,72.0,72.0,5.175838324066107,5.17583832406355,5.17583832406355,5.17583832406355,1.0,Corrected constrained Bayesian posterior summary; not an observed or recovered suppressed count.
22019,Calcasieu Parish,22,Louisiana,metro_other,Q3,suppressed_1_9,8.414555555555555,9.0,6.0,9.0,0.6868643663497136,0.7346530968076874,0.48976873120512493,0.7346530968076874,0.0,Corrected constrained Bayesian posterior summary; not an observed or recovered suppressed count.
22021,Caldwell Parish,22,Louisiana,nonmetro_adjacent,Q4_highest,suppressed_1_9,1.1334166666666667,1.0,1.0,2.0,1.9655533203854754,1.7341842397336293,1.7341842397336293,3.4683684794672587,0.1213888888888889,Corrected constrained Bayesian posterior summary; not an observed or recovered suppressed count.
22023,Cameron Parish,22,Louisiana,metro_other,Q2,zero,0.0,0.0,0.0,0.0,0.0,0.0,0.0,0.0,0.0,Corrected constrained Bayesian posterior summary; not an observed or recovered suppressed count.
22025,Catahoula Parish,22,Louisiana,nonmetro_nonadjacent,Q4_highest,zero,0.0,0.0,0.0,0.0,0.0,0.0,0.0,0.0,0.0,Corrected constrained Bayesian posterior summary; not an observed or recovered suppressed count.
22027,Claiborne Parish,22,Louisiana,nonmetro_nonadjacent,Q4_highest,suppressed_1_9,2.4826111111111113,2.0,2.0,4.0,2.881162290798795,2.3210741931365835,2.3210741931365835,4.642148386273167,0.3705833333333333,Corrected constrained Bayesian posterior summary; not an observed or recovered suppressed count.
22029,Concordia Parish,22,Louisiana,nonmetro_adjacent,Q4_highest,zero,0.0,0.0,0.0,0.0,0.0,0.0,0.0,0.0,0.0,Corrected constrained Bayesian posterior summary; not an observed or recovered suppressed count.
22031,De Soto Parish,22,Louisiana,metro_other,Q4_highest,suppressed_1_9,2.9060555555555556,3.0,2.0,5.0,1.7798751511613757,1.8374134118929646,1.2249422745953098,3.062355686488274,0.07608333333333334,Corrected constrained Bayesian posterior summary; not an observed or recovered suppressed count.
22033,East Baton Rouge Parish,22,Louisiana,metro_other,Q4_highest,exact,52.0,52.0,52.0,52.0,1.9365972942759726,1.936597294275642,1.936597294275642,1.936597294275642,0.0,Corrected constrained Bayesian posterior summary; not an observed or recovered suppressed count.
22035,East Carroll Parish,22,Louisiana,nonmetro_adjacent,Q4_highest,suppressed_1_9,2.2152777777777777,2.0,2.0,3.0,5.353369367044554,4.833135980280805,4.833135980280805,7.249703970421208,1.0,Corrected constrained Bayesian posterior summary; not an observed or recovered suppressed count.
22037,East Feliciana Parish,22,Louisiana,metro_other,Q3,suppressed_1_9,3.7676666666666665,4.0,3.0,6.0,3.2810536063150217,3.483379923539811,2.612534942654858,5.225069885309716,0.5216111111111111,Corrected constrained Bayesian posterior summary; not an observed or recovered suppressed count.
22039,Evangeline Parish,22,Louisiana,nonmetro_adjacent,Q4_highest,suppressed_1_9,3.3806944444444444,3.0,2.0,6.0,1.7392998155300259,1.5434401222404575,1.0289600814936384,3.086880244480915,0.06580555555555556,Corrected constrained Bayesian posterior summary; not an observed or recovered suppressed count.
22041,Franklin Parish,22,Louisiana,nonmetro_adjacent,Q4_highest,suppressed_1_9,2.921472222222222,3.0,2.0,5.0,2.494724627450296,2.5617816337335406,1.7078544224890269,4.269636056222568,0.23594444444444446,Corrected constrained Bayesian posterior summary; not an observed or recovered suppressed count.
22043,Grant Parish,22,Louisiana,metro_other,Q3,suppressed_1_9,5.116,5.0,4.0,8.0,3.8495398761471935,3.762255547445805,3.0098044379566438,6.0196088759132875,1.0,Corrected constrained Bayesian posterior summary; not an observed or recovered suppressed count.
22045,Iberia Parish,22,Louisiana,nonmetro_adjacent,Q4_highest,exact,19.0,19.0,19.0,19.0,4.619252070153469,4.619252070154283,4.619252070154283,4.619252070154283,1.0,Corrected constrained Bayesian posterior summary; not an observed or recovered suppressed count.
22047,Iberville Parish,22,Louisiana,metro_other,Q4_highest,suppressed_1_9,2.946083333333333,3.0,2.0,5.0,1.6072993842318972,1.6367147860813773,1.0911431907209184,2.7278579768022957,0.023055555555555555,Corrected constrained Bayesian posterior summary; not an observed or recovered suppressed count.
22049,Jackson Parish,22,Louisiana,nonmetro_adjacent,Q4_highest,suppressed_1_9,3.9383055555555555,4.0,3.0,6.0,4.348067430174491,4.416180886769122,3.3121356650768417,6.624271330153683,1.0,Corrected constrained Bayesian posterior summary; not an observed or recovered suppressed count.
22051,Jefferson Parish,22,Louisiana,metro_large,Q4_highest,exact,82.0,82.0,82.0,82.0,3.186395180615426,3.186395180616148,3.186395180616148,3.186395180616148,1.0,Corrected constrained Bayesian posterior summary; not an observed or recovered suppressed count.
22053,Jefferson Davis Parish,22,Louisiana,metro_other,Q3,suppressed_1_9,1.4586944444444445,1.0,1.0,3.0,0.7679926103766301,0.5264931345295257,0.5264931345295257,1.579479403588577,0.00025,Corrected constrained Bayesian posterior summary; not an observed or recovered suppressed count.
22055,Lafayette Parish,22,Louisiana,metro_other,Q3,exact,52.0,52.0,52.0,52.0,3.4970443250356595,3.49704432503682,3.49704432503682,3.49704432503682,1.0,Corrected constrained Bayesian posterior summary; not an observed or recovered suppressed count.
22057,Lafourche Parish,22,Louisiana,metro_other,Q3,exact,30.0,30.0,30.0,30.0,5.181508233419435,5.181508233416583,5.181508233416583,5.181508233416583,1.0,Corrected constrained Bayesian posterior summary; not an observed or recovered suppressed count.
22059,LaSalle Parish,22,Louisiana,nonmetro_adjacent,Q2,suppressed_1_9,1.1846388888888888,1.0,1.0,2.0,1.3313840375030443,1.1238733169997077,1.1238733169997077,2.2477466339994154,0.017805555555555557,Corrected constrained Bayesian posterior summary; not an observed or recovered suppressed count.
22061,Lincoln Parish,22,Louisiana,nonmetro_adjacent,Q4_highest,suppressed_1_9,7.050194444444444,7.0,4.0,9.0,2.467000645407044,2.4494366295751977,1.3996780740429702,3.1492756665966826,0.1807777777777778,Corrected constrained Bayesian posterior summary; not an observed or recovered suppressed count.
22063,Livingston Parish,22,Louisiana,metro_other,Q2,exact,16.0,16.0,16.0,16.0,1.814445709517168,1.814445709516314,1.814445709516314,1.814445709516314,0.0,Corrected constrained Bayesian posterior summary; not an observed or recovered suppressed count.
22065,Madison Parish,22,Louisiana,nonmetro_adjacent,Q4_highest,suppressed_1_9,2.4105833333333333,2.0,2.0,4.0,4.071793745707117,3.378264247829465,3.378264247829465,6.75652849565893,1.0,Corrected constrained Bayesian posterior summary; not an observed or recovered suppressed count.
22067,Morehouse Parish,22,Louisiana,metro_other,Q4_highest,suppressed_1_9,3.007972222222222,3.0,2.0,6.0,2.0558334966047704,2.050384788878713,1.3669231925858087,4.100769577757426,0.09402777777777778,Corrected constrained Bayesian posterior summary; not an observed or recovered suppressed count.
22069,Natchitoches Parish,22,Louisiana,nonmetro_adjacent,Q4_highest,exact,19.0,19.0,19.0,19.0,8.567241573667797,8.567241573667005,8.567241573667005,8.567241573667005,1.0,Corrected constrained Bayesian posterior summary; not an observed or recovered suppressed count.
22071,Orleans Parish,22,Louisiana,metro_large,Q4_highest,exact,69.0,69.0,69.0,69.0,3.0623426388620394,3.0623426388605957,3.0623426388605957,3.0623426388605957,1.0,Corrected constrained Bayesian posterior summary; not an observed or recovered suppressed count.
22073,Ouachita Parish,22,Louisiana,metro_other,Q4_highest,exact,43.0,43.0,43.0,43.0,4.5860307370697395,4.586030737071126,4.586030737071126,4.586030737071126,1.0,Corrected constrained Bayesian posterior summary; not an observed or recovered suppressed count.
22075,Plaquemines Parish,22,Louisiana,metro_large,Q3,suppressed_1_9,2.51525,2.0,2.0,4.0,1.8385792813068895,1.4619455571474518,1.4619455571474518,2.9238911142949036,0.01886111111111111,Corrected constrained Bayesian posterior summary; not an observed or recovered suppressed count.
22077,Pointe Coupee Parish,22,Louisiana,metro_other,Q3,suppressed_1_9,4.139555555555556,4.0,3.0,7.0,3.348856942792281,3.235957964906036,2.426968473679527,5.662926438585562,0.66575,Corrected constrained Bayesian posterior summary; not an observed or recovered suppressed count.
22079,Rapides Parish,22,Louisiana,metro_other,Q4_highest,exact,19.0,19.0,19.0,19.0,2.479715276480691,2.479715276481728,2.479715276481728,2.479715276481728,0.0,Corrected constrained Bayesian posterior summary; not an observed or recovered suppressed count.
22081,Red River Parish,22,Louisiana,nonmetro_adjacent,Q3,suppressed_1_9,1.13775,1.0,1.0,2.0,2.457025007557876,2.15954735887358,2.15954735887358,4.31909471774716,0.12547222222222223,Corrected constrained Bayesian posterior summary; not an observed or recovered suppressed count.
22083,Richland Parish,22,Louisiana,metro_other,Q4_highest,suppressed_1_9,1.35625,1.0,1.0,3.0,1.1385386410575564,0.8394754957102802,0.8394754957102802,2.518426487130841,0.010805555555555556,Corrected constrained Bayesian posterior summary; not an observed or recovered suppressed count.
22085,Sabine Parish,22,Louisiana,nonmetro_adjacent,Q4_highest,suppressed_1_9,3.126,3.0,2.0,6.0,2.3077093437867053,2.2146922685092907,1.476461512339527,4.429384537018581,0.31144444444444447,Corrected constrained Bayesian posterior summary; not an observed or recovered suppressed count.
22087,St. Bernard Parish,22,Louisiana,metro_large,Q4_highest,exact,10.0,10.0,10.0,10.0,3.664695060724579,3.6646950607239974,3.6646950607239974,3.6646950607239974,1.0,Corrected constrained Bayesian posterior summary; not an observed or recovered suppressed count.
22089,St. Charles Parish,22,Louisiana,metro_large,Q2,suppressed_1_9,7.293277777777778,7.0,5.0,9.0,2.349736869707097,2.2552490922622406,1.6108922087587432,2.8996059757657378,0.0,Corrected constrained Bayesian posterior summary; not an observed or recovered suppressed count.
22091,St. Helena Parish,22,Louisiana,metro_other,Q4_highest,suppressed_1_9,1.2395833333333333,1.0,1.0,3.0,1.949704824521528,1.572871118940514,1.572871118940514,4.718613356821542,0.20402777777777778,Corrected constrained Bayesian posterior summary; not an observed or recovered suppressed count.
22093,St. James Parish,22,Louisiana,metro_large,Q2,suppressed_1_9,3.7071111111111112,3.0,3.0,6.0,3.107672217147395,2.5149007871639464,2.5149007871639464,5.029801574327893,0.4935833333333333,Corrected constrained Bayesian posterior summary; not an observed or recovered suppressed count.
22095,St. John the Baptist Parish,22,Louisiana,metro_large,Q3,suppressed_1_9,4.737444444444445,5.0,3.0,8.0,1.9211281744887925,2.027599686938608,1.2165598121631649,3.2441594991017735,0.03847222222222222,Corrected constrained Bayesian posterior summary; not an observed or recovered suppressed count.
22097,St. Landry Parish,22,Louisiana,nonmetro_adjacent,Q4_highest,exact,45.0,45.0,45.0,45.0,9.188530263956613,9.188530263955846,9.188530263955846,9.188530263955846,1.0,Corrected constrained Bayesian posterior summary; not an observed or recovered suppressed count.
22099,St. Martin Parish,22,Louisiana,metro_other,Q3,exact,16.0,16.0,16.0,16.0,5.137492133216679,5.137492133215171,5.137492133215171,5.137492133215171,1.0,Corrected constrained Bayesian posterior summary; not an observed or recovered suppressed count.
22101,St. Mary Parish,22,Louisiana,nonmetro_adjacent,Q4_highest,exact,12.0,12.0,12.0,12.0,4.173143733499672,4.173143733503041,4.173143733503041,4.173143733503041,1.0,Corrected constrained Bayesian posterior summary; not an observed or recovered suppressed count.
22103,St. Tammany Parish,22,Louisiana,metro_other,Q2,exact,45.0,45.0,45.0,45.0,2.778268262176128,2.7782682621746804,2.7782682621746804,2.7782682621746804,0.0,Corrected constrained Bayesian posterior summary; not an observed or recovered suppressed count.
22105,Tangipahoa Parish,22,Louisiana,metro_other,Q4_highest,exact,44.0,44.0,44.0,44.0,5.354915264554991,5.35491526455107,5.35491526455107,5.35491526455107,1.0,Corrected constrained Bayesian posterior summary; not an observed or recovered suppressed count.
22107,Tensas Parish,22,Louisiana,nonmetro_nonadjacent,Q4_highest,suppressed_1_9,1.082638888888889,1.0,1.0,2.0,4.509304381223332,4.165104752384522,4.165104752384522,8.330209504769044,1.0,Corrected constrained Bayesian posterior summary; not an observed or recovered suppressed count.
22109,Terrebonne Parish,22,Louisiana,metro_other,Q4_highest,exact,24.0,24.0,24.0,24.0,3.7424332677355148,3.7424332677367946,3.7424332677367946,3.7424332677367946,1.0,Corrected constrained Bayesian posterior summary; not an observed or recovered suppressed count.
22111,Union Parish,22,Louisiana,metro_other,Q4_highest,suppressed_1_9,5.643388888888889,5.0,4.0,9.0,4.431157210746457,3.9259718743374923,3.1407774994699937,7.066749373807486,1.0,Corrected constrained Bayesian posterior summary; not an observed or recovered suppressed count.
22113,Vermilion Parish,22,Louisiana,metro_other,Q4_highest,suppressed_1_9,7.228777777777778,7.0,4.0,9.0,2.0791588129746867,2.0133571868222897,1.1504898210413081,2.5886020973429438,0.0,Corrected constrained Bayesian posterior summary; not an observed or recovered suppressed count.
22115,Vernon Parish,22,Louisiana,nonmetro_adjacent,Q4_highest,exact,10.0,10.0,10.0,10.0,3.5377441927957483,3.5377441927929074,3.5377441927929074,3.5377441927929074,1.0,Corrected constrained Bayesian posterior summary; not an observed or recovered suppressed count.
22117,Washington Parish,22,Louisiana,nonmetro_adjacent,Q4_highest,exact,16.0,16.0,16.0,16.0,5.8806233460776465,5.880623346074684,5.880623346074684,5.880623346074684,1.0,Corrected constrained Bayesian posterior summary; not an observed or recovered suppressed count.
22119,Webster Parish,22,Louisiana,nonmetro_adjacent,Q4_highest,suppressed_1_9,7.663388888888889,8.0,5.0,9.0,3.506758227119893,3.6607910969560526,2.2879944355975326,4.1183899840755585,0.8270277777777778,Corrected constrained Bayesian posterior summary; not an observed or recovered suppressed count.
22121,West Baton Rouge Parish,22,Louisiana,metro_other,Q3,suppressed_1_9,4.348944444444444,4.0,3.0,7.0,2.6234176918238794,2.412923618902844,1.8096927141771326,4.222616333079976,0.38825,Corrected constrained Bayesian posterior summary; not an observed or recovered suppressed count.
22123,West Carroll Parish,22,Louisiana,nonmetro_adjacent,Q3,zero,0.0,0.0,0.0,0.0,0.0,0.0,0.0,0.0,0.0,Corrected constrained Bayesian posterior summary; not an observed or recovered suppressed count.
22125,West Feliciana Parish,22,Louisiana,metro_other,Q2,suppressed_1_9,1.146111111111111,1.0,1.0,2.0,1.239923741383539,1.081852997814657,1.081852997814657,2.163705995629314,0.013,Corrected constrained Bayesian posterior summary; not an observed or recovered suppressed count.
22127,Winn Parish,22,Louisiana,nonmetro_adjacent,Q3,suppressed_1_9,1.2027777777777777,1.0,1.0,2.0,1.4838666343165743,1.233699742156754,1.233699742156754,2.467399484313508,0.022833333333333334,Corrected constrained Bayesian posterior summary; not an observed or recovered suppressed count.
23001,Androscoggin County,23,Maine,metro_other,Q3,exact,45.0,45.0,45.0,45.0,6.717240020423001,6.71724002042041,6.71724002042041,6.71724002042041,1.0,Corrected constrained Bayesian posterior summary; not an observed or recovered suppressed count.
23003,Aroostook County,23,Maine,nonmetro_nonadjacent,Q3,exact,18.0,18.0,18.0,18.0,4.476498383486797,4.476498383486695,4.476498383486695,4.476498383486695,1.0,Corrected constrained Bayesian posterior summary; not an observed or recovered suppressed count.
23005,Cumberland County,23,Maine,metro_other,Q1_lowest,exact,63.0,63.0,63.0,63.0,3.442933379236857,3.4429333792391117,3.4429333792391117,3.4429333792391117,1.0,Corrected constrained Bayesian posterior summary; not an observed or recovered suppressed count.
23007,Franklin County,23,Maine,nonmetro_adjacent,Q2,suppressed_1_9,5.731166666666667,6.0,4.0,8.0,3.1476782588940058,3.295327225993541,2.1968848173290274,4.393769634658055,0.5343611111111111,Corrected constrained Bayesian posterior summary; not an observed or recovered suppressed count.
23009,Hancock County,23,Maine,nonmetro_adjacent,Q1_lowest,exact,20.0,20.0,20.0,20.0,5.944596361901668,5.944596361907027,5.944596361907027,5.944596361907027,1.0,Corrected constrained Bayesian posterior summary; not an observed or recovered suppressed count.
23011,Kennebec County,23,Maine,nonmetro_adjacent,Q2,exact,25.0,25.0,25.0,25.0,3.328881509125785,3.3288815091284594,3.3288815091284594,3.3288815091284594,1.0,Corrected constrained Bayesian posterior summary; not an observed or recovered suppressed count.
23013,Knox County,23,Maine,nonmetro_nonadjacent,Q1_lowest,exact,11.0,11.0,11.0,11.0,4.5095089144794365,4.5095089144792135,4.5095089144792135,4.5095089144792135,1.0,Corrected constrained Bayesian posterior summary; not an observed or recovered suppressed count.
23015,Lincoln County,23,Maine,nonmetro_adjacent,Q1_lowest,suppressed_1_9,3.0468333333333333,3.0,2.0,5.0,1.42076630139086,1.3989274889251573,0.932618325950105,2.331545814875262,0.00375,Corrected constrained Bayesian posterior summary; not an observed or recovered suppressed count.
23017,Oxford County,23,Maine,nonmetro_adjacent,Q2,exact,16.0,16.0,16.0,16.0,4.517540763744178,4.5175407637467355,4.5175407637467355,4.5175407637467355,1.0,Corrected constrained Bayesian posterior summary; not an observed or recovered suppressed count.
23019,Penobscot County,23,Maine,metro_other,Q2,exact,34.0,34.0,34.0,34.0,3.6859405219291155,3.6859405219291776,3.6859405219291776,3.6859405219291776,1.0,Corrected constrained Bayesian posterior summary; not an observed or recovered suppressed count.
23021,Piscataquis County,23,Maine,nonmetro_adjacent,Q2,suppressed_1_9,7.3783055555555555,7.0,6.0,9.0,7.1439137455648964,6.777626088051045,5.8093937897580386,8.714090684637057,1.0,Corrected constrained Bayesian posterior summary; not an observed or recovered suppressed count.
23023,Sagadahoc County,23,Maine,metro_other,Q1_lowest,suppressed_1_9,4.309111111111111,4.0,3.0,7.0,1.9457827909953007,1.8062034055965213,1.3546525541973908,3.160855959793912,0.03963888888888889,Corrected constrained Bayesian posterior summary; not an observed or recovered suppressed count.
23025,Somerset County,23,Maine,nonmetro_adjacent,Q2,exact,16.0,16.0,16.0,16.0,5.238190336191529,5.238190336193604,5.238190336193604,5.238190336193604,1.0,Corrected constrained Bayesian posterior summary; not an observed or recovered suppressed count.
23027,Waldo County,23,Maine,nonmetro_adjacent,Q2,suppressed_1_9,6.383861111111111,6.0,4.0,9.0,2.648597304507681,2.4893373384005177,1.6595582256003452,3.7340060076007764,0.21313888888888888,Corrected constrained Bayesian posterior summary; not an observed or recovered suppressed count.
23029,Washington County,23,Maine,nonmetro_nonadjacent,Q3,suppressed_1_9,7.150722222222222,7.0,5.0,9.0,3.796547997441151,3.716524730817423,2.654660522012445,4.778388939622402,0.9165833333333333,Corrected constrained Bayesian posterior summary; not an observed or recovered suppressed count.
23031,York County,23,Maine,metro_other,Q1_lowest,exact,58.0,58.0,58.0,58.0,4.507448558744283,4.507448558743324,4.507448558743324,4.507448558743324,1.0,Corrected constrained Bayesian posterior summary; not an observed or recovered suppressed count.
24001,Allegany County,24,Maryland,nonmetro_adjacent,Q3,exact,12.0,12.0,12.0,12.0,2.9279790356679114,2.9279790356701048,2.9279790356701048,2.9279790356701048,0.0,Corrected constrained Bayesian posterior summary; not an observed or recovered suppressed count.
24003,Anne Arundel County,24,Maryland,metro_large,Q1_lowest,exact,120.0,120.0,120.0,120.0,3.387376096131881,3.3873760961337336,3.3873760961337336,3.3873760961337336,1.0,Corrected constrained Bayesian posterior summary; not an observed or recovered suppressed count.
24005,Baltimore County,24,Maryland,metro_large,Q3,exact,215.0,215.0,215.0,215.0,4.260807389308481,4.26080738931017,4.26080738931017,4.26080738931017,1.0,Corrected constrained Bayesian posterior summary; not an observed or recovered suppressed count.
24009,Calvert County,24,Maryland,metro_other,Q1_lowest,exact,28.0,28.0,28.0,28.0,4.966837490395568,4.966837490398926,4.966837490398926,4.966837490398926,1.0,Corrected constrained Bayesian posterior summary; not an observed or recovered suppressed count.
24011,Caroline County,24,Maryland,nonmetro_adjacent,Q4_highest,exact,10.0,10.0,10.0,10.0,4.9613510751229,4.961351075124778,4.961351075124778,4.961351075124778,1.0,Corrected constrained Bayesian posterior summary; not an observed or recovered suppressed count.
24013,Carroll County,24,Maryland,metro_large,Q1_lowest,exact,38.0,38.0,38.0,38.0,3.6522167033142954,3.6522167033169812,3.6522167033169812,3.6522167033169812,1.0,Corrected constrained Bayesian posterior summary; not an observed or recovered suppressed count.
24015,Cecil County,24,Maryland,metro_large,Q2,exact,18.0,18.0,18.0,18.0,2.870364759573021,2.8703647595750583,2.8703647595750583,2.8703647595750583,0.0,Corrected constrained Bayesian posterior summary; not an observed or recovered suppressed count.
24017,Charles County,24,Maryland,metro_large,Q1_lowest,exact,40.0,40.0,40.0,40.0,3.948885624474302,3.9488856244767727,3.9488856244767727,3.9488856244767727,1.0,Corrected constrained Bayesian posterior summary; not an observed or recovered suppressed count.
24019,Dorchester County,24,Maryland,nonmetro_adjacent,Q4_highest,suppressed_1_9,6.619916666666667,7.0,4.0,9.0,3.3945853460079816,3.5894858830648055,2.051134790322746,4.615053278226179,0.7776666666666666,Corrected constrained Bayesian posterior summary; not an observed or recovered suppressed count.
24021,Frederick County,24,Maryland,metro_large,Q1_lowest,exact,38.0,38.0,38.0,38.0,2.2560899586187064,2.2560899586185603,2.2560899586185603,2.2560899586185603,0.0,Corrected constrained Bayesian posterior summary; not an observed or recovered suppressed count.
24023,Garrett County,24,Maryland,nonmetro_adjacent,Q2,suppressed_1_9,5.8910833333333334,6.0,4.0,9.0,3.425785391819474,3.489122660107116,2.326081773404744,5.233683990160674,0.5789166666666666,Corrected constrained Bayesian posterior summary; not an observed or recovered suppressed count.
24025,Harford County,24,Maryland,metro_large,Q1_lowest,exact,32.0,32.0,32.0,32.0,2.039193295131655,2.0391932951324456,2.0391932951324456,2.0391932951324456,0.0,Corrected constrained Bayesian posterior summary; not an observed or recovered suppressed count.
24027,Howard County,24,Maryland,metro_large,Q1_lowest,exact,24.0,24.0,24.0,24.0,1.2003006753194723,1.2003006753191674,1.2003006753191674,1.2003006753191674,0.0,Corrected constrained Bayesian posterior summary; not an observed or recovered suppressed count.
24029,Kent County,24,Maryland,nonmetro_adjacent,Q2,suppressed_1_9,3.9374444444444445,4.0,3.0,6.0,3.392476947584402,3.4463744141163497,2.584780810587262,5.169561621174524,0.605,Corrected constrained Bayesian posterior summary; not an observed or recovered suppressed count.
24031,Montgomery County,24,Maryland,metro_large,Q2,exact,149.0,149.0,149.0,149.0,2.3462353708690795,2.3462353708681656,2.3462353708681656,2.3462353708681656,0.0,Corrected constrained Bayesian posterior summary; not an observed or recovered suppressed count.
24033,Prince George's County,24,Maryland,metro_large,Q4_highest,exact,201.0,201.0,201.0,201.0,3.5668179458872826,3.5668179458855156,3.5668179458855156,3.5668179458855156,1.0,Corrected constrained Bayesian posterior summary; not an observed or recovered suppressed count.
24035,Queen Anne's County,24,Maryland,metro_large,Q1_lowest,suppressed_1_9,6.011277777777778,6.0,4.0,9.0,1.9375405806800396,1.9339055544990702,1.2892703696660468,2.900858331748605,0.0,Corrected constrained Bayesian posterior summary; not an observed or recovered suppressed count.
24037,St. Mary's County,24,Maryland,metro_other,Q1_lowest,exact,20.0,20.0,20.0,20.0,2.901527944616698,2.9015279446156343,2.9015279446156343,2.9015279446156343,0.0,Corrected constrained Bayesian posterior summary; not an observed or recovered suppressed count.
24039,Somerset County,24,Maryland,metro_other,Q4_highest,suppressed_1_9,2.7422222222222223,3.0,2.0,5.0,1.823892399217496,1.9953441968739607,1.3302294645826405,3.3255736614566014,0.042944444444444445,Corrected constrained Bayesian posterior summary; not an observed or recovered suppressed count.
24041,Talbot County,24,Maryland,nonmetro_adjacent,Q2,suppressed_1_9,4.90125,5.0,3.0,8.0,2.170827095643935,2.2145647494441443,1.3287388496664865,3.5433035991106308,0.12391666666666666,Corrected constrained Bayesian posterior summary; not an observed or recovered suppressed count.
24043,Washington County,24,Maryland,metro_other,Q3,exact,21.0,21.0,21.0,21.0,2.268399147514787,2.2683991475139966,2.2683991475139966,2.2683991475139966,0.0,Corrected constrained Bayesian posterior summary; not an observed or recovered suppressed count.
24045,Wicomico County,24,Maryland,metro_other,Q4_highest,exact,18.0,18.0,18.0,18.0,2.8691111493672263,2.8691111493659265,2.8691111493659265,2.8691111493659265,0.0,Corrected constrained Bayesian posterior summary; not an observed or recovered suppressed count.
24047,Worcester County,24,Maryland,nonmetro_adjacent,Q2,suppressed_1_9,7.896805555555556,8.0,6.0,9.0,2.4663258914550643,2.4985555225885037,1.8739166419413777,2.8108749629120666,0.0,Corrected constrained Bayesian posterior summary; not an observed or recovered suppressed count.
24510,Baltimore City,24,Maryland,metro_large,Q4_highest,exact,208.0,208.0,208.0,208.0,6.012325266792294,6.012325266796934,6.012325266796934,6.012325266796934,1.0,Corrected constrained Bayesian posterior summary; not an observed or recovered suppressed count.
25001,Barnstable County,25,Massachusetts,metro_other,Q1_lowest,exact,42.0,42.0,42.0,42.0,3.0988831477580927,3.098883147756962,3.098883147756962,3.098883147756962,1.0,Corrected constrained Bayesian posterior summary; not an observed or recovered suppressed count.
25003,Berkshire County,25,Massachusetts,metro_other,Q2,exact,15.0,15.0,15.0,15.0,1.9696024685689792,1.9696024685684272,1.9696024685684272,1.9696024685684272,0.0,Corrected constrained Bayesian posterior summary; not an observed or recovered suppressed count.
25005,Bristol County,25,Massachusetts,metro_large,Q3,exact,72.0,72.0,72.0,72.0,2.079333504299412,2.0793335043007546,2.0793335043007546,2.0793335043007546,0.0,Corrected constrained Bayesian posterior summary; not an observed or recovered suppressed count.
25007,Dukes County,25,Massachusetts,nonmetro_nonadjacent,Q1_lowest,suppressed_1_9,3.0,3.0,3.0,3.0,2.528700753551936,2.5287007535528248,2.5287007535528248,2.5287007535528248,0.0,Corrected constrained Bayesian posterior summary; not an observed or recovered suppressed count.
25009,Essex County,25,Massachusetts,metro_large,Q3,exact,91.0,91.0,91.0,91.0,1.884774809798094,1.8847748097982606,1.8847748097982606,1.8847748097982606,0.0,Corrected constrained Bayesian posterior summary; not an observed or recovered suppressed count.
25011,Franklin County,25,Massachusetts,nonmetro_adjacent,Q2,exact,15.0,15.0,15.0,15.0,3.5372102730032156,3.5372102730018886,3.5372102730018886,3.5372102730018886,1.0,Corrected constrained Bayesian posterior summary; not an observed or recovered suppressed count.
25013,Hampden County,25,Massachusetts,metro_other,Q4_highest,exact,70.0,70.0,70.0,70.0,2.519291474468041,2.5192914744657213,2.5192914744657213,2.5192914744657213,0.0,Corrected constrained Bayesian posterior summary; not an observed or recovered suppressed count.
25015,Hampshire County,25,Massachusetts,metro_other,Q2,exact,20.0,20.0,20.0,20.0,2.0527726800585953,2.0527726800589554,2.0527726800589554,2.0527726800589554,0.0,Corrected constrained Bayesian posterior summary; not an observed or recovered suppressed count.
25017,Middlesex County,25,Massachusetts,metro_large,Q2,exact,141.0,141.0,141.0,141.0,1.4467721743225046,1.4467721743231183,1.4467721743231183,1.4467721743231183,0.0,Corrected constrained Bayesian posterior summary; not an observed or recovered suppressed count.
25019,Nantucket County,25,Massachusetts,nonmetro_nonadjacent,Q1_lowest,suppressed_1_9,1.0,1.0,1.0,1.0,1.2376084454397285,1.2376084454400318,1.2376084454400318,1.2376084454400318,0.0,Corrected constrained Bayesian posterior summary; not an observed or recovered suppressed count.
25021,Norfolk County,25,Massachusetts,metro_large,Q2,exact,68.0,68.0,68.0,68.0,1.568827580543647,1.5688275805425698,1.5688275805425698,1.5688275805425698,0.0,Corrected constrained Bayesian posterior summary; not an observed or recovered suppressed count.
25023,Plymouth County,25,Massachusetts,metro_large,Q2,exact,47.0,47.0,47.0,47.0,1.4740889659733794,1.4740889659736358,1.4740889659736358,1.4740889659736358,0.0,Corrected constrained Bayesian posterior summary; not an observed or recovered suppressed count.
25025,Suffolk County,25,Massachusetts,metro_large,Q4_highest,exact,96.0,96.0,96.0,96.0,2.0405196183209844,2.0405196183208054,2.0405196183208054,2.0405196183208054,0.0,Corrected constrained Bayesian posterior summary; not an observed or recovered suppressed count.
25027,Worcester County,25,Massachusetts,metro_other,Q3,exact,126.0,126.0,126.0,126.0,2.45475076097209,2.4547507609727357,2.4547507609727357,2.4547507609727357,0.0,Corrected constrained Bayesian posterior summary; not an observed or recovered suppressed count.
26001,Alcona County,26,Michigan,nonmetro_nonadjacent,Q1_lowest,zero,0.0,0.0,0.0,0.0,0.0,0.0,0.0,0.0,0.0,Corrected constrained Bayesian posterior summary; not an observed or recovered suppressed count.
26003,Alger County,26,Michigan,nonmetro_nonadjacent,Q2,suppressed_1_9,3.293277777777778,3.0,3.0,5.0,6.190022701308283,5.638779768058192,5.638779768058192,9.397966280096988,1.0,Corrected constrained Bayesian posterior summary; not an observed or recovered suppressed count.
26005,Allegan County,26,Michigan,nonmetro_adjacent,Q1_lowest,exact,20.0,20.0,20.0,20.0,2.764202472302713,2.7642024723026912,2.7642024723026912,2.7642024723026912,0.0,Corrected constrained Bayesian posterior summary; not an observed or recovered suppressed count.
26007,Alpena County,26,Michigan,nonmetro_nonadjacent,Q2,exact,11.0,11.0,11.0,11.0,6.388292003017108,6.388292003019919,6.388292003019919,6.388292003019919,1.0,Corrected constrained Bayesian posterior summary; not an observed or recovered suppressed count.
26009,Antrim County,26,Michigan,nonmetro_adjacent,Q1_lowest,suppressed_1_9,3.8714444444444442,4.0,3.0,6.0,2.6926168065404923,2.782028098483795,2.086521073862846,4.173042147725692,0.22244444444444444,Corrected constrained Bayesian posterior summary; not an observed or recovered suppressed count.
26011,Arenac County,26,Michigan,nonmetro_adjacent,Q2,zero,0.0,0.0,0.0,0.0,0.0,0.0,0.0,0.0,0.0,Corrected constrained Bayesian posterior summary; not an observed or recovered suppressed count.
26013,Baraga County,26,Michigan,nonmetro_nonadjacent,Q2,suppressed_1_9,1.0619722222222223,1.0,1.0,2.0,2.1521810599507374,2.0265888456549934,2.0265888456549934,4.053177691309987,0.059277777777777776,Corrected constrained Bayesian posterior summary; not an observed or recovered suppressed count.
26015,Barry County,26,Michigan,metro_large,Q1_lowest,suppressed_1_9,7.0649444444444445,7.0,5.0,9.0,1.8690823684346594,1.8519008439376703,1.322786317098336,2.3810153707770048,0.0,Corrected constrained Bayesian posterior summary; not an observed or recovered suppressed count.
26017,Bay County,26,Michigan,metro_other,Q2,exact,33.0,33.0,33.0,33.0,5.353058542997433,5.353058542994793,5.353058542994793,5.353058542994793,1.0,Corrected constrained Bayesian posterior summary; not an observed or recovered suppressed count.
26019,Benzie County,26,Michigan,metro_other,Q1_lowest,suppressed_1_9,3.615,3.0,3.0,6.0,3.3135042484338846,2.7497960567924546,2.7497960567924546,5.499592113584909,0.44766666666666666,Corrected constrained Bayesian posterior summary; not an observed or recovered suppressed count.
26021,Berrien County,26,Michigan,metro_other,Q3,exact,34.0,34.0,34.0,34.0,3.7061623669727335,3.7061623669732975,3.7061623669732975,3.7061623669732975,1.0,Corrected constrained Bayesian posterior summary; not an observed or recovered suppressed count.
26023,Branch County,26,Michigan,nonmetro_adjacent,Q3,suppressed_1_9,1.394861111111111,1.0,1.0,3.0,0.5207445376528789,0.3733307449068353,0.3733307449068353,1.1199922347205058,0.0,Corrected constrained Bayesian posterior summary; not an observed or recovered suppressed count.
26025,Calhoun County,26,Michigan,metro_other,Q3,exact,22.0,22.0,22.0,22.0,2.7431489854072835,2.7431489854089413,2.7431489854089413,2.7431489854089413,0.0,Corrected constrained Bayesian posterior summary; not an observed or recovered suppressed count.
26027,Cass County,26,Michigan,metro_other,Q1_lowest,exact,16.0,16.0,16.0,16.0,5.170480434579074,5.170480434578881,5.170480434578881,5.170480434578881,1.0,Corrected constrained Bayesian posterior summary; not an observed or recovered suppressed count.
26029,Charlevoix County,26,Michigan,nonmetro_nonadjacent,Q1_lowest,suppressed_1_9,2.5207777777777776,2.0,2.0,4.0,1.6067064253382075,1.274770381984945,1.274770381984945,2.54954076396989,0.021361111111111112,Corrected constrained Bayesian posterior summary; not an observed or recovered suppressed count.
26031,Cheboygan County,26,Michigan,nonmetro_nonadjacent,Q2,suppressed_1_9,4.057305555555556,4.0,3.0,7.0,2.6287249703949382,2.5915967475460815,1.9436975606595615,4.535294308205644,0.2858888888888889,Corrected constrained Bayesian posterior summary; not an observed or recovered suppressed count.
26033,Chippewa County,26,Michigan,nonmetro_nonadjacent,Q3,suppressed_1_9,4.26925,4.0,3.0,7.0,1.9411593530751827,1.8187357058740616,1.3640517794055462,3.1827874852796083,0.04933333333333333,Corrected constrained Bayesian posterior summary; not an observed or recovered suppressed count.
26035,Clare County,26,Michigan,nonmetro_adjacent,Q3,suppressed_1_9,4.282583333333333,4.0,3.0,7.0,2.291879616895137,2.1406515072862424,1.605488630464682,3.7461401377509245,0.1493611111111111,Corrected constrained Bayesian posterior summary; not an observed or recovered suppressed count.
26037,Clinton County,26,Michigan,metro_other,Q1_lowest,exact,10.0,10.0,10.0,10.0,2.0907730005939293,2.0907730005937792,2.0907730005937792,2.0907730005937792,0.0,Corrected constrained Bayesian posterior summary; not an observed or recovered suppressed count.
26039,Crawford County,26,Michigan,nonmetro_nonadjacent,Q2,zero,0.0,0.0,0.0,0.0,0.0,0.0,0.0,0.0,0.0,Corrected constrained Bayesian posterior summary; not an observed or recovered suppressed count.
26041,Delta County,26,Michigan,nonmetro_nonadjacent,Q2,suppressed_1_9,5.696444444444444,6.0,4.0,9.0,2.607784492054921,2.7467496795458706,1.8311664530305805,4.120124519318806,0.25266666666666665,Corrected constrained Bayesian posterior summary; not an observed or recovered suppressed count.
26043,Dickinson County,26,Michigan,nonmetro_nonadjacent,Q1_lowest,suppressed_1_9,2.54825,2.0,2.0,4.0,1.6548259940639904,1.2987940697062776,1.2987940697062776,2.5975881394125553,0.02311111111111111,Corrected constrained Bayesian posterior summary; not an observed or recovered suppressed count.
26045,Eaton County,26,Michigan,metro_other,Q1_lowest,exact,14.0,14.0,14.0,14.0,2.1319818598800104,2.131981859880061,2.131981859880061,2.131981859880061,0.0,Corrected constrained Bayesian posterior summary; not an observed or recovered suppressed count.
26047,Emmet County,26,Michigan,nonmetro_nonadjacent,Q1_lowest,suppressed_1_9,5.573638888888889,5.0,4.0,8.0,2.7427030656341223,2.4604240786942038,1.9683392629553629,3.9366785259107258,0.46744444444444444,Corrected constrained Bayesian posterior summary; not an observed or recovered suppressed count.
26049,Genesee County,26,Michigan,metro_other,Q3,exact,82.0,82.0,82.0,82.0,3.387591253238558,3.387591253239384,3.387591253239384,3.387591253239384,1.0,Corrected constrained Bayesian posterior summary; not an observed or recovered suppressed count.
26051,Gladwin County,26,Michigan,nonmetro_adjacent,Q3,zero,0.0,0.0,0.0,0.0,0.0,0.0,0.0,0.0,0.0,Corrected constrained Bayesian posterior summary; not an observed or recovered suppressed count.
26053,Gogebic County,26,Michigan,nonmetro_nonadjacent,Q1_lowest,suppressed_1_9,2.251888888888889,2.0,2.0,4.0,2.6512148730696548,2.3546586922225625,2.3546586922225625,4.709317384445125,0.21783333333333332,Corrected constrained Bayesian posterior summary; not an observed or recovered suppressed count.
26055,Grand Traverse County,26,Michigan,metro_other,Q1_lowest,exact,13.0,13.0,13.0,13.0,2.2725286251213426,2.2725286251201817,2.2725286251201817,2.2725286251201817,0.0,Corrected constrained Bayesian posterior summary; not an observed or recovered suppressed count.
26057,Gratiot County,26,Michigan,nonmetro_adjacent,Q2,suppressed_1_9,4.127916666666667,4.0,3.0,7.0,1.6754404478757283,1.623521580660611,1.217641185495458,2.841162766156069,0.009333333333333334,Corrected constrained Bayesian posterior summary; not an observed or recovered suppressed count.
26059,Hillsdale County,26,Michigan,nonmetro_adjacent,Q2,exact,17.0,17.0,17.0,17.0,6.210091032632669,6.21009103262855,6.21009103262855,6.21009103262855,1.0,Corrected constrained Bayesian posterior summary; not an observed or recovered suppressed count.
26061,Houghton County,26,Michigan,nonmetro_nonadjacent,Q2,suppressed_1_9,5.23,5.0,4.0,8.0,2.3686808757326325,2.2645132655187097,1.8116106124149673,3.6232212248299347,0.13416666666666666,Corrected constrained Bayesian posterior summary; not an observed or recovered suppressed count.
26063,Huron County,26,Michigan,nonmetro_nonadjacent,Q1_lowest,suppressed_1_9,2.7198055555555554,2.0,2.0,5.0,1.46351211818477,1.0761887850366711,1.0761887850366711,2.6904719625916775,0.010222222222222223,Corrected constrained Bayesian posterior summary; not an observed or recovered suppressed count.
26065,Ingham County,26,Michigan,metro_other,Q3,exact,52.0,52.0,52.0,52.0,3.012360526260051,3.0123605262593838,3.0123605262593838,3.0123605262593838,1.0,Corrected constrained Bayesian posterior summary; not an observed or recovered suppressed count.
26067,Ionia County,26,Michigan,metro_large,Q2,exact,11.0,11.0,11.0,11.0,2.779406116712584,2.779406116714843,2.779406116714843,2.779406116714843,0.0,Corrected constrained Bayesian posterior summary; not an observed or recovered suppressed count.
26069,Iosco County,26,Michigan,nonmetro_nonadjacent,Q2,suppressed_1_9,4.000555555555556,4.0,3.0,6.0,2.6338331800804875,2.6334674207161712,1.9751005655371288,3.9502011310742575,0.2643611111111111,Corrected constrained Bayesian posterior summary; not an observed or recovered suppressed count.
26071,Iron County,26,Michigan,nonmetro_nonadjacent,Q2,suppressed_1_9,3.427861111111111,3.0,3.0,5.0,4.9796059024265675,4.358058049333217,4.358058049333217,7.263430082222028,1.0,Corrected constrained Bayesian posterior summary; not an observed or recovered suppressed count.
26073,Isabella County,26,Michigan,nonmetro_adjacent,Q3,suppressed_1_9,6.796111111111111,7.0,4.0,9.0,1.7083124559760419,1.7595632261340384,1.005464700648022,2.2622955764580492,0.0,Corrected constrained Bayesian posterior summary; not an observed or recovered suppressed count.
26075,Jackson County,26,Michigan,metro_other,Q3,exact,35.0,35.0,35.0,35.0,3.6641425958661697,3.6641425958670566,3.6641425958670566,3.6641425958670566,1.0,Corrected constrained Bayesian posterior summary; not an observed or recovered suppressed count.
26077,Kalamazoo County,26,Michigan,metro_other,Q2,exact,47.0,47.0,47.0,47.0,2.97406237937683,2.9740623793764596,2.9740623793764596,2.9740623793764596,1.0,Corrected constrained Bayesian posterior summary; not an observed or recovered suppressed count.
26079,Kalkaska County,26,Michigan,metro_other,Q2,suppressed_1_9,2.374111111111111,2.0,2.0,4.0,2.171906606084718,1.8296587686396488,1.8296587686396488,3.6593175372792976,0.06119444444444445,Corrected constrained Bayesian posterior summary; not an observed or recovered suppressed count.
26081,Kent County,26,Michigan,metro_large,Q2,exact,143.0,143.0,143.0,143.0,3.604604617724391,3.6046046177253785,3.6046046177253785,3.6046046177253785,1.0,Corrected constrained Bayesian posterior summary; not an observed or recovered suppressed count.
26083,Keweenaw County,26,Michigan,nonmetro_nonadjacent,Q1_lowest,zero,0.0,0.0,0.0,0.0,0.0,0.0,0.0,0.0,0.0,Corrected constrained Bayesian posterior summary; not an observed or recovered suppressed count.
26085,Lake County,26,Michigan,nonmetro_nonadjacent,Q3,suppressed_1_9,2.3275555555555556,2.0,2.0,4.0,3.1419062317661948,2.699747573601868,2.699747573601868,5.399495147203736,0.27258333333333334,Corrected constrained Bayesian posterior summary; not an observed or recovered suppressed count.
26087,Lapeer County,26,Michigan,metro_large,Q1_lowest,suppressed_1_9,7.423861111111111,7.0,5.0,9.0,1.398933653258343,1.3190623351172082,0.9421873822265772,1.695937288007839,0.0,Corrected constrained Bayesian posterior summary; not an observed or recovered suppressed count.
26089,Leelanau County,26,Michigan,metro_other,Q1_lowest,suppressed_1_9,2.4340277777777777,2.0,2.0,4.0,1.8044939673795775,1.4827225751925688,1.4827225751925688,2.9654451503851376,0.07641666666666666,Corrected constrained Bayesian posterior summary; not an observed or recovered suppressed count.
26091,Lenawee County,26,Michigan,nonmetro_adjacent,Q2,exact,21.0,21.0,21.0,21.0,3.5650744930783467,3.5650744930803597,3.5650744930803597,3.5650744930803597,1.0,Corrected constrained Bayesian posterior summary; not an observed or recovered suppressed count.
26093,Livingston County,26,Michigan,metro_large,Q1_lowest,exact,19.0,19.0,19.0,19.0,1.6249899507185852,1.6249899507200418,1.6249899507200418,1.6249899507200418,0.0,Corrected constrained Bayesian posterior summary; not an observed or recovered suppressed count.
26095,Luce County,26,Michigan,nonmetro_nonadjacent,Q3,suppressed_1_9,2.1460833333333333,2.0,2.0,3.0,6.001855114614058,5.59331040076069,5.59331040076069,8.389965601141036,1.0,Corrected constrained Bayesian posterior summary; not an observed or recovered suppressed count.
26097,Mackinac County,26,Michigan,nonmetro_nonadjacent,Q3,suppressed_1_9,1.1151666666666666,1.0,1.0,2.0,1.703064548972019,1.5271838729383018,1.5271838729383018,3.0543677458766036,0.10805555555555556,Corrected constrained Bayesian posterior summary; not an observed or recovered suppressed count.
26099,Macomb County,26,Michigan,metro_large,Q2,exact,144.0,144.0,144.0,144.0,2.739191322241812,2.7391913222418913,2.7391913222418913,2.7391913222418913,0.0,Corrected constrained Bayesian posterior summary; not an observed or recovered suppressed count.
26101,Manistee County,26,Michigan,nonmetro_adjacent,Q2,suppressed_1_9,7.477444444444444,7.0,6.0,9.0,4.951490884582511,4.6353318235395395,3.973141563033891,5.959712344550836,1.0,Corrected constrained Bayesian posterior summary; not an observed or recovered suppressed count.
26103,Marquette County,26,Michigan,nonmetro_nonadjacent,Q1_lowest,exact,11.0,11.0,11.0,11.0,2.748110673913223,2.7481106739116856,2.7481106739116856,2.7481106739116856,0.0,Corrected constrained Bayesian posterior summary; not an observed or recovered suppressed count.
26105,Mason County,26,Michigan,nonmetro_nonadjacent,Q2,exact,10.0,10.0,10.0,10.0,5.702814909434977,5.702814909439299,5.702814909439299,5.702814909439299,1.0,Corrected constrained Bayesian posterior summary; not an observed or recovered suppressed count.
26107,Mecosta County,26,Michigan,nonmetro_adjacent,Q3,suppressed_1_9,4.534805555555556,4.0,3.0,8.0,1.8055660624858578,1.5926293115461645,1.1944719836596231,3.185258623092329,0.02588888888888889,Corrected constrained Bayesian posterior summary; not an observed or recovered suppressed count.
26109,Menominee County,26,Michigan,nonmetro_nonadjacent,Q1_lowest,suppressed_1_9,3.7801388888888887,4.0,3.0,6.0,2.740263642018045,2.8996433438687044,2.174732507901528,4.349465015803056,0.191,Corrected constrained Bayesian posterior summary; not an observed or recovered suppressed count.
26111,Midland County,26,Michigan,metro_other,Q1_lowest,suppressed_1_9,5.384444444444444,5.0,3.0,9.0,1.07304951771468,0.9964347564414525,0.5978608538648714,1.7935825615946144,0.0,Corrected constrained Bayesian posterior summary; not an observed or recovered suppressed count.
26113,Missaukee County,26,Michigan,nonmetro_adjacent,Q2,suppressed_1_9,1.2057777777777778,1.0,1.0,2.0,1.3226613623706007,1.0969362570341037,1.0969362570341037,2.1938725140682074,0.02397222222222222,Corrected constrained Bayesian posterior summary; not an observed or recovered suppressed count.
26115,Monroe County,26,Michigan,metro_other,Q1_lowest,exact,33.0,33.0,33.0,33.0,3.575139132499958,3.5751391324979065,3.5751391324979065,3.5751391324979065,1.0,Corrected constrained Bayesian posterior summary; not an observed or recovered suppressed count.
26117,Montcalm County,26,Michigan,metro_large,Q2,exact,18.0,18.0,18.0,18.0,4.505801219068171,4.505801219069553,4.505801219069553,4.505801219069553,1.0,Corrected constrained Bayesian posterior summary; not an observed or recovered suppressed count.
26119,Montmorency County,26,Michigan,nonmetro_nonadjacent,Q2,suppressed_1_9,4.474638888888889,4.0,4.0,6.0,7.8451511981508455,7.01299156687764,7.01299156687764,10.519487350316462,1.0,Corrected constrained Bayesian posterior summary; not an observed or recovered suppressed count.
26121,Muskegon County,26,Michigan,metro_other,Q3,exact,53.0,53.0,53.0,53.0,5.02599768424939,5.0259976842478595,5.0259976842478595,5.0259976842478595,1.0,Corrected constrained Bayesian posterior summary; not an observed or recovered suppressed count.
26123,Newaygo County,26,Michigan,nonmetro_adjacent,Q3,suppressed_1_9,6.307555555555555,6.0,4.0,9.0,2.0877511586562973,1.9859526946068145,1.3239684630712096,2.978929041910222,0.07636111111111112,Corrected constrained Bayesian posterior summary; not an observed or recovered suppressed count.
26125,Oakland County,26,Michigan,metro_large,Q1_lowest,exact,219.0,219.0,219.0,219.0,2.8748438690672633,2.8748438690672704,2.8748438690672704,2.8748438690672704,0.0,Corrected constrained Bayesian posterior summary; not an observed or recovered suppressed count.
26127,Oceana County,26,Michigan,nonmetro_adjacent,Q3,suppressed_1_9,6.655,7.0,5.0,9.0,4.131769614265037,4.345963531157454,3.104259665112467,5.587667397202441,1.0,Corrected constrained Bayesian posterior summary; not an observed or recovered suppressed count.
26129,Ogemaw County,26,Michigan,nonmetro_nonadjacent,Q2,suppressed_1_9,2.464638888888889,2.0,2.0,4.0,1.9624327291683876,1.5924707980667403,1.5924707980667403,3.1849415961334806,0.08497222222222223,Corrected constrained Bayesian posterior summary; not an observed or recovered suppressed count.
26131,Ontonagon County,26,Michigan,nonmetro_nonadjacent,Q1_lowest,suppressed_1_9,2.1348333333333334,2.0,2.0,3.0,6.1280630747024265,5.7410224761029935,5.7410224761029935,8.61153371415449,1.0,Corrected constrained Bayesian posterior summary; not an observed or recovered suppressed count.
26133,Osceola County,26,Michigan,nonmetro_nonadjacent,Q3,suppressed_1_9,2.654861111111111,2.0,2.0,5.0,1.8947188540529913,1.4273581741234238,1.4273581741234238,3.5683954353085587,0.035583333333333335,Corrected constrained Bayesian posterior summary; not an observed or recovered suppressed count.
26135,Oscoda County,26,Michigan,nonmetro_nonadjacent,Q3,suppressed_1_9,1.136,1.0,1.0,2.0,2.251065094619486,1.9815713861091848,1.9815713861091848,3.9631427722183696,0.12408333333333334,Corrected constrained Bayesian posterior summary; not an observed or recovered suppressed count.
26137,Otsego County,26,Michigan,nonmetro_nonadjacent,Q2,suppressed_1_9,3.9243888888888887,4.0,3.0,6.0,2.578509874694376,2.6281899655707113,1.9711424741780337,3.9422849483560674,0.23847222222222222,Corrected constrained Bayesian posterior summary; not an observed or recovered suppressed count.
26139,Ottawa County,26,Michigan,metro_large,Q1_lowest,exact,51.0,51.0,51.0,51.0,2.839482390200725,2.8394823901983295,2.8394823901983295,2.8394823901983295,0.0,Corrected constrained Bayesian posterior summary; not an observed or recovered suppressed count.
26141,Presque Isle County,26,Michigan,nonmetro_nonadjacent,Q1_lowest,suppressed_1_9,2.3722777777777777,2.0,2.0,4.0,3.0325950167169653,2.556694705085266,2.556694705085266,5.113389410170532,0.30294444444444446,Corrected constrained Bayesian posterior summary; not an observed or recovered suppressed count.
26143,Roscommon County,26,Michigan,nonmetro_nonadjacent,Q2,suppressed_1_9,6.518944444444444,6.0,5.0,9.0,4.55421189208216,4.1916711494260905,3.4930592911884086,6.287506724139135,1.0,Corrected constrained Bayesian posterior summary; not an observed or recovered suppressed count.
26145,Saginaw County,26,Michigan,metro_other,Q3,exact,48.0,48.0,48.0,48.0,4.233461277938495,4.233461277940845,4.233461277940845,4.233461277940845,1.0,Corrected constrained Bayesian posterior summary; not an observed or recovered suppressed count.
26147,St. Clair County,26,Michigan,metro_large,Q2,exact,25.0,25.0,25.0,25.0,2.607406912967132,2.6074069129658004,2.6074069129658004,2.6074069129658004,0.0,Corrected constrained Bayesian posterior summary; not an observed or recovered suppressed count.
26149,St. Joseph County,26,Michigan,nonmetro_adjacent,Q3,exact,10.0,10.0,10.0,10.0,2.7360305122128312,2.7360305122122726,2.7360305122122726,2.7360305122122726,0.0,Corrected constrained Bayesian posterior summary; not an observed or recovered suppressed count.
26151,Sanilac County,26,Michigan,nonmetro_adjacent,Q2,suppressed_1_9,5.898833333333333,6.0,4.0,9.0,2.4201235464418773,2.4616293524683988,1.6410862349789326,3.692444028702598,0.13572222222222222,Corrected constrained Bayesian posterior summary; not an observed or recovered suppressed count.
26153,Schoolcraft County,26,Michigan,nonmetro_nonadjacent,Q3,suppressed_1_9,2.2375833333333333,2.0,2.0,4.0,4.590573689211991,4.103153273290523,4.103153273290523,8.206306546581047,1.0,Corrected constrained Bayesian posterior summary; not an observed or recovered suppressed count.
26155,Shiawassee County,26,Michigan,nonmetro_adjacent,Q1_lowest,exact,10.0,10.0,10.0,10.0,2.4523869081762246,2.452386908177729,2.452386908177729,2.452386908177729,0.0,Corrected constrained Bayesian posterior summary; not an observed or recovered suppressed count.
26157,Tuscola County,26,Michigan,nonmetro_adjacent,Q2,suppressed_1_9,6.2090555555555556,6.0,4.0,9.0,1.9650215854711282,1.8988603673028905,1.2659069115352604,2.848290550954336,0.0,Corrected constrained Bayesian posterior summary; not an observed or recovered suppressed count.
26159,Van Buren County,26,Michigan,nonmetro_adjacent,Q3,exact,12.0,12.0,12.0,12.0,2.64068235231865,2.6406823523198395,2.6406823523198395,2.6406823523198395,0.0,Corrected constrained Bayesian posterior summary; not an observed or recovered suppressed count.
26161,Washtenaw County,26,Michigan,metro_other,Q2,exact,58.0,58.0,58.0,58.0,2.6253241483207046,2.625324148319951,2.625324148319951,2.625324148319951,0.0,Corrected constrained Bayesian posterior summary; not an observed or recovered suppressed count.
26163,Wayne County,26,Michigan,metro_large,Q4_highest,exact,406.0,406.0,406.0,406.0,3.850510292194378,3.850510292195879,3.850510292195879,3.850510292195879,1.0,Corrected constrained Bayesian posterior summary; not an observed or recovered suppressed count.
26165,Wexford County,26,Michigan,nonmetro_adjacent,Q3,suppressed_1_9,3.0040833333333334,3.0,2.0,6.0,1.4722073840290089,1.4702062699396725,0.980137513293115,2.940412539879345,0.027416666666666666,Corrected constrained Bayesian posterior summary; not an observed or recovered suppressed count.
27001,Aitkin County,27,Minnesota,nonmetro_adjacent,Q2,suppressed_1_9,1.5785277777777778,1.0,1.0,4.0,1.6411542229255025,1.0396739582466938,1.0396739582466938,4.158695832986775,0.12602777777777777,Corrected constrained Bayesian posterior summary; not an observed or recovered suppressed count.
27003,Anoka County,27,Minnesota,metro_large,Q1_lowest,exact,76.0,76.0,76.0,76.0,3.4513999741166095,3.4513999741145005,3.4513999741145005,3.4513999741145005,1.0,Corrected constrained Bayesian posterior summary; not an observed or recovered suppressed count.
27005,Becker County,27,Minnesota,nonmetro_adjacent,Q2,suppressed_1_9,4.1642777777777775,4.0,2.0,8.0,1.9811403536593555,1.9029857846961882,0.9514928923480941,3.8059715693923764,0.08908333333333333,Corrected constrained Bayesian posterior summary; not an observed or recovered suppressed count.
27007,Beltrami County,27,Minnesota,nonmetro_nonadjacent,Q4_highest,suppressed_1_9,7.7499722222222225,8.0,5.0,9.0,2.7551636296561615,2.8440500695014737,1.777531293438421,3.1995563281891575,0.3477222222222222,Corrected constrained Bayesian posterior summary; not an observed or recovered suppressed count.
27009,Benton County,27,Minnesota,metro_other,Q2,suppressed_1_9,6.913861111111111,7.0,4.0,9.0,2.7850397225011587,2.8197381671701915,1.6112789526686806,3.625377643504532,0.37275,Corrected constrained Bayesian posterior summary; not an observed or recovered suppressed count.
27011,Big Stone County,27,Minnesota,nonmetro_nonadjacent,Q1_lowest,suppressed_1_9,2.251333333333333,2.0,2.0,4.0,7.41179698216989,6.584362139917696,6.584362139917696,13.168724279835391,1.0,Corrected constrained Bayesian posterior summary; not an observed or recovered suppressed count.
27013,Blue Earth County,27,Minnesota,metro_other,Q2,exact,16.0,16.0,16.0,16.0,3.8506802467319114,3.8506802467323364,3.8506802467323364,3.8506802467323364,1.0,Corrected constrained Bayesian posterior summary; not an observed or recovered suppressed count.
27015,Brown County,27,Minnesota,nonmetro_adjacent,Q1_lowest,suppressed_1_9,7.392666666666667,7.0,5.0,9.0,4.8402233076237,4.583131457304857,3.2736653266463263,5.892597587963388,1.0,Corrected constrained Bayesian posterior summary; not an observed or recovered suppressed count.
27017,Carlton County,27,Minnesota,metro_other,Q2,suppressed_1_9,5.403611111111111,5.0,3.0,9.0,2.4750081808987594,2.290142767500126,1.3740856605000755,4.122256981500227,0.24319444444444444,Corrected constrained Bayesian posterior summary; not an observed or recovered suppressed count.
27019,Carver County,27,Minnesota,metro_large,Q1_lowest,exact,18.0,18.0,18.0,18.0,2.752297786385787,2.7522977863880524,2.7522977863880524,2.7522977863880524,0.0,Corrected constrained Bayesian posterior summary; not an observed or recovered suppressed count.
27021,Cass County,27,Minnesota,nonmetro_nonadjacent,Q2,suppressed_1_9,5.638833333333333,6.0,3.0,9.0,3.056145713646294,3.251891516898996,1.625945758449498,4.877837275348495,0.5021666666666667,Corrected constrained Bayesian posterior summary; not an observed or recovered suppressed count.
27023,Chippewa County,27,Minnesota,nonmetro_nonadjacent,Q3,suppressed_1_9,4.040111111111111,4.0,3.0,7.0,5.559530908367178,5.504334663547544,4.128250997660658,9.632585661208202,1.0,Corrected constrained Bayesian posterior summary; not an observed or recovered suppressed count.
27025,Chisago County,27,Minnesota,metro_large,Q1_lowest,exact,16.0,16.0,16.0,16.0,4.618004444830262,4.618004444829278,4.618004444829278,4.618004444829278,1.0,Corrected constrained Bayesian posterior summary; not an observed or recovered suppressed count.
27027,Clay County,27,Minnesota,metro_other,Q2,exact,18.0,18.0,18.0,18.0,4.57408880339417,4.574088803392957,4.574088803392957,4.574088803392957,1.0,Corrected constrained Bayesian posterior summary; not an observed or recovered suppressed count.
27029,Clearwater County,27,Minnesota,nonmetro_adjacent,Q4_highest,suppressed_1_9,2.5779444444444444,2.0,2.0,5.0,4.9259457416679275,3.821607368059006,3.821607368059006,9.554018420147514,1.0,Corrected constrained Bayesian posterior summary; not an observed or recovered suppressed count.
27031,Cook County,27,Minnesota,nonmetro_nonadjacent,Q1_lowest,zero,0.0,0.0,0.0,0.0,0.0,0.0,0.0,0.0,0.0,Corrected constrained Bayesian posterior summary; not an observed or recovered suppressed count.
27033,Cottonwood County,27,Minnesota,nonmetro_nonadjacent,Q2,suppressed_1_9,2.60925,2.0,2.0,5.0,3.8360041164381293,2.940311673037342,2.940311673037342,7.350779182593354,1.0,Corrected constrained Bayesian posterior summary; not an observed or recovered suppressed count.
27035,Crow Wing County,27,Minnesota,nonmetro_adjacent,Q1_lowest,suppressed_1_9,8.378277777777777,9.0,6.0,9.0,2.079684105460658,2.2340100729031955,1.4893400486021302,2.2340100729031955,0.0,Corrected constrained Bayesian posterior summary; not an observed or recovered suppressed count.
27037,Dakota County,27,Minnesota,metro_large,Q1_lowest,exact,94.0,94.0,94.0,94.0,3.5514543394412033,3.5514543394427163,3.5514543394427163,3.5514543394427163,1.0,Corrected constrained Bayesian posterior summary; not an observed or recovered suppressed count.
27039,Dodge County,27,Minnesota,metro_other,Q1_lowest,suppressed_1_9,5.558777777777777,5.0,4.0,8.0,4.405888843975388,3.9630014187545077,3.1704011350036065,6.340802270007213,1.0,Corrected constrained Bayesian posterior summary; not an observed or recovered suppressed count.
27041,Douglas County,27,Minnesota,nonmetro_adjacent,Q1_lowest,suppressed_1_9,6.049,6.0,3.0,9.0,2.5711868945556433,2.5503589630240455,1.2751794815120228,3.8255384445360683,0.39255555555555555,Corrected constrained Bayesian posterior summary; not an observed or recovered suppressed count.
27043,Faribault County,27,Minnesota,nonmetro_adjacent,Q1_lowest,exact,11.0,11.0,11.0,11.0,13.277327153350857,13.277327153341059,13.277327153341059,13.277327153341059,1.0,Corrected constrained Bayesian posterior summary; not an observed or recovered suppressed count.
27045,Fillmore County,27,Minnesota,metro_other,Q1_lowest,suppressed_1_9,5.850027777777778,6.0,4.0,9.0,4.5735142229973,4.690761545136853,3.127174363424569,7.036142317705279,1.0,Corrected constrained Bayesian posterior summary; not an observed or recovered suppressed count.
27047,Freeborn County,27,Minnesota,nonmetro_nonadjacent,Q2,suppressed_1_9,5.581555555555555,5.0,3.0,9.0,3.051014018484087,2.7331216075128046,1.6398729645076828,4.919618893523048,0.48491666666666666,Corrected constrained Bayesian posterior summary; not an observed or recovered suppressed count.
27049,Goodhue County,27,Minnesota,nonmetro_adjacent,Q1_lowest,suppressed_1_9,8.05788888888889,8.0,6.0,9.0,2.8307461950184645,2.8104097577426788,2.107807318307009,3.1617109774605137,0.42630555555555555,Corrected constrained Bayesian posterior summary; not an observed or recovered suppressed count.
27051,Grant County,27,Minnesota,nonmetro_nonadjacent,Q1_lowest,suppressed_1_9,2.2463333333333333,2.0,2.0,4.0,6.148442133116991,5.474202819214452,5.474202819214452,10.948405638428904,1.0,Corrected constrained Bayesian posterior summary; not an observed or recovered suppressed count.
27053,Hennepin County,27,Minnesota,metro_large,Q2,exact,290.0,290.0,290.0,290.0,3.818887294762046,3.8188872947594987,3.8188872947594987,3.8188872947594987,1.0,Corrected constrained Bayesian posterior summary; not an observed or recovered suppressed count.
27055,Houston County,27,Minnesota,metro_other,Q1_lowest,suppressed_1_9,4.358638888888889,4.0,3.0,7.0,3.9005574249092874,3.579610538373425,2.6847079037800685,6.264318442153493,0.7212777777777778,Corrected constrained Bayesian posterior summary; not an observed or recovered suppressed count.
27057,Hubbard County,27,Minnesota,nonmetro_nonadjacent,Q2,suppressed_1_9,3.422972222222222,3.0,2.0,6.0,2.6103455492773135,2.287788547330532,1.5251923648870214,4.575577094661064,0.40625,Corrected constrained Bayesian posterior summary; not an observed or recovered suppressed count.
27059,Isanti County,27,Minnesota,metro_large,Q1_lowest,suppressed_1_9,3.746777777777778,4.0,2.0,7.0,1.477861441889312,1.577741226772691,0.7888706133863455,2.761047146852209,0.015833333333333335,Corrected constrained Bayesian posterior summary; not an observed or recovered suppressed count.
27061,Itasca County,27,Minnesota,nonmetro_adjacent,Q2,exact,11.0,11.0,11.0,11.0,4.0518638573728,4.051863857374392,4.051863857374392,4.051863857374392,1.0,Corrected constrained Bayesian posterior summary; not an observed or recovered suppressed count.
27063,Jackson County,27,Minnesota,nonmetro_nonadjacent,Q1_lowest,zero,0.0,0.0,0.0,0.0,0.0,0.0,0.0,0.0,0.0,Corrected constrained Bayesian posterior summary; not an observed or recovered suppressed count.
27065,Kanabec County,27,Minnesota,nonmetro_adjacent,Q2,suppressed_1_9,2.9805,3.0,2.0,6.0,3.0232794035595076,3.0430592889384798,2.028706192625653,6.0861185778769595,0.5973888888888889,Corrected constrained Bayesian posterior summary; not an observed or recovered suppressed count.
27067,Kandiyohi County,27,Minnesota,nonmetro_adjacent,Q3,exact,19.0,19.0,19.0,19.0,7.240246625668487,7.240246625664007,7.240246625664007,7.240246625664007,1.0,Corrected constrained Bayesian posterior summary; not an observed or recovered suppressed count.
27069,Kittson County,27,Minnesota,nonmetro_nonadjacent,Q1_lowest,suppressed_1_9,1.0969444444444445,1.0,1.0,2.0,4.428698956132172,4.037304695385361,4.037304695385361,8.074609390770721,1.0,Corrected constrained Bayesian posterior summary; not an observed or recovered suppressed count.
27071,Koochiching County,27,Minnesota,nonmetro_nonadjacent,Q2,suppressed_1_9,4.0391111111111115,4.0,3.0,7.0,5.6555925832550695,5.600828922680557,4.200621692010418,9.801450614690975,1.0,Corrected constrained Bayesian posterior summary; not an observed or recovered suppressed count.
27073,Lac qui Parle County,27,Minnesota,nonmetro_nonadjacent,Q1_lowest,suppressed_1_9,2.32,2.0,2.0,4.0,5.83075724446788,5.026514865917716,5.026514865917716,10.053029731835432,1.0,Corrected constrained Bayesian posterior summary; not an observed or recovered suppressed count.
27075,Lake County,27,Minnesota,nonmetro_adjacent,Q1_lowest,suppressed_1_9,2.5929444444444445,2.0,2.0,5.0,4.004052695333957,3.08842150776738,3.08842150776738,7.721053769418451,1.0,Corrected constrained Bayesian posterior summary; not an observed or recovered suppressed count.
27077,Lake of the Woods County,27,Minnesota,nonmetro_nonadjacent,Q1_lowest,suppressed_1_9,2.173722222222222,2.0,2.0,3.0,9.549366174147565,8.786188112287483,8.786188112287483,13.179282168431227,1.0,Corrected constrained Bayesian posterior summary; not an observed or recovered suppressed count.
27079,Le Sueur County,27,Minnesota,metro_large,Q1_lowest,suppressed_1_9,6.039527777777778,6.0,4.0,9.0,3.464323158159485,3.4416496974216306,2.2944331316144204,5.162474546132446,0.60775,Corrected constrained Bayesian posterior summary; not an observed or recovered suppressed count.
27081,Lincoln County,27,Minnesota,nonmetro_nonadjacent,Q1_lowest,zero,0.0,0.0,0.0,0.0,0.0,0.0,0.0,0.0,0.0,Corrected constrained Bayesian posterior summary; not an observed or recovered suppressed count.
27083,Lyon County,27,Minnesota,nonmetro_nonadjacent,Q3,suppressed_1_9,6.6136944444444445,7.0,4.0,9.0,4.344198345031455,4.597942749044285,2.6273958565967344,5.911640677342652,0.92875,Corrected constrained Bayesian posterior summary; not an observed or recovered suppressed count.
27085,McLeod County,27,Minnesota,nonmetro_adjacent,Q1_lowest,suppressed_1_9,5.604916666666667,5.0,3.0,9.0,2.5638064133462937,2.2871048454603256,1.3722629072761954,4.116788721828586,0.285,Corrected constrained Bayesian posterior summary; not an observed or recovered suppressed count.
27087,Mahnomen County,27,Minnesota,nonmetro_adjacent,Q4_highest,suppressed_1_9,2.333388888888889,2.0,2.0,4.0,7.220090627165809,6.188501763723003,6.188501763723003,12.377003527446005,1.0,Corrected constrained Bayesian posterior summary; not an observed or recovered suppressed count.
27089,Marshall County,27,Minnesota,nonmetro_adjacent,Q1_lowest,suppressed_1_9,1.2235555555555555,1.0,1.0,3.0,2.2621989675084815,1.8488731118383346,1.8488731118383346,5.546619335515003,0.19344444444444445,Corrected constrained Bayesian posterior summary; not an observed or recovered suppressed count.
27091,Martin County,27,Minnesota,nonmetro_adjacent,Q2,suppressed_1_9,6.118055555555555,6.0,4.0,9.0,5.1869907211155315,5.0869012293344635,3.3912674862229757,7.630351844001695,1.0,Corrected constrained Bayesian posterior summary; not an observed or recovered suppressed count.
27093,Meeker County,27,Minnesota,nonmetro_adjacent,Q1_lowest,suppressed_1_9,6.1233611111111115,6.0,4.0,9.0,4.36087134736375,4.273017319963537,2.8486782133090247,6.409525979945306,0.8763055555555556,Corrected constrained Bayesian posterior summary; not an observed or recovered suppressed count.
27095,Mille Lacs County,27,Minnesota,metro_large,Q3,suppressed_1_9,5.008555555555556,5.0,3.0,8.0,3.0998524239996557,3.094557292633716,1.8567343755802297,4.951291668213945,0.5832222222222222,Corrected constrained Bayesian posterior summary; not an observed or recovered suppressed count.
27097,Morrison County,27,Minnesota,nonmetro_adjacent,Q1_lowest,suppressed_1_9,7.698527777777778,8.0,5.0,9.0,3.78155514403366,3.929639799391888,2.4560248746199305,4.420844774315874,0.9618333333333333,Corrected constrained Bayesian posterior summary; not an observed or recovered suppressed count.
27099,Mower County,27,Minnesota,nonmetro_adjacent,Q3,exact,13.0,13.0,13.0,13.0,5.383736147232526,5.383736147232759,5.383736147232759,5.383736147232759,1.0,Corrected constrained Bayesian posterior summary; not an observed or recovered suppressed count.
27101,Murray County,27,Minnesota,nonmetro_nonadjacent,Q1_lowest,suppressed_1_9,1.1942222222222223,1.0,1.0,2.0,2.4549237804186705,2.055667475229207,2.055667475229207,4.111334950458414,0.17152777777777778,Corrected constrained Bayesian posterior summary; not an observed or recovered suppressed count.
27103,Nicollet County,27,Minnesota,metro_other,Q1_lowest,suppressed_1_9,5.262972222222222,5.0,3.0,9.0,2.5515709102033806,2.4240778807741536,1.4544467284644922,4.363340185393477,0.2105,Corrected constrained Bayesian posterior summary; not an observed or recovered suppressed count.
27105,Nobles County,27,Minnesota,nonmetro_nonadjacent,Q4_highest,suppressed_1_9,6.487111111111111,6.0,4.0,9.0,4.964765167729872,4.5919655908711725,3.061310393914115,6.887948386306759,1.0,Corrected constrained Bayesian posterior summary; not an observed or recovered suppressed count.
27107,Norman County,27,Minnesota,nonmetro_adjacent,Q2,suppressed_1_9,3.475277777777778,3.0,3.0,5.0,9.11691748938218,7.870091030719589,7.870091030719589,13.116818384532648,1.0,Corrected constrained Bayesian posterior summary; not an observed or recovered suppressed count.
27109,Olmsted County,27,Minnesota,metro_other,Q1_lowest,exact,39.0,39.0,39.0,39.0,3.9948579008533303,3.994857900855821,3.994857900855821,3.994857900855821,1.0,Corrected constrained Bayesian posterior summary; not an observed or recovered suppressed count.
27111,Otter Tail County,27,Minnesota,nonmetro_adjacent,Q2,exact,18.0,18.0,18.0,18.0,5.006090743737249,5.0060907437382145,5.0060907437382145,5.0060907437382145,1.0,Corrected constrained Bayesian posterior summary; not an observed or recovered suppressed count.
27113,Pennington County,27,Minnesota,nonmetro_adjacent,Q1_lowest,suppressed_1_9,2.6325,2.0,2.0,5.0,3.172298274366752,2.4101031524149232,2.4101031524149232,6.025257881037308,0.4508333333333333,Corrected constrained Bayesian posterior summary; not an observed or recovered suppressed count.
27115,Pine County,27,Minnesota,nonmetro_adjacent,Q2,suppressed_1_9,7.654472222222222,8.0,5.0,9.0,4.295390748824296,4.489287437851427,2.805804648657142,5.050448367582855,0.9583888888888888,Corrected constrained Bayesian posterior summary; not an observed or recovered suppressed count.
27117,Pipestone County,27,Minnesota,nonmetro_adjacent,Q1_lowest,suppressed_1_9,1.2493055555555554,1.0,1.0,3.0,2.260777335425179,1.8096272167933405,1.8096272167933405,5.428881650380022,0.21052777777777779,Corrected constrained Bayesian posterior summary; not an observed or recovered suppressed count.
27119,Polk County,27,Minnesota,metro_other,Q2,suppressed_1_9,7.515944444444444,8.0,5.0,9.0,4.071983207249495,4.334234492921653,2.708896558076033,4.87601380453686,0.9453888888888888,Corrected constrained Bayesian posterior summary; not an observed or recovered suppressed count.
27121,Pope County,27,Minnesota,nonmetro_adjacent,Q1_lowest,suppressed_1_9,1.2866111111111111,1.0,1.0,3.0,1.8850063894384386,1.4650941322980002,1.4650941322980002,4.395282396894,0.23977777777777778,Corrected constrained Bayesian posterior summary; not an observed or recovered suppressed count.
27123,Ramsey County,27,Minnesota,metro_large,Q3,exact,129.0,129.0,129.0,129.0,3.961935930887883,3.961935930889095,3.961935930889095,3.961935930889095,1.0,Corrected constrained Bayesian posterior summary; not an observed or recovered suppressed count.
27125,Red Lake County,27,Minnesota,nonmetro_adjacent,Q1_lowest,suppressed_1_9,2.175027777777778,2.0,2.0,3.0,9.176945182805229,8.43846251213029,8.43846251213029,12.657693768195434,1.0,Corrected constrained Bayesian posterior summary; not an observed or recovered suppressed count.
27127,Redwood County,27,Minnesota,nonmetro_nonadjacent,Q1_lowest,suppressed_1_9,5.398194444444444,5.0,4.0,8.0,5.8985056977265335,5.463406105902664,4.370724884722131,8.741449769444262,1.0,Corrected constrained Bayesian posterior summary; not an observed or recovered suppressed count.
27129,Renville County,27,Minnesota,nonmetro_nonadjacent,Q1_lowest,suppressed_1_9,5.406638888888889,5.0,4.0,8.0,6.222752936512839,5.754733268113023,4.603786614490419,9.207573228980838,1.0,Corrected constrained Bayesian posterior summary; not an observed or recovered suppressed count.
27131,Rice County,27,Minnesota,nonmetro_adjacent,Q2,exact,18.0,18.0,18.0,18.0,4.433672262946875,4.433672262946323,4.433672262946323,4.433672262946323,1.0,Corrected constrained Bayesian posterior summary; not an observed or recovered suppressed count.
27133,Rock County,27,Minnesota,metro_other,Q1_lowest,suppressed_1_9,3.6042222222222224,3.0,3.0,6.0,6.333307951681735,5.271573916252263,5.271573916252263,10.543147832504525,1.0,Corrected constrained Bayesian posterior summary; not an observed or recovered suppressed count.
27135,Roseau County,27,Minnesota,nonmetro_nonadjacent,Q2,suppressed_1_9,1.4174166666666668,1.0,1.0,3.0,1.5516498994692098,1.0947027334727255,1.0947027334727255,3.2841082004181765,0.07772222222222222,Corrected constrained Bayesian posterior summary; not an observed or recovered suppressed count.
27137,St. Louis County,27,Minnesota,metro_other,Q2,exact,50.0,50.0,50.0,50.0,4.174912118100728,4.174912118099914,4.174912118099914,4.174912118099914,1.0,Corrected constrained Bayesian posterior summary; not an observed or recovered suppressed count.
27139,Scott County,27,Minnesota,metro_large,Q1_lowest,exact,21.0,21.0,21.0,21.0,2.2813440375455487,2.2813440375444047,2.2813440375444047,2.2813440375444047,0.0,Corrected constrained Bayesian posterior summary; not an observed or recovered suppressed count.
27141,Sherburne County,27,Minnesota,metro_large,Q1_lowest,exact,12.0,12.0,12.0,12.0,1.9959681443487183,1.9959681443484163,1.9959681443484163,1.9959681443484163,0.0,Corrected constrained Bayesian posterior summary; not an observed or recovered suppressed count.
27143,Sibley County,27,Minnesota,nonmetro_adjacent,Q1_lowest,suppressed_1_9,2.6350555555555557,2.0,2.0,5.0,2.9366494545344377,2.2289089490694303,2.2289089490694303,5.572272372673576,0.4539722222222222,Corrected constrained Bayesian posterior summary; not an observed or recovered suppressed count.
27145,Stearns County,27,Minnesota,metro_other,Q2,exact,33.0,33.0,33.0,33.0,3.4110677779137886,3.411067777916747,3.411067777916747,3.411067777916747,1.0,Corrected constrained Bayesian posterior summary; not an observed or recovered suppressed count.
27147,Steele County,27,Minnesota,nonmetro_nonadjacent,Q2,exact,11.0,11.0,11.0,11.0,4.9361220927380005,4.936122092736272,4.936122092736272,4.936122092736272,1.0,Corrected constrained Bayesian posterior summary; not an observed or recovered suppressed count.
27149,Stevens County,27,Minnesota,nonmetro_nonadjacent,Q1_lowest,suppressed_1_9,1.1719722222222222,1.0,1.0,2.0,2.004947860235664,1.7107469121018237,1.7107469121018237,3.4214938242036474,0.15261111111111111,Corrected constrained Bayesian posterior summary; not an observed or recovered suppressed count.
27151,Swift County,27,Minnesota,nonmetro_nonadjacent,Q3,suppressed_1_9,6.323222222222222,6.0,5.0,9.0,11.029324836864092,10.46554220229893,8.721285168582442,15.698313303448396,1.0,Corrected constrained Bayesian posterior summary; not an observed or recovered suppressed count.
27153,Todd County,27,Minnesota,nonmetro_adjacent,Q3,suppressed_1_9,3.685111111111111,3.0,2.0,7.0,2.427721377870959,1.9763757222006286,1.317583814800419,4.611543351801466,0.2511111111111111,Corrected constrained Bayesian posterior summary; not an observed or recovered suppressed count.
27155,Traverse County,27,Minnesota,nonmetro_nonadjacent,Q1_lowest,zero,0.0,0.0,0.0,0.0,0.0,0.0,0.0,0.0,0.0,Corrected constrained Bayesian posterior summary; not an observed or recovered suppressed count.
27157,Wabasha County,27,Minnesota,metro_other,Q1_lowest,suppressed_1_9,1.4342222222222223,1.0,1.0,3.0,1.1058593927373628,0.7710516373281519,0.7710516373281519,2.3131549119844554,0.01561111111111111,Corrected constrained Bayesian posterior summary; not an observed or recovered suppressed count.
27159,Wadena County,27,Minnesota,nonmetro_nonadjacent,Q3,suppressed_1_9,2.7236944444444444,2.0,2.0,5.0,3.2175573170357765,2.36264190617949,2.36264190617949,5.906604765448725,0.4948888888888889,Corrected constrained Bayesian posterior summary; not an observed or recovered suppressed count.
27161,Waseca County,27,Minnesota,nonmetro_adjacent,Q1_lowest,suppressed_1_9,5.809333333333333,6.0,4.0,9.0,5.153773361721591,5.322924059616749,3.5486160397445,7.984386089425125,1.0,Corrected constrained Bayesian posterior summary; not an observed or recovered suppressed count.
27163,Washington County,27,Minnesota,metro_large,Q1_lowest,exact,54.0,54.0,54.0,54.0,3.2947320894714984,3.29473208947028,3.29473208947028,3.29473208947028,1.0,Corrected constrained Bayesian posterior summary; not an observed or recovered suppressed count.
27165,Watonwan County,27,Minnesota,nonmetro_adjacent,Q3,suppressed_1_9,2.7217777777777776,2.0,2.0,5.0,4.112689298543983,3.022061045633122,3.022061045633122,7.555152614082805,1.0,Corrected constrained Bayesian posterior summary; not an observed or recovered suppressed count.
27167,Wilkin County,27,Minnesota,nonmetro_adjacent,Q1_lowest,suppressed_1_9,2.284666666666667,2.0,2.0,4.0,6.062214202948618,5.306869742882161,5.306869742882161,10.613739485764322,1.0,Corrected constrained Bayesian posterior summary; not an observed or recovered suppressed count.
27169,Winona County,27,Minnesota,nonmetro_adjacent,Q1_lowest,suppressed_1_9,7.480416666666667,8.0,5.0,9.0,2.4953770266857522,2.6687037772166087,1.6679398607603804,3.002291749368685,0.2732777777777778,Corrected constrained Bayesian posterior summary; not an observed or recovered suppressed count.
27171,Wright County,27,Minnesota,metro_large,Q1_lowest,exact,25.0,25.0,25.0,25.0,2.849921969133999,2.849921969136485,2.849921969136485,2.849921969136485,0.0,Corrected constrained Bayesian posterior summary; not an observed or recovered suppressed count.
27173,Yellow Medicine County,27,Minnesota,nonmetro_nonadjacent,Q1_lowest,suppressed_1_9,2.4331666666666667,2.0,2.0,4.0,4.266767205601319,3.507172167081682,3.507172167081682,7.014344334163364,1.0,Corrected constrained Bayesian posterior summary; not an observed or recovered suppressed count.
28001,Adams County,28,Mississippi,nonmetro_nonadjacent,Q4_highest,suppressed_1_9,5.71325,6.0,3.0,9.0,3.2547083822295804,3.4180633253198742,1.7090316626599371,5.1270949879798104,0.5209166666666667,Corrected constrained Bayesian posterior summary; not an observed or recovered suppressed count.
28003,Alcorn County,28,Mississippi,nonmetro_nonadjacent,Q4_highest,suppressed_1_9,4.358138888888889,4.0,2.0,8.0,2.0678403139566863,1.8979113485609085,0.9489556742804542,3.795822697121817,0.11463888888888889,Corrected constrained Bayesian posterior summary; not an observed or recovered suppressed count.
28005,Amite County,28,Mississippi,nonmetro_adjacent,Q4_highest,suppressed_1_9,6.909861111111111,7.0,5.0,9.0,9.256220427205347,9.376967488714149,6.6978339205101065,12.056101056918193,1.0,Corrected constrained Bayesian posterior summary; not an observed or recovered suppressed count.
28007,Attala County,28,Mississippi,nonmetro_adjacent,Q4_highest,zero,0.0,0.0,0.0,0.0,0.0,0.0,0.0,0.0,0.0,Corrected constrained Bayesian posterior summary; not an observed or recovered suppressed count.
28009,Benton County,28,Mississippi,metro_large,Q4_highest,suppressed_1_9,2.3795555555555556,2.0,2.0,4.0,5.083434213961419,4.272591326639607,4.272591326639607,8.545182653279214,1.0,Corrected constrained Bayesian posterior summary; not an observed or recovered suppressed count.
28011,Bolivar County,28,Mississippi,nonmetro_nonadjacent,Q4_highest,exact,10.0,10.0,10.0,10.0,5.623949024527742,5.623949024526042,5.623949024526042,5.623949024526042,1.0,Corrected constrained Bayesian posterior summary; not an observed or recovered suppressed count.
28013,Calhoun County,28,Mississippi,nonmetro_nonadjacent,Q4_highest,exact,11.0,11.0,11.0,11.0,13.777555110223815,13.77755511022044,13.77755511022044,13.77755511022044,1.0,Corrected constrained Bayesian posterior summary; not an observed or recovered suppressed count.
28015,Carroll County,28,Mississippi,nonmetro_adjacent,Q3,zero,0.0,0.0,0.0,0.0,0.0,0.0,0.0,0.0,0.0,Corrected constrained Bayesian posterior summary; not an observed or recovered suppressed count.
28017,Chickasaw County,28,Mississippi,nonmetro_nonadjacent,Q4_highest,suppressed_1_9,5.91975,6.0,4.0,9.0,5.831289340701438,5.910340140075061,3.9402267600500407,8.865510210112593,1.0,Corrected constrained Bayesian posterior summary; not an observed or recovered suppressed count.
28019,Choctaw County,28,Mississippi,nonmetro_nonadjacent,Q4_highest,suppressed_1_9,1.2699722222222223,1.0,1.0,3.0,2.6133804346586786,2.0578248791027884,2.0578248791027884,6.173474637308365,0.2257222222222222,Corrected constrained Bayesian posterior summary; not an observed or recovered suppressed count.
28021,Claiborne County,28,Mississippi,nonmetro_adjacent,Q4_highest,suppressed_1_9,1.2923333333333333,1.0,1.0,3.0,2.4685934047753078,1.9101831865675918,1.9101831865675918,5.730549559702776,0.2401111111111111,Corrected constrained Bayesian posterior summary; not an observed or recovered suppressed count.
28023,Clarke County,28,Mississippi,nonmetro_nonadjacent,Q4_highest,suppressed_1_9,3.0277777777777777,3.0,2.0,6.0,3.2941062696808,3.2638851112440843,2.175923407496056,6.527770222488169,0.6193888888888889,Corrected constrained Bayesian posterior summary; not an observed or recovered suppressed count.
28025,Clay County,28,Mississippi,nonmetro_nonadjacent,Q4_highest,suppressed_1_9,7.314666666666667,7.0,5.0,9.0,6.5308357588818895,6.249888394850092,4.4642059963214935,8.035570793378689,1.0,Corrected constrained Bayesian posterior summary; not an observed or recovered suppressed count.
28027,Coahoma County,28,Mississippi,nonmetro_adjacent,Q4_highest,suppressed_1_9,6.296333333333333,6.0,4.0,9.0,5.04202802224048,4.804727852206571,3.2031519014710472,7.207091778309857,1.0,Corrected constrained Bayesian posterior summary; not an observed or recovered suppressed count.
28029,Copiah County,28,Mississippi,metro_other,Q4_highest,suppressed_1_9,7.625388888888889,8.0,5.0,9.0,4.568508488837731,4.792944785276074,2.995590490797546,5.392062883435583,1.0,Corrected constrained Bayesian posterior summary; not an observed or recovered suppressed count.
28031,Covington County,28,Mississippi,nonmetro_adjacent,Q4_highest,suppressed_1_9,4.695944444444445,4.0,3.0,8.0,4.284425386109292,3.6494685461429683,2.737101409607226,7.298937092285937,0.7939444444444445,Corrected constrained Bayesian posterior summary; not an observed or recovered suppressed count.
28033,DeSoto County,28,Mississippi,metro_large,Q2,exact,22.0,22.0,22.0,22.0,1.9252748329822955,1.9252748329824083,1.9252748329824083,1.9252748329824083,0.0,Corrected constrained Bayesian posterior summary; not an observed or recovered suppressed count.
28035,Forrest County,28,Mississippi,metro_other,Q4_highest,exact,29.0,29.0,29.0,29.0,6.269809354560225,6.269809354555557,6.269809354555557,6.269809354555557,1.0,Corrected constrained Bayesian posterior summary; not an observed or recovered suppressed count.
28037,Franklin County,28,Mississippi,nonmetro_nonadjacent,Q3,suppressed_1_9,2.3691944444444446,2.0,2.0,4.0,5.171332877382385,4.365477801545379,4.365477801545379,8.730955603090758,1.0,Corrected constrained Bayesian posterior summary; not an observed or recovered suppressed count.
28039,George County,28,Mississippi,nonmetro_adjacent,Q4_highest,suppressed_1_9,3.4848055555555555,3.0,2.0,7.0,2.3171482230153018,1.994786956753019,1.329857971168679,4.654502899090377,0.1993888888888889,Corrected constrained Bayesian posterior summary; not an observed or recovered suppressed count.
28041,Greene County,28,Mississippi,nonmetro_adjacent,Q4_highest,suppressed_1_9,3.7988333333333335,4.0,3.0,6.0,4.65994447238756,4.9067111541811315,3.680033365635848,7.360066731271696,1.0,Corrected constrained Bayesian posterior summary; not an observed or recovered suppressed count.
28043,Grenada County,28,Mississippi,nonmetro_nonadjacent,Q4_highest,suppressed_1_9,6.26775,6.0,4.0,9.0,4.981640000953565,4.768830921099692,3.179220614066461,7.153246381649539,1.0,Corrected constrained Bayesian posterior summary; not an observed or recovered suppressed count.
28045,Hancock County,28,Mississippi,metro_other,Q2,suppressed_1_9,7.9399444444444445,8.0,6.0,9.0,2.8313261127289646,2.8527414845666685,2.1395561134250016,3.209334170137502,0.38166666666666665,Corrected constrained Bayesian posterior summary; not an observed or recovered suppressed count.
28047,Harrison County,28,Mississippi,metro_other,Q4_highest,exact,13.0,13.0,13.0,13.0,1.030386085665831,1.0303860856662992,1.0303860856662992,1.0303860856662992,0.0,Corrected constrained Bayesian posterior summary; not an observed or recovered suppressed count.
28049,Hinds County,28,Mississippi,metro_other,Q4_highest,exact,60.0,60.0,60.0,60.0,4.521272587522921,4.521272587524302,4.521272587524302,4.521272587524302,1.0,Corrected constrained Bayesian posterior summary; not an observed or recovered suppressed count.
28051,Holmes County,28,Mississippi,metro_other,Q4_highest,suppressed_1_9,6.871944444444445,7.0,5.0,9.0,7.034440008642538,7.165523595045552,5.118231139318252,9.212816050772853,1.0,Corrected constrained Bayesian posterior summary; not an observed or recovered suppressed count.
28053,Humphreys County,28,Mississippi,nonmetro_adjacent,Q4_highest,suppressed_1_9,1.195861111111111,1.0,1.0,2.0,2.6508714113985907,2.2167050895548854,2.2167050895548854,4.433410179109771,0.1733888888888889,Corrected constrained Bayesian posterior summary; not an observed or recovered suppressed count.
28055,Issaquena County,28,Mississippi,nonmetro_nonadjacent,Q4_highest,suppressed_1_9,1.0242222222222221,1.0,1.0,1.0,13.386775875350914,13.070186903672724,13.070186903672724,13.070186903672724,1.0,Corrected constrained Bayesian posterior summary; not an observed or recovered suppressed count.
28057,Itawamba County,28,Mississippi,nonmetro_nonadjacent,Q1_lowest,exact,13.0,13.0,13.0,13.0,9.111106438742416,9.111106438748834,9.111106438748834,9.111106438748834,1.0,Corrected constrained Bayesian posterior summary; not an observed or recovered suppressed count.
28059,Jackson County,28,Mississippi,metro_other,Q4_highest,exact,20.0,20.0,20.0,20.0,2.2994531900327355,2.2994531900314104,2.2994531900314104,2.2994531900314104,0.0,Corrected constrained Bayesian posterior summary; not an observed or recovered suppressed count.
28061,Jasper County,28,Mississippi,nonmetro_adjacent,Q3,suppressed_1_9,4.403,4.0,3.0,7.0,4.539877300613507,4.124349126153529,3.0932618446151467,7.217610970768675,1.0,Corrected constrained Bayesian posterior summary; not an observed or recovered suppressed count.
28063,Jefferson County,28,Mississippi,nonmetro_nonadjacent,Q4_highest,suppressed_1_9,4.790472222222222,5.0,4.0,7.0,11.373390840982589,11.870845204178538,9.49667616334283,16.619183285849953,1.0,Corrected constrained Bayesian posterior summary; not an observed or recovered suppressed count.
28065,Jefferson Davis County,28,Mississippi,nonmetro_adjacent,Q4_highest,suppressed_1_9,5.4728055555555555,5.0,4.0,8.0,8.258594729812978,7.5451198165026865,6.0360958532021485,12.072191706404297,1.0,Corrected constrained Bayesian posterior summary; not an observed or recovered suppressed count.
28067,Jones County,28,Mississippi,nonmetro_adjacent,Q4_highest,exact,33.0,33.0,33.0,33.0,8.21936232692346,8.219362326926381,8.219362326926381,8.219362326926381,1.0,Corrected constrained Bayesian posterior summary; not an observed or recovered suppressed count.
28069,Kemper County,28,Mississippi,nonmetro_nonadjacent,Q4_highest,suppressed_1_9,2.5326666666666666,2.0,2.0,4.0,4.699522501792981,3.711125955614934,3.711125955614934,7.422251911229868,1.0,Corrected constrained Bayesian posterior summary; not an observed or recovered suppressed count.
28071,Lafayette County,28,Mississippi,nonmetro_adjacent,Q2,exact,12.0,12.0,12.0,12.0,3.5166277883951227,3.5166277883927837,3.5166277883927837,3.5166277883927837,1.0,Corrected constrained Bayesian posterior summary; not an observed or recovered suppressed count.
28073,Lamar County,28,Mississippi,metro_other,Q3,suppressed_1_9,6.824666666666666,7.0,4.0,9.0,1.7427869780432368,1.7875611282064379,1.0214635018322502,2.2982928791225627,0.0,Corrected constrained Bayesian posterior summary; not an observed or recovered suppressed count.
28075,Lauderdale County,28,Mississippi,nonmetro_nonadjacent,Q4_highest,suppressed_1_9,8.435888888888888,9.0,6.0,9.0,1.9528289050467518,2.0834153195843355,1.388943546389557,2.0834153195843355,0.0,Corrected constrained Bayesian posterior summary; not an observed or recovered suppressed count.
28077,Lawrence County,28,Mississippi,nonmetro_adjacent,Q4_highest,suppressed_1_9,6.570916666666666,6.0,5.0,9.0,9.125766161137623,8.332870396089106,6.9440586634075885,12.499305594133657,1.0,Corrected constrained Bayesian posterior summary; not an observed or recovered suppressed count.
28079,Leake County,28,Mississippi,nonmetro_adjacent,Q4_highest,suppressed_1_9,5.00475,5.0,3.0,8.0,3.8327666222476617,3.8291289497465115,2.297477369847907,6.126606319594418,0.8425555555555555,Corrected constrained Bayesian posterior summary; not an observed or recovered suppressed count.
28081,Lee County,28,Mississippi,nonmetro_nonadjacent,Q3,exact,48.0,48.0,48.0,48.0,9.551193401720251,9.551193401717226,9.551193401717226,9.551193401717226,1.0,Corrected constrained Bayesian posterior summary; not an observed or recovered suppressed count.
28083,Leflore County,28,Mississippi,nonmetro_adjacent,Q4_highest,suppressed_1_9,6.849111111111111,7.0,4.0,9.0,4.2096823650495,4.302423493690804,2.458527710680459,5.531687349031032,0.9482777777777778,Corrected constrained Bayesian posterior summary; not an observed or recovered suppressed count.
28085,Lincoln County,28,Mississippi,nonmetro_adjacent,Q3,exact,10.0,10.0,10.0,10.0,4.821438042108198,4.82143804211044,4.82143804211044,4.82143804211044,1.0,Corrected constrained Bayesian posterior summary; not an observed or recovered suppressed count.
28087,Lowndes County,28,Mississippi,nonmetro_nonadjacent,Q4_highest,exact,17.0,17.0,17.0,17.0,4.897018579863617,4.8970185798646115,4.8970185798646115,4.8970185798646115,1.0,Corrected constrained Bayesian posterior summary; not an observed or recovered suppressed count.
28089,Madison County,28,Mississippi,metro_other,Q2,exact,12.0,12.0,12.0,12.0,1.8159064323934944,1.8159064323945602,1.8159064323945602,1.8159064323945602,0.0,Corrected constrained Bayesian posterior summary; not an observed or recovered suppressed count.
28091,Marion County,28,Mississippi,nonmetro_adjacent,Q4_highest,suppressed_1_9,7.661111111111111,8.0,5.0,9.0,5.259079253067208,5.491714375935308,3.432321484959567,6.178178672927221,1.0,Corrected constrained Bayesian posterior summary; not an observed or recovered suppressed count.
28093,Marshall County,28,Mississippi,metro_large,Q4_highest,exact,12.0,12.0,12.0,12.0,5.799146558935202,5.799146558931411,5.799146558931411,5.799146558931411,1.0,Corrected constrained Bayesian posterior summary; not an observed or recovered suppressed count.
28095,Monroe County,28,Mississippi,nonmetro_nonadjacent,Q3,exact,30.0,30.0,30.0,30.0,14.639359381632003,14.63935938163346,14.63935938163346,14.63935938163346,1.0,Corrected constrained Bayesian posterior summary; not an observed or recovered suppressed count.
28097,Montgomery County,28,Mississippi,nonmetro_nonadjacent,Q4_highest,suppressed_1_9,3.8813055555555556,4.0,3.0,6.0,6.72599999230199,6.931688212664194,5.198766159498146,10.397532318996292,1.0,Corrected constrained Bayesian posterior summary; not an observed or recovered suppressed count.
28099,Neshoba County,28,Mississippi,nonmetro_nonadjacent,Q4_highest,suppressed_1_9,6.8605,7.0,4.0,9.0,3.953221698492998,4.033605697756163,2.3049175415749503,5.186064468543638,0.8065833333333333,Corrected constrained Bayesian posterior summary; not an observed or recovered suppressed count.
28101,Newton County,28,Mississippi,nonmetro_adjacent,Q3,suppressed_1_9,4.498972222222222,4.0,3.0,8.0,3.569168211455575,3.1733187360671473,2.3799890520503606,6.346637472134295,0.7522777777777778,Corrected constrained Bayesian posterior summary; not an observed or recovered suppressed count.
28103,Noxubee County,28,Mississippi,nonmetro_nonadjacent,Q4_highest,suppressed_1_9,3.9587777777777777,4.0,3.0,6.0,6.542893608425168,6.611023882323774,4.958267911742831,9.916535823485662,1.0,Corrected constrained Bayesian posterior summary; not an observed or recovered suppressed count.
28105,Oktibbeha County,28,Mississippi,nonmetro_nonadjacent,Q3,suppressed_1_9,6.106166666666667,6.0,3.0,9.0,1.9966995080870753,1.9619833035220873,0.9809916517610436,2.9429749552831304,0.09019444444444444,Corrected constrained Bayesian posterior summary; not an observed or recovered suppressed count.
28107,Panola County,28,Mississippi,nonmetro_adjacent,Q4_highest,exact,11.0,11.0,11.0,11.0,5.528054878503586,5.5280548785084305,5.5280548785084305,5.5280548785084305,1.0,Corrected constrained Bayesian posterior summary; not an observed or recovered suppressed count.
28109,Pearl River County,28,Mississippi,nonmetro_adjacent,Q3,exact,20.0,20.0,20.0,20.0,5.844825721906147,5.844825721909037,5.844825721909037,5.844825721909037,1.0,Corrected constrained Bayesian posterior summary; not an observed or recovered suppressed count.
28111,Perry County,28,Mississippi,metro_other,Q3,suppressed_1_9,6.268583333333333,6.0,5.0,9.0,9.020193299275666,8.633714655730628,7.194762213108857,12.950571983595943,1.0,Corrected constrained Bayesian posterior summary; not an observed or recovered suppressed count.
28113,Pike County,28,Mississippi,nonmetro_adjacent,Q4_highest,exact,13.0,13.0,13.0,13.0,5.502039987130485,5.502039987133691,5.502039987133691,5.502039987133691,1.0,Corrected constrained Bayesian posterior summary; not an observed or recovered suppressed count.
28115,Pontotoc County,28,Mississippi,nonmetro_nonadjacent,Q3,exact,16.0,16.0,16.0,16.0,8.376173973136886,8.376173973133422,8.376173973133422,8.376173973133422,1.0,Corrected constrained Bayesian posterior summary; not an observed or recovered suppressed count.
28117,Prentiss County,28,Mississippi,nonmetro_nonadjacent,Q3,suppressed_1_9,6.385694444444445,6.0,4.0,9.0,4.241549006280973,3.9853604426406997,2.6569069617604666,5.97804066396105,0.9091111111111111,Corrected constrained Bayesian posterior summary; not an observed or recovered suppressed count.
28119,Quitman County,28,Mississippi,nonmetro_adjacent,Q4_highest,suppressed_1_9,3.5561944444444444,3.0,3.0,5.0,9.8031603386405,8.269930532583526,8.269930532583526,13.783217554305876,1.0,Corrected constrained Bayesian posterior summary; not an observed or recovered suppressed count.
28121,Rankin County,28,Mississippi,metro_other,Q2,exact,23.0,23.0,23.0,23.0,2.422809806269897,2.422809806270021,2.422809806270021,2.422809806270021,0.0,Corrected constrained Bayesian posterior summary; not an observed or recovered suppressed count.
28123,Scott County,28,Mississippi,metro_other,Q4_highest,suppressed_1_9,4.974222222222222,5.0,3.0,8.0,2.9845989945115052,3.0000660014520317,1.8000396008712192,4.800105602323251,0.5719166666666666,Corrected constrained Bayesian posterior summary; not an observed or recovered suppressed count.
28125,Sharkey County,28,Mississippi,nonmetro_adjacent,Q4_highest,suppressed_1_9,2.1798333333333333,2.0,2.0,3.0,9.818184547935811,9.008197459688315,9.008197459688315,13.512296189532476,1.0,Corrected constrained Bayesian posterior summary; not an observed or recovered suppressed count.
28127,Simpson County,28,Mississippi,metro_other,Q4_highest,suppressed_1_9,3.454138888888889,3.0,2.0,7.0,2.215100354561399,1.9238662015185717,1.2825774676790478,4.4890211368766675,0.1934722222222222,Corrected constrained Bayesian posterior summary; not an observed or recovered suppressed count.
28129,Smith County,28,Mississippi,nonmetro_adjacent,Q3,suppressed_1_9,4.230361111111111,4.0,3.0,7.0,4.800246358831079,4.538852578068265,3.4041394335511987,7.942992011619462,1.0,Corrected constrained Bayesian posterior summary; not an observed or recovered suppressed count.
28131,Stone County,28,Mississippi,metro_other,Q4_highest,suppressed_1_9,2.96925,3.0,2.0,6.0,2.6432335713145845,2.6706072960991327,1.7804048640660888,5.341214592198265,0.25519444444444445,Corrected constrained Bayesian posterior summary; not an observed or recovered suppressed count.
28133,Sunflower County,28,Mississippi,nonmetro_nonadjacent,Q4_highest,exact,16.0,16.0,16.0,16.0,10.843046896174613,10.843046896177826,10.843046896177826,10.843046896177826,1.0,Corrected constrained Bayesian posterior summary; not an observed or recovered suppressed count.
28135,Tallahatchie County,28,Mississippi,nonmetro_nonadjacent,Q4_highest,suppressed_1_9,3.946,4.0,3.0,6.0,5.284231670572468,5.356545028456646,4.017408771342484,8.034817542684968,1.0,Corrected constrained Bayesian posterior summary; not an observed or recovered suppressed count.
28137,Tate County,28,Mississippi,metro_large,Q4_highest,exact,14.0,14.0,14.0,14.0,8.225520264157325,8.225520264156708,8.225520264156708,8.225520264156708,1.0,Corrected constrained Bayesian posterior summary; not an observed or recovered suppressed count.
28139,Tippah County,28,Mississippi,nonmetro_adjacent,Q4_highest,suppressed_1_9,7.4014444444444445,7.0,5.0,9.0,5.7136803931219164,5.4037780127992345,3.8598414377137384,6.947714587884729,1.0,Corrected constrained Bayesian posterior summary; not an observed or recovered suppressed count.
28141,Tishomingo County,28,Mississippi,nonmetro_adjacent,Q3,suppressed_1_9,5.972777777777778,6.0,4.0,9.0,5.281577703695359,5.305649632583763,3.5370997550558423,7.958474448875644,1.0,Corrected constrained Bayesian posterior summary; not an observed or recovered suppressed count.
28143,Tunica County,28,Mississippi,metro_large,Q4_highest,suppressed_1_9,3.581027777777778,3.0,3.0,6.0,6.330371365547989,5.303257968145097,5.303257968145097,10.606515936290194,1.0,Corrected constrained Bayesian posterior summary; not an observed or recovered suppressed count.
28145,Union County,28,Mississippi,nonmetro_nonadjacent,Q3,suppressed_1_9,7.5216666666666665,8.0,5.0,9.0,4.413968209258478,4.694670375456264,2.9341689846601646,5.2815041723882965,1.0,Corrected constrained Bayesian posterior summary; not an observed or recovered suppressed count.
28147,Walthall County,28,Mississippi,nonmetro_nonadjacent,Q4_highest,suppressed_1_9,5.640027777777778,5.0,4.0,9.0,6.724004551526032,5.9609675842582766,4.768774067406621,10.729741651664899,1.0,Corrected constrained Bayesian posterior summary; not an observed or recovered suppressed count.
28149,Warren County,28,Mississippi,nonmetro_adjacent,Q4_highest,suppressed_1_9,4.588166666666667,4.0,2.0,8.0,1.7589089129385589,1.533430706183176,0.766715353091588,3.066861412366352,0.06380555555555556,Corrected constrained Bayesian posterior summary; not an observed or recovered suppressed count.
28151,Washington County,28,Mississippi,nonmetro_nonadjacent,Q4_highest,exact,13.0,13.0,13.0,13.0,5.076657528679303,5.076657528683115,5.076657528683115,5.076657528683115,1.0,Corrected constrained Bayesian posterior summary; not an observed or recovered suppressed count.
28153,Wayne County,28,Mississippi,nonmetro_nonadjacent,Q4_highest,suppressed_1_9,7.324472222222222,7.0,5.0,9.0,6.13738015302401,5.865495801980861,4.189639858557758,7.541351745403965,1.0,Corrected constrained Bayesian posterior summary; not an observed or recovered suppressed count.
28155,Webster County,28,Mississippi,nonmetro_nonadjacent,Q3,suppressed_1_9,3.787472222222222,4.0,3.0,6.0,6.379652712273124,6.737636437137851,5.0532273278533895,10.106454655706779,1.0,Corrected constrained Bayesian posterior summary; not an observed or recovered suppressed count.
28157,Wilkinson County,28,Mississippi,nonmetro_adjacent,Q4_highest,suppressed_1_9,6.016527777777778,6.0,5.0,8.0,12.19970350543772,12.166190157552162,10.138491797960135,16.221586876736218,1.0,Corrected constrained Bayesian posterior summary; not an observed or recovered suppressed count.
28159,Winston County,28,Mississippi,nonmetro_nonadjacent,Q4_highest,suppressed_1_9,3.0836944444444443,3.0,2.0,6.0,2.9153890354291874,2.836262562279599,1.8908417081863993,5.672525124559198,0.2946944444444444,Corrected constrained Bayesian posterior summary; not an observed or recovered suppressed count.
28161,Yalobusha County,28,Mississippi,nonmetro_nonadjacent,Q3,suppressed_1_9,6.511805555555555,6.0,5.0,9.0,8.833998827283981,8.139676854828863,6.78306404569072,12.209515282243295,1.0,Corrected constrained Bayesian posterior summary; not an observed or recovered suppressed count.
28163,Yazoo County,28,Mississippi,metro_other,Q4_highest,exact,11.0,11.0,11.0,11.0,6.970274945662851,6.9702749456635384,6.9702749456635384,6.9702749456635384,1.0,Corrected constrained Bayesian posterior summary; not an observed or recovered suppressed count.
29001,Adair County,29,Missouri,nonmetro_nonadjacent,Q2,suppressed_1_9,4.244694444444445,4.0,3.0,7.0,2.794878942047003,2.6337621976111776,1.975321648208383,4.609083845819561,0.3491944444444444,Corrected constrained Bayesian posterior summary; not an observed or recovered suppressed count.
29003,Andrew County,29,Missouri,metro_other,Q1_lowest,suppressed_1_9,2.6635833333333334,2.0,2.0,5.0,2.477268006559774,1.8601017475655919,1.8601017475655919,4.65025436891398,0.1507777777777778,Corrected constrained Bayesian posterior summary; not an observed or recovered suppressed count.
29005,Atchison County,29,Missouri,nonmetro_nonadjacent,Q1_lowest,zero,0.0,0.0,0.0,0.0,0.0,0.0,0.0,0.0,0.0,Corrected constrained Bayesian posterior summary; not an observed or recovered suppressed count.
29007,Audrain County,29,Missouri,nonmetro_adjacent,Q3,suppressed_1_9,3.3849444444444443,3.0,2.0,6.0,2.2819286115019923,2.0224219176604623,1.3482812784403082,4.044843835320925,0.17683333333333334,Corrected constrained Bayesian posterior summary; not an observed or recovered suppressed count.
29009,Barry County,29,Missouri,nonmetro_adjacent,Q3,exact,10.0,10.0,10.0,10.0,4.714134861974271,4.714134861970131,4.714134861970131,4.714134861970131,1.0,Corrected constrained Bayesian posterior summary; not an observed or recovered suppressed count.
29011,Barton County,29,Missouri,nonmetro_adjacent,Q3,suppressed_1_9,2.588111111111111,2.0,2.0,5.0,3.6896061231006962,2.8511960767541984,2.8511960767541984,7.1279901918854955,0.4276388888888889,Corrected constrained Bayesian posterior summary; not an observed or recovered suppressed count.
29013,Bates County,29,Missouri,metro_large,Q3,suppressed_1_9,1.33375,1.0,1.0,3.0,1.3703098672578358,1.0274113344018412,1.0274113344018412,3.082234003205523,0.05308333333333334,Corrected constrained Bayesian posterior summary; not an observed or recovered suppressed count.
29015,Benton County,29,Missouri,nonmetro_nonadjacent,Q3,suppressed_1_9,4.376833333333333,4.0,3.0,7.0,3.636210066905282,3.3231423634188486,2.4923567725641367,5.815499135982985,0.7236944444444444,Corrected constrained Bayesian posterior summary; not an observed or recovered suppressed count.
29017,Bollinger County,29,Missouri,metro_other,Q2,suppressed_1_9,1.2271666666666667,1.0,1.0,3.0,1.846140730933241,1.5043928270550007,1.5043928270550007,4.513178481165002,0.19591666666666666,Corrected constrained Bayesian posterior summary; not an observed or recovered suppressed count.
29019,Boone County,29,Missouri,metro_other,Q2,exact,25.0,25.0,25.0,25.0,2.2349345298280197,2.2349345298278833,2.2349345298278833,2.2349345298278833,0.0,Corrected constrained Bayesian posterior summary; not an observed or recovered suppressed count.
29021,Buchanan County,29,Missouri,metro_other,Q4_highest,exact,16.0,16.0,16.0,16.0,3.154648769294275,3.1546487692926486,3.1546487692926486,3.1546487692926486,1.0,Corrected constrained Bayesian posterior summary; not an observed or recovered suppressed count.
29023,Butler County,29,Missouri,nonmetro_nonadjacent,Q4_highest,suppressed_1_9,8.092027777777778,8.0,6.0,9.0,3.2022524031776682,3.1658343160610687,2.374375737045802,3.5615636055687028,0.74775,Corrected constrained Bayesian posterior summary; not an observed or recovered suppressed count.
29025,Caldwell County,29,Missouri,metro_large,Q2,suppressed_1_9,2.279777777777778,2.0,2.0,4.0,4.233098963490744,3.7136066547831255,3.7136066547831255,7.427213309566251,1.0,Corrected constrained Bayesian posterior summary; not an observed or recovered suppressed count.
29027,Callaway County,29,Missouri,metro_other,Q1_lowest,suppressed_1_9,6.295361111111111,6.0,4.0,9.0,2.341266446913248,2.2314206339466023,1.4876137559644014,3.347130950919903,0.21825,Corrected constrained Bayesian posterior summary; not an observed or recovered suppressed count.
29029,Camden County,29,Missouri,nonmetro_nonadjacent,Q2,suppressed_1_9,6.216555555555556,6.0,3.0,9.0,2.31872778105183,2.2379542114568336,1.1189771057284168,3.35693131718525,0.24858333333333332,Corrected constrained Bayesian posterior summary; not an observed or recovered suppressed count.
29031,Cape Girardeau County,29,Missouri,metro_other,Q2,suppressed_1_9,7.713277777777778,8.0,5.0,9.0,1.5740194674645145,1.6325297885669856,1.0203311178543661,1.8365960121378588,0.0,Corrected constrained Bayesian posterior summary; not an observed or recovered suppressed count.
29033,Carroll County,29,Missouri,nonmetro_adjacent,Q1_lowest,suppressed_1_9,1.155138888888889,1.0,1.0,2.0,2.272240472270829,1.967071227649153,1.967071227649153,3.934142455298306,0.13991666666666666,Corrected constrained Bayesian posterior summary; not an observed or recovered suppressed count.
29035,Carter County,29,Missouri,nonmetro_nonadjacent,Q2,zero,0.0,0.0,0.0,0.0,0.0,0.0,0.0,0.0,0.0,Corrected constrained Bayesian posterior summary; not an observed or recovered suppressed count.
29037,Cass County,29,Missouri,metro_large,Q1_lowest,exact,20.0,20.0,20.0,20.0,3.0384839180632284,3.0384839180642427,3.0384839180642427,3.0384839180642427,1.0,Corrected constrained Bayesian posterior summary; not an observed or recovered suppressed count.
29039,Cedar County,29,Missouri,nonmetro_adjacent,Q3,suppressed_1_9,2.5326666666666666,2.0,2.0,4.0,2.8957006581824136,2.2866812252038002,2.2866812252038002,4.5733624504076005,0.3958888888888889,Corrected constrained Bayesian posterior summary; not an observed or recovered suppressed count.
29041,Chariton County,29,Missouri,nonmetro_adjacent,Q1_lowest,suppressed_1_9,2.214888888888889,2.0,2.0,3.0,4.997041983773956,4.51222813825467,4.51222813825467,6.7683422073820045,1.0,Corrected constrained Bayesian posterior summary; not an observed or recovered suppressed count.
29043,Christian County,29,Missouri,metro_other,Q1_lowest,exact,13.0,13.0,13.0,13.0,2.345173452636093,2.345173452636516,2.345173452636516,2.345173452636516,0.0,Corrected constrained Bayesian posterior summary; not an observed or recovered suppressed count.
29045,Clark County,29,Missouri,nonmetro_nonadjacent,Q2,suppressed_1_9,1.132111111111111,1.0,1.0,2.0,2.8057276607450437,2.4783147459727384,2.4783147459727384,4.956629491945477,0.12005555555555555,Corrected constrained Bayesian posterior summary; not an observed or recovered suppressed count.
29047,Clay County,29,Missouri,metro_large,Q2,exact,23.0,23.0,23.0,23.0,1.4943759486045696,1.494375948603863,1.494375948603863,1.494375948603863,0.0,Corrected constrained Bayesian posterior summary; not an observed or recovered suppressed count.
29049,Clinton County,29,Missouri,metro_large,Q1_lowest,suppressed_1_9,3.814416666666667,4.0,3.0,6.0,3.00764576631167,3.153977165205324,2.365482873903993,4.730965747807986,0.5377222222222222,Corrected constrained Bayesian posterior summary; not an observed or recovered suppressed count.
29051,Cole County,29,Missouri,metro_other,Q1_lowest,exact,14.0,14.0,14.0,14.0,3.0302177644337456,3.0302177644352,3.0302177644352,3.0302177644352,1.0,Corrected constrained Bayesian posterior summary; not an observed or recovered suppressed count.
29053,Cooper County,29,Missouri,metro_other,Q2,suppressed_1_9,2.46,2.0,2.0,4.0,2.393764535307774,1.9461500287057127,1.9461500287057127,3.8923000574114255,0.08552777777777777,Corrected constrained Bayesian posterior summary; not an observed or recovered suppressed count.
29055,Crawford County,29,Missouri,nonmetro_adjacent,Q3,suppressed_1_9,3.1613611111111113,3.0,2.0,6.0,2.2800688854914144,2.1636903903297466,1.4424602602198309,4.327380780659493,0.12886111111111112,Corrected constrained Bayesian posterior summary; not an observed or recovered suppressed count.
29057,Dade County,29,Missouri,nonmetro_adjacent,Q3,suppressed_1_9,2.4064722222222223,2.0,2.0,4.0,5.262809391203625,4.373879193456677,4.373879193456677,8.747758386913354,1.0,Corrected constrained Bayesian posterior summary; not an observed or recovered suppressed count.
29059,Dallas County,29,Missouri,metro_other,Q3,suppressed_1_9,4.177472222222222,4.0,3.0,7.0,3.989601870157096,3.8201109742238013,2.865083230667851,6.685194204891652,0.6700833333333334,Corrected constrained Bayesian posterior summary; not an observed or recovered suppressed count.
29061,Daviess County,29,Missouri,nonmetro_adjacent,Q3,suppressed_1_9,1.1931666666666667,1.0,1.0,2.0,2.3633146486567482,1.980707905005249,1.980707905005249,3.961415810010498,0.1701388888888889,Corrected constrained Bayesian posterior summary; not an observed or recovered suppressed count.
29063,DeKalb County,29,Missouri,metro_other,Q1_lowest,suppressed_1_9,3.434277777777778,3.0,3.0,5.0,5.226574812467208,4.565654106044926,4.565654106044926,7.609423510074877,1.0,Corrected constrained Bayesian posterior summary; not an observed or recovered suppressed count.
29065,Dent County,29,Missouri,nonmetro_nonadjacent,Q3,suppressed_1_9,4.059111111111111,4.0,3.0,7.0,4.544408494207915,4.478230203423607,3.3586726525677055,7.836902855991312,1.0,Corrected constrained Bayesian posterior summary; not an observed or recovered suppressed count.
29067,Douglas County,29,Missouri,nonmetro_adjacent,Q3,suppressed_1_9,2.656722222222222,2.0,2.0,5.0,3.553953263000478,2.675442116809803,2.675442116809803,6.688605292024508,0.4572222222222222,Corrected constrained Bayesian posterior summary; not an observed or recovered suppressed count.
29069,Dunklin County,29,Missouri,nonmetro_nonadjacent,Q4_highest,suppressed_1_9,3.6270555555555557,3.0,2.0,7.0,2.1697328138232903,1.7946233085675318,1.196415539045021,4.187454386657573,0.23708333333333334,Corrected constrained Bayesian posterior summary; not an observed or recovered suppressed count.
29071,Franklin County,29,Missouri,metro_large,Q1_lowest,exact,11.0,11.0,11.0,11.0,1.7371913721595578,1.7371913721600871,1.7371913721600871,1.7371913721600871,0.0,Corrected constrained Bayesian posterior summary; not an observed or recovered suppressed count.
29073,Gasconade County,29,Missouri,nonmetro_adjacent,Q1_lowest,suppressed_1_9,1.2860555555555555,1.0,1.0,3.0,1.4582616769908427,1.1339025524146455,1.1339025524146455,3.4017076572439366,0.04086111111111111,Corrected constrained Bayesian posterior summary; not an observed or recovered suppressed count.
29075,Gentry County,29,Missouri,nonmetro_adjacent,Q2,suppressed_1_9,2.2856666666666667,2.0,2.0,4.0,6.004483441037117,5.254032469920664,5.254032469920664,10.508064939841328,1.0,Corrected constrained Bayesian posterior summary; not an observed or recovered suppressed count.
29077,Greene County,29,Missouri,metro_other,Q3,exact,84.0,84.0,84.0,84.0,4.654270792120711,4.6542707921236435,4.6542707921236435,4.6542707921236435,1.0,Corrected constrained Bayesian posterior summary; not an observed or recovered suppressed count.
29079,Grundy County,29,Missouri,nonmetro_nonadjacent,Q3,suppressed_1_9,1.1158055555555555,1.0,1.0,2.0,1.904625077761529,1.7069507032636897,1.7069507032636897,3.4139014065273794,0.107,Corrected constrained Bayesian posterior summary; not an observed or recovered suppressed count.
29081,Harrison County,29,Missouri,nonmetro_nonadjacent,Q2,suppressed_1_9,3.4269444444444446,3.0,3.0,5.0,6.93124154452563,6.067715707293394,6.067715707293394,10.112859512155657,1.0,Corrected constrained Bayesian posterior summary; not an observed or recovered suppressed count.
29083,Henry County,29,Missouri,nonmetro_adjacent,Q3,exact,10.0,10.0,10.0,10.0,7.484805844140436,7.484805844136402,7.484805844136402,7.484805844136402,1.0,Corrected constrained Bayesian posterior summary; not an observed or recovered suppressed count.
29085,Hickory County,29,Missouri,nonmetro_adjacent,Q3,suppressed_1_9,2.535277777777778,2.0,2.0,4.0,4.707949300436746,3.7139514586544355,3.7139514586544355,7.427902917308871,1.0,Corrected constrained Bayesian posterior summary; not an observed or recovered suppressed count.
29087,Holt County,29,Missouri,nonmetro_adjacent,Q1_lowest,zero,0.0,0.0,0.0,0.0,0.0,0.0,0.0,0.0,0.0,Corrected constrained Bayesian posterior summary; not an observed or recovered suppressed count.
29089,Howard County,29,Missouri,metro_other,Q2,suppressed_1_9,2.4060277777777777,2.0,2.0,4.0,3.9710636877628818,3.300929211573058,3.300929211573058,6.601858423146116,1.0,Corrected constrained Bayesian posterior summary; not an observed or recovered suppressed count.
29091,Howell County,29,Missouri,nonmetro_nonadjacent,Q4_highest,exact,13.0,13.0,13.0,13.0,5.361222688692612,5.3612226886944185,5.3612226886944185,5.3612226886944185,1.0,Corrected constrained Bayesian posterior summary; not an observed or recovered suppressed count.
29093,Iron County,29,Missouri,nonmetro_nonadjacent,Q3,suppressed_1_9,2.4285555555555556,2.0,2.0,4.0,4.194034289882025,3.4539331663932304,3.4539331663932304,6.907866332786461,1.0,Corrected constrained Bayesian posterior summary; not an observed or recovered suppressed count.
29095,Jackson County,29,Missouri,metro_large,Q3,exact,159.0,159.0,159.0,159.0,3.7078053500147248,3.7078053500133272,3.7078053500133272,3.7078053500133272,1.0,Corrected constrained Bayesian posterior summary; not an observed or recovered suppressed count.
29097,Jasper County,29,Missouri,metro_other,Q3,exact,22.0,22.0,22.0,22.0,2.9659948688307254,2.965994868828877,2.965994868828877,2.965994868828877,1.0,Corrected constrained Bayesian posterior summary; not an observed or recovered suppressed count.
29099,Jefferson County,29,Missouri,metro_large,Q1_lowest,exact,46.0,46.0,46.0,46.0,3.3531387200782308,3.3531387200777925,3.3531387200777925,3.3531387200777925,1.0,Corrected constrained Bayesian posterior summary; not an observed or recovered suppressed count.
29101,Johnson County,29,Missouri,nonmetro_adjacent,Q2,suppressed_1_9,7.959666666666666,8.0,6.0,9.0,2.429386635576392,2.4416968572309328,1.8312726429231994,2.7469089643847995,0.0,Corrected constrained Bayesian posterior summary; not an observed or recovered suppressed count.
29103,Knox County,29,Missouri,nonmetro_nonadjacent,Q2,zero,0.0,0.0,0.0,0.0,0.0,0.0,0.0,0.0,0.0,Corrected constrained Bayesian posterior summary; not an observed or recovered suppressed count.
29105,Laclede County,29,Missouri,nonmetro_adjacent,Q3,suppressed_1_9,6.6177222222222225,7.0,4.0,9.0,3.042882731547369,3.2186571762260785,1.8392326721291876,4.138273512290673,0.52275,Corrected constrained Bayesian posterior summary; not an observed or recovered suppressed count.
29107,Lafayette County,29,Missouri,metro_large,Q1_lowest,suppressed_1_9,5.880166666666667,6.0,4.0,9.0,2.9667993615830057,3.0272604806280556,2.018173653752037,4.540890720942084,0.5631944444444444,Corrected constrained Bayesian posterior summary; not an observed or recovered suppressed count.
29109,Lawrence County,29,Missouri,nonmetro_adjacent,Q3,suppressed_1_9,4.08875,4.0,2.0,8.0,1.7657639371733702,1.727436441135444,0.863718220567722,3.454872882270888,0.08302777777777778,Corrected constrained Bayesian posterior summary; not an observed or recovered suppressed count.
29111,Lewis County,29,Missouri,nonmetro_nonadjacent,Q2,zero,0.0,0.0,0.0,0.0,0.0,0.0,0.0,0.0,0.0,Corrected constrained Bayesian posterior summary; not an observed or recovered suppressed count.
29113,Lincoln County,29,Missouri,metro_large,Q1_lowest,suppressed_1_9,6.71075,7.0,4.0,9.0,1.7921139774615615,1.8693585429685413,1.0682048816963092,2.403460983816696,0.0,Corrected constrained Bayesian posterior summary; not an observed or recovered suppressed count.
29115,Linn County,29,Missouri,nonmetro_nonadjacent,Q1_lowest,suppressed_1_9,3.6511666666666667,3.0,3.0,6.0,5.134244546315089,4.2185786202435525,4.2185786202435525,8.437157240487105,1.0,Corrected constrained Bayesian posterior summary; not an observed or recovered suppressed count.
29117,Livingston County,29,Missouri,nonmetro_nonadjacent,Q2,suppressed_1_9,4.00125,4.0,3.0,7.0,4.546255056129466,4.544834795255192,3.4086260964413944,7.9534608916965865,1.0,Corrected constrained Bayesian posterior summary; not an observed or recovered suppressed count.
29119,McDonald County,29,Missouri,nonmetro_adjacent,Q4_highest,suppressed_1_9,4.8565,5.0,3.0,8.0,3.452529058402083,3.5545444851242314,2.132726691074539,5.68727117619877,0.53925,Corrected constrained Bayesian posterior summary; not an observed or recovered suppressed count.
29121,Macon County,29,Missouri,nonmetro_nonadjacent,Q2,suppressed_1_9,2.6495277777777777,2.0,2.0,5.0,2.918560703420266,2.2030799057081802,2.2030799057081802,5.50769976427045,0.45858333333333334,Corrected constrained Bayesian posterior summary; not an observed or recovered suppressed count.
29123,Madison County,29,Missouri,nonmetro_nonadjacent,Q3,zero,0.0,0.0,0.0,0.0,0.0,0.0,0.0,0.0,0.0,Corrected constrained Bayesian posterior summary; not an observed or recovered suppressed count.
29125,Maries County,29,Missouri,nonmetro_adjacent,Q2,suppressed_1_9,1.18,1.0,1.0,2.0,2.301765336974134,1.9506485906563933,1.9506485906563933,3.9012971813127866,0.15938888888888889,Corrected constrained Bayesian posterior summary; not an observed or recovered suppressed count.
29127,Marion County,29,Missouri,nonmetro_nonadjacent,Q2,suppressed_1_9,5.980722222222222,6.0,4.0,9.0,3.504260984486354,3.515556336790297,2.343704224526865,5.273334505185446,0.5949444444444445,Corrected constrained Bayesian posterior summary; not an observed or recovered suppressed count.
29129,Mercer County,29,Missouri,nonmetro_nonadjacent,Q2,zero,0.0,0.0,0.0,0.0,0.0,0.0,0.0,0.0,0.0,Corrected constrained Bayesian posterior summary; not an observed or recovered suppressed count.
29131,Miller County,29,Missouri,nonmetro_adjacent,Q2,suppressed_1_9,3.217138888888889,3.0,2.0,6.0,2.1029800554899163,1.9610406589096614,1.3073604392731075,3.922081317819323,0.1386388888888889,Corrected constrained Bayesian posterior summary; not an observed or recovered suppressed count.
29133,Mississippi County,29,Missouri,nonmetro_adjacent,Q4_highest,suppressed_1_9,1.2695833333333333,1.0,1.0,3.0,1.7233617034743862,1.3574230680476183,1.3574230680476183,4.072269204142855,0.03805555555555556,Corrected constrained Bayesian posterior summary; not an observed or recovered suppressed count.
29135,Moniteau County,29,Missouri,metro_other,Q3,suppressed_1_9,1.2914166666666667,1.0,1.0,3.0,1.3890532173109327,1.075604220670962,1.075604220670962,3.2268126620128856,0.042611111111111113,Corrected constrained Bayesian posterior summary; not an observed or recovered suppressed count.
29137,Monroe County,29,Missouri,nonmetro_nonadjacent,Q3,zero,0.0,0.0,0.0,0.0,0.0,0.0,0.0,0.0,0.0,Corrected constrained Bayesian posterior summary; not an observed or recovered suppressed count.
29139,Montgomery County,29,Missouri,nonmetro_adjacent,Q2,suppressed_1_9,3.6014166666666667,3.0,3.0,6.0,5.242236778262322,4.366812227074235,4.366812227074235,8.73362445414847,1.0,Corrected constrained Bayesian posterior summary; not an observed or recovered suppressed count.
29141,Morgan County,29,Missouri,nonmetro_adjacent,Q4_highest,suppressed_1_9,7.2971111111111115,7.0,5.0,9.0,5.662117935931867,5.431577640522673,3.879698314659052,6.983456966386294,1.0,Corrected constrained Bayesian posterior summary; not an observed or recovered suppressed count.
29143,New Madrid County,29,Missouri,nonmetro_nonadjacent,Q4_highest,suppressed_1_9,4.398138888888889,4.0,3.0,7.0,4.57496113682652,4.160815519841889,3.120611639881417,7.2814271597233065,1.0,Corrected constrained Bayesian posterior summary; not an observed or recovered suppressed count.
29145,Newton County,29,Missouri,metro_other,Q3,suppressed_1_9,8.078222222222223,8.0,6.0,9.0,2.254723183605561,2.232890476722117,1.6746678575415874,2.5120017863123816,0.0,Corrected constrained Bayesian posterior summary; not an observed or recovered suppressed count.
29147,Nodaway County,29,Missouri,nonmetro_adjacent,Q1_lowest,suppressed_1_9,1.3645277777777778,1.0,1.0,3.0,1.075591604942806,0.7882518937751748,0.7882518937751748,2.3647556813255246,0.010583333333333333,Corrected constrained Bayesian posterior summary; not an observed or recovered suppressed count.
29149,Oregon County,29,Missouri,nonmetro_nonadjacent,Q3,suppressed_1_9,1.2040833333333334,1.0,1.0,2.0,2.160876015457859,1.7946233085675318,1.7946233085675318,3.5892466171350637,0.17858333333333334,Corrected constrained Bayesian posterior summary; not an observed or recovered suppressed count.
29151,Osage County,29,Missouri,metro_other,Q1_lowest,suppressed_1_9,3.5402222222222224,3.0,3.0,5.0,4.377454091824054,3.709473996587284,3.709473996587284,6.182456660978807,1.0,Corrected constrained Bayesian posterior summary; not an observed or recovered suppressed count.
29153,Ozark County,29,Missouri,nonmetro_nonadjacent,Q3,zero,0.0,0.0,0.0,0.0,0.0,0.0,0.0,0.0,0.0,Corrected constrained Bayesian posterior summary; not an observed or recovered suppressed count.
29155,Pemiscot County,29,Missouri,nonmetro_nonadjacent,Q4_highest,suppressed_1_9,5.448666666666667,5.0,4.0,8.0,6.020493101443775,5.524739784756138,4.41979182780491,8.83958365560982,1.0,Corrected constrained Bayesian posterior summary; not an observed or recovered suppressed count.
29157,Perry County,29,Missouri,nonmetro_adjacent,Q2,suppressed_1_9,1.405361111111111,1.0,1.0,3.0,1.2310451218559606,0.8759635599159075,0.8759635599159075,2.6278906797477224,0.013444444444444445,Corrected constrained Bayesian posterior summary; not an observed or recovered suppressed count.
29159,Pettis County,29,Missouri,nonmetro_nonadjacent,Q3,suppressed_1_9,8.321361111111111,9.0,6.0,9.0,3.2167184444418333,3.479054161142057,2.3193694407613714,3.479054161142057,0.8334166666666667,Corrected constrained Bayesian posterior summary; not an observed or recovered suppressed count.
29161,Phelps County,29,Missouri,nonmetro_nonadjacent,Q3,suppressed_1_9,5.603611111111111,5.0,3.0,9.0,2.0739290474260614,1.8505290662600438,1.1103174397560263,3.3309523192680786,0.13866666666666666,Corrected constrained Bayesian posterior summary; not an observed or recovered suppressed count.
29163,Pike County,29,Missouri,nonmetro_adjacent,Q3,suppressed_1_9,5.297527777777778,5.0,4.0,8.0,4.9428763963395665,4.665267086540704,3.732213669232564,7.464427338465128,1.0,Corrected constrained Bayesian posterior summary; not an observed or recovered suppressed count.
29165,Platte County,29,Missouri,metro_large,Q1_lowest,exact,12.0,12.0,12.0,12.0,1.831501831502836,1.8315018315018314,1.8315018315018314,1.8315018315018314,0.0,Corrected constrained Bayesian posterior summary; not an observed or recovered suppressed count.
29167,Polk County,29,Missouri,metro_other,Q3,exact,10.0,10.0,10.0,10.0,5.122294788065971,5.1222947880650525,5.1222947880650525,5.1222947880650525,1.0,Corrected constrained Bayesian posterior summary; not an observed or recovered suppressed count.
29169,Pulaski County,29,Missouri,nonmetro_nonadjacent,Q3,suppressed_1_9,7.080222222222222,7.0,4.0,9.0,2.206714754362032,2.181711646288441,1.2466923693076806,2.8050578309422813,0.0,Corrected constrained Bayesian posterior summary; not an observed or recovered suppressed count.
29171,Putnam County,29,Missouri,nonmetro_nonadjacent,Q2,zero,0.0,0.0,0.0,0.0,0.0,0.0,0.0,0.0,0.0,Corrected constrained Bayesian posterior summary; not an observed or recovered suppressed count.
29173,Ralls County,29,Missouri,nonmetro_nonadjacent,Q1_lowest,suppressed_1_9,1.1931666666666667,1.0,1.0,2.0,1.9128311183069002,1.603155009057826,1.603155009057826,3.206310018115652,0.17075,Corrected constrained Bayesian posterior summary; not an observed or recovered suppressed count.
29175,Randolph County,29,Missouri,nonmetro_adjacent,Q3,suppressed_1_9,4.335166666666667,4.0,3.0,7.0,2.954620321462945,2.7261884477764524,2.044641335832339,4.770829783608792,0.3789166666666667,Corrected constrained Bayesian posterior summary; not an observed or recovered suppressed count.
29177,Ray County,29,Missouri,metro_large,Q1_lowest,suppressed_1_9,4.0193055555555555,4.0,3.0,7.0,2.903514115939634,2.889567937354167,2.1671759530156254,5.056743890369792,0.2721388888888889,Corrected constrained Bayesian posterior summary; not an observed or recovered suppressed count.
29179,Reynolds County,29,Missouri,nonmetro_nonadjacent,Q3,zero,0.0,0.0,0.0,0.0,0.0,0.0,0.0,0.0,0.0,Corrected constrained Bayesian posterior summary; not an observed or recovered suppressed count.
29181,Ripley County,29,Missouri,nonmetro_nonadjacent,Q2,zero,0.0,0.0,0.0,0.0,0.0,0.0,0.0,0.0,0.0,Corrected constrained Bayesian posterior summary; not an observed or recovered suppressed count.
29183,St. Charles County,29,Missouri,metro_large,Q1_lowest,exact,35.0,35.0,35.0,35.0,1.4156314019413545,1.415631401940224,1.415631401940224,1.415631401940224,0.0,Corrected constrained Bayesian posterior summary; not an observed or recovered suppressed count.
29185,St. Clair County,29,Missouri,nonmetro_adjacent,Q3,zero,0.0,0.0,0.0,0.0,0.0,0.0,0.0,0.0,0.0,Corrected constrained Bayesian posterior summary; not an observed or recovered suppressed count.
29186,Ste. Genevieve County,29,Missouri,nonmetro_adjacent,Q1_lowest,suppressed_1_9,2.7304444444444442,2.0,2.0,5.0,2.47686319095503,1.8142564270033927,1.8142564270033927,4.5356410675084815,0.17505555555555555,Corrected constrained Bayesian posterior summary; not an observed or recovered suppressed count.
29187,St. Francois County,29,Missouri,nonmetro_adjacent,Q3,suppressed_1_9,6.8540833333333335,7.0,4.0,9.0,1.701732084319285,1.7379602801591971,0.9931201600909698,2.234520360204682,0.0,Corrected constrained Bayesian posterior summary; not an observed or recovered suppressed count.
29189,St. Louis County,29,Missouri,metro_large,Q2,exact,188.0,188.0,188.0,188.0,3.156579436498143,3.1565794364968416,3.1565794364968416,3.1565794364968416,1.0,Corrected constrained Bayesian posterior summary; not an observed or recovered suppressed count.
29195,Saline County,29,Missouri,nonmetro_nonadjacent,Q2,suppressed_1_9,2.95525,3.0,2.0,5.0,2.1370101743447103,2.169369942656321,1.4462466284375475,3.615616571093869,0.08577777777777777,Corrected constrained Bayesian posterior summary; not an observed or recovered suppressed count.
29197,Schuyler County,29,Missouri,nonmetro_nonadjacent,Q1_lowest,suppressed_1_9,1.043,1.0,1.0,2.0,4.115534861696452,3.9458627628931064,3.9458627628931064,7.891725525786213,1.0,Corrected constrained Bayesian posterior summary; not an observed or recovered suppressed count.
29199,Scotland County,29,Missouri,nonmetro_nonadjacent,Q2,zero,0.0,0.0,0.0,0.0,0.0,0.0,0.0,0.0,0.0,Corrected constrained Bayesian posterior summary; not an observed or recovered suppressed count.
29201,Scott County,29,Missouri,nonmetro_adjacent,Q3,suppressed_1_9,4.125222222222222,4.0,2.0,8.0,1.808562356844429,1.753662963515042,0.876831481757521,3.507325927030084,0.08863888888888889,Corrected constrained Bayesian posterior summary; not an observed or recovered suppressed count.
29203,Shannon County,29,Missouri,nonmetro_nonadjacent,Q2,suppressed_1_9,2.3088611111111113,2.0,2.0,4.0,5.1102479164025585,4.426639516610964,4.426639516610964,8.853279033221929,1.0,Corrected constrained Bayesian posterior summary; not an observed or recovered suppressed count.
29205,Shelby County,29,Missouri,nonmetro_nonadjacent,Q2,zero,0.0,0.0,0.0,0.0,0.0,0.0,0.0,0.0,0.0,Corrected constrained Bayesian posterior summary; not an observed or recovered suppressed count.
29207,Stoddard County,29,Missouri,nonmetro_adjacent,Q2,suppressed_1_9,5.026638888888889,5.0,3.0,8.0,2.927280868456711,2.9117676176499705,1.7470605705899824,4.658828188239953,0.33841666666666664,Corrected constrained Bayesian posterior summary; not an observed or recovered suppressed count.
29209,Stone County,29,Missouri,nonmetro_adjacent,Q2,suppressed_1_9,7.688444444444444,8.0,5.0,9.0,3.9756368999514824,4.1367399386728305,2.585462461670519,4.653832431006934,0.9619166666666666,Corrected constrained Bayesian posterior summary; not an observed or recovered suppressed count.
29211,Sullivan County,29,Missouri,nonmetro_nonadjacent,Q3,suppressed_1_9,3.3977222222222223,3.0,3.0,5.0,9.58644082674167,8.464294783172981,8.464294783172981,14.10715797195497,1.0,Corrected constrained Bayesian posterior summary; not an observed or recovered suppressed count.
29213,Taney County,29,Missouri,nonmetro_adjacent,Q4_highest,exact,13.0,13.0,13.0,13.0,3.837536419697202,3.8375364196965984,3.8375364196965984,3.8375364196965984,1.0,Corrected constrained Bayesian posterior summary; not an observed or recovered suppressed count.
29215,Texas County,29,Missouri,nonmetro_nonadjacent,Q4_highest,exact,12.0,12.0,12.0,12.0,7.88607253872858,7.8860725387239015,7.8860725387239015,7.8860725387239015,1.0,Corrected constrained Bayesian posterior summary; not an observed or recovered suppressed count.
29217,Vernon County,29,Missouri,nonmetro_adjacent,Q3,suppressed_1_9,5.738888888888889,6.0,4.0,9.0,4.794633723401683,5.012782595618828,3.3418550637458853,7.519173893428242,1.0,Corrected constrained Bayesian posterior summary; not an observed or recovered suppressed count.
29219,Warren County,29,Missouri,metro_large,Q1_lowest,suppressed_1_9,6.1216944444444445,6.0,4.0,9.0,2.7537367330668867,2.698994624502373,1.7993297496682485,4.0484919367535595,0.3768888888888889,Corrected constrained Bayesian posterior summary; not an observed or recovered suppressed count.
29221,Washington County,29,Missouri,nonmetro_adjacent,Q4_highest,suppressed_1_9,4.523,4.0,3.0,8.0,3.154246342247627,2.789516995132293,2.0921377463492195,5.579033990264586,0.44219444444444445,Corrected constrained Bayesian posterior summary; not an observed or recovered suppressed count.
29223,Wayne County,29,Missouri,nonmetro_nonadjacent,Q3,suppressed_1_9,2.4186944444444443,2.0,2.0,4.0,3.506421439052601,2.8994331608170603,2.8994331608170603,5.7988663216341205,0.33125,Corrected constrained Bayesian posterior summary; not an observed or recovered suppressed count.
29225,Webster County,29,Missouri,metro_other,Q3,exact,13.0,13.0,13.0,13.0,5.349045812522636,5.349045812520059,5.349045812520059,5.349045812520059,1.0,Corrected constrained Bayesian posterior summary; not an observed or recovered suppressed count.
29227,Worth County,29,Missouri,nonmetro_nonadjacent,Q1_lowest,zero,0.0,0.0,0.0,0.0,0.0,0.0,0.0,0.0,0.0,Corrected constrained Bayesian posterior summary; not an observed or recovered suppressed count.
29229,Wright County,29,Missouri,nonmetro_adjacent,Q3,suppressed_1_9,5.600305555555556,5.0,4.0,9.0,4.943423447810111,4.4135301179295245,3.5308240943436195,7.9443542122731445,1.0,Corrected constrained Bayesian posterior summary; not an observed or recovered suppressed count.
29510,St. Louis City,29,Missouri,metro_large,Q4_highest,exact,84.0,84.0,84.0,84.0,4.828812836367385,4.82881283636418,4.82881283636418,4.82881283636418,1.0,Corrected constrained Bayesian posterior summary; not an observed or recovered suppressed count.
30001,Beaverhead County,30,Montana,nonmetro_nonadjacent,Q1_lowest,suppressed_1_9,1.2538055555555556,1.0,1.0,3.0,2.159127872491787,1.7220595832615808,1.7220595832615808,5.166178749784743,0.21758333333333332,Corrected constrained Bayesian posterior summary; not an observed or recovered suppressed count.
30003,Big Horn County,30,Montana,nonmetro_adjacent,Q4_highest,suppressed_1_9,2.7708333333333335,3.0,2.0,5.0,3.5643687476151658,3.8591661628310843,2.5727774418873897,6.431943604718473,0.5235,Corrected constrained Bayesian posterior summary; not an observed or recovered suppressed count.
30005,Blaine County,30,Montana,nonmetro_nonadjacent,Q4_highest,zero,0.0,0.0,0.0,0.0,0.0,0.0,0.0,0.0,0.0,Corrected constrained Bayesian posterior summary; not an observed or recovered suppressed count.
30007,Broadwater County,30,Montana,metro_other,Q1_lowest,zero,0.0,0.0,0.0,0.0,0.0,0.0,0.0,0.0,0.0,Corrected constrained Bayesian posterior summary; not an observed or recovered suppressed count.
30009,Carbon County,30,Montana,metro_other,Q1_lowest,zero,0.0,0.0,0.0,0.0,0.0,0.0,0.0,0.0,0.0,Corrected constrained Bayesian posterior summary; not an observed or recovered suppressed count.
30011,Carter County,30,Montana,nonmetro_nonadjacent,Q2,suppressed_1_9,1.0418888888888889,1.0,1.0,2.0,12.840632103625664,12.324377618930244,12.324377618930244,24.648755237860488,1.0,Corrected constrained Bayesian posterior summary; not an observed or recovered suppressed count.
30013,Cascade County,30,Montana,metro_other,Q2,exact,35.0,35.0,35.0,35.0,6.9789236505748775,6.978923650575262,6.978923650575262,6.978923650575262,1.0,Corrected constrained Bayesian posterior summary; not an observed or recovered suppressed count.
30015,Chouteau County,30,Montana,nonmetro_adjacent,Q2,suppressed_1_9,1.124638888888889,1.0,1.0,2.0,3.2247710075693234,2.867383512544803,2.867383512544803,5.734767025089606,0.11444444444444445,Corrected constrained Bayesian posterior summary; not an observed or recovered suppressed count.
30017,Custer County,30,Montana,nonmetro_nonadjacent,Q2,suppressed_1_9,1.308861111111111,1.0,1.0,3.0,1.854147286638911,1.4166111827286765,1.4166111827286765,4.24983354818603,0.04597222222222222,Corrected constrained Bayesian posterior summary; not an observed or recovered suppressed count.
30019,Daniels County,30,Montana,nonmetro_nonadjacent,Q1_lowest,suppressed_1_9,1.0425833333333334,1.0,1.0,2.0,10.531144781147752,10.1010101010101,10.1010101010101,20.2020202020202,1.0,Corrected constrained Bayesian posterior summary; not an observed or recovered suppressed count.
30021,Dawson County,30,Montana,nonmetro_nonadjacent,Q1_lowest,suppressed_1_9,1.2119444444444445,1.0,1.0,2.0,2.310974666674851,1.9068321796998646,1.9068321796998646,3.8136643593997293,0.18544444444444444,Corrected constrained Bayesian posterior summary; not an observed or recovered suppressed count.
30023,Deer Lodge County,30,Montana,nonmetro_nonadjacent,Q3,suppressed_1_9,3.8910833333333334,4.0,3.0,6.0,6.847002997293993,7.038659839166622,5.278994879374967,10.557989758749933,1.0,Corrected constrained Bayesian posterior summary; not an observed or recovered suppressed count.
30025,Fallon County,30,Montana,nonmetro_nonadjacent,Q1_lowest,zero,0.0,0.0,0.0,0.0,0.0,0.0,0.0,0.0,0.0,Corrected constrained Bayesian posterior summary; not an observed or recovered suppressed count.
30027,Fergus County,30,Montana,nonmetro_nonadjacent,Q2,suppressed_1_9,2.5996944444444443,2.0,2.0,5.0,3.7639636943945134,2.89569699426652,2.89569699426652,7.2392424856663,0.442,Corrected constrained Bayesian posterior summary; not an observed or recovered suppressed count.
30029,Flathead County,30,Montana,nonmetro_nonadjacent,Q1_lowest,exact,19.0,19.0,19.0,19.0,2.8869632337626694,2.886963233763491,2.886963233763491,2.886963233763491,0.0,Corrected constrained Bayesian posterior summary; not an observed or recovered suppressed count.
30031,Gallatin County,30,Montana,metro_other,Q1_lowest,exact,14.0,14.0,14.0,14.0,1.9120380550210316,1.9120380550202607,1.9120380550202607,1.9120380550202607,0.0,Corrected constrained Bayesian posterior summary; not an observed or recovered suppressed count.
30033,Garfield County,30,Montana,nonmetro_nonadjacent,Q1_lowest,zero,0.0,0.0,0.0,0.0,0.0,0.0,0.0,0.0,0.0,Corrected constrained Bayesian posterior summary; not an observed or recovered suppressed count.
30035,Glacier County,30,Montana,nonmetro_nonadjacent,Q4_highest,suppressed_1_9,5.4955,5.0,4.0,8.0,6.707964601767983,6.103143118706134,4.882514494964907,9.765028989929814,1.0,Corrected constrained Bayesian posterior summary; not an observed or recovered suppressed count.
30037,Golden Valley County,30,Montana,nonmetro_adjacent,Q1_lowest,zero,0.0,0.0,0.0,0.0,0.0,0.0,0.0,0.0,0.0,Corrected constrained Bayesian posterior summary; not an observed or recovered suppressed count.
30039,Granite County,30,Montana,nonmetro_adjacent,Q1_lowest,suppressed_1_9,1.1034722222222222,1.0,1.0,2.0,5.320759063706825,4.8218332610058345,4.8218332610058345,9.643666522011669,1.0,Corrected constrained Bayesian posterior summary; not an observed or recovered suppressed count.
30041,Hill County,30,Montana,nonmetro_nonadjacent,Q2,suppressed_1_9,5.572694444444444,5.0,4.0,8.0,5.719690490040613,5.131889561736632,4.105511649389305,8.21102329877861,1.0,Corrected constrained Bayesian posterior summary; not an observed or recovered suppressed count.
30043,Jefferson County,30,Montana,metro_other,Q1_lowest,suppressed_1_9,3.8922777777777777,4.0,3.0,6.0,5.1060328454769595,5.2473468102690575,3.9355101077017935,7.871020215403587,1.0,Corrected constrained Bayesian posterior summary; not an observed or recovered suppressed count.
30045,Judith Basin County,30,Montana,nonmetro_adjacent,Q1_lowest,zero,0.0,0.0,0.0,0.0,0.0,0.0,0.0,0.0,0.0,Corrected constrained Bayesian posterior summary; not an observed or recovered suppressed count.
30047,Lake County,30,Montana,nonmetro_adjacent,Q4_highest,suppressed_1_9,7.689361111111111,8.0,5.0,9.0,3.982659804481451,4.143553407813706,2.5897208798835663,4.661497583790419,0.9447222222222222,Corrected constrained Bayesian posterior summary; not an observed or recovered suppressed count.
30049,Lewis and Clark County,30,Montana,metro_other,Q1_lowest,exact,10.0,10.0,10.0,10.0,2.2943357439161916,2.2943357439154215,2.2943357439154215,2.2943357439154215,0.0,Corrected constrained Bayesian posterior summary; not an observed or recovered suppressed count.
30051,Liberty County,30,Montana,nonmetro_nonadjacent,Q3,suppressed_1_9,1.0461111111111112,1.0,1.0,2.0,8.34751923963187,7.979572294924992,7.979572294924992,15.959144589849984,1.0,Corrected constrained Bayesian posterior summary; not an observed or recovered suppressed count.
30053,Lincoln County,30,Montana,nonmetro_nonadjacent,Q3,suppressed_1_9,5.074722222222222,5.0,3.0,8.0,4.01316090075563,3.9540695283585863,2.372441717015152,6.326511245373739,0.8643333333333333,Corrected constrained Bayesian posterior summary; not an observed or recovered suppressed count.
30055,McCone County,30,Montana,nonmetro_nonadjacent,Q1_lowest,zero,0.0,0.0,0.0,0.0,0.0,0.0,0.0,0.0,0.0,Corrected constrained Bayesian posterior summary; not an observed or recovered suppressed count.
30057,Madison County,30,Montana,nonmetro_adjacent,Q1_lowest,zero,0.0,0.0,0.0,0.0,0.0,0.0,0.0,0.0,0.0,Corrected constrained Bayesian posterior summary; not an observed or recovered suppressed count.
30059,Meagher County,30,Montana,nonmetro_adjacent,Q1_lowest,zero,0.0,0.0,0.0,0.0,0.0,0.0,0.0,0.0,0.0,Corrected constrained Bayesian posterior summary; not an observed or recovered suppressed count.
30061,Mineral County,30,Montana,metro_other,Q1_lowest,suppressed_1_9,2.18875,2.0,2.0,3.0,7.510122152070039,6.862475981334065,6.862475981334065,10.293713972001099,1.0,Corrected constrained Bayesian posterior summary; not an observed or recovered suppressed count.
30063,Missoula County,30,Montana,metro_other,Q2,exact,18.0,18.0,18.0,18.0,2.478659430818994,2.4786594308171725,2.4786594308171725,2.4786594308171725,0.0,Corrected constrained Bayesian posterior summary; not an observed or recovered suppressed count.
30065,Musselshell County,30,Montana,nonmetro_adjacent,Q1_lowest,zero,0.0,0.0,0.0,0.0,0.0,0.0,0.0,0.0,0.0,Corrected constrained Bayesian posterior summary; not an observed or recovered suppressed count.
30067,Park County,30,Montana,nonmetro_adjacent,Q1_lowest,suppressed_1_9,1.35325,1.0,1.0,3.0,1.293663843373809,0.955968108903887,0.955968108903887,2.867904326711661,0.00875,Corrected constrained Bayesian posterior summary; not an observed or recovered suppressed count.
30069,Petroleum County,30,Montana,nonmetro_nonadjacent,Q1_lowest,suppressed_1_9,1.0090555555555556,1.0,1.0,1.0,32.45595225329863,32.1646831778707,32.1646831778707,32.1646831778707,1.0,Corrected constrained Bayesian posterior summary; not an observed or recovered suppressed count.
30071,Phillips County,30,Montana,nonmetro_nonadjacent,Q1_lowest,zero,0.0,0.0,0.0,0.0,0.0,0.0,0.0,0.0,0.0,Corrected constrained Bayesian posterior summary; not an observed or recovered suppressed count.
30073,Pondera County,30,Montana,nonmetro_nonadjacent,Q4_highest,suppressed_1_9,1.2200833333333334,1.0,1.0,3.0,3.3921356020175697,2.7802491103202844,2.7802491103202844,8.340747330960854,0.19152777777777777,Corrected constrained Bayesian posterior summary; not an observed or recovered suppressed count.
30075,Powder River County,30,Montana,nonmetro_nonadjacent,Q1_lowest,zero,0.0,0.0,0.0,0.0,0.0,0.0,0.0,0.0,0.0,Corrected constrained Bayesian posterior summary; not an observed or recovered suppressed count.
30077,Powell County,30,Montana,nonmetro_adjacent,Q1_lowest,suppressed_1_9,1.0748055555555556,1.0,1.0,2.0,2.5584516913951405,2.38038562247084,2.38038562247084,4.76077124494168,0.07144444444444445,Corrected constrained Bayesian posterior summary; not an observed or recovered suppressed count.
30079,Prairie County,30,Montana,nonmetro_nonadjacent,Q2,zero,0.0,0.0,0.0,0.0,0.0,0.0,0.0,0.0,0.0,Corrected constrained Bayesian posterior summary; not an observed or recovered suppressed count.
30081,Ravalli County,30,Montana,nonmetro_adjacent,Q1_lowest,suppressed_1_9,7.4543333333333335,8.0,5.0,9.0,2.681511325347985,2.8778013597611425,1.798625849850714,3.2375265297312854,0.25919444444444445,Corrected constrained Bayesian posterior summary; not an observed or recovered suppressed count.
30083,Richland County,30,Montana,nonmetro_nonadjacent,Q2,zero,0.0,0.0,0.0,0.0,0.0,0.0,0.0,0.0,0.0,Corrected constrained Bayesian posterior summary; not an observed or recovered suppressed count.
30085,Roosevelt County,30,Montana,nonmetro_nonadjacent,Q4_highest,suppressed_1_9,1.1953888888888888,1.0,1.0,2.0,1.8713917198501537,1.5655087120559825,1.5655087120559825,3.131017424111965,0.17330555555555555,Corrected constrained Bayesian posterior summary; not an observed or recovered suppressed count.
30087,Rosebud County,30,Montana,nonmetro_adjacent,Q4_highest,suppressed_1_9,3.683777777777778,3.0,3.0,6.0,7.317939922879212,5.959593952998669,5.959593952998669,11.919187905997338,1.0,Corrected constrained Bayesian posterior summary; not an observed or recovered suppressed count.
30089,Sanders County,30,Montana,nonmetro_adjacent,Q3,suppressed_1_9,4.247305555555555,4.0,3.0,7.0,5.427866524672015,5.111821086261981,3.8338658146964857,8.945686900958465,1.0,Corrected constrained Bayesian posterior summary; not an observed or recovered suppressed count.
30091,Sheridan County,30,Montana,nonmetro_nonadjacent,Q1_lowest,zero,0.0,0.0,0.0,0.0,0.0,0.0,0.0,0.0,0.0,Corrected constrained Bayesian posterior summary; not an observed or recovered suppressed count.
30093,Silver Bow County,30,Montana,nonmetro_nonadjacent,Q2,suppressed_1_9,5.323055555555555,5.0,3.0,9.0,2.4866189974939705,2.335706411046957,1.401423846628174,4.204271539884522,0.21566666666666667,Corrected constrained Bayesian posterior summary; not an observed or recovered suppressed count.
30095,Stillwater County,30,Montana,metro_other,Q1_lowest,suppressed_1_9,2.3238055555555555,2.0,2.0,4.0,4.122122885648856,3.5477347713484937,3.5477347713484937,7.095469542696987,1.0,Corrected constrained Bayesian posterior summary; not an observed or recovered suppressed count.
30097,Sweet Grass County,30,Montana,nonmetro_adjacent,Q1_lowest,suppressed_1_9,2.207527777777778,2.0,2.0,3.0,9.864282487057505,8.936949819026767,8.936949819026767,13.405424728540147,1.0,Corrected constrained Bayesian posterior summary; not an observed or recovered suppressed count.
30099,Teton County,30,Montana,nonmetro_adjacent,Q2,suppressed_1_9,1.183111111111111,1.0,1.0,2.0,3.121088746433199,2.638035191389453,2.638035191389453,5.276070382778906,0.16305555555555556,Corrected constrained Bayesian posterior summary; not an observed or recovered suppressed count.
30101,Toole County,30,Montana,nonmetro_nonadjacent,Q3,suppressed_1_9,2.200527777777778,2.0,2.0,3.0,7.384073614237636,6.711184188450052,6.711184188450052,10.066776282675079,1.0,Corrected constrained Bayesian posterior summary; not an observed or recovered suppressed count.
30103,Treasure County,30,Montana,nonmetro_adjacent,Q1_lowest,zero,0.0,0.0,0.0,0.0,0.0,0.0,0.0,0.0,0.0,Corrected constrained Bayesian posterior summary; not an observed or recovered suppressed count.
30105,Valley County,30,Montana,nonmetro_nonadjacent,Q1_lowest,suppressed_1_9,1.1359444444444444,1.0,1.0,2.0,2.540523884427402,2.2364860331447227,2.2364860331447227,4.472972066289445,0.12594444444444444,Corrected constrained Bayesian posterior summary; not an observed or recovered suppressed count.
30107,Wheatland County,30,Montana,nonmetro_nonadjacent,Q1_lowest,suppressed_1_9,1.0629444444444445,1.0,1.0,2.0,8.511045275400514,8.007046200656577,8.007046200656577,16.014092401313153,1.0,Corrected constrained Bayesian posterior summary; not an observed or recovered suppressed count.
30109,Wibaux County,30,Montana,nonmetro_nonadjacent,Q2,suppressed_1_9,1.0168611111111112,1.0,1.0,1.0,18.216788088704163,17.914725904693658,17.914725904693658,17.914725904693658,1.0,Corrected constrained Bayesian posterior summary; not an observed or recovered suppressed count.
30111,Yellowstone County,30,Montana,metro_other,Q2,exact,20.0,20.0,20.0,20.0,1.992599485509792,1.992599485510813,1.992599485510813,1.992599485510813,0.0,Corrected constrained Bayesian posterior summary; not an observed or recovered suppressed count.
31001,Adams County,31,Nebraska,nonmetro_adjacent,Q2,suppressed_1_9,5.508055555555556,5.0,3.0,9.0,2.9490167663700366,2.6770034693964964,1.606202081637898,4.818606244913694,0.4673611111111111,Corrected constrained Bayesian posterior summary; not an observed or recovered suppressed count.
31003,Antelope County,31,Nebraska,nonmetro_nonadjacent,Q1_lowest,zero,0.0,0.0,0.0,0.0,0.0,0.0,0.0,0.0,0.0,Corrected constrained Bayesian posterior summary; not an observed or recovered suppressed count.
31005,Arthur County,31,Nebraska,nonmetro_nonadjacent,Q1_lowest,zero,0.0,0.0,0.0,0.0,0.0,0.0,0.0,0.0,0.0,Corrected constrained Bayesian posterior summary; not an observed or recovered suppressed count.
31007,Banner County,31,Nebraska,nonmetro_adjacent,Q1_lowest,zero,0.0,0.0,0.0,0.0,0.0,0.0,0.0,0.0,0.0,Corrected constrained Bayesian posterior summary; not an observed or recovered suppressed count.
31009,Blaine County,31,Nebraska,nonmetro_nonadjacent,Q1_lowest,zero,0.0,0.0,0.0,0.0,0.0,0.0,0.0,0.0,0.0,Corrected constrained Bayesian posterior summary; not an observed or recovered suppressed count.
31011,Boone County,31,Nebraska,nonmetro_nonadjacent,Q1_lowest,suppressed_1_9,1.02625,1.0,1.0,2.0,3.235034517540467,3.1522869842070422,3.1522869842070422,6.3045739684140845,1.0,Corrected constrained Bayesian posterior summary; not an observed or recovered suppressed count.
31013,Box Butte County,31,Nebraska,nonmetro_nonadjacent,Q2,suppressed_1_9,2.491833333333333,2.0,2.0,4.0,3.8843855546896333,3.1176929072486357,3.1176929072486357,6.235385814497271,1.0,Corrected constrained Bayesian posterior summary; not an observed or recovered suppressed count.
31015,Boyd County,31,Nebraska,nonmetro_nonadjacent,Q1_lowest,zero,0.0,0.0,0.0,0.0,0.0,0.0,0.0,0.0,0.0,Corrected constrained Bayesian posterior summary; not an observed or recovered suppressed count.
31017,Brown County,31,Nebraska,nonmetro_nonadjacent,Q1_lowest,zero,0.0,0.0,0.0,0.0,0.0,0.0,0.0,0.0,0.0,Corrected constrained Bayesian posterior summary; not an observed or recovered suppressed count.
31019,Buffalo County,31,Nebraska,nonmetro_adjacent,Q2,suppressed_1_9,7.037166666666667,7.0,4.0,9.0,2.3259439455383415,2.3136595152552792,1.3220911515744453,2.974705091042502,0.18013888888888888,Corrected constrained Bayesian posterior summary; not an observed or recovered suppressed count.
31021,Burt County,31,Nebraska,nonmetro_adjacent,Q1_lowest,suppressed_1_9,1.1327222222222222,1.0,1.0,2.0,2.8421795107703045,2.5091584282631607,2.5091584282631607,5.018316856526321,0.12247222222222222,Corrected constrained Bayesian posterior summary; not an observed or recovered suppressed count.
31023,Butler County,31,Nebraska,nonmetro_adjacent,Q1_lowest,suppressed_1_9,1.1707777777777777,1.0,1.0,2.0,2.3535587049527926,2.010252286661976,2.010252286661976,4.020504573323952,0.15413888888888888,Corrected constrained Bayesian posterior summary; not an observed or recovered suppressed count.
31025,Cass County,31,Nebraska,metro_other,Q1_lowest,suppressed_1_9,7.177527777777778,7.0,5.0,9.0,4.442721626284847,4.33283608881076,3.0948829205791144,5.570789257042406,1.0,Corrected constrained Bayesian posterior summary; not an observed or recovered suppressed count.
31027,Cedar County,31,Nebraska,nonmetro_nonadjacent,Q1_lowest,suppressed_1_9,1.1525833333333333,1.0,1.0,2.0,2.30327797872417,1.9983613436981673,1.9983613436981673,3.9967226873963346,0.1393611111111111,Corrected constrained Bayesian posterior summary; not an observed or recovered suppressed count.
31029,Chase County,31,Nebraska,nonmetro_nonadjacent,Q2,zero,0.0,0.0,0.0,0.0,0.0,0.0,0.0,0.0,0.0,Corrected constrained Bayesian posterior summary; not an observed or recovered suppressed count.
31031,Cherry County,31,Nebraska,nonmetro_nonadjacent,Q2,suppressed_1_9,1.118111111111111,1.0,1.0,2.0,3.3434337393460196,2.9902517791998084,2.9902517791998084,5.980503558399617,1.0,Corrected constrained Bayesian posterior summary; not an observed or recovered suppressed count.
31033,Cheyenne County,31,Nebraska,nonmetro_nonadjacent,Q2,suppressed_1_9,2.489361111111111,2.0,2.0,4.0,4.429152927033311,3.5584655896377484,3.5584655896377484,7.116931179275497,1.0,Corrected constrained Bayesian posterior summary; not an observed or recovered suppressed count.
31035,Clay County,31,Nebraska,nonmetro_nonadjacent,Q1_lowest,suppressed_1_9,1.158388888888889,1.0,1.0,2.0,3.1507925714363343,2.7199782401740786,2.7199782401740786,5.439956480348157,0.14308333333333334,Corrected constrained Bayesian posterior summary; not an observed or recovered suppressed count.
31037,Colfax County,31,Nebraska,nonmetro_nonadjacent,Q2,suppressed_1_9,1.1921388888888889,1.0,1.0,2.0,1.8735484659579544,1.5715857300015714,1.5715857300015714,3.143171460003143,0.17083333333333334,Corrected constrained Bayesian posterior summary; not an observed or recovered suppressed count.
31039,Cuming County,31,Nebraska,nonmetro_nonadjacent,Q1_lowest,zero,0.0,0.0,0.0,0.0,0.0,0.0,0.0,0.0,0.0,Corrected constrained Bayesian posterior summary; not an observed or recovered suppressed count.
31041,Custer County,31,Nebraska,nonmetro_nonadjacent,Q1_lowest,suppressed_1_9,3.66725,3.0,3.0,6.0,5.783667418420147,4.731338811172268,4.731338811172268,9.462677622344536,1.0,Corrected constrained Bayesian posterior summary; not an observed or recovered suppressed count.
31043,Dakota County,31,Nebraska,metro_other,Q3,suppressed_1_9,2.9589444444444446,3.0,2.0,5.0,2.367496475048172,2.400345649773567,1.6002304331823782,4.000576082955946,0.2529166666666667,Corrected constrained Bayesian posterior summary; not an observed or recovered suppressed count.
31045,Dawes County,31,Nebraska,nonmetro_nonadjacent,Q2,zero,0.0,0.0,0.0,0.0,0.0,0.0,0.0,0.0,0.0,Corrected constrained Bayesian posterior summary; not an observed or recovered suppressed count.
31047,Dawson County,31,Nebraska,nonmetro_nonadjacent,Q3,suppressed_1_9,5.979888888888889,6.0,4.0,9.0,4.1664150668786695,4.180427239663894,2.7869514931092625,6.270640859495841,0.8559166666666667,Corrected constrained Bayesian posterior summary; not an observed or recovered suppressed count.
31049,Deuel County,31,Nebraska,nonmetro_nonadjacent,Q1_lowest,zero,0.0,0.0,0.0,0.0,0.0,0.0,0.0,0.0,0.0,Corrected constrained Bayesian posterior summary; not an observed or recovered suppressed count.
31051,Dixon County,31,Nebraska,nonmetro_adjacent,Q2,zero,0.0,0.0,0.0,0.0,0.0,0.0,0.0,0.0,0.0,Corrected constrained Bayesian posterior summary; not an observed or recovered suppressed count.
31053,Dodge County,31,Nebraska,nonmetro_adjacent,Q3,suppressed_1_9,6.74025,7.0,4.0,9.0,3.036723163842122,3.1537498085223326,1.8021427477270475,4.054821182385857,0.5586111111111111,Corrected constrained Bayesian posterior summary; not an observed or recovered suppressed count.
31055,Douglas County,31,Nebraska,metro_other,Q3,exact,124.0,124.0,124.0,124.0,3.535088029396005,3.535088029393687,3.535088029393687,3.535088029393687,1.0,Corrected constrained Bayesian posterior summary; not an observed or recovered suppressed count.
31057,Dundy County,31,Nebraska,nonmetro_nonadjacent,Q1_lowest,suppressed_1_9,4.108777777777778,4.0,4.0,5.0,42.22359241372094,41.10574452779776,41.10574452779776,51.3821806597472,1.0,Corrected constrained Bayesian posterior summary; not an observed or recovered suppressed count.
31059,Fillmore County,31,Nebraska,nonmetro_adjacent,Q1_lowest,zero,0.0,0.0,0.0,0.0,0.0,0.0,0.0,0.0,0.0,Corrected constrained Bayesian posterior summary; not an observed or recovered suppressed count.
31061,Franklin County,31,Nebraska,nonmetro_nonadjacent,Q1_lowest,suppressed_1_9,1.0699444444444444,1.0,1.0,2.0,6.171450911023106,5.768010613139528,5.768010613139528,11.536021226279056,1.0,Corrected constrained Bayesian posterior summary; not an observed or recovered suppressed count.
31063,Frontier County,31,Nebraska,nonmetro_nonadjacent,Q2,zero,0.0,0.0,0.0,0.0,0.0,0.0,0.0,0.0,0.0,Corrected constrained Bayesian posterior summary; not an observed or recovered suppressed count.
31065,Furnas County,31,Nebraska,nonmetro_nonadjacent,Q1_lowest,zero,0.0,0.0,0.0,0.0,0.0,0.0,0.0,0.0,0.0,Corrected constrained Bayesian posterior summary; not an observed or recovered suppressed count.
31067,Gage County,31,Nebraska,nonmetro_adjacent,Q1_lowest,suppressed_1_9,4.274972222222222,4.0,3.0,7.0,3.3020547968712104,3.089661990978187,2.31724649323364,5.406908484211827,0.7043888888888888,Corrected constrained Bayesian posterior summary; not an observed or recovered suppressed count.
31069,Garden County,31,Nebraska,nonmetro_nonadjacent,Q2,suppressed_1_9,1.0679444444444444,1.0,1.0,2.0,9.738687255555744,9.119095385737735,9.119095385737735,18.23819077147547,1.0,Corrected constrained Bayesian posterior summary; not an observed or recovered suppressed count.
31071,Garfield County,31,Nebraska,nonmetro_nonadjacent,Q1_lowest,zero,0.0,0.0,0.0,0.0,0.0,0.0,0.0,0.0,0.0,Corrected constrained Bayesian posterior summary; not an observed or recovered suppressed count.
31073,Gosper County,31,Nebraska,nonmetro_nonadjacent,Q1_lowest,zero,0.0,0.0,0.0,0.0,0.0,0.0,0.0,0.0,0.0,Corrected constrained Bayesian posterior summary; not an observed or recovered suppressed count.
31075,Grant County,31,Nebraska,nonmetro_nonadjacent,Q1_lowest,zero,0.0,0.0,0.0,0.0,0.0,0.0,0.0,0.0,0.0,Corrected constrained Bayesian posterior summary; not an observed or recovered suppressed count.
31077,Greeley County,31,Nebraska,nonmetro_adjacent,Q1_lowest,zero,0.0,0.0,0.0,0.0,0.0,0.0,0.0,0.0,0.0,Corrected constrained Bayesian posterior summary; not an observed or recovered suppressed count.
31079,Hall County,31,Nebraska,metro_other,Q3,exact,19.0,19.0,19.0,19.0,5.114084457756004,5.1140844577590086,5.1140844577590086,5.1140844577590086,1.0,Corrected constrained Bayesian posterior summary; not an observed or recovered suppressed count.
31081,Hamilton County,31,Nebraska,nonmetro_adjacent,Q1_lowest,suppressed_1_9,2.455972222222222,2.0,2.0,4.0,4.348623726868506,3.541264585583512,3.541264585583512,7.082529171167024,1.0,Corrected constrained Bayesian posterior summary; not an observed or recovered suppressed count.
31083,Harlan County,31,Nebraska,nonmetro_nonadjacent,Q2,zero,0.0,0.0,0.0,0.0,0.0,0.0,0.0,0.0,0.0,Corrected constrained Bayesian posterior summary; not an observed or recovered suppressed count.
31085,Hayes County,31,Nebraska,nonmetro_nonadjacent,Q1_lowest,zero,0.0,0.0,0.0,0.0,0.0,0.0,0.0,0.0,0.0,Corrected constrained Bayesian posterior summary; not an observed or recovered suppressed count.
31087,Hitchcock County,31,Nebraska,nonmetro_nonadjacent,Q2,zero,0.0,0.0,0.0,0.0,0.0,0.0,0.0,0.0,0.0,Corrected constrained Bayesian posterior summary; not an observed or recovered suppressed count.
31089,Holt County,31,Nebraska,nonmetro_nonadjacent,Q1_lowest,suppressed_1_9,1.2213888888888889,1.0,1.0,3.0,2.0245804417332187,1.6576050921628431,1.6576050921628431,4.972815276488529,0.19255555555555556,Corrected constrained Bayesian posterior summary; not an observed or recovered suppressed count.
31091,Hooker County,31,Nebraska,nonmetro_nonadjacent,Q1_lowest,zero,0.0,0.0,0.0,0.0,0.0,0.0,0.0,0.0,0.0,Corrected constrained Bayesian posterior summary; not an observed or recovered suppressed count.
31093,Howard County,31,Nebraska,metro_other,Q1_lowest,zero,0.0,0.0,0.0,0.0,0.0,0.0,0.0,0.0,0.0,Corrected constrained Bayesian posterior summary; not an observed or recovered suppressed count.
31095,Jefferson County,31,Nebraska,nonmetro_nonadjacent,Q2,suppressed_1_9,1.1859444444444445,1.0,1.0,2.0,2.7796658723668917,2.3438415563107933,2.3438415563107933,4.6876831126215865,0.16475,Corrected constrained Bayesian posterior summary; not an observed or recovered suppressed count.
31097,Johnson County,31,Nebraska,nonmetro_adjacent,Q2,suppressed_1_9,1.0935555555555556,1.0,1.0,2.0,3.5108371502343014,3.2104790034673174,3.2104790034673174,6.420958006934635,1.0,Corrected constrained Bayesian posterior summary; not an observed or recovered suppressed count.
31099,Kearney County,31,Nebraska,nonmetro_nonadjacent,Q1_lowest,suppressed_1_9,1.1174444444444445,1.0,1.0,2.0,2.7915174730046526,2.498126405196103,2.498126405196103,4.996252810392206,0.10858333333333334,Corrected constrained Bayesian posterior summary; not an observed or recovered suppressed count.
31101,Keith County,31,Nebraska,nonmetro_nonadjacent,Q2,suppressed_1_9,1.0454444444444444,1.0,1.0,2.0,2.141163405653873,2.048089132839061,2.048089132839061,4.096178265678122,0.04438888888888889,Corrected constrained Bayesian posterior summary; not an observed or recovered suppressed count.
31103,Keya Paha County,31,Nebraska,nonmetro_nonadjacent,Q1_lowest,zero,0.0,0.0,0.0,0.0,0.0,0.0,0.0,0.0,0.0,Corrected constrained Bayesian posterior summary; not an observed or recovered suppressed count.
31105,Kimball County,31,Nebraska,nonmetro_adjacent,Q2,suppressed_1_9,1.0911666666666666,1.0,1.0,2.0,5.336300208659314,4.890453834115806,4.890453834115806,9.780907668231611,1.0,Corrected constrained Bayesian posterior summary; not an observed or recovered suppressed count.
31107,Knox County,31,Nebraska,nonmetro_nonadjacent,Q2,suppressed_1_9,2.4123055555555557,2.0,2.0,4.0,4.826831453578191,4.0018408467895235,4.0018408467895235,8.003681693579047,1.0,Corrected constrained Bayesian posterior summary; not an observed or recovered suppressed count.
31109,Lancaster County,31,Nebraska,metro_other,Q2,exact,61.0,61.0,61.0,61.0,3.130479943632156,3.1304799436308333,3.1304799436308333,3.1304799436308333,1.0,Corrected constrained Bayesian posterior summary; not an observed or recovered suppressed count.
31111,Lincoln County,31,Nebraska,nonmetro_nonadjacent,Q2,suppressed_1_9,4.836194444444445,5.0,3.0,8.0,2.373440931103834,2.453831166600413,1.4722986999602479,3.9261298665606614,0.28597222222222224,Corrected constrained Bayesian posterior summary; not an observed or recovered suppressed count.
31113,Logan County,31,Nebraska,nonmetro_nonadjacent,Q1_lowest,zero,0.0,0.0,0.0,0.0,0.0,0.0,0.0,0.0,0.0,Corrected constrained Bayesian posterior summary; not an observed or recovered suppressed count.
31115,Loup County,31,Nebraska,nonmetro_nonadjacent,Q1_lowest,zero,0.0,0.0,0.0,0.0,0.0,0.0,0.0,0.0,0.0,Corrected constrained Bayesian posterior summary; not an observed or recovered suppressed count.
31117,McPherson County,31,Nebraska,nonmetro_nonadjacent,Q1_lowest,suppressed_1_9,2.0136666666666665,2.0,2.0,2.0,81.26177024480776,80.71025020177562,80.71025020177562,80.71025020177562,1.0,Corrected constrained Bayesian posterior summary; not an observed or recovered suppressed count.
31119,Madison County,31,Nebraska,nonmetro_nonadjacent,Q2,suppressed_1_9,7.586305555555556,8.0,5.0,9.0,3.581436178108815,3.776738125699287,2.3604613285620544,4.248830391411698,0.8069444444444445,Corrected constrained Bayesian posterior summary; not an observed or recovered suppressed count.
31121,Merrick County,31,Nebraska,metro_other,Q1_lowest,suppressed_1_9,3.476166666666667,3.0,3.0,5.0,7.468881153941989,6.445790898543251,6.445790898543251,10.742984830905419,1.0,Corrected constrained Bayesian posterior summary; not an observed or recovered suppressed count.
31123,Morrill County,31,Nebraska,nonmetro_nonadjacent,Q2,suppressed_1_9,2.1220833333333333,2.0,2.0,3.0,7.757003082693331,7.310743137039879,7.310743137039879,10.96611470555982,1.0,Corrected constrained Bayesian posterior summary; not an observed or recovered suppressed count.
31125,Nance County,31,Nebraska,nonmetro_adjacent,Q1_lowest,suppressed_1_9,1.0664444444444445,1.0,1.0,2.0,5.2526446556918325,4.925380485642516,4.925380485642516,9.850760971285032,1.0,Corrected constrained Bayesian posterior summary; not an observed or recovered suppressed count.
31127,Nemaha County,31,Nebraska,nonmetro_nonadjacent,Q2,suppressed_1_9,2.379277777777778,2.0,2.0,4.0,5.633159972957689,4.735184790586453,4.735184790586453,9.470369581172905,1.0,Corrected constrained Bayesian posterior summary; not an observed or recovered suppressed count.
31129,Nuckolls County,31,Nebraska,nonmetro_nonadjacent,Q1_lowest,suppressed_1_9,2.2323055555555555,2.0,2.0,3.0,9.084753196950587,8.139345596614032,8.139345596614032,12.20901839492105,1.0,Corrected constrained Bayesian posterior summary; not an observed or recovered suppressed count.
31131,Otoe County,31,Nebraska,nonmetro_adjacent,Q2,suppressed_1_9,4.279694444444444,4.0,3.0,7.0,4.410646540224331,4.122393874122704,3.0917954055920274,7.21418927971473,1.0,Corrected constrained Bayesian posterior summary; not an observed or recovered suppressed count.
31133,Pawnee County,31,Nebraska,nonmetro_nonadjacent,Q2,suppressed_1_9,1.06775,1.0,1.0,2.0,6.968282973308627,6.52613717940351,6.52613717940351,13.05227435880702,1.0,Corrected constrained Bayesian posterior summary; not an observed or recovered suppressed count.
31135,Perkins County,31,Nebraska,nonmetro_nonadjacent,Q1_lowest,zero,0.0,0.0,0.0,0.0,0.0,0.0,0.0,0.0,0.0,Corrected constrained Bayesian posterior summary; not an observed or recovered suppressed count.
31137,Phelps County,31,Nebraska,nonmetro_nonadjacent,Q2,suppressed_1_9,1.2734722222222221,1.0,1.0,3.0,2.3554902009132306,1.8496596626220776,1.8496596626220776,5.548978987866232,0.23127777777777778,Corrected constrained Bayesian posterior summary; not an observed or recovered suppressed count.
31139,Pierce County,31,Nebraska,nonmetro_nonadjacent,Q1_lowest,zero,0.0,0.0,0.0,0.0,0.0,0.0,0.0,0.0,0.0,Corrected constrained Bayesian posterior summary; not an observed or recovered suppressed count.
31141,Platte County,31,Nebraska,nonmetro_nonadjacent,Q2,suppressed_1_9,5.591333333333333,5.0,3.0,9.0,2.721121542022819,2.433338686678444,1.4600032120070665,4.3800096360211995,0.27802777777777776,Corrected constrained Bayesian posterior summary; not an observed or recovered suppressed count.
31143,Polk County,31,Nebraska,nonmetro_adjacent,Q1_lowest,zero,0.0,0.0,0.0,0.0,0.0,0.0,0.0,0.0,0.0,Corrected constrained Bayesian posterior summary; not an observed or recovered suppressed count.
31145,Red Willow County,31,Nebraska,nonmetro_nonadjacent,Q2,suppressed_1_9,2.307111111111111,2.0,2.0,4.0,3.6382305065370173,3.153927428129879,3.153927428129879,6.307854856259758,1.0,Corrected constrained Bayesian posterior summary; not an observed or recovered suppressed count.
31147,Richardson County,31,Nebraska,nonmetro_nonadjacent,Q2,suppressed_1_9,2.2370277777777776,2.0,2.0,4.0,4.813400274940496,4.303388918773535,4.303388918773535,8.60677783754707,1.0,Corrected constrained Bayesian posterior summary; not an observed or recovered suppressed count.
31149,Rock County,31,Nebraska,nonmetro_nonadjacent,Q1_lowest,zero,0.0,0.0,0.0,0.0,0.0,0.0,0.0,0.0,0.0,Corrected constrained Bayesian posterior summary; not an observed or recovered suppressed count.
31151,Saline County,31,Nebraska,nonmetro_adjacent,Q2,suppressed_1_9,1.0672777777777778,1.0,1.0,2.0,1.2437105574592566,1.1653110215116416,1.1653110215116416,2.330622043023283,0.0019166666666666666,Corrected constrained Bayesian posterior summary; not an observed or recovered suppressed count.
31153,Sarpy County,31,Nebraska,metro_other,Q1_lowest,exact,50.0,50.0,50.0,50.0,4.270814025696602,4.270814025694926,4.270814025694926,4.270814025694926,1.0,Corrected constrained Bayesian posterior summary; not an observed or recovered suppressed count.
31155,Saunders County,31,Nebraska,metro_other,Q1_lowest,suppressed_1_9,6.659388888888889,7.0,5.0,9.0,4.886584792147426,5.136521400949523,3.668943857821088,6.604098944077958,1.0,Corrected constrained Bayesian posterior summary; not an observed or recovered suppressed count.
31157,Scotts Bluff County,31,Nebraska,nonmetro_nonadjacent,Q3,suppressed_1_9,6.809472222222222,7.0,4.0,9.0,3.1864931923654702,3.2756506846109934,1.871800391206282,4.211550880214134,0.5815833333333333,Corrected constrained Bayesian posterior summary; not an observed or recovered suppressed count.
31159,Seward County,31,Nebraska,metro_other,Q1_lowest,suppressed_1_9,2.4009722222222223,2.0,2.0,4.0,2.282184518058054,1.901050330307495,1.901050330307495,3.80210066061499,0.06877777777777777,Corrected constrained Bayesian posterior summary; not an observed or recovered suppressed count.
31161,Sheridan County,31,Nebraska,nonmetro_nonadjacent,Q2,suppressed_1_9,2.2509722222222224,2.0,2.0,4.0,7.418667926377253,6.5915233010348695,6.5915233010348695,13.183046602069739,1.0,Corrected constrained Bayesian posterior summary; not an observed or recovered suppressed count.
31163,Sherman County,31,Nebraska,nonmetro_adjacent,Q2,zero,0.0,0.0,0.0,0.0,0.0,0.0,0.0,0.0,0.0,Corrected constrained Bayesian posterior summary; not an observed or recovered suppressed count.
31165,Sioux County,31,Nebraska,nonmetro_nonadjacent,Q2,suppressed_1_9,1.0255,1.0,1.0,2.0,14.8860502249875,14.515894904920888,14.515894904920888,29.031789809841776,1.0,Corrected constrained Bayesian posterior summary; not an observed or recovered suppressed count.
31167,Stanton County,31,Nebraska,nonmetro_nonadjacent,Q1_lowest,zero,0.0,0.0,0.0,0.0,0.0,0.0,0.0,0.0,0.0,Corrected constrained Bayesian posterior summary; not an observed or recovered suppressed count.
31169,Thayer County,31,Nebraska,nonmetro_nonadjacent,Q1_lowest,suppressed_1_9,6.578555555555556,6.0,6.0,8.0,22.38593784855919,20.417191275053593,20.417191275053593,27.222921700071463,1.0,Corrected constrained Bayesian posterior summary; not an observed or recovered suppressed count.
31171,Thomas County,31,Nebraska,nonmetro_nonadjacent,Q1_lowest,suppressed_1_9,1.0162777777777778,1.0,1.0,1.0,24.690908109292632,24.295432458697764,24.295432458697764,24.295432458697764,1.0,Corrected constrained Bayesian posterior summary; not an observed or recovered suppressed count.
31173,Thurston County,31,Nebraska,nonmetro_adjacent,Q4_highest,suppressed_1_9,2.3586388888888887,2.0,2.0,4.0,5.785941098708389,4.906169508156507,4.906169508156507,9.812339016313015,1.0,Corrected constrained Bayesian posterior summary; not an observed or recovered suppressed count.
31175,Valley County,31,Nebraska,nonmetro_nonadjacent,Q1_lowest,suppressed_1_9,1.0926944444444444,1.0,1.0,2.0,4.4701949126346685,4.090983472426771,4.090983472426771,8.181966944853542,1.0,Corrected constrained Bayesian posterior summary; not an observed or recovered suppressed count.
31177,Washington County,31,Nebraska,metro_other,Q1_lowest,suppressed_1_9,4.289027777777778,4.0,3.0,7.0,3.3993499173963486,3.1702754969406843,2.377706622705513,5.547982119646197,0.7067222222222223,Corrected constrained Bayesian posterior summary; not an observed or recovered suppressed count.
31179,Wayne County,31,Nebraska,nonmetro_nonadjacent,Q1_lowest,zero,0.0,0.0,0.0,0.0,0.0,0.0,0.0,0.0,0.0,Corrected constrained Bayesian posterior summary; not an observed or recovered suppressed count.
31181,Webster County,31,Nebraska,nonmetro_nonadjacent,Q1_lowest,suppressed_1_9,3.2201944444444446,3.0,3.0,4.0,15.839618516685176,14.756517461878996,14.756517461878996,19.675356615838663,1.0,Corrected constrained Bayesian posterior summary; not an observed or recovered suppressed count.
31183,Wheeler County,31,Nebraska,nonmetro_nonadjacent,Q1_lowest,zero,0.0,0.0,0.0,0.0,0.0,0.0,0.0,0.0,0.0,Corrected constrained Bayesian posterior summary; not an observed or recovered suppressed count.
31185,York County,31,Nebraska,nonmetro_adjacent,Q1_lowest,suppressed_1_9,2.6160833333333335,2.0,2.0,5.0,3.095260631730426,2.3663318307126207,2.3663318307126207,5.915829576781552,0.4450277777777778,Corrected constrained Bayesian posterior summary; not an observed or recovered suppressed count.
32001,Churchill County,32,Nevada,nonmetro_adjacent,Q3,suppressed_1_9,3.3049166666666667,3.0,3.0,5.0,2.150602357371405,1.9521844944492888,1.9521844944492888,3.253640824082148,0.025222222222222222,Corrected constrained Bayesian posterior summary; not an observed or recovered suppressed count.
32003,Clark County,32,Nevada,metro_large,Q4_highest,exact,234.0,234.0,234.0,234.0,1.6793957447972774,1.6793957447987355,1.6793957447987355,1.6793957447987355,0.0,Corrected constrained Bayesian posterior summary; not an observed or recovered suppressed count.
32005,Douglas County,32,Nevada,nonmetro_adjacent,Q1_lowest,suppressed_1_9,2.7935,3.0,2.0,4.0,0.9418408631150568,1.0114632501685772,0.6743088334457181,1.3486176668914363,0.0,Corrected constrained Bayesian posterior summary; not an observed or recovered suppressed count.
32007,Elko County,32,Nevada,nonmetro_nonadjacent,Q3,exact,10.0,10.0,10.0,10.0,3.1017273519642385,3.101727351962308,3.101727351962308,3.101727351962308,1.0,Corrected constrained Bayesian posterior summary; not an observed or recovered suppressed count.
32009,Esmeralda County,32,Nevada,nonmetro_nonadjacent,Q4_highest,zero,0.0,0.0,0.0,0.0,0.0,0.0,0.0,0.0,0.0,Corrected constrained Bayesian posterior summary; not an observed or recovered suppressed count.
32011,Eureka County,32,Nevada,nonmetro_nonadjacent,Q2,suppressed_1_9,1.002388888888889,1.0,1.0,1.0,8.601243254586421,8.58074480864939,8.58074480864939,8.58074480864939,1.0,Corrected constrained Bayesian posterior summary; not an observed or recovered suppressed count.
32013,Humboldt County,32,Nevada,nonmetro_nonadjacent,Q3,suppressed_1_9,1.0805,1.0,1.0,2.0,1.0493857135919107,0.9712038071189238,0.9712038071189238,1.9424076142378477,0.0,Corrected constrained Bayesian posterior summary; not an observed or recovered suppressed count.
32015,Lander County,32,Nevada,nonmetro_nonadjacent,Q3,suppressed_1_9,1.0238888888888888,1.0,1.0,1.0,2.996981878261278,2.9270577215782696,2.9270577215782696,2.9270577215782696,0.02372222222222222,Corrected constrained Bayesian posterior summary; not an observed or recovered suppressed count.
32017,Lincoln County,32,Nevada,nonmetro_adjacent,Q3,zero,0.0,0.0,0.0,0.0,0.0,0.0,0.0,0.0,0.0,Corrected constrained Bayesian posterior summary; not an observed or recovered suppressed count.
32019,Lyon County,32,Nevada,metro_other,Q3,exact,12.0,12.0,12.0,12.0,3.2911156333462164,3.291115633347778,3.291115633347778,3.291115633347778,1.0,Corrected constrained Bayesian posterior summary; not an observed or recovered suppressed count.
32021,Mineral County,32,Nevada,nonmetro_adjacent,Q3,suppressed_1_9,2.0999166666666667,2.0,2.0,3.0,7.738204910881316,7.370011423517707,7.370011423517707,11.05501713527656,1.0,Corrected constrained Bayesian posterior summary; not an observed or recovered suppressed count.
32023,Nye County,32,Nevada,nonmetro_adjacent,Q4_highest,suppressed_1_9,3.6598888888888887,4.0,3.0,5.0,1.1638091704867246,1.271961205183242,0.9539709038874313,1.5899515064790524,0.0,Corrected constrained Bayesian posterior summary; not an observed or recovered suppressed count.
32027,Pershing County,32,Nevada,nonmetro_adjacent,Q3,zero,0.0,0.0,0.0,0.0,0.0,0.0,0.0,0.0,0.0,Corrected constrained Bayesian posterior summary; not an observed or recovered suppressed count.
32029,Storey County,32,Nevada,metro_other,Q1_lowest,zero,0.0,0.0,0.0,0.0,0.0,0.0,0.0,0.0,0.0,Corrected constrained Bayesian posterior summary; not an observed or recovered suppressed count.
32031,Washoe County,32,Nevada,metro_other,Q3,exact,94.0,94.0,94.0,94.0,3.1928914009329508,3.1928914009320524,3.1928914009320524,3.1928914009320524,1.0,Corrected constrained Bayesian posterior summary; not an observed or recovered suppressed count.
32033,White Pine County,32,Nevada,nonmetro_nonadjacent,Q1_lowest,suppressed_1_9,1.035,1.0,1.0,2.0,1.9141145139797986,1.849386003846723,1.849386003846723,3.698772007693446,0.034777777777777776,Corrected constrained Bayesian posterior summary; not an observed or recovered suppressed count.
32510,Carson City,32,Nevada,metro_other,Q4_highest,exact,14.0,14.0,14.0,14.0,4.054950370305319,4.05495037030386,4.05495037030386,4.05495037030386,1.0,Corrected constrained Bayesian posterior summary; not an observed or recovered suppressed count.
33001,Belknap County,33,New Hampshire,nonmetro_adjacent,Q1_lowest,exact,13.0,13.0,13.0,13.0,3.3997682927147266,3.3997682927148194,3.3997682927148194,3.3997682927148194,1.0,Corrected constrained Bayesian posterior summary; not an observed or recovered suppressed count.
33003,Carroll County,33,New Hampshire,nonmetro_adjacent,Q1_lowest,suppressed_1_9,7.6706111111111115,8.0,5.0,9.0,2.5001665920625293,2.6075279331429835,1.6297049582143648,2.9334689247858567,0.27797222222222223,Corrected constrained Bayesian posterior summary; not an observed or recovered suppressed count.
33005,Cheshire County,33,New Hampshire,nonmetro_adjacent,Q1_lowest,exact,10.0,10.0,10.0,10.0,2.1608866550101857,2.1608866550122845,2.1608866550122845,2.1608866550122845,0.0,Corrected constrained Bayesian posterior summary; not an observed or recovered suppressed count.
33007,Coos County,33,New Hampshire,nonmetro_nonadjacent,Q2,suppressed_1_9,7.673305555555555,8.0,5.0,9.0,4.081632351514948,4.2554096895678635,2.6596310559799146,4.787335900763845,0.97425,Corrected constrained Bayesian posterior summary; not an observed or recovered suppressed count.
33009,Grafton County,33,New Hampshire,nonmetro_nonadjacent,Q2,exact,25.0,25.0,25.0,25.0,4.544669557074083,4.544669557076505,4.544669557076505,4.544669557076505,1.0,Corrected constrained Bayesian posterior summary; not an observed or recovered suppressed count.
33011,Hillsborough County,33,New Hampshire,metro_other,Q1_lowest,exact,61.0,61.0,61.0,61.0,2.3975640748987304,2.397564074899902,2.397564074899902,2.397564074899902,0.0,Corrected constrained Bayesian posterior summary; not an observed or recovered suppressed count.
33013,Merrimack County,33,New Hampshire,nonmetro_adjacent,Q1_lowest,exact,29.0,29.0,29.0,29.0,3.1174650064534917,3.1174650064553027,3.1174650064553027,3.1174650064553027,1.0,Corrected constrained Bayesian posterior summary; not an observed or recovered suppressed count.
33015,Rockingham County,33,New Hampshire,metro_large,Q1_lowest,exact,35.0,35.0,35.0,35.0,1.8415537662661996,1.841553766266839,1.841553766266839,1.841553766266839,0.0,Corrected constrained Bayesian posterior summary; not an observed or recovered suppressed count.
33017,Strafford County,33,New Hampshire,metro_large,Q1_lowest,suppressed_1_9,8.507555555555555,9.0,7.0,9.0,1.071073163048305,1.1330702931630539,0.8812768946823752,1.1330702931630539,0.0,Corrected constrained Bayesian posterior summary; not an observed or recovered suppressed count.
33019,Sullivan County,33,New Hampshire,nonmetro_nonadjacent,Q1_lowest,suppressed_1_9,7.148527777777778,7.0,5.0,9.0,2.729643842822473,2.672928957366783,1.9092349695477022,3.436622945185864,0.40552777777777776,Corrected constrained Bayesian posterior summary; not an observed or recovered suppressed count.
34001,Atlantic County,34,New Jersey,metro_other,Q4_highest,exact,37.0,37.0,37.0,37.0,2.267787730165615,2.2677877301651317,2.2677877301651317,2.2677877301651317,0.0,Corrected constrained Bayesian posterior summary; not an observed or recovered suppressed count.
34003,Bergen County,34,New Jersey,metro_large,Q2,exact,96.0,96.0,96.0,96.0,1.6825017539215352,1.6825017539204483,1.6825017539204483,1.6825017539204483,0.0,Corrected constrained Bayesian posterior summary; not an observed or recovered suppressed count.
34005,Burlington County,34,New Jersey,metro_large,Q1_lowest,exact,63.0,63.0,63.0,63.0,2.276834939226701,2.27683493922477,2.27683493922477,2.27683493922477,0.0,Corrected constrained Bayesian posterior summary; not an observed or recovered suppressed count.
34007,Camden County,34,New Jersey,metro_large,Q4_highest,exact,88.0,88.0,88.0,88.0,2.817675277012218,2.8176752770127007,2.8176752770127007,2.8176752770127007,0.0,Corrected constrained Bayesian posterior summary; not an observed or recovered suppressed count.
34009,Cape May County,34,New Jersey,metro_other,Q2,exact,25.0,25.0,25.0,25.0,4.437620370454032,4.4376203704525485,4.4376203704525485,4.4376203704525485,1.0,Corrected constrained Bayesian posterior summary; not an observed or recovered suppressed count.
34011,Cumberland County,34,New Jersey,metro_other,Q4_highest,exact,31.0,31.0,31.0,31.0,3.40838374443045,3.408383744428392,3.408383744428392,3.408383744428392,1.0,Corrected constrained Bayesian posterior summary; not an observed or recovered suppressed count.
34013,Essex County,34,New Jersey,metro_large,Q4_highest,exact,115.0,115.0,115.0,115.0,2.283325331766104,2.2833253317671707,2.2833253317671707,2.2833253317671707,0.0,Corrected constrained Bayesian posterior summary; not an observed or recovered suppressed count.
34015,Gloucester County,34,New Jersey,metro_large,Q1_lowest,exact,41.0,41.0,41.0,41.0,2.2575041364620136,2.257504136463372,2.257504136463372,2.257504136463372,0.0,Corrected constrained Bayesian posterior summary; not an observed or recovered suppressed count.
34017,Hudson County,34,New Jersey,metro_large,Q4_highest,exact,70.0,70.0,70.0,70.0,1.6700293901307617,1.6700293901315102,1.6700293901315102,1.6700293901315102,0.0,Corrected constrained Bayesian posterior summary; not an observed or recovered suppressed count.
34019,Hunterdon County,34,New Jersey,metro_large,Q1_lowest,suppressed_1_9,9.0,9.0,9.0,9.0,1.1676786548341627,1.1676786548341895,1.1676786548341895,1.1676786548341895,0.0,Corrected constrained Bayesian posterior summary; not an observed or recovered suppressed count.
34021,Mercer County,34,New Jersey,metro_other,Q3,exact,54.0,54.0,54.0,54.0,2.3735596009604514,2.373559600960676,2.373559600960676,2.373559600960676,0.0,Corrected constrained Bayesian posterior summary; not an observed or recovered suppressed count.
34023,Middlesex County,34,New Jersey,metro_large,Q3,exact,77.0,77.0,77.0,77.0,1.502801162816496,1.5028011628167959,1.5028011628167959,1.5028011628167959,0.0,Corrected constrained Bayesian posterior summary; not an observed or recovered suppressed count.
34025,Monmouth County,34,New Jersey,metro_large,Q1_lowest,exact,67.0,67.0,67.0,67.0,1.7553295867095766,1.7553295867089587,1.7553295867089587,1.7553295867089587,0.0,Corrected constrained Bayesian posterior summary; not an observed or recovered suppressed count.
34027,Morris County,34,New Jersey,metro_large,Q1_lowest,exact,49.0,49.0,49.0,49.0,1.610496493062144,1.6104964930617183,1.6104964930617183,1.6104964930617183,0.0,Corrected constrained Bayesian posterior summary; not an observed or recovered suppressed count.
34029,Ocean County,34,New Jersey,metro_large,Q2,exact,69.0,69.0,69.0,69.0,1.7913763144228816,1.7913763144223707,1.7913763144223707,1.7913763144223707,0.0,Corrected constrained Bayesian posterior summary; not an observed or recovered suppressed count.
34031,Passaic County,34,New Jersey,metro_large,Q4_highest,exact,82.0,82.0,82.0,82.0,2.667314628953113,2.667314628952139,2.667314628952139,2.667314628952139,0.0,Corrected constrained Bayesian posterior summary; not an observed or recovered suppressed count.
34033,Salem County,34,New Jersey,metro_large,Q3,exact,10.0,10.0,10.0,10.0,2.5892582034151834,2.589258203417303,2.589258203417303,2.589258203417303,0.0,Corrected constrained Bayesian posterior summary; not an observed or recovered suppressed count.
34035,Somerset County,34,New Jersey,metro_large,Q1_lowest,exact,29.0,29.0,29.0,29.0,1.4097543332922755,1.4097543332931473,1.4097543332931473,1.4097543332931473,0.0,Corrected constrained Bayesian posterior summary; not an observed or recovered suppressed count.
34037,Sussex County,34,New Jersey,metro_large,Q1_lowest,exact,21.0,21.0,21.0,21.0,2.425802218568034,2.4258022185694004,2.4258022185694004,2.4258022185694004,0.0,Corrected constrained Bayesian posterior summary; not an observed or recovered suppressed count.
34039,Union County,34,New Jersey,metro_large,Q4_highest,exact,49.0,49.0,49.0,49.0,1.432518162284285,1.4325181622838432,1.4325181622838432,1.4325181622838432,0.0,Corrected constrained Bayesian posterior summary; not an observed or recovered suppressed count.
34041,Warren County,34,New Jersey,metro_other,Q1_lowest,exact,13.0,13.0,13.0,13.0,1.9822179799374742,1.9822179799369046,1.9822179799369046,1.9822179799369046,0.0,Corrected constrained Bayesian posterior summary; not an observed or recovered suppressed count.
35001,Bernalillo County,35,New Mexico,metro_other,Q4_highest,exact,187.0,187.0,187.0,187.0,4.616120232405899,4.616120232405608,4.616120232405608,4.616120232405608,1.0,Corrected constrained Bayesian posterior summary; not an observed or recovered suppressed count.
35003,Catron County,35,New Mexico,nonmetro_nonadjacent,Q2,suppressed_1_9,1.1057222222222223,1.0,1.0,2.0,4.952177634461663,4.478681476173414,4.478681476173414,8.957362952346829,1.0,Corrected constrained Bayesian posterior summary; not an observed or recovered suppressed count.
35005,Chaves County,35,New Mexico,nonmetro_nonadjacent,Q4_highest,exact,18.0,18.0,18.0,18.0,4.674025660401148,4.674025660400876,4.674025660400876,4.674025660400876,1.0,Corrected constrained Bayesian posterior summary; not an observed or recovered suppressed count.
35006,Cibola County,35,New Mexico,nonmetro_adjacent,Q4_highest,exact,11.0,11.0,11.0,11.0,6.848078491428556,6.848078491430564,6.848078491430564,6.848078491430564,1.0,Corrected constrained Bayesian posterior summary; not an observed or recovered suppressed count.
35007,Colfax County,35,New Mexico,nonmetro_nonadjacent,Q4_highest,suppressed_1_9,2.7844444444444445,3.0,2.0,5.0,3.811957621253692,4.107057293449244,2.738038195632829,6.845095489082072,0.5300555555555555,Corrected constrained Bayesian posterior summary; not an observed or recovered suppressed count.
35009,Curry County,35,New Mexico,nonmetro_nonadjacent,Q4_highest,exact,13.0,13.0,13.0,13.0,4.519286926050009,4.519286926050561,4.519286926050561,4.519286926050561,1.0,Corrected constrained Bayesian posterior summary; not an observed or recovered suppressed count.
35011,De Baca County,35,New Mexico,nonmetro_nonadjacent,Q3,suppressed_1_9,1.0238888888888888,1.0,1.0,1.0,10.129490392648309,9.893153937475267,9.893153937475267,9.893153937475267,1.0,Corrected constrained Bayesian posterior summary; not an observed or recovered suppressed count.
35013,Doña Ana County,35,New Mexico,metro_other,Q4_highest,exact,24.0,24.0,24.0,24.0,1.7925456987126807,1.7925456987119064,1.7925456987119064,1.7925456987119064,0.0,Corrected constrained Bayesian posterior summary; not an observed or recovered suppressed count.
35015,Eddy County,35,New Mexico,nonmetro_nonadjacent,Q3,exact,20.0,20.0,20.0,20.0,5.557099194217082,5.5570991942206165,5.5570991942206165,5.5570991942206165,1.0,Corrected constrained Bayesian posterior summary; not an observed or recovered suppressed count.
35017,Grant County,35,New Mexico,nonmetro_nonadjacent,Q3,exact,10.0,10.0,10.0,10.0,6.075592522160178,6.075592522160724,6.075592522160724,6.075592522160724,1.0,Corrected constrained Bayesian posterior summary; not an observed or recovered suppressed count.
35019,Guadalupe County,35,New Mexico,nonmetro_nonadjacent,Q4_highest,suppressed_1_9,2.1605555555555553,2.0,2.0,3.0,8.306314849698746,7.6890546307331515,7.6890546307331515,11.533581946099728,1.0,Corrected constrained Bayesian posterior summary; not an observed or recovered suppressed count.
35021,Harding County,35,New Mexico,nonmetro_nonadjacent,Q3,zero,0.0,0.0,0.0,0.0,0.0,0.0,0.0,0.0,0.0,Corrected constrained Bayesian posterior summary; not an observed or recovered suppressed count.
35023,Hidalgo County,35,New Mexico,nonmetro_nonadjacent,Q4_highest,suppressed_1_9,1.0892777777777778,1.0,1.0,2.0,4.480412050749108,4.113195129976966,4.113195129976966,8.226390259953932,1.0,Corrected constrained Bayesian posterior summary; not an observed or recovered suppressed count.
35025,Lea County,35,New Mexico,nonmetro_nonadjacent,Q4_highest,exact,12.0,12.0,12.0,12.0,2.7547703439779685,2.7547703439789903,2.7547703439789903,2.7547703439789903,0.0,Corrected constrained Bayesian posterior summary; not an observed or recovered suppressed count.
35027,Lincoln County,35,New Mexico,nonmetro_nonadjacent,Q4_highest,suppressed_1_9,3.5075,3.0,2.0,6.0,2.91291565624685,2.491446035278876,1.6609640235192504,4.982892070557752,0.4408888888888889,Corrected constrained Bayesian posterior summary; not an observed or recovered suppressed count.
35028,Los Alamos County,35,New Mexico,nonmetro_adjacent,Q1_lowest,suppressed_1_9,3.970833333333333,4.0,3.0,6.0,3.4094063840674504,3.434449243133248,2.575836932349936,5.151673864699872,0.6139722222222223,Corrected constrained Bayesian posterior summary; not an observed or recovered suppressed count.
35029,Luna County,35,New Mexico,nonmetro_adjacent,Q4_highest,suppressed_1_9,1.5723333333333334,1.0,1.0,4.0,1.0476006458387943,0.6662713456682369,0.6662713456682369,2.6650853826729475,0.004472222222222222,Corrected constrained Bayesian posterior summary; not an observed or recovered suppressed count.
35031,McKinley County,35,New Mexico,nonmetro_nonadjacent,Q4_highest,exact,17.0,17.0,17.0,17.0,4.032803296460771,4.032803296460859,4.032803296460859,4.032803296460859,1.0,Corrected constrained Bayesian posterior summary; not an observed or recovered suppressed count.
35033,Mora County,35,New Mexico,nonmetro_adjacent,Q3,suppressed_1_9,2.246888888888889,2.0,2.0,4.0,8.78274201184313,7.817691435719032,7.817691435719032,15.635382871438065,1.0,Corrected constrained Bayesian posterior summary; not an observed or recovered suppressed count.
35035,Otero County,35,New Mexico,nonmetro_adjacent,Q4_highest,exact,23.0,23.0,23.0,23.0,5.591168870314295,5.591168870316484,5.591168870316484,5.591168870316484,1.0,Corrected constrained Bayesian posterior summary; not an observed or recovered suppressed count.
35037,Quay County,35,New Mexico,nonmetro_nonadjacent,Q4_highest,suppressed_1_9,2.4380277777777777,2.0,2.0,4.0,4.8215717942792224,3.9553050529022054,3.9553050529022054,7.910610105804411,1.0,Corrected constrained Bayesian posterior summary; not an observed or recovered suppressed count.
35039,Rio Arriba County,35,New Mexico,nonmetro_adjacent,Q4_highest,exact,11.0,11.0,11.0,11.0,4.631578947368347,4.631578947368421,4.631578947368421,4.631578947368421,1.0,Corrected constrained Bayesian posterior summary; not an observed or recovered suppressed count.
35041,Roosevelt County,35,New Mexico,nonmetro_nonadjacent,Q4_highest,suppressed_1_9,2.948027777777778,3.0,2.0,5.0,2.6250659178983007,2.6713444876806496,1.780896325120433,4.452240812801083,0.2516388888888889,Corrected constrained Bayesian posterior summary; not an observed or recovered suppressed count.
35043,Sandoval County,35,New Mexico,metro_other,Q2,exact,30.0,30.0,30.0,30.0,3.2815038038097564,3.281503803809826,3.281503803809826,3.281503803809826,1.0,Corrected constrained Bayesian posterior summary; not an observed or recovered suppressed count.
35045,San Juan County,35,New Mexico,metro_other,Q4_highest,exact,41.0,41.0,41.0,41.0,5.615107652565935,5.615107652570008,5.615107652570008,5.615107652570008,1.0,Corrected constrained Bayesian posterior summary; not an observed or recovered suppressed count.
35047,San Miguel County,35,New Mexico,nonmetro_adjacent,Q4_highest,exact,11.0,11.0,11.0,11.0,6.806088355399364,6.806088355401559,6.806088355401559,6.806088355401559,1.0,Corrected constrained Bayesian posterior summary; not an observed or recovered suppressed count.
35049,Santa Fe County,35,New Mexico,metro_other,Q4_highest,exact,26.0,26.0,26.0,26.0,2.805079351379487,2.805079351379344,2.805079351379344,2.805079351379344,0.0,Corrected constrained Bayesian posterior summary; not an observed or recovered suppressed count.
35051,Sierra County,35,New Mexico,nonmetro_adjacent,Q4_highest,suppressed_1_9,4.279972222222222,4.0,3.0,7.0,6.343236883233389,5.928297244823855,4.446222933617891,10.374520178441747,1.0,Corrected constrained Bayesian posterior summary; not an observed or recovered suppressed count.
35053,Socorro County,35,New Mexico,nonmetro_adjacent,Q4_highest,suppressed_1_9,5.6177222222222225,5.0,4.0,8.0,5.75975785082173,5.126417454426148,4.101133963540919,8.202267927081838,1.0,Corrected constrained Bayesian posterior summary; not an observed or recovered suppressed count.
35055,Taos County,35,New Mexico,nonmetro_nonadjacent,Q3,suppressed_1_9,5.9078888888888885,6.0,3.0,9.0,2.904481130786888,2.9497654936432554,1.4748827468216277,4.424648240464883,0.5832222222222222,Corrected constrained Bayesian posterior summary; not an observed or recovered suppressed count.
35057,Torrance County,35,New Mexico,metro_other,Q4_highest,suppressed_1_9,4.183944444444444,4.0,3.0,7.0,4.483101829526683,4.28600512177612,3.2145038413320903,7.500508963108212,1.0,Corrected constrained Bayesian posterior summary; not an observed or recovered suppressed count.
35059,Union County,35,New Mexico,nonmetro_nonadjacent,Q4_highest,suppressed_1_9,2.1629722222222223,2.0,2.0,3.0,8.989162256765727,8.311861025683651,8.311861025683651,12.467791538525475,1.0,Corrected constrained Bayesian posterior summary; not an observed or recovered suppressed count.
35061,Valencia County,35,New Mexico,metro_other,Q4_highest,exact,18.0,18.0,18.0,18.0,3.833980139984526,3.8339801399828746,3.8339801399828746,3.8339801399828746,1.0,Corrected constrained Bayesian posterior summary; not an observed or recovered suppressed count.
36001,Albany County,36,New York,metro_other,Q2,exact,51.0,51.0,51.0,51.0,2.719511213184858,2.719511213184617,2.719511213184617,2.719511213184617,0.0,Corrected constrained Bayesian posterior summary; not an observed or recovered suppressed count.
36003,Allegany County,36,New York,nonmetro_nonadjacent,Q2,suppressed_1_9,5.920861111111111,6.0,3.0,9.0,2.126532213395136,2.1549556797448535,1.0774778398724267,3.2324335196172798,0.06938888888888889,Corrected constrained Bayesian posterior summary; not an observed or recovered suppressed count.
36005,Bronx County,36,New York,metro_large,Q4_highest,exact,203.0,203.0,203.0,203.0,2.4266497303233345,2.4266497303251007,2.4266497303251007,2.4266497303251007,0.0,Corrected constrained Bayesian posterior summary; not an observed or recovered suppressed count.
36007,Broome County,36,New York,metro_other,Q3,exact,47.0,47.0,47.0,47.0,4.0283216726277296,4.028321672627726,4.028321672627726,4.028321672627726,1.0,Corrected constrained Bayesian posterior summary; not an observed or recovered suppressed count.
36009,Cattaraugus County,36,New York,nonmetro_adjacent,Q3,exact,19.0,19.0,19.0,19.0,4.167397789085366,4.167397789085804,4.167397789085804,4.167397789085804,1.0,Corrected constrained Bayesian posterior summary; not an observed or recovered suppressed count.
36011,Cayuga County,36,New York,nonmetro_adjacent,Q3,exact,13.0,13.0,13.0,13.0,2.8727059785442584,2.872705978543096,2.872705978543096,2.872705978543096,0.0,Corrected constrained Bayesian posterior summary; not an observed or recovered suppressed count.
36013,Chautauqua County,36,New York,nonmetro_adjacent,Q3,exact,46.0,46.0,46.0,46.0,6.094612230293092,6.094612230296848,6.094612230296848,6.094612230296848,1.0,Corrected constrained Bayesian posterior summary; not an observed or recovered suppressed count.
36015,Chemung County,36,New York,metro_other,Q3,exact,23.0,23.0,23.0,23.0,4.665418498180435,4.665418498181501,4.665418498181501,4.665418498181501,1.0,Corrected constrained Bayesian posterior summary; not an observed or recovered suppressed count.
36017,Chenango County,36,New York,nonmetro_adjacent,Q2,suppressed_1_9,5.7434722222222225,6.0,3.0,9.0,2.061340648542842,2.1534088462035403,1.0767044231017702,3.23011326930531,0.0525,Corrected constrained Bayesian posterior summary; not an observed or recovered suppressed count.
36019,Clinton County,36,New York,nonmetro_adjacent,Q2,exact,13.0,13.0,13.0,13.0,2.7391602998732765,2.7391602998748414,2.7391602998748414,2.7391602998748414,0.0,Corrected constrained Bayesian posterior summary; not an observed or recovered suppressed count.
36021,Columbia County,36,New York,nonmetro_adjacent,Q2,exact,22.0,22.0,22.0,22.0,6.063479114068602,6.063479114070579,6.063479114070579,6.063479114070579,1.0,Corrected constrained Bayesian posterior summary; not an observed or recovered suppressed count.
36023,Cortland County,36,New York,nonmetro_adjacent,Q2,suppressed_1_9,7.896138888888889,8.0,6.0,9.0,2.8312938846022666,2.8685350391555033,2.1514012793666275,3.2271019190499413,0.36580555555555555,Corrected constrained Bayesian posterior summary; not an observed or recovered suppressed count.
36025,Delaware County,36,New York,nonmetro_adjacent,Q3,exact,14.0,14.0,14.0,14.0,5.267276667466543,5.267276667469299,5.267276667469299,5.267276667469299,1.0,Corrected constrained Bayesian posterior summary; not an observed or recovered suppressed count.
36027,Dutchess County,36,New York,metro_other,Q2,exact,66.0,66.0,66.0,66.0,3.709363501326621,3.7093635013244115,3.7093635013244115,3.7093635013244115,1.0,Corrected constrained Bayesian posterior summary; not an observed or recovered suppressed count.
36029,Erie County,36,New York,metro_large,Q2,exact,280.0,280.0,280.0,280.0,4.970102172871424,4.970102172875419,4.970102172875419,4.970102172875419,1.0,Corrected constrained Bayesian posterior summary; not an observed or recovered suppressed count.
36031,Essex County,36,New York,nonmetro_adjacent,Q2,exact,14.0,14.0,14.0,14.0,6.321312304438657,6.321312304434401,6.321312304434401,6.321312304434401,1.0,Corrected constrained Bayesian posterior summary; not an observed or recovered suppressed count.
36033,Franklin County,36,New York,nonmetro_nonadjacent,Q3,exact,14.0,14.0,14.0,14.0,4.871191771864727,4.871191771861213,4.871191771861213,4.871191771861213,1.0,Corrected constrained Bayesian posterior summary; not an observed or recovered suppressed count.
36035,Fulton County,36,New York,nonmetro_adjacent,Q2,exact,12.0,12.0,12.0,12.0,3.7940225175248794,3.7940225175236413,3.7940225175236413,3.7940225175236413,1.0,Corrected constrained Bayesian posterior summary; not an observed or recovered suppressed count.
36037,Genesee County,36,New York,nonmetro_adjacent,Q1_lowest,suppressed_1_9,7.626111111111111,8.0,5.0,9.0,2.21178123554853,2.320219260720138,1.4501370379500864,2.6102466683101553,0.0,Corrected constrained Bayesian posterior summary; not an observed or recovered suppressed count.
36039,Greene County,36,New York,nonmetro_adjacent,Q2,suppressed_1_9,7.312722222222222,7.0,5.0,9.0,2.5668581635797407,2.4570887009021027,1.755063357787216,3.1591140440169894,0.2286388888888889,Corrected constrained Bayesian posterior summary; not an observed or recovered suppressed count.
36041,Hamilton County,36,New York,nonmetro_adjacent,Q1_lowest,zero,0.0,0.0,0.0,0.0,0.0,0.0,0.0,0.0,0.0,Corrected constrained Bayesian posterior summary; not an observed or recovered suppressed count.
36043,Herkimer County,36,New York,metro_other,Q2,exact,10.0,10.0,10.0,10.0,2.7693773331996003,2.7693773332004032,2.7693773332004032,2.7693773332004032,0.0,Corrected constrained Bayesian posterior summary; not an observed or recovered suppressed count.
36045,Jefferson County,36,New York,metro_other,Q3,exact,27.0,27.0,27.0,27.0,3.977677861128592,3.977677861128953,3.977677861128953,3.977677861128953,1.0,Corrected constrained Bayesian posterior summary; not an observed or recovered suppressed count.
36047,Kings County,36,New York,metro_large,Q4_highest,exact,322.0,322.0,322.0,322.0,2.0761788714496086,2.0761788714497746,2.0761788714497746,2.0761788714497746,0.0,Corrected constrained Bayesian posterior summary; not an observed or recovered suppressed count.
36049,Lewis County,36,New York,nonmetro_adjacent,Q1_lowest,suppressed_1_9,4.4278611111111115,4.0,3.0,7.0,2.787044438710692,2.5177342909116085,1.8883007181837064,4.406035009095315,0.4161666666666667,Corrected constrained Bayesian posterior summary; not an observed or recovered suppressed count.
36051,Livingston County,36,New York,metro_large,Q1_lowest,suppressed_1_9,7.993027777777778,8.0,6.0,9.0,2.153729276599353,2.1556079488043114,1.6167059616032335,2.42505894240485,0.0,Corrected constrained Bayesian posterior summary; not an observed or recovered suppressed count.
36053,Madison County,36,New York,metro_other,Q1_lowest,exact,21.0,21.0,21.0,21.0,5.119865810758427,5.119865810755131,5.119865810755131,5.119865810755131,1.0,Corrected constrained Bayesian posterior summary; not an observed or recovered suppressed count.
36055,Monroe County,36,New York,metro_large,Q3,exact,98.0,98.0,98.0,98.0,2.1823612213107952,2.1823612213116927,2.1823612213116927,2.1823612213116927,0.0,Corrected constrained Bayesian posterior summary; not an observed or recovered suppressed count.
36057,Montgomery County,36,New York,nonmetro_adjacent,Q4_highest,exact,11.0,11.0,11.0,11.0,3.708848638517408,3.708848638515381,3.708848638515381,3.708848638515381,1.0,Corrected constrained Bayesian posterior summary; not an observed or recovered suppressed count.
36059,Nassau County,36,New York,metro_large,Q2,exact,100.0,100.0,100.0,100.0,1.2110871638802576,1.211087163880924,1.211087163880924,1.211087163880924,0.0,Corrected constrained Bayesian posterior summary; not an observed or recovered suppressed count.
36061,New York County,36,New York,metro_large,Q3,exact,173.0,173.0,173.0,173.0,1.7886759031967907,1.7886759031960329,1.7886759031960329,1.7886759031960329,0.0,Corrected constrained Bayesian posterior summary; not an observed or recovered suppressed count.
36063,Niagara County,36,New York,metro_large,Q2,exact,59.0,59.0,59.0,59.0,4.685376938577277,4.685376938574708,4.685376938574708,4.685376938574708,1.0,Corrected constrained Bayesian posterior summary; not an observed or recovered suppressed count.
36065,Oneida County,36,New York,metro_other,Q3,exact,60.0,60.0,60.0,60.0,4.37624312656149,4.376243126563139,4.376243126563139,4.376243126563139,1.0,Corrected constrained Bayesian posterior summary; not an observed or recovered suppressed count.
36067,Onondaga County,36,New York,metro_other,Q3,exact,135.0,135.0,135.0,135.0,4.823302769073699,4.823302769075984,4.823302769075984,4.823302769075984,1.0,Corrected constrained Bayesian posterior summary; not an observed or recovered suppressed count.
36069,Ontario County,36,New York,metro_large,Q2,exact,15.0,15.0,15.0,15.0,2.236839554481059,2.2368395544812096,2.2368395544812096,2.2368395544812096,0.0,Corrected constrained Bayesian posterior summary; not an observed or recovered suppressed count.
36071,Orange County,36,New York,metro_other,Q3,exact,35.0,35.0,35.0,35.0,1.458408076747103,1.4584080767472665,1.4584080767472665,1.4584080767472665,0.0,Corrected constrained Bayesian posterior summary; not an observed or recovered suppressed count.
36073,Orleans County,36,New York,metro_large,Q3,suppressed_1_9,5.5353055555555555,5.0,3.0,9.0,2.319433794214604,2.0951271532669318,1.2570762919601592,3.7712288758804773,0.2669722222222222,Corrected constrained Bayesian posterior summary; not an observed or recovered suppressed count.
36075,Oswego County,36,New York,metro_other,Q3,exact,32.0,32.0,32.0,32.0,4.535076692399856,4.535076692398503,4.535076692398503,4.535076692398503,1.0,Corrected constrained Bayesian posterior summary; not an observed or recovered suppressed count.
36077,Otsego County,36,New York,nonmetro_nonadjacent,Q2,exact,19.0,19.0,19.0,19.0,5.313154531701012,5.313154531701356,5.313154531701356,5.313154531701356,1.0,Corrected constrained Bayesian posterior summary; not an observed or recovered suppressed count.
36079,Putnam County,36,New York,metro_large,Q1_lowest,suppressed_1_9,7.819055555555556,8.0,5.0,9.0,1.3268333648203725,1.3575382401553024,0.8484614000970641,1.5272305201747152,0.0,Corrected constrained Bayesian posterior summary; not an observed or recovered suppressed count.
36081,Queens County,36,New York,metro_large,Q4_highest,exact,213.0,213.0,213.0,213.0,1.5595383415058104,1.5595383415063881,1.5595383415063881,1.5595383415063881,0.0,Corrected constrained Bayesian posterior summary; not an observed or recovered suppressed count.
36083,Rensselaer County,36,New York,metro_other,Q2,exact,25.0,25.0,25.0,25.0,2.612436661472408,2.6124366614731422,2.6124366614731422,2.6124366614731422,0.0,Corrected constrained Bayesian posterior summary; not an observed or recovered suppressed count.
36085,Richmond County,36,New York,metro_large,Q3,exact,63.0,63.0,63.0,63.0,2.1538490992821444,2.1538490992808197,2.1538490992808197,2.1538490992808197,0.0,Corrected constrained Bayesian posterior summary; not an observed or recovered suppressed count.
36087,Rockland County,36,New York,metro_large,Q3,exact,52.0,52.0,52.0,52.0,2.5752594821536587,2.5752594821549377,2.5752594821549377,2.5752594821549377,0.0,Corrected constrained Bayesian posterior summary; not an observed or recovered suppressed count.
36089,St. Lawrence County,36,New York,nonmetro_adjacent,Q3,exact,18.0,18.0,18.0,18.0,2.795695250578354,2.7956952505797186,2.7956952505797186,2.7956952505797186,0.0,Corrected constrained Bayesian posterior summary; not an observed or recovered suppressed count.
36091,Saratoga County,36,New York,metro_other,Q1_lowest,exact,26.0,26.0,26.0,26.0,1.8369521290282937,1.8369521290275175,1.8369521290275175,1.8369521290275175,0.0,Corrected constrained Bayesian posterior summary; not an observed or recovered suppressed count.
36093,Schenectady County,36,New York,metro_other,Q2,exact,33.0,33.0,33.0,33.0,3.4700242481077668,3.4700242481088366,3.4700242481088366,3.4700242481088366,1.0,Corrected constrained Bayesian posterior summary; not an observed or recovered suppressed count.
36095,Schoharie County,36,New York,metro_other,Q2,suppressed_1_9,1.6245833333333333,1.0,1.0,4.0,0.8910957163409067,0.5485072375529995,0.5485072375529995,2.194028950211998,0.0017777777777777779,Corrected constrained Bayesian posterior summary; not an observed or recovered suppressed count.
36097,Schuyler County,36,New York,nonmetro_adjacent,Q2,suppressed_1_9,2.9513055555555554,3.0,2.0,5.0,2.796862792172082,2.8430090407687496,1.8953393605124997,4.738348401281249,0.24988888888888888,Corrected constrained Bayesian posterior summary; not an observed or recovered suppressed count.
36099,Seneca County,36,New York,nonmetro_adjacent,Q3,suppressed_1_9,7.681305555555555,8.0,5.0,9.0,3.84881225976828,4.008498015793482,2.5053112598709264,4.509560267767667,0.9603055555555555,Corrected constrained Bayesian posterior summary; not an observed or recovered suppressed count.
36101,Steuben County,36,New York,nonmetro_adjacent,Q2,exact,17.0,17.0,17.0,17.0,3.0370158639416336,3.037015863941689,3.037015863941689,3.037015863941689,1.0,Corrected constrained Bayesian posterior summary; not an observed or recovered suppressed count.
36103,Suffolk County,36,New York,metro_large,Q2,exact,171.0,171.0,171.0,171.0,1.8870502226838264,1.8870502226829617,1.8870502226829617,1.8870502226829617,0.0,Corrected constrained Bayesian posterior summary; not an observed or recovered suppressed count.
36105,Sullivan County,36,New York,nonmetro_adjacent,Q4_highest,exact,10.0,10.0,10.0,10.0,2.122835768933766,2.122835768933572,2.122835768933572,2.122835768933572,0.0,Corrected constrained Bayesian posterior summary; not an observed or recovered suppressed count.
36107,Tioga County,36,New York,metro_other,Q1_lowest,suppressed_1_9,7.071638888888889,7.0,4.0,9.0,2.4627157037101295,2.4377672837700417,1.393009876440024,3.134272221990054,0.18386111111111111,Corrected constrained Bayesian posterior summary; not an observed or recovered suppressed count.
36109,Tompkins County,36,New York,metro_other,Q2,exact,23.0,23.0,23.0,23.0,3.695746838129268,3.6957468381278953,3.6957468381278953,3.6957468381278953,1.0,Corrected constrained Bayesian posterior summary; not an observed or recovered suppressed count.
36111,Ulster County,36,New York,metro_other,Q3,exact,30.0,30.0,30.0,30.0,2.762764200839965,2.7627642008382227,2.7627642008382227,2.7627642008382227,0.0,Corrected constrained Bayesian posterior summary; not an observed or recovered suppressed count.
36113,Warren County,36,New York,metro_other,Q1_lowest,exact,11.0,11.0,11.0,11.0,2.8235173325475857,2.823517332546171,2.823517332546171,2.823517332546171,0.0,Corrected constrained Bayesian posterior summary; not an observed or recovered suppressed count.
36115,Washington County,36,New York,metro_other,Q2,suppressed_1_9,6.214333333333333,6.0,3.0,9.0,1.7096156826491065,1.6506507690657042,0.8253253845328521,2.4759761535985563,0.0,Corrected constrained Bayesian posterior summary; not an observed or recovered suppressed count.
36117,Wayne County,36,New York,metro_large,Q2,exact,15.0,15.0,15.0,15.0,2.762985571690527,2.7629855716893448,2.7629855716893448,2.7629855716893448,0.0,Corrected constrained Bayesian posterior summary; not an observed or recovered suppressed count.
36119,Westchester County,36,New York,metro_large,Q3,exact,105.0,105.0,105.0,105.0,1.773980071275259,1.7739800712768297,1.7739800712768297,1.7739800712768297,0.0,Corrected constrained Bayesian posterior summary; not an observed or recovered suppressed count.
36121,Wyoming County,36,New York,nonmetro_adjacent,Q1_lowest,suppressed_1_9,6.800083333333333,7.0,4.0,9.0,2.849981070209906,2.9337680898235967,1.6764389084706268,3.77198754405891,0.5760555555555555,Corrected constrained Bayesian posterior summary; not an observed or recovered suppressed count.
36123,Yates County,36,New York,nonmetro_adjacent,Q3,suppressed_1_9,6.382194444444444,6.0,4.0,9.0,4.323511302600058,4.0646000433557345,2.7097333622371558,6.0969000650336005,0.9131944444444444,Corrected constrained Bayesian posterior summary; not an observed or recovered suppressed count.
37001,Alamance County,37,North Carolina,metro_other,Q3,exact,29.0,29.0,29.0,29.0,2.7532778247220504,2.7532778247206373,2.7532778247206373,2.7532778247206373,0.0,Corrected constrained Bayesian posterior summary; not an observed or recovered suppressed count.
37003,Alexander County,37,North Carolina,metro_other,Q2,suppressed_1_9,5.665416666666666,6.0,3.0,9.0,2.560524571393639,2.711741842176625,1.3558709210883124,4.067612763264937,0.3025833333333333,Corrected constrained Bayesian posterior summary; not an observed or recovered suppressed count.
37005,Alleghany County,37,North Carolina,nonmetro_nonadjacent,Q3,suppressed_1_9,2.8016666666666667,3.0,2.0,5.0,4.1638181295774395,4.458579793716375,2.97238652914425,7.430966322860625,1.0,Corrected constrained Bayesian posterior summary; not an observed or recovered suppressed count.
37007,Anson County,37,North Carolina,metro_large,Q4_highest,suppressed_1_9,4.8532222222222225,5.0,3.0,8.0,3.539036433139906,3.6460688086105564,2.187641285166334,5.83371009377689,0.5425833333333333,Corrected constrained Bayesian posterior summary; not an observed or recovered suppressed count.
37009,Ashe County,37,North Carolina,nonmetro_nonadjacent,Q2,exact,14.0,14.0,14.0,14.0,8.614377395871449,8.614377395873714,8.614377395873714,8.614377395873714,1.0,Corrected constrained Bayesian posterior summary; not an observed or recovered suppressed count.
37011,Avery County,37,North Carolina,nonmetro_nonadjacent,Q3,suppressed_1_9,4.409,4.0,3.0,7.0,4.161986123565551,3.7759003162316516,2.831925237173739,6.607825553405391,0.7342222222222222,Corrected constrained Bayesian posterior summary; not an observed or recovered suppressed count.
37013,Beaufort County,37,North Carolina,nonmetro_adjacent,Q4_highest,suppressed_1_9,7.9895555555555555,8.0,5.0,9.0,2.938806004308319,2.942647794485478,1.8391548715534236,3.310478768796163,0.7156944444444444,Corrected constrained Bayesian posterior summary; not an observed or recovered suppressed count.
37015,Bertie County,37,North Carolina,nonmetro_nonadjacent,Q4_highest,suppressed_1_9,6.2348333333333334,6.0,4.0,9.0,5.867250113709953,5.646261704229991,3.7641744694866603,8.469392556344987,1.0,Corrected constrained Bayesian posterior summary; not an observed or recovered suppressed count.
37017,Bladen County,37,North Carolina,nonmetro_adjacent,Q4_highest,suppressed_1_9,4.295888888888889,4.0,2.0,8.0,2.336436455491004,2.175509205123324,1.087754602561662,4.351018410246648,0.22083333333333333,Corrected constrained Bayesian posterior summary; not an observed or recovered suppressed count.
37019,Brunswick County,37,North Carolina,metro_other,Q1_lowest,exact,17.0,17.0,17.0,17.0,1.855461715276533,1.8554617152761255,1.8554617152761255,1.8554617152761255,0.0,Corrected constrained Bayesian posterior summary; not an observed or recovered suppressed count.
37021,Buncombe County,37,North Carolina,metro_other,Q3,exact,60.0,60.0,60.0,60.0,3.692530380296595,3.692530380293704,3.692530380293704,3.692530380293704,1.0,Corrected constrained Bayesian posterior summary; not an observed or recovered suppressed count.
37023,Burke County,37,North Carolina,metro_other,Q3,exact,33.0,33.0,33.0,33.0,6.188142019731968,6.188142019734548,6.188142019734548,6.188142019734548,1.0,Corrected constrained Bayesian posterior summary; not an observed or recovered suppressed count.
37025,Cabarrus County,37,North Carolina,metro_large,Q2,exact,39.0,39.0,39.0,39.0,2.805860363121609,2.8058603631214982,2.8058603631214982,2.8058603631214982,0.0,Corrected constrained Bayesian posterior summary; not an observed or recovered suppressed count.
37027,Caldwell County,37,North Carolina,metro_other,Q3,exact,31.0,31.0,31.0,31.0,6.371442782393381,6.3714427823885105,6.3714427823885105,6.3714427823885105,1.0,Corrected constrained Bayesian posterior summary; not an observed or recovered suppressed count.
37029,Camden County,37,North Carolina,metro_large,Q2,suppressed_1_9,3.604,3.0,3.0,6.0,5.452757394657744,4.538921249716317,4.538921249716317,9.077842499432634,1.0,Corrected constrained Bayesian posterior summary; not an observed or recovered suppressed count.
37031,Carteret County,37,North Carolina,nonmetro_adjacent,Q2,exact,22.0,22.0,22.0,22.0,5.277981699795519,5.277981699797998,5.277981699797998,5.277981699797998,1.0,Corrected constrained Bayesian posterior summary; not an observed or recovered suppressed count.
37033,Caswell County,37,North Carolina,nonmetro_adjacent,Q3,suppressed_1_9,3.179972222222222,3.0,2.0,6.0,2.346063832839412,2.2132871002250174,1.475524733483345,4.426574200450035,0.3258333333333333,Corrected constrained Bayesian posterior summary; not an observed or recovered suppressed count.
37035,Catawba County,37,North Carolina,metro_other,Q3,exact,34.0,34.0,34.0,34.0,3.4809601716706253,3.480960171672765,3.480960171672765,3.480960171672765,1.0,Corrected constrained Bayesian posterior summary; not an observed or recovered suppressed count.
37037,Chatham County,37,North Carolina,metro_other,Q2,suppressed_1_9,8.168972222222223,8.0,6.0,9.0,1.725344684070126,1.6896565561842485,1.2672424171381864,1.9008636257072797,0.0,Corrected constrained Bayesian posterior summary; not an observed or recovered suppressed count.
37039,Cherokee County,37,North Carolina,nonmetro_nonadjacent,Q2,suppressed_1_9,7.81425,8.0,5.0,9.0,4.422426087745321,4.52755014261783,2.8297188391361434,5.093493910445058,0.9703333333333334,Corrected constrained Bayesian posterior summary; not an observed or recovered suppressed count.
37041,Chowan County,37,North Carolina,nonmetro_adjacent,Q3,suppressed_1_9,4.379638888888889,4.0,3.0,7.0,5.263862513988785,4.807576740943728,3.6056825557077956,8.413259296651523,1.0,Corrected constrained Bayesian posterior summary; not an observed or recovered suppressed count.
37043,Clay County,37,North Carolina,nonmetro_nonadjacent,Q2,suppressed_1_9,2.68425,2.0,2.0,5.0,3.85862143319004,2.875008984403076,2.875008984403076,7.18752246100769,0.4751666666666667,Corrected constrained Bayesian posterior summary; not an observed or recovered suppressed count.
37045,Cleveland County,37,North Carolina,nonmetro_adjacent,Q4_highest,exact,30.0,30.0,30.0,30.0,4.986843045763844,4.9868430457642585,4.9868430457642585,4.9868430457642585,1.0,Corrected constrained Bayesian posterior summary; not an observed or recovered suppressed count.
37047,Columbus County,37,North Carolina,nonmetro_adjacent,Q4_highest,exact,10.0,10.0,10.0,10.0,3.2215041847365407,3.2215041847339356,3.2215041847339356,3.2215041847339356,1.0,Corrected constrained Bayesian posterior summary; not an observed or recovered suppressed count.
37049,Craven County,37,North Carolina,nonmetro_adjacent,Q4_highest,exact,29.0,29.0,29.0,29.0,4.742607256514553,4.7426072565161785,4.7426072565161785,4.7426072565161785,1.0,Corrected constrained Bayesian posterior summary; not an observed or recovered suppressed count.
37051,Cumberland County,37,North Carolina,metro_other,Q4_highest,exact,58.0,58.0,58.0,58.0,2.8707186695691838,2.870718669570382,2.870718669570382,2.870718669570382,0.0,Corrected constrained Bayesian posterior summary; not an observed or recovered suppressed count.
37053,Currituck County,37,North Carolina,metro_large,Q1_lowest,suppressed_1_9,2.9435555555555557,3.0,2.0,5.0,1.6230993281403785,1.654223231911069,1.1028154879407126,2.7570387198517814,0.02363888888888889,Corrected constrained Bayesian posterior summary; not an observed or recovered suppressed count.
37055,Dare County,37,North Carolina,nonmetro_adjacent,Q1_lowest,suppressed_1_9,3.938111111111111,4.0,2.0,7.0,1.7376753891180725,1.7649836077147432,0.8824918038573716,3.0887213135008005,0.06588888888888889,Corrected constrained Bayesian posterior summary; not an observed or recovered suppressed count.
37057,Davidson County,37,North Carolina,metro_other,Q3,exact,30.0,30.0,30.0,30.0,2.9050653688136667,2.905065368812574,2.905065368812574,2.905065368812574,0.0,Corrected constrained Bayesian posterior summary; not an observed or recovered suppressed count.
37059,Davie County,37,North Carolina,metro_other,Q2,suppressed_1_9,7.1218055555555555,7.0,4.0,9.0,2.7003437346888495,2.6541592571387405,1.5166624326507088,3.412490473464095,0.4315277777777778,Corrected constrained Bayesian posterior summary; not an observed or recovered suppressed count.
37061,Duplin County,37,North Carolina,nonmetro_adjacent,Q4_highest,exact,15.0,15.0,15.0,15.0,4.76040863347603,4.760408633477097,4.760408633477097,4.760408633477097,1.0,Corrected constrained Bayesian posterior summary; not an observed or recovered suppressed count.
37063,Durham County,37,North Carolina,metro_other,Q3,exact,45.0,45.0,45.0,45.0,2.2634448624837873,2.26344486248315,2.26344486248315,2.26344486248315,0.0,Corrected constrained Bayesian posterior summary; not an observed or recovered suppressed count.
37065,Edgecombe County,37,North Carolina,metro_other,Q4_highest,exact,18.0,18.0,18.0,18.0,6.062300238787427,6.06230023878727,6.06230023878727,6.06230023878727,1.0,Corrected constrained Bayesian posterior summary; not an observed or recovered suppressed count.
37067,Forsyth County,37,North Carolina,metro_other,Q4_highest,exact,88.0,88.0,88.0,88.0,3.7737758600130724,3.7737758600135,3.7737758600135,3.7737758600135,1.0,Corrected constrained Bayesian posterior summary; not an observed or recovered suppressed count.
37069,Franklin County,37,North Carolina,metro_large,Q3,exact,13.0,13.0,13.0,13.0,2.924252853394986,2.9242528533959575,2.9242528533959575,2.9242528533959575,0.0,Corrected constrained Bayesian posterior summary; not an observed or recovered suppressed count.
37071,Gaston County,37,North Carolina,metro_large,Q3,exact,64.0,64.0,64.0,64.0,4.586432758599561,4.586432758595978,4.586432758595978,4.586432758595978,1.0,Corrected constrained Bayesian posterior summary; not an observed or recovered suppressed count.
37073,Gates County,37,North Carolina,metro_large,Q2,suppressed_1_9,3.6520277777777777,3.0,3.0,6.0,5.669354018001641,4.657155719763416,4.657155719763416,9.314311439526833,1.0,Corrected constrained Bayesian posterior summary; not an observed or recovered suppressed count.
37075,Graham County,37,North Carolina,nonmetro_nonadjacent,Q3,suppressed_1_9,1.2507222222222223,1.0,1.0,3.0,2.5437210889438537,2.033801785677968,2.033801785677968,6.1014053570339035,0.2145277777777778,Corrected constrained Bayesian posterior summary; not an observed or recovered suppressed count.
37077,Granville County,37,North Carolina,nonmetro_adjacent,Q3,exact,12.0,12.0,12.0,12.0,3.2559679178635927,3.2559679178627827,3.2559679178627827,3.2559679178627827,1.0,Corrected constrained Bayesian posterior summary; not an observed or recovered suppressed count.
37079,Greene County,37,North Carolina,nonmetro_adjacent,Q4_highest,suppressed_1_9,4.509916666666666,4.0,3.0,8.0,3.642140315175728,3.230339347148418,2.4227545103613135,6.460678694296836,0.7573888888888889,Corrected constrained Bayesian posterior summary; not an observed or recovered suppressed count.
37081,Guilford County,37,North Carolina,metro_other,Q4_highest,exact,114.0,114.0,114.0,114.0,3.4810350766201172,3.481035076619414,3.481035076619414,3.481035076619414,1.0,Corrected constrained Bayesian posterior summary; not an observed or recovered suppressed count.
37083,Halifax County,37,North Carolina,nonmetro_adjacent,Q4_highest,exact,18.0,18.0,18.0,18.0,6.209059017101315,6.209059017105957,6.209059017105957,6.209059017105957,1.0,Corrected constrained Bayesian posterior summary; not an observed or recovered suppressed count.
37085,Harnett County,37,North Carolina,nonmetro_adjacent,Q3,exact,16.0,16.0,16.0,16.0,1.9152387165518412,1.9152387165506548,1.9152387165506548,1.9152387165506548,0.0,Corrected constrained Bayesian posterior summary; not an observed or recovered suppressed count.
37087,Haywood County,37,North Carolina,nonmetro_adjacent,Q2,exact,12.0,12.0,12.0,12.0,3.1881739999082868,3.1881739999096683,3.1881739999096683,3.1881739999096683,1.0,Corrected constrained Bayesian posterior summary; not an observed or recovered suppressed count.
37089,Henderson County,37,North Carolina,metro_other,Q2,exact,21.0,21.0,21.0,21.0,2.9544258706435103,2.954425870641167,2.954425870641167,2.954425870641167,1.0,Corrected constrained Bayesian posterior summary; not an observed or recovered suppressed count.
37091,Hertford County,37,North Carolina,nonmetro_adjacent,Q4_highest,exact,10.0,10.0,10.0,10.0,7.839448102859646,7.8394481028535585,7.8394481028535585,7.8394481028535585,1.0,Corrected constrained Bayesian posterior summary; not an observed or recovered suppressed count.
37093,Hoke County,37,North Carolina,metro_other,Q4_highest,suppressed_1_9,8.238944444444444,8.0,6.0,9.0,2.5134595444224943,2.440564624625907,1.8304234684694305,2.7456352027041455,0.0,Corrected constrained Bayesian posterior summary; not an observed or recovered suppressed count.
37095,Hyde County,37,North Carolina,nonmetro_nonadjacent,Q4_highest,zero,0.0,0.0,0.0,0.0,0.0,0.0,0.0,0.0,0.0,Corrected constrained Bayesian posterior summary; not an observed or recovered suppressed count.
37097,Iredell County,37,North Carolina,metro_large,Q2,exact,39.0,39.0,39.0,39.0,3.357692387162449,3.3576923871643167,3.3576923871643167,3.3576923871643167,1.0,Corrected constrained Bayesian posterior summary; not an observed or recovered suppressed count.
37099,Jackson County,37,North Carolina,nonmetro_nonadjacent,Q4_highest,suppressed_1_9,7.016055555555556,7.0,4.0,9.0,2.6556754603880135,2.6495982073575557,1.5140561184900319,3.4066262666025717,0.43033333333333335,Corrected constrained Bayesian posterior summary; not an observed or recovered suppressed count.
37101,Johnston County,37,North Carolina,metro_large,Q3,exact,25.0,25.0,25.0,25.0,1.813412872040797,1.8134128720397849,1.8134128720397849,1.8134128720397849,0.0,Corrected constrained Bayesian posterior summary; not an observed or recovered suppressed count.
37103,Jones County,37,North Carolina,nonmetro_adjacent,Q3,suppressed_1_9,2.5519444444444446,2.0,2.0,4.0,4.555416716251679,3.570153516601214,3.570153516601214,7.140307033202428,1.0,Corrected constrained Bayesian posterior summary; not an observed or recovered suppressed count.
37105,Lee County,37,North Carolina,nonmetro_adjacent,Q4_highest,exact,15.0,15.0,15.0,15.0,3.852653964891581,3.852653964894617,3.852653964894617,3.852653964894617,1.0,Corrected constrained Bayesian posterior summary; not an observed or recovered suppressed count.
37107,Lenoir County,37,North Carolina,nonmetro_adjacent,Q4_highest,exact,22.0,22.0,22.0,22.0,6.641810195177258,6.641810195178649,6.641810195178649,6.641810195178649,1.0,Corrected constrained Bayesian posterior summary; not an observed or recovered suppressed count.
37109,Lincoln County,37,North Carolina,metro_large,Q2,exact,14.0,14.0,14.0,14.0,2.5442564319712777,2.5442564319711263,2.5442564319711263,2.5442564319711263,0.0,Corrected constrained Bayesian posterior summary; not an observed or recovered suppressed count.
37111,McDowell County,37,North Carolina,nonmetro_adjacent,Q4_highest,exact,10.0,10.0,10.0,10.0,3.687723568244027,3.6877235682413247,3.6877235682413247,3.6877235682413247,1.0,Corrected constrained Bayesian posterior summary; not an observed or recovered suppressed count.
37113,Macon County,37,North Carolina,nonmetro_nonadjacent,Q2,suppressed_1_9,6.485805555555555,7.0,3.0,9.0,2.887585394931564,3.116513067094074,1.3356484573260317,4.006945371978095,0.5059444444444444,Corrected constrained Bayesian posterior summary; not an observed or recovered suppressed count.
37115,Madison County,37,North Carolina,metro_other,Q2,suppressed_1_9,5.884055555555555,6.0,4.0,9.0,4.4852086742343635,4.573589047778761,3.0490593651858404,6.86038357166814,1.0,Corrected constrained Bayesian posterior summary; not an observed or recovered suppressed count.
37117,Martin County,37,North Carolina,nonmetro_adjacent,Q4_highest,suppressed_1_9,6.899694444444444,7.0,4.0,9.0,5.27298008746181,5.3496369889186095,3.056935422239205,6.878104700038212,1.0,Corrected constrained Bayesian posterior summary; not an observed or recovered suppressed count.
37119,Mecklenburg County,37,North Carolina,metro_large,Q3,exact,196.0,196.0,196.0,196.0,2.8500986264990162,2.8500986264996646,2.8500986264996646,2.8500986264996646,0.0,Corrected constrained Bayesian posterior summary; not an observed or recovered suppressed count.
37121,Mitchell County,37,North Carolina,nonmetro_adjacent,Q3,suppressed_1_9,4.434,4.0,3.0,7.0,4.9304466757839105,4.447854466201866,3.3358908496513995,7.783745315853265,1.0,Corrected constrained Bayesian posterior summary; not an observed or recovered suppressed count.
37123,Montgomery County,37,North Carolina,nonmetro_adjacent,Q4_highest,suppressed_1_9,1.9927222222222223,2.0,1.0,5.0,1.2568256611218913,1.261415813108633,0.6307079065543165,3.153539532771583,0.034972222222222224,Corrected constrained Bayesian posterior summary; not an observed or recovered suppressed count.
37125,Moore County,37,North Carolina,metro_other,Q2,exact,13.0,13.0,13.0,13.0,2.07058793547945,2.07058793548048,2.07058793548048,2.07058793548048,0.0,Corrected constrained Bayesian posterior summary; not an observed or recovered suppressed count.
37127,Nash County,37,North Carolina,metro_other,Q4_highest,exact,27.0,27.0,27.0,27.0,4.698405848294448,4.698405848297176,4.698405848297176,4.698405848297176,1.0,Corrected constrained Bayesian posterior summary; not an observed or recovered suppressed count.
37129,New Hanover County,37,North Carolina,metro_other,Q2,exact,25.0,25.0,25.0,25.0,1.7640293252246235,1.7640293252235026,1.7640293252235026,1.7640293252235026,0.0,Corrected constrained Bayesian posterior summary; not an observed or recovered suppressed count.
37131,Northampton County,37,North Carolina,nonmetro_nonadjacent,Q4_highest,suppressed_1_9,6.515194444444444,6.0,4.0,9.0,6.1595424626497906,5.672471495830734,3.781647663887156,8.5087072437461,1.0,Corrected constrained Bayesian posterior summary; not an observed or recovered suppressed count.
37133,Onslow County,37,North Carolina,metro_other,Q4_highest,exact,24.0,24.0,24.0,24.0,1.9324153823480124,1.9324153823485128,1.9324153823485128,1.9324153823485128,0.0,Corrected constrained Bayesian posterior summary; not an observed or recovered suppressed count.
37135,Orange County,37,North Carolina,metro_other,Q2,exact,17.0,17.0,17.0,17.0,1.8880141090190885,1.8880141090183773,1.8880141090183773,1.8880141090183773,0.0,Corrected constrained Bayesian posterior summary; not an observed or recovered suppressed count.
37137,Pamlico County,37,North Carolina,nonmetro_nonadjacent,Q3,suppressed_1_9,1.3515277777777779,1.0,1.0,3.0,1.7987034399942787,1.3308667935426342,1.3308667935426342,3.9926003806279033,0.058472222222222224,Corrected constrained Bayesian posterior summary; not an observed or recovered suppressed count.
37139,Pasquotank County,37,North Carolina,nonmetro_adjacent,Q4_highest,suppressed_1_9,7.579416666666667,8.0,5.0,9.0,3.0959519423352857,3.267746929339057,2.042341830836911,3.6762152955064398,0.577,Corrected constrained Bayesian posterior summary; not an observed or recovered suppressed count.
37141,Pender County,37,North Carolina,metro_other,Q3,exact,10.0,10.0,10.0,10.0,2.5324084977484413,2.5324084977499552,2.5324084977499552,2.5324084977499552,0.0,Corrected constrained Bayesian posterior summary; not an observed or recovered suppressed count.
37143,Perquimans County,37,North Carolina,nonmetro_adjacent,Q3,suppressed_1_9,4.281888888888889,4.0,3.0,7.0,5.331899945071564,4.98088585054852,3.73566438791139,8.71655023845991,1.0,Corrected constrained Bayesian posterior summary; not an observed or recovered suppressed count.
37145,Person County,37,North Carolina,metro_other,Q3,exact,13.0,13.0,13.0,13.0,5.466594900090024,5.466594900087466,5.466594900087466,5.466594900087466,1.0,Corrected constrained Bayesian posterior summary; not an observed or recovered suppressed count.
37147,Pitt County,37,North Carolina,metro_other,Q4_highest,exact,31.0,31.0,31.0,31.0,2.9100357746647916,2.910035774665604,2.910035774665604,2.910035774665604,0.0,Corrected constrained Bayesian posterior summary; not an observed or recovered suppressed count.
37149,Polk County,37,North Carolina,nonmetro_adjacent,Q2,suppressed_1_9,7.467722222222222,8.0,5.0,9.0,6.1323431728948785,6.569438969911969,4.105899356194981,7.390618841150966,1.0,Corrected constrained Bayesian posterior summary; not an observed or recovered suppressed count.
37151,Randolph County,37,North Carolina,metro_other,Q3,exact,21.0,21.0,21.0,21.0,2.399215799178498,2.399215799178783,2.399215799178783,2.399215799178783,0.0,Corrected constrained Bayesian posterior summary; not an observed or recovered suppressed count.
37153,Richmond County,37,North Carolina,nonmetro_adjacent,Q4_highest,suppressed_1_9,8.231805555555555,8.0,6.0,9.0,3.178585571520053,3.089077408418508,2.316808056313881,3.475212084470822,0.7995,Corrected constrained Bayesian posterior summary; not an observed or recovered suppressed count.
37155,Robeson County,37,North Carolina,nonmetro_adjacent,Q4_highest,exact,19.0,19.0,19.0,19.0,2.6041523895148906,2.6041523895154084,2.6041523895154084,2.6041523895154084,0.0,Corrected constrained Bayesian posterior summary; not an observed or recovered suppressed count.
37157,Rockingham County,37,North Carolina,metro_other,Q4_highest,exact,23.0,23.0,23.0,23.0,4.170043495367243,4.170043495366719,4.170043495366719,4.170043495366719,1.0,Corrected constrained Bayesian posterior summary; not an observed or recovered suppressed count.
37159,Rowan County,37,North Carolina,metro_large,Q4_highest,exact,24.0,24.0,24.0,24.0,2.704459992586386,2.704459992585272,2.704459992585272,2.704459992585272,0.0,Corrected constrained Bayesian posterior summary; not an observed or recovered suppressed count.
37161,Rutherford County,37,North Carolina,nonmetro_adjacent,Q4_highest,exact,12.0,12.0,12.0,12.0,3.0399140717633775,3.039914071762238,3.039914071762238,3.039914071762238,1.0,Corrected constrained Bayesian posterior summary; not an observed or recovered suppressed count.
37163,Sampson County,37,North Carolina,nonmetro_adjacent,Q4_highest,exact,19.0,19.0,19.0,19.0,5.205080158232281,5.205080158234437,5.205080158234437,5.205080158234437,1.0,Corrected constrained Bayesian posterior summary; not an observed or recovered suppressed count.
37165,Scotland County,37,North Carolina,nonmetro_adjacent,Q4_highest,suppressed_1_9,8.401166666666667,9.0,7.0,9.0,4.075802635644202,4.366324961309509,3.3960305254629515,4.366324961309509,0.97725,Corrected constrained Bayesian posterior summary; not an observed or recovered suppressed count.
37167,Stanly County,37,North Carolina,nonmetro_adjacent,Q3,exact,17.0,17.0,17.0,17.0,4.396763981709619,4.396763981709462,4.396763981709462,4.396763981709462,1.0,Corrected constrained Bayesian posterior summary; not an observed or recovered suppressed count.
37169,Stokes County,37,North Carolina,metro_other,Q2,exact,11.0,11.0,11.0,11.0,4.0374232430769785,4.037423243078572,4.037423243078572,4.037423243078572,1.0,Corrected constrained Bayesian posterior summary; not an observed or recovered suppressed count.
37171,Surry County,37,North Carolina,nonmetro_adjacent,Q4_highest,exact,14.0,14.0,14.0,14.0,3.2631750693407438,3.26317506934247,3.26317506934247,3.26317506934247,1.0,Corrected constrained Bayesian posterior summary; not an observed or recovered suppressed count.
37173,Swain County,37,North Carolina,nonmetro_nonadjacent,Q4_highest,suppressed_1_9,5.7965277777777775,6.0,4.0,9.0,6.866784867175328,7.1078257161134415,4.73855047740896,10.661738574170162,1.0,Corrected constrained Bayesian posterior summary; not an observed or recovered suppressed count.
37175,Transylvania County,37,North Carolina,nonmetro_adjacent,Q2,exact,10.0,10.0,10.0,10.0,4.9247740759930565,4.924774075989264,4.924774075989264,4.924774075989264,1.0,Corrected constrained Bayesian posterior summary; not an observed or recovered suppressed count.
37177,Tyrrell County,37,North Carolina,nonmetro_nonadjacent,Q4_highest,zero,0.0,0.0,0.0,0.0,0.0,0.0,0.0,0.0,0.0,Corrected constrained Bayesian posterior summary; not an observed or recovered suppressed count.
37179,Union County,37,North Carolina,metro_large,Q1_lowest,exact,40.0,40.0,40.0,40.0,2.6720517416105576,2.6720517416099248,2.6720517416099248,2.6720517416099248,0.0,Corrected constrained Bayesian posterior summary; not an observed or recovered suppressed count.
37181,Vance County,37,North Carolina,nonmetro_adjacent,Q4_highest,suppressed_1_9,5.376333333333333,5.0,2.0,9.0,2.0821230968624964,1.936378352839118,0.7745513411356472,3.4854810351104124,0.1516111111111111,Corrected constrained Bayesian posterior summary; not an observed or recovered suppressed count.
37183,Wake County,37,North Carolina,metro_large,Q2,exact,109.0,109.0,109.0,109.0,1.5589298361442658,1.5589298361436024,1.5589298361436024,1.5589298361436024,0.0,Corrected constrained Bayesian posterior summary; not an observed or recovered suppressed count.
37185,Warren County,37,North Carolina,nonmetro_adjacent,Q4_highest,suppressed_1_9,3.513611111111111,3.0,2.0,7.0,3.0647748363311558,2.6167735182519953,1.7445156788346636,6.105804875921321,0.4333888888888889,Corrected constrained Bayesian posterior summary; not an observed or recovered suppressed count.
37187,Washington County,37,North Carolina,nonmetro_nonadjacent,Q4_highest,suppressed_1_9,5.516916666666667,5.0,4.0,8.0,8.33975793122866,7.558350465594389,6.046680372475511,12.093360744951022,1.0,Corrected constrained Bayesian posterior summary; not an observed or recovered suppressed count.
37189,Watauga County,37,North Carolina,nonmetro_nonadjacent,Q2,suppressed_1_9,7.545583333333333,8.0,5.0,9.0,2.2749176429916447,2.4119197071929475,1.507449816995592,2.7134096705920663,0.0,Corrected constrained Bayesian posterior summary; not an observed or recovered suppressed count.
37191,Wayne County,37,North Carolina,metro_other,Q4_highest,exact,29.0,29.0,29.0,29.0,4.026418861409957,4.026418861412051,4.026418861412051,4.026418861412051,1.0,Corrected constrained Bayesian posterior summary; not an observed or recovered suppressed count.
37193,Wilkes County,37,North Carolina,nonmetro_adjacent,Q3,suppressed_1_9,8.661166666666666,9.0,7.0,9.0,2.163971643964704,2.248628336714604,1.7489331507780252,2.248628336714604,0.0,Corrected constrained Bayesian posterior summary; not an observed or recovered suppressed count.
37195,Wilson County,37,North Carolina,nonmetro_adjacent,Q4_highest,exact,19.0,19.0,19.0,19.0,3.962246051307569,3.962246051309001,3.962246051309001,3.962246051309001,1.0,Corrected constrained Bayesian posterior summary; not an observed or recovered suppressed count.
37197,Yadkin County,37,North Carolina,metro_other,Q3,exact,14.0,14.0,14.0,14.0,6.20248453808828,6.202484538092115,6.202484538092115,6.202484538092115,1.0,Corrected constrained Bayesian posterior summary; not an observed or recovered suppressed count.
37199,Yancey County,37,North Carolina,nonmetro_adjacent,Q3,suppressed_1_9,4.761111111111111,5.0,3.0,8.0,4.263668864670555,4.477598574332614,2.6865591445995682,7.164157718932183,0.8042777777777778,Corrected constrained Bayesian posterior summary; not an observed or recovered suppressed count.
38001,Adams County,38,North Dakota,nonmetro_nonadjacent,Q1_lowest,zero,0.0,0.0,0.0,0.0,0.0,0.0,0.0,0.0,0.0,Corrected constrained Bayesian posterior summary; not an observed or recovered suppressed count.
38003,Barnes County,38,North Dakota,nonmetro_adjacent,Q1_lowest,suppressed_1_9,3.509027777777778,3.0,3.0,5.0,5.491006615722712,4.694468351459197,4.694468351459197,7.824113919098662,1.0,Corrected constrained Bayesian posterior summary; not an observed or recovered suppressed count.
38005,Benson County,38,North Dakota,nonmetro_nonadjacent,Q3,suppressed_1_9,1.0433611111111112,1.0,1.0,2.0,2.8449613107703455,2.7267273817963678,2.7267273817963678,5.4534547635927355,0.042305555555555555,Corrected constrained Bayesian posterior summary; not an observed or recovered suppressed count.
38007,Billings County,38,North Dakota,nonmetro_nonadjacent,Q1_lowest,zero,0.0,0.0,0.0,0.0,0.0,0.0,0.0,0.0,0.0,Corrected constrained Bayesian posterior summary; not an observed or recovered suppressed count.
38009,Bottineau County,38,North Dakota,nonmetro_adjacent,Q1_lowest,suppressed_1_9,1.0694166666666667,1.0,1.0,2.0,2.808710877653088,2.6263952724885096,2.6263952724885096,5.252790544977019,0.06672222222222222,Corrected constrained Bayesian posterior summary; not an observed or recovered suppressed count.
38011,Bowman County,38,North Dakota,nonmetro_nonadjacent,Q1_lowest,suppressed_1_9,1.0256944444444445,1.0,1.0,2.0,5.841084535558138,5.694760820045558,5.694760820045558,11.389521640091116,1.0,Corrected constrained Bayesian posterior summary; not an observed or recovered suppressed count.
38013,Burke County,38,North Dakota,nonmetro_adjacent,Q1_lowest,zero,0.0,0.0,0.0,0.0,0.0,0.0,0.0,0.0,0.0,Corrected constrained Bayesian posterior summary; not an observed or recovered suppressed count.
38015,Burleigh County,38,North Dakota,metro_other,Q1_lowest,exact,17.0,17.0,17.0,17.0,2.86595748267543,2.865957482677816,2.865957482677816,2.865957482677816,0.0,Corrected constrained Bayesian posterior summary; not an observed or recovered suppressed count.
38017,Cass County,38,North Dakota,metro_other,Q1_lowest,exact,26.0,26.0,26.0,26.0,2.275850599161368,2.2758505991614366,2.2758505991614366,2.2758505991614366,0.0,Corrected constrained Bayesian posterior summary; not an observed or recovered suppressed count.
38019,Cavalier County,38,North Dakota,nonmetro_nonadjacent,Q1_lowest,zero,0.0,0.0,0.0,0.0,0.0,0.0,0.0,0.0,0.0,Corrected constrained Bayesian posterior summary; not an observed or recovered suppressed count.
38021,Dickey County,38,North Dakota,nonmetro_nonadjacent,Q1_lowest,zero,0.0,0.0,0.0,0.0,0.0,0.0,0.0,0.0,0.0,Corrected constrained Bayesian posterior summary; not an observed or recovered suppressed count.
38023,Divide County,38,North Dakota,nonmetro_nonadjacent,Q2,suppressed_1_9,1.021638888888889,1.0,1.0,1.0,7.754374868223373,7.590132827324479,7.590132827324479,7.590132827324479,1.0,Corrected constrained Bayesian posterior summary; not an observed or recovered suppressed count.
38025,Dunn County,38,North Dakota,nonmetro_nonadjacent,Q2,zero,0.0,0.0,0.0,0.0,0.0,0.0,0.0,0.0,0.0,Corrected constrained Bayesian posterior summary; not an observed or recovered suppressed count.
38027,Eddy County,38,North Dakota,nonmetro_nonadjacent,Q2,zero,0.0,0.0,0.0,0.0,0.0,0.0,0.0,0.0,0.0,Corrected constrained Bayesian posterior summary; not an observed or recovered suppressed count.
38029,Emmons County,38,North Dakota,nonmetro_adjacent,Q1_lowest,zero,0.0,0.0,0.0,0.0,0.0,0.0,0.0,0.0,0.0,Corrected constrained Bayesian posterior summary; not an observed or recovered suppressed count.
38031,Foster County,38,North Dakota,nonmetro_nonadjacent,Q1_lowest,suppressed_1_9,1.029,1.0,1.0,2.0,5.210390399513457,5.063547521393488,5.063547521393488,10.127095042786976,1.0,Corrected constrained Bayesian posterior summary; not an observed or recovered suppressed count.
38033,Golden Valley County,38,North Dakota,nonmetro_nonadjacent,Q1_lowest,zero,0.0,0.0,0.0,0.0,0.0,0.0,0.0,0.0,0.0,Corrected constrained Bayesian posterior summary; not an observed or recovered suppressed count.
38035,Grand Forks County,38,North Dakota,metro_other,Q2,suppressed_1_9,6.978472222222222,7.0,4.0,9.0,1.6209064249384157,1.6259067333443276,0.9290895619110443,2.0904515142998497,0.0,Corrected constrained Bayesian posterior summary; not an observed or recovered suppressed count.
38037,Grant County,38,North Dakota,nonmetro_adjacent,Q1_lowest,zero,0.0,0.0,0.0,0.0,0.0,0.0,0.0,0.0,0.0,Corrected constrained Bayesian posterior summary; not an observed or recovered suppressed count.
38039,Griggs County,38,North Dakota,nonmetro_nonadjacent,Q1_lowest,zero,0.0,0.0,0.0,0.0,0.0,0.0,0.0,0.0,0.0,Corrected constrained Bayesian posterior summary; not an observed or recovered suppressed count.
38041,Hettinger County,38,North Dakota,nonmetro_nonadjacent,Q1_lowest,zero,0.0,0.0,0.0,0.0,0.0,0.0,0.0,0.0,0.0,Corrected constrained Bayesian posterior summary; not an observed or recovered suppressed count.
38043,Kidder County,38,North Dakota,nonmetro_adjacent,Q1_lowest,suppressed_1_9,1.0192222222222223,1.0,1.0,1.0,7.071548062323469,6.938180808991882,6.938180808991882,6.938180808991882,1.0,Corrected constrained Bayesian posterior summary; not an observed or recovered suppressed count.
38045,LaMoure County,38,North Dakota,nonmetro_nonadjacent,Q1_lowest,zero,0.0,0.0,0.0,0.0,0.0,0.0,0.0,0.0,0.0,Corrected constrained Bayesian posterior summary; not an observed or recovered suppressed count.
38047,Logan County,38,North Dakota,nonmetro_nonadjacent,Q1_lowest,zero,0.0,0.0,0.0,0.0,0.0,0.0,0.0,0.0,0.0,Corrected constrained Bayesian posterior summary; not an observed or recovered suppressed count.
38049,McHenry County,38,North Dakota,metro_other,Q1_lowest,zero,0.0,0.0,0.0,0.0,0.0,0.0,0.0,0.0,0.0,Corrected constrained Bayesian posterior summary; not an observed or recovered suppressed count.
38051,McIntosh County,38,North Dakota,nonmetro_nonadjacent,Q1_lowest,suppressed_1_9,1.0209166666666667,1.0,1.0,1.0,6.8637667518296155,6.72314105149926,6.72314105149926,6.72314105149926,1.0,Corrected constrained Bayesian posterior summary; not an observed or recovered suppressed count.
38053,McKenzie County,38,North Dakota,nonmetro_nonadjacent,Q2,suppressed_1_9,1.2500555555555555,1.0,1.0,3.0,1.4363996869428404,1.1490686798349936,1.1490686798349936,3.447206039504981,0.030583333333333334,Corrected constrained Bayesian posterior summary; not an observed or recovered suppressed count.
38055,McLean County,38,North Dakota,nonmetro_adjacent,Q1_lowest,suppressed_1_9,2.277361111111111,2.0,2.0,4.0,3.915480823049505,3.438612176125716,3.438612176125716,6.877224352251432,1.0,Corrected constrained Bayesian posterior summary; not an observed or recovered suppressed count.
38057,Mercer County,38,North Dakota,nonmetro_adjacent,Q2,zero,0.0,0.0,0.0,0.0,0.0,0.0,0.0,0.0,0.0,Corrected constrained Bayesian posterior summary; not an observed or recovered suppressed count.
38059,Morton County,38,North Dakota,metro_other,Q1_lowest,exact,11.0,11.0,11.0,11.0,5.547794247444502,5.54779424744171,5.54779424744171,5.54779424744171,1.0,Corrected constrained Bayesian posterior summary; not an observed or recovered suppressed count.
38061,Mountrail County,38,North Dakota,nonmetro_adjacent,Q3,suppressed_1_9,2.1526944444444442,2.0,2.0,3.0,3.6629138071189478,3.4030968181044754,3.4030968181044754,5.104645227156713,1.0,Corrected constrained Bayesian posterior summary; not an observed or recovered suppressed count.
38063,Nelson County,38,North Dakota,nonmetro_adjacent,Q1_lowest,zero,0.0,0.0,0.0,0.0,0.0,0.0,0.0,0.0,0.0,Corrected constrained Bayesian posterior summary; not an observed or recovered suppressed count.
38065,Oliver County,38,North Dakota,metro_other,Q1_lowest,zero,0.0,0.0,0.0,0.0,0.0,0.0,0.0,0.0,0.0,Corrected constrained Bayesian posterior summary; not an observed or recovered suppressed count.
38067,Pembina County,38,North Dakota,nonmetro_nonadjacent,Q1_lowest,zero,0.0,0.0,0.0,0.0,0.0,0.0,0.0,0.0,0.0,Corrected constrained Bayesian posterior summary; not an observed or recovered suppressed count.
38069,Pierce County,38,North Dakota,nonmetro_nonadjacent,Q1_lowest,suppressed_1_9,1.0838611111111112,1.0,1.0,2.0,4.601796421309818,4.245743641998897,4.245743641998897,8.491487283997794,1.0,Corrected constrained Bayesian posterior summary; not an observed or recovered suppressed count.
38071,Ramsey County,38,North Dakota,nonmetro_nonadjacent,Q2,zero,0.0,0.0,0.0,0.0,0.0,0.0,0.0,0.0,0.0,Corrected constrained Bayesian posterior summary; not an observed or recovered suppressed count.
38073,Ransom County,38,North Dakota,nonmetro_adjacent,Q1_lowest,suppressed_1_9,3.1844166666666665,3.0,3.0,4.0,9.679372220031334,9.11881820116113,9.11881820116113,12.158424268214839,1.0,Corrected constrained Bayesian posterior summary; not an observed or recovered suppressed count.
38075,Renville County,38,North Dakota,metro_other,Q1_lowest,zero,0.0,0.0,0.0,0.0,0.0,0.0,0.0,0.0,0.0,Corrected constrained Bayesian posterior summary; not an observed or recovered suppressed count.
38077,Richland County,38,North Dakota,nonmetro_adjacent,Q1_lowest,suppressed_1_9,1.1105833333333333,1.0,1.0,2.0,1.1253364947803888,1.013284155275664,1.013284155275664,2.026568310551328,0.0064444444444444445,Corrected constrained Bayesian posterior summary; not an observed or recovered suppressed count.
38079,Rolette County,38,North Dakota,nonmetro_nonadjacent,Q4_highest,suppressed_1_9,2.585888888888889,2.0,2.0,4.0,3.4140752672094403,2.640542895619339,2.640542895619339,5.281085791238678,0.4378611111111111,Corrected constrained Bayesian posterior summary; not an observed or recovered suppressed count.
38081,Sargent County,38,North Dakota,nonmetro_nonadjacent,Q1_lowest,zero,0.0,0.0,0.0,0.0,0.0,0.0,0.0,0.0,0.0,Corrected constrained Bayesian posterior summary; not an observed or recovered suppressed count.
38083,Sheridan County,38,North Dakota,nonmetro_adjacent,Q1_lowest,zero,0.0,0.0,0.0,0.0,0.0,0.0,0.0,0.0,0.0,Corrected constrained Bayesian posterior summary; not an observed or recovered suppressed count.
38085,Sioux County,38,North Dakota,nonmetro_nonadjacent,Q4_highest,suppressed_1_9,2.1557222222222223,2.0,2.0,3.0,9.288703129183274,8.617718028266115,8.617718028266115,12.926577042399174,1.0,Corrected constrained Bayesian posterior summary; not an observed or recovered suppressed count.
38087,Slope County,38,North Dakota,nonmetro_nonadjacent,Q1_lowest,zero,0.0,0.0,0.0,0.0,0.0,0.0,0.0,0.0,0.0,Corrected constrained Bayesian posterior summary; not an observed or recovered suppressed count.
38089,Stark County,38,North Dakota,nonmetro_nonadjacent,Q2,suppressed_1_9,2.7528888888888887,3.0,2.0,5.0,1.4030104472634657,1.5289506811475284,1.0193004540983523,2.5482511352458808,0.006638888888888889,Corrected constrained Bayesian posterior summary; not an observed or recovered suppressed count.
38091,Steele County,38,North Dakota,nonmetro_adjacent,Q1_lowest,zero,0.0,0.0,0.0,0.0,0.0,0.0,0.0,0.0,0.0,Corrected constrained Bayesian posterior summary; not an observed or recovered suppressed count.
38093,Stutsman County,38,North Dakota,nonmetro_nonadjacent,Q2,suppressed_1_9,3.5790555555555557,3.0,3.0,5.0,2.8136565612092705,2.358434942572109,2.358434942572109,3.930724904286848,0.44319444444444445,Corrected constrained Bayesian posterior summary; not an observed or recovered suppressed count.
38095,Towner County,38,North Dakota,nonmetro_nonadjacent,Q1_lowest,suppressed_1_9,1.0426944444444444,1.0,1.0,2.0,8.287191578800646,7.947862025115244,7.947862025115244,15.895724050230488,1.0,Corrected constrained Bayesian posterior summary; not an observed or recovered suppressed count.
38097,Traill County,38,North Dakota,nonmetro_adjacent,Q1_lowest,suppressed_1_9,1.0820277777777778,1.0,1.0,2.0,2.2611493067882726,2.0897331410778843,2.0897331410778843,4.179466282155769,0.07822222222222222,Corrected constrained Bayesian posterior summary; not an observed or recovered suppressed count.
38099,Walsh County,38,North Dakota,nonmetro_adjacent,Q2,suppressed_1_9,1.2417777777777779,1.0,1.0,3.0,1.98671729453785,1.5998976065531807,1.5998976065531807,4.799692819659541,0.20955555555555555,Corrected constrained Bayesian posterior summary; not an observed or recovered suppressed count.
38101,Ward County,38,North Dakota,metro_other,Q2,suppressed_1_9,7.8486666666666665,8.0,6.0,9.0,1.9105484246046776,1.9473864856246363,1.4605398642184773,2.190809796327716,0.0,Corrected constrained Bayesian posterior summary; not an observed or recovered suppressed count.
38103,Wells County,38,North Dakota,nonmetro_nonadjacent,Q1_lowest,zero,0.0,0.0,0.0,0.0,0.0,0.0,0.0,0.0,0.0,Corrected constrained Bayesian posterior summary; not an observed or recovered suppressed count.
38105,Williams County,38,North Dakota,nonmetro_nonadjacent,Q3,suppressed_1_9,7.935555555555555,8.0,6.0,9.0,3.40935888586384,3.437046202493577,2.5777846518701826,3.866676977805274,0.9242222222222222,Corrected constrained Bayesian posterior summary; not an observed or recovered suppressed count.
39001,Adams County,39,Ohio,nonmetro_adjacent,Q3,suppressed_1_9,4.726388888888889,5.0,3.0,8.0,2.857844451296956,3.0232853437173106,1.8139712062303865,4.837256549947697,0.5062777777777778,Corrected constrained Bayesian posterior summary; not an observed or recovered suppressed count.
39003,Allen County,39,Ohio,metro_other,Q3,exact,20.0,20.0,20.0,20.0,3.2850431983204347,3.2850431983180575,3.2850431983180575,3.2850431983180575,1.0,Corrected constrained Bayesian posterior summary; not an observed or recovered suppressed count.
39005,Ashland County,39,Ohio,nonmetro_adjacent,Q2,suppressed_1_9,6.183611111111111,6.0,3.0,9.0,1.957130051340322,1.8990166258905594,0.9495083129452797,2.8485249388358396,0.0,Corrected constrained Bayesian posterior summary; not an observed or recovered suppressed count.
39007,Ashtabula County,39,Ohio,metro_large,Q4_highest,exact,23.0,23.0,23.0,23.0,3.95286806357464,3.9528680635758677,3.9528680635758677,3.9528680635758677,1.0,Corrected constrained Bayesian posterior summary; not an observed or recovered suppressed count.
39009,Athens County,39,Ohio,nonmetro_adjacent,Q3,suppressed_1_9,7.592361111111111,8.0,5.0,9.0,2.0097999854700994,2.1177074757721033,1.3235671723575644,2.382420910243616,0.0,Corrected constrained Bayesian posterior summary; not an observed or recovered suppressed count.
39011,Auglaize County,39,Ohio,nonmetro_adjacent,Q1_lowest,suppressed_1_9,5.596444444444445,5.0,3.0,9.0,2.0321370401437844,1.8155608085781616,1.089336485146897,3.268009455440691,0.0475,Corrected constrained Bayesian posterior summary; not an observed or recovered suppressed count.
39013,Belmont County,39,Ohio,metro_other,Q2,exact,10.0,10.0,10.0,10.0,2.538676740135997,2.5386767401359718,2.5386767401359718,2.5386767401359718,0.0,Corrected constrained Bayesian posterior summary; not an observed or recovered suppressed count.
39015,Brown County,39,Ohio,metro_large,Q2,suppressed_1_9,6.5433055555555555,6.0,4.0,9.0,2.4949974855021213,2.2878321646324027,1.5252214430882682,3.4317482469486036,0.2753055555555556,Corrected constrained Bayesian posterior summary; not an observed or recovered suppressed count.
39017,Butler County,39,Ohio,metro_large,Q2,exact,56.0,56.0,56.0,56.0,2.393140916257057,2.3931409162567343,2.3931409162567343,2.3931409162567343,0.0,Corrected constrained Bayesian posterior summary; not an observed or recovered suppressed count.
39019,Carroll County,39,Ohio,metro_other,Q2,suppressed_1_9,4.254472222222223,4.0,3.0,7.0,2.65276141029778,2.494092119292426,1.8705690894693197,4.364661208761746,0.3531666666666667,Corrected constrained Bayesian posterior summary; not an observed or recovered suppressed count.
39021,Champaign County,39,Ohio,nonmetro_adjacent,Q1_lowest,suppressed_1_9,6.438722222222222,6.0,4.0,9.0,2.763340796215319,2.5750520375099244,1.7167013583399497,3.862578056264887,0.46697222222222223,Corrected constrained Bayesian posterior summary; not an observed or recovered suppressed count.
39023,Clark County,39,Ohio,metro_other,Q3,exact,45.0,45.0,45.0,45.0,5.5711340972024015,5.57113409719772,5.57113409719772,5.57113409719772,1.0,Corrected constrained Bayesian posterior summary; not an observed or recovered suppressed count.
39025,Clermont County,39,Ohio,metro_large,Q1_lowest,exact,34.0,34.0,34.0,34.0,2.697515667411249,2.697515667409012,2.697515667409012,2.697515667409012,0.0,Corrected constrained Bayesian posterior summary; not an observed or recovered suppressed count.
39027,Clinton County,39,Ohio,nonmetro_adjacent,Q2,suppressed_1_9,6.7585,7.0,4.0,9.0,2.683925437028765,2.779829556736321,1.588474032420755,3.5740665729466987,0.33325,Corrected constrained Bayesian posterior summary; not an observed or recovered suppressed count.
39029,Columbiana County,39,Ohio,nonmetro_adjacent,Q2,exact,15.0,15.0,15.0,15.0,2.4800480137303116,2.480048013729546,2.480048013729546,2.480048013729546,0.0,Corrected constrained Bayesian posterior summary; not an observed or recovered suppressed count.
39031,Coshocton County,39,Ohio,nonmetro_nonadjacent,Q3,suppressed_1_9,6.733388888888889,7.0,4.0,9.0,3.0591017622508363,3.18022806778429,1.8172731815910228,4.088864658579801,0.5571666666666667,Corrected constrained Bayesian posterior summary; not an observed or recovered suppressed count.
39033,Crawford County,39,Ohio,nonmetro_adjacent,Q2,suppressed_1_9,7.835138888888889,8.0,5.0,9.0,3.143322069015193,3.2094614924798304,2.005913432799894,3.610644179039809,0.6531666666666667,Corrected constrained Bayesian posterior summary; not an observed or recovered suppressed count.
39035,Cuyahoga County,39,Ohio,metro_large,Q3,exact,215.0,215.0,215.0,215.0,2.896767948001789,2.896767948003689,2.896767948003689,2.896767948003689,0.0,Corrected constrained Bayesian posterior summary; not an observed or recovered suppressed count.
39037,Darke County,39,Ohio,nonmetro_adjacent,Q1_lowest,exact,16.0,16.0,16.0,16.0,5.189396765056373,5.189396765059791,5.189396765059791,5.189396765059791,1.0,Corrected constrained Bayesian posterior summary; not an observed or recovered suppressed count.
39039,Defiance County,39,Ohio,nonmetro_adjacent,Q2,suppressed_1_9,6.440305555555556,6.0,4.0,9.0,2.810458229388009,2.618315114223997,1.7455434094826645,3.927472671335995,0.4678611111111111,Corrected constrained Bayesian posterior summary; not an observed or recovered suppressed count.
39041,Delaware County,39,Ohio,metro_large,Q1_lowest,exact,22.0,22.0,22.0,22.0,1.6425645210547062,1.6425645210543176,1.6425645210543176,1.6425645210543176,0.0,Corrected constrained Bayesian posterior summary; not an observed or recovered suppressed count.
39043,Erie County,39,Ohio,metro_other,Q2,suppressed_1_9,8.54963888888889,9.0,7.0,9.0,1.9203436749277532,2.021499773142803,1.5722776013332915,2.021499773142803,0.0,Corrected constrained Bayesian posterior summary; not an observed or recovered suppressed count.
39045,Fairfield County,39,Ohio,metro_large,Q1_lowest,exact,33.0,33.0,33.0,33.0,3.386814208610824,3.386814208609282,3.386814208609282,3.386814208609282,1.0,Corrected constrained Bayesian posterior summary; not an observed or recovered suppressed count.
39047,Fayette County,39,Ohio,nonmetro_adjacent,Q2,exact,10.0,10.0,10.0,10.0,5.798849508255345,5.798849508257562,5.798849508257562,5.798849508257562,1.0,Corrected constrained Bayesian posterior summary; not an observed or recovered suppressed count.
39049,Franklin County,39,Ohio,metro_large,Q3,exact,218.0,218.0,218.0,218.0,2.7362940537084404,2.7362940537066742,2.7362940537066742,2.7362940537066742,0.0,Corrected constrained Bayesian posterior summary; not an observed or recovered suppressed count.
39051,Fulton County,39,Ohio,metro_other,Q1_lowest,suppressed_1_9,6.535416666666666,6.0,4.0,9.0,2.586532157100519,2.3746294588615235,1.5830863059076825,3.561944188292285,0.27208333333333334,Corrected constrained Bayesian posterior summary; not an observed or recovered suppressed count.
39053,Gallia County,39,Ohio,nonmetro_adjacent,Q3,suppressed_1_9,5.2426111111111116,5.0,3.0,9.0,2.9821790413489513,2.8441734263188434,1.706504055791306,5.119512167373918,0.39866666666666667,Corrected constrained Bayesian posterior summary; not an observed or recovered suppressed count.
39055,Geauga County,39,Ohio,metro_large,Q1_lowest,suppressed_1_9,7.00575,7.0,4.0,9.0,1.2318386982763205,1.2308276612691942,0.7033300921538254,1.5824927073461068,0.0,Corrected constrained Bayesian posterior summary; not an observed or recovered suppressed count.
39057,Greene County,39,Ohio,metro_other,Q1_lowest,exact,27.0,27.0,27.0,27.0,2.6523505228552624,2.6523505228568762,2.6523505228568762,2.6523505228568762,0.0,Corrected constrained Bayesian posterior summary; not an observed or recovered suppressed count.
39059,Guernsey County,39,Ohio,nonmetro_adjacent,Q3,suppressed_1_9,6.880722222222222,7.0,4.0,9.0,2.987111715031084,3.038893495465537,1.7365105688374496,3.907148779884262,0.6001111111111112,Corrected constrained Bayesian posterior summary; not an observed or recovered suppressed count.
39061,Hamilton County,39,Ohio,metro_large,Q3,exact,133.0,133.0,133.0,133.0,2.6862983233258353,2.686298323325694,2.686298323325694,2.686298323325694,0.0,Corrected constrained Bayesian posterior summary; not an observed or recovered suppressed count.
39063,Hancock County,39,Ohio,nonmetro_adjacent,Q1_lowest,exact,16.0,16.0,16.0,16.0,3.552184926749855,3.552184926747286,3.552184926747286,3.552184926747286,1.0,Corrected constrained Bayesian posterior summary; not an observed or recovered suppressed count.
39065,Hardin County,39,Ohio,nonmetro_adjacent,Q3,suppressed_1_9,3.2451666666666665,3.0,2.0,6.0,1.7575547503896858,1.624774562529449,1.0831830416862993,3.249549125058898,0.05225,Corrected constrained Bayesian posterior summary; not an observed or recovered suppressed count.
39067,Harrison County,39,Ohio,nonmetro_adjacent,Q3,suppressed_1_9,2.8232222222222223,3.0,2.0,5.0,3.2409852166487534,3.4439214785902883,2.2959476523935254,5.739869130983814,0.5335555555555556,Corrected constrained Bayesian posterior summary; not an observed or recovered suppressed count.
39069,Henry County,39,Ohio,nonmetro_adjacent,Q1_lowest,suppressed_1_9,5.938916666666667,6.0,4.0,9.0,3.6209373882210896,3.6581796897863623,2.438786459857575,5.487269534679544,0.845,Corrected constrained Bayesian posterior summary; not an observed or recovered suppressed count.
39071,Highland County,39,Ohio,nonmetro_adjacent,Q2,suppressed_1_9,4.180805555555556,4.0,2.0,8.0,1.604244502513887,1.5348664090649211,0.7674332045324606,3.0697328181298422,0.036166666666666666,Corrected constrained Bayesian posterior summary; not an observed or recovered suppressed count.
39073,Hocking County,39,Ohio,metro_large,Q2,suppressed_1_9,4.344277777777778,4.0,3.0,7.0,2.5969630971335054,2.391157499566603,1.793368124674952,4.184525624241555,0.38605555555555554,Corrected constrained Bayesian posterior summary; not an observed or recovered suppressed count.
39075,Holmes County,39,Ohio,nonmetro_nonadjacent,Q2,suppressed_1_9,7.678527777777778,8.0,5.0,9.0,2.8901523183169155,3.011152556280323,1.881970347675202,3.387546625815364,0.5953611111111111,Corrected constrained Bayesian posterior summary; not an observed or recovered suppressed count.
39077,Huron County,39,Ohio,nonmetro_adjacent,Q2,suppressed_1_9,7.5681666666666665,8.0,5.0,9.0,2.1673057519585206,2.290970426435508,1.4318565165221924,2.577341729739946,0.0,Corrected constrained Bayesian posterior summary; not an observed or recovered suppressed count.
39079,Jackson County,39,Ohio,nonmetro_nonadjacent,Q3,suppressed_1_9,1.7315833333333333,1.0,1.0,4.0,0.8864821602873151,0.5119488870231196,0.5119488870231196,2.0477955480924783,0.0026666666666666666,Corrected constrained Bayesian posterior summary; not an observed or recovered suppressed count.
39081,Jefferson County,39,Ohio,metro_other,Q2,exact,12.0,12.0,12.0,12.0,3.098301356280241,3.098301356281419,3.098301356281419,3.098301356281419,1.0,Corrected constrained Bayesian posterior summary; not an observed or recovered suppressed count.
39083,Knox County,39,Ohio,nonmetro_adjacent,Q2,exact,13.0,13.0,13.0,13.0,3.439217128357475,3.4392171283595196,3.4392171283595196,3.4392171283595196,1.0,Corrected constrained Bayesian posterior summary; not an observed or recovered suppressed count.
39085,Lake County,39,Ohio,metro_large,Q1_lowest,exact,41.0,41.0,41.0,41.0,2.9547782006556953,2.9547782006553844,2.9547782006553844,2.9547782006553844,1.0,Corrected constrained Bayesian posterior summary; not an observed or recovered suppressed count.
39087,Lawrence County,39,Ohio,metro_other,Q2,suppressed_1_9,7.169194444444445,7.0,4.0,9.0,2.0804455162219293,2.031346579647648,1.1607694740843706,2.6117313166898337,0.0,Corrected constrained Bayesian posterior summary; not an observed or recovered suppressed count.
39089,Licking County,39,Ohio,metro_large,Q1_lowest,exact,20.0,20.0,20.0,20.0,1.8436221275204403,1.843622127521499,1.843622127521499,1.843622127521499,0.0,Corrected constrained Bayesian posterior summary; not an observed or recovered suppressed count.
39091,Logan County,39,Ohio,nonmetro_adjacent,Q1_lowest,exact,10.0,10.0,10.0,10.0,3.6335228821115058,3.6335228821103502,3.6335228821103502,3.6335228821103502,1.0,Corrected constrained Bayesian posterior summary; not an observed or recovered suppressed count.
39093,Lorain County,39,Ohio,metro_large,Q2,exact,35.0,35.0,35.0,35.0,1.848128215744089,1.8481282157430952,1.8481282157430952,1.8481282157430952,0.0,Corrected constrained Bayesian posterior summary; not an observed or recovered suppressed count.
39095,Lucas County,39,Ohio,metro_other,Q3,exact,113.0,113.0,113.0,113.0,4.406744893535878,4.406744893538113,4.406744893538113,4.406744893538113,1.0,Corrected constrained Bayesian posterior summary; not an observed or recovered suppressed count.
39097,Madison County,39,Ohio,metro_large,Q1_lowest,suppressed_1_9,6.060638888888889,6.0,4.0,9.0,2.2669390530312836,2.2442575061062504,1.4961716707375003,3.366386259159376,0.16741666666666666,Corrected constrained Bayesian posterior summary; not an observed or recovered suppressed count.
39099,Mahoning County,39,Ohio,metro_other,Q3,exact,40.0,40.0,40.0,40.0,2.9443416378489915,2.944341637848923,2.944341637848923,2.944341637848923,1.0,Corrected constrained Bayesian posterior summary; not an observed or recovered suppressed count.
39101,Marion County,39,Ohio,nonmetro_adjacent,Q3,exact,11.0,11.0,11.0,11.0,2.822879696566865,2.822879696566095,2.822879696566095,2.822879696566095,0.0,Corrected constrained Bayesian posterior summary; not an observed or recovered suppressed count.
39103,Medina County,39,Ohio,metro_large,Q1_lowest,exact,16.0,16.0,16.0,16.0,1.4599485915605042,1.4599485915602197,1.4599485915602197,1.4599485915602197,0.0,Corrected constrained Bayesian posterior summary; not an observed or recovered suppressed count.
39105,Meigs County,39,Ohio,nonmetro_adjacent,Q3,suppressed_1_9,4.433638888888889,4.0,3.0,7.0,3.337050668660089,3.010665281760637,2.2579989613204776,5.268664243081115,0.7394444444444445,Corrected constrained Bayesian posterior summary; not an observed or recovered suppressed count.
39107,Mercer County,39,Ohio,nonmetro_nonadjacent,Q1_lowest,suppressed_1_9,6.4815,6.0,4.0,9.0,2.57008604623546,2.3791585709187517,1.5861057139458345,3.5687378563781276,0.2579444444444444,Corrected constrained Bayesian posterior summary; not an observed or recovered suppressed count.
39109,Miami County,39,Ohio,metro_other,Q1_lowest,exact,19.0,19.0,19.0,19.0,2.8926374764012963,2.892637476402168,2.892637476402168,2.892637476402168,0.0,Corrected constrained Bayesian posterior summary; not an observed or recovered suppressed count.
39111,Monroe County,39,Ohio,nonmetro_adjacent,Q2,suppressed_1_9,1.3477222222222223,1.0,1.0,3.0,1.6845053835570059,1.2498906345694751,1.2498906345694751,3.7496719037084256,0.059444444444444446,Corrected constrained Bayesian posterior summary; not an observed or recovered suppressed count.
39113,Montgomery County,39,Ohio,metro_other,Q3,exact,148.0,148.0,148.0,148.0,4.618839622650545,4.618839622653286,4.618839622653286,4.618839622653286,1.0,Corrected constrained Bayesian posterior summary; not an observed or recovered suppressed count.
39115,Morgan County,39,Ohio,nonmetro_adjacent,Q3,suppressed_1_9,4.048861111111111,4.0,3.0,7.0,4.858186380185215,4.799558440623462,3.599668830467597,8.399227271091059,1.0,Corrected constrained Bayesian posterior summary; not an observed or recovered suppressed count.
39117,Morrow County,39,Ohio,metro_large,Q1_lowest,suppressed_1_9,1.5330277777777779,1.0,1.0,4.0,0.720573711887314,0.47003304332294565,0.47003304332294565,1.8801321732917826,0.00030555555555555555,Corrected constrained Bayesian posterior summary; not an observed or recovered suppressed count.
39119,Muskingum County,39,Ohio,nonmetro_adjacent,Q3,exact,16.0,16.0,16.0,16.0,3.090933326635065,3.0909333266363115,3.0909333266363115,3.0909333266363115,1.0,Corrected constrained Bayesian posterior summary; not an observed or recovered suppressed count.
39121,Noble County,39,Ohio,nonmetro_nonadjacent,Q3,zero,0.0,0.0,0.0,0.0,0.0,0.0,0.0,0.0,0.0,Corrected constrained Bayesian posterior summary; not an observed or recovered suppressed count.
39123,Ottawa County,39,Ohio,metro_other,Q1_lowest,suppressed_1_9,8.186972222222222,8.0,6.0,9.0,3.4062000882938785,3.328410060119406,2.496307545089555,3.744461317634333,0.7835833333333333,Corrected constrained Bayesian posterior summary; not an observed or recovered suppressed count.
39125,Paulding County,39,Ohio,nonmetro_adjacent,Q1_lowest,suppressed_1_9,3.998972222222222,4.0,3.0,7.0,3.5575196133957308,3.558433933225987,2.6688254499194906,6.227259383145478,0.6119166666666667,Corrected constrained Bayesian posterior summary; not an observed or recovered suppressed count.
39127,Perry County,39,Ohio,metro_large,Q2,suppressed_1_9,6.108666666666666,6.0,4.0,9.0,2.8475711892794515,2.796915934030076,1.8646106226867174,4.195373901045114,0.3730277777777778,Corrected constrained Bayesian posterior summary; not an observed or recovered suppressed count.
39129,Pickaway County,39,Ohio,metro_large,Q2,exact,11.0,11.0,11.0,11.0,3.057976453579881,3.0579764535813077,3.0579764535813077,3.0579764535813077,1.0,Corrected constrained Bayesian posterior summary; not an observed or recovered suppressed count.
39131,Pike County,39,Ohio,nonmetro_nonadjacent,Q3,suppressed_1_9,4.794944444444444,5.0,3.0,8.0,2.930411511818651,3.055730411240199,1.8334382467441193,4.889168657984318,0.5225277777777778,Corrected constrained Bayesian posterior summary; not an observed or recovered suppressed count.
39133,Portage County,39,Ohio,metro_other,Q2,exact,21.0,21.0,21.0,21.0,2.152345031156766,2.1523450311577568,2.1523450311577568,2.1523450311577568,0.0,Corrected constrained Bayesian posterior summary; not an observed or recovered suppressed count.
39135,Preble County,39,Ohio,nonmetro_adjacent,Q1_lowest,exact,19.0,19.0,19.0,19.0,7.769753576134718,7.7697535761313175,7.7697535761313175,7.7697535761313175,1.0,Corrected constrained Bayesian posterior summary; not an observed or recovered suppressed count.
39137,Putnam County,39,Ohio,nonmetro_adjacent,Q1_lowest,suppressed_1_9,5.022583333333333,5.0,3.0,8.0,2.4551665591246836,2.444127251041198,1.466476350624719,3.910603601665917,0.3373333333333333,Corrected constrained Bayesian posterior summary; not an observed or recovered suppressed count.
39139,Richland County,39,Ohio,metro_other,Q3,exact,11.0,11.0,11.0,11.0,1.4815293693005325,1.481529369299479,1.481529369299479,1.481529369299479,0.0,Corrected constrained Bayesian posterior summary; not an observed or recovered suppressed count.
39141,Ross County,39,Ohio,nonmetro_adjacent,Q3,exact,15.0,15.0,15.0,15.0,3.267048548340278,3.267048548341428,3.267048548341428,3.267048548341428,1.0,Corrected constrained Bayesian posterior summary; not an observed or recovered suppressed count.
39143,Sandusky County,39,Ohio,nonmetro_adjacent,Q2,exact,21.0,21.0,21.0,21.0,5.968859606740829,5.968859606737421,5.968859606737421,5.968859606737421,1.0,Corrected constrained Bayesian posterior summary; not an observed or recovered suppressed count.
39145,Scioto County,39,Ohio,nonmetro_adjacent,Q3,exact,27.0,27.0,27.0,27.0,6.15079003481391,6.1507900348089155,6.1507900348089155,6.1507900348089155,1.0,Corrected constrained Bayesian posterior summary; not an observed or recovered suppressed count.
39147,Seneca County,39,Ohio,nonmetro_adjacent,Q1_lowest,suppressed_1_9,7.064972222222222,7.0,4.0,9.0,2.147989037223394,2.128235297694513,1.2161344558254361,2.7363025256072313,0.0,Corrected constrained Bayesian posterior summary; not an observed or recovered suppressed count.
39149,Shelby County,39,Ohio,nonmetro_adjacent,Q1_lowest,exact,12.0,12.0,12.0,12.0,4.162446408503307,4.162446408502491,4.162446408502491,4.162446408502491,1.0,Corrected constrained Bayesian posterior summary; not an observed or recovered suppressed count.
39151,Stark County,39,Ohio,metro_other,Q2,exact,53.0,53.0,53.0,53.0,2.3727702674860356,2.372770267487317,2.372770267487317,2.372770267487317,0.0,Corrected constrained Bayesian posterior summary; not an observed or recovered suppressed count.
39153,Summit County,39,Ohio,metro_other,Q2,exact,86.0,86.0,86.0,86.0,2.6646035612106247,2.664603561211676,2.664603561211676,2.664603561211676,0.0,Corrected constrained Bayesian posterior summary; not an observed or recovered suppressed count.
39155,Trumbull County,39,Ohio,metro_other,Q3,exact,34.0,34.0,34.0,34.0,2.8394262688673777,2.8394262688686136,2.8394262688686136,2.8394262688686136,0.0,Corrected constrained Bayesian posterior summary; not an observed or recovered suppressed count.
39157,Tuscarawas County,39,Ohio,nonmetro_adjacent,Q2,exact,12.0,12.0,12.0,12.0,2.173432683355109,2.1734326833562148,2.1734326833562148,2.1734326833562148,0.0,Corrected constrained Bayesian posterior summary; not an observed or recovered suppressed count.
39159,Union County,39,Ohio,metro_large,Q1_lowest,exact,10.0,10.0,10.0,10.0,2.549485513823962,2.549485513823311,2.549485513823311,2.549485513823311,0.0,Corrected constrained Bayesian posterior summary; not an observed or recovered suppressed count.
39161,Van Wert County,39,Ohio,nonmetro_adjacent,Q1_lowest,suppressed_1_9,3.28825,3.0,2.0,6.0,1.9170563063322454,1.749005981600457,1.1660039877336381,3.498011963200914,0.05622222222222222,Corrected constrained Bayesian posterior summary; not an observed or recovered suppressed count.
39163,Vinton County,39,Ohio,nonmetro_adjacent,Q2,suppressed_1_9,2.5530833333333334,2.0,2.0,4.0,3.344490002663218,2.619961486566148,2.619961486566148,5.239922973132296,0.4098333333333333,Corrected constrained Bayesian posterior summary; not an observed or recovered suppressed count.
39165,Warren County,39,Ohio,metro_large,Q1_lowest,exact,42.0,42.0,42.0,42.0,2.8425395519053045,2.842539551907479,2.842539551907479,2.842539551907479,0.0,Corrected constrained Bayesian posterior summary; not an observed or recovered suppressed count.
39167,Washington County,39,Ohio,nonmetro_adjacent,Q2,exact,12.0,12.0,12.0,12.0,3.38222527875061,3.3822252787517333,3.3822252787517333,3.3822252787517333,1.0,Corrected constrained Bayesian posterior summary; not an observed or recovered suppressed count.
39169,Wayne County,39,Ohio,nonmetro_adjacent,Q2,exact,13.0,13.0,13.0,13.0,1.8629579473058269,1.8629579473069509,1.8629579473069509,1.8629579473069509,0.0,Corrected constrained Bayesian posterior summary; not an observed or recovered suppressed count.
39171,Williams County,39,Ohio,nonmetro_nonadjacent,Q1_lowest,exact,12.0,12.0,12.0,12.0,5.460253901808272,5.460253901806434,5.460253901806434,5.460253901806434,1.0,Corrected constrained Bayesian posterior summary; not an observed or recovered suppressed count.
39173,Wood County,39,Ohio,metro_other,Q1_lowest,exact,21.0,21.0,21.0,21.0,2.65244953714612,2.652449537147556,2.652449537147556,2.652449537147556,0.0,Corrected constrained Bayesian posterior summary; not an observed or recovered suppressed count.
39175,Wyandot County,39,Ohio,nonmetro_nonadjacent,Q1_lowest,suppressed_1_9,4.079527777777778,4.0,3.0,7.0,3.1475651982324067,3.0862054332646656,2.314654074948499,5.4008595082131645,0.6394722222222222,Corrected constrained Bayesian posterior summary; not an observed or recovered suppressed count.
40001,Adair County,40,Oklahoma,nonmetro_adjacent,Q4_highest,suppressed_1_9,4.995472222222222,5.0,3.0,8.0,4.075042396193097,4.078735918164242,2.4472415508985454,6.525977469062789,0.8454722222222222,Corrected constrained Bayesian posterior summary; not an observed or recovered suppressed count.
40003,Alfalfa County,40,Oklahoma,nonmetro_adjacent,Q2,zero,0.0,0.0,0.0,0.0,0.0,0.0,0.0,0.0,0.0,Corrected constrained Bayesian posterior summary; not an observed or recovered suppressed count.
40005,Atoka County,40,Oklahoma,nonmetro_nonadjacent,Q4_highest,suppressed_1_9,4.26975,4.0,3.0,7.0,5.000819854535584,4.684883053606774,3.5136622902050805,8.198545343811855,1.0,Corrected constrained Bayesian posterior summary; not an observed or recovered suppressed count.
40007,Beaver County,40,Oklahoma,nonmetro_nonadjacent,Q2,zero,0.0,0.0,0.0,0.0,0.0,0.0,0.0,0.0,0.0,Corrected constrained Bayesian posterior summary; not an observed or recovered suppressed count.
40009,Beckham County,40,Oklahoma,nonmetro_nonadjacent,Q4_highest,exact,10.0,10.0,10.0,10.0,7.5946290783161405,7.5946290783158155,7.5946290783158155,7.5946290783158155,1.0,Corrected constrained Bayesian posterior summary; not an observed or recovered suppressed count.
40011,Blaine County,40,Oklahoma,nonmetro_adjacent,Q4_highest,suppressed_1_9,3.795138888888889,4.0,3.0,6.0,7.166183064045067,7.553012707943881,5.664759530957911,11.329519061915821,1.0,Corrected constrained Bayesian posterior summary; not an observed or recovered suppressed count.
40013,Bryan County,40,Oklahoma,nonmetro_adjacent,Q4_highest,exact,19.0,19.0,19.0,19.0,6.516847766439434,6.516847766436175,6.516847766436175,6.516847766436175,1.0,Corrected constrained Bayesian posterior summary; not an observed or recovered suppressed count.
40015,Caddo County,40,Oklahoma,nonmetro_adjacent,Q4_highest,exact,11.0,11.0,11.0,11.0,6.766607407594936,6.766607407589673,6.766607407589673,6.766607407589673,1.0,Corrected constrained Bayesian posterior summary; not an observed or recovered suppressed count.
40017,Canadian County,40,Oklahoma,metro_large,Q2,exact,19.0,19.0,19.0,19.0,1.9192442622165165,1.9192442622172525,1.9192442622172525,1.9192442622172525,0.0,Corrected constrained Bayesian posterior summary; not an observed or recovered suppressed count.
40019,Carter County,40,Oklahoma,nonmetro_nonadjacent,Q4_highest,exact,13.0,13.0,13.0,13.0,4.467415359659286,4.4674153596613015,4.4674153596613015,4.4674153596613015,1.0,Corrected constrained Bayesian posterior summary; not an observed or recovered suppressed count.
40021,Cherokee County,40,Oklahoma,nonmetro_adjacent,Q4_highest,suppressed_1_9,7.913277777777778,8.0,5.0,9.0,2.7257557404129167,2.755627508051599,1.7222671925322497,3.100080946558049,0.3933611111111111,Corrected constrained Bayesian posterior summary; not an observed or recovered suppressed count.
40023,Choctaw County,40,Oklahoma,nonmetro_nonadjacent,Q4_highest,suppressed_1_9,4.641694444444444,4.0,3.0,8.0,5.3702803841643805,4.6278620434324855,3.4708965325743635,9.255724086864971,1.0,Corrected constrained Bayesian posterior summary; not an observed or recovered suppressed count.
40025,Cimarron County,40,Oklahoma,nonmetro_nonadjacent,Q2,zero,0.0,0.0,0.0,0.0,0.0,0.0,0.0,0.0,0.0,Corrected constrained Bayesian posterior summary; not an observed or recovered suppressed count.
40027,Cleveland County,40,Oklahoma,metro_large,Q3,exact,43.0,43.0,43.0,43.0,2.424708569766473,2.424708569765914,2.424708569765914,2.424708569765914,0.0,Corrected constrained Bayesian posterior summary; not an observed or recovered suppressed count.
40029,Coal County,40,Oklahoma,nonmetro_nonadjacent,Q4_highest,suppressed_1_9,2.36,2.0,2.0,4.0,7.294983153538199,6.182189113164972,6.182189113164972,12.364378226329944,1.0,Corrected constrained Bayesian posterior summary; not an observed or recovered suppressed count.
40031,Comanche County,40,Oklahoma,metro_other,Q4_highest,exact,26.0,26.0,26.0,26.0,3.562000035617425,3.56200003562,3.56200003562,3.56200003562,1.0,Corrected constrained Bayesian posterior summary; not an observed or recovered suppressed count.
40033,Cotton County,40,Oklahoma,metro_other,Q2,suppressed_1_9,3.3846666666666665,3.0,3.0,5.0,10.185881810061247,9.028258448945198,9.028258448945198,15.047097414908663,1.0,Corrected constrained Bayesian posterior summary; not an observed or recovered suppressed count.
40035,Craig County,40,Oklahoma,nonmetro_adjacent,Q4_highest,suppressed_1_9,4.390888888888889,4.0,3.0,7.0,5.131101606665286,4.674316965433426,3.5057377240750696,8.180054689508497,1.0,Corrected constrained Bayesian posterior summary; not an observed or recovered suppressed count.
40037,Creek County,40,Oklahoma,metro_large,Q3,exact,13.0,13.0,13.0,13.0,2.988244705061408,2.9882447050602474,2.9882447050602474,2.9882447050602474,1.0,Corrected constrained Bayesian posterior summary; not an observed or recovered suppressed count.
40039,Custer County,40,Oklahoma,nonmetro_nonadjacent,Q4_highest,suppressed_1_9,6.94825,7.0,4.0,9.0,4.081635650171593,4.11203534000658,2.3497344800037596,5.286902580008459,0.955,Corrected constrained Bayesian posterior summary; not an observed or recovered suppressed count.
40041,Delaware County,40,Oklahoma,nonmetro_adjacent,Q4_highest,exact,17.0,17.0,17.0,17.0,6.745175215850275,6.745175215845607,6.745175215845607,6.745175215845607,1.0,Corrected constrained Bayesian posterior summary; not an observed or recovered suppressed count.
40043,Dewey County,40,Oklahoma,nonmetro_nonadjacent,Q2,suppressed_1_9,2.225361111111111,2.0,2.0,3.0,8.218336328795385,7.3860698722209905,7.3860698722209905,11.079104808331486,1.0,Corrected constrained Bayesian posterior summary; not an observed or recovered suppressed count.
40045,Ellis County,40,Oklahoma,nonmetro_nonadjacent,Q3,zero,0.0,0.0,0.0,0.0,0.0,0.0,0.0,0.0,0.0,Corrected constrained Bayesian posterior summary; not an observed or recovered suppressed count.
40047,Garfield County,40,Oklahoma,metro_other,Q4_highest,exact,30.0,30.0,30.0,30.0,8.112471302131745,8.112471302132768,8.112471302132768,8.112471302132768,1.0,Corrected constrained Bayesian posterior summary; not an observed or recovered suppressed count.
40049,Garvin County,40,Oklahoma,nonmetro_adjacent,Q3,exact,10.0,10.0,10.0,10.0,6.291959504946557,6.291959504948626,6.291959504948626,6.291959504948626,1.0,Corrected constrained Bayesian posterior summary; not an observed or recovered suppressed count.
40051,Grady County,40,Oklahoma,metro_large,Q2,exact,12.0,12.0,12.0,12.0,3.533215166913798,3.533215166914973,3.533215166914973,3.533215166914973,1.0,Corrected constrained Bayesian posterior summary; not an observed or recovered suppressed count.
40053,Grant County,40,Oklahoma,nonmetro_adjacent,Q1_lowest,zero,0.0,0.0,0.0,0.0,0.0,0.0,0.0,0.0,0.0,Corrected constrained Bayesian posterior summary; not an observed or recovered suppressed count.
40055,Greer County,40,Oklahoma,nonmetro_nonadjacent,Q3,zero,0.0,0.0,0.0,0.0,0.0,0.0,0.0,0.0,0.0,Corrected constrained Bayesian posterior summary; not an observed or recovered suppressed count.
40057,Harmon County,40,Oklahoma,nonmetro_nonadjacent,Q4_highest,zero,0.0,0.0,0.0,0.0,0.0,0.0,0.0,0.0,0.0,Corrected constrained Bayesian posterior summary; not an observed or recovered suppressed count.
40059,Harper County,40,Oklahoma,nonmetro_nonadjacent,Q2,suppressed_1_9,1.0756666666666668,1.0,1.0,2.0,5.3764515752848,4.9982506122857,4.9982506122857,9.9965012245714,1.0,Corrected constrained Bayesian posterior summary; not an observed or recovered suppressed count.
40061,Haskell County,40,Oklahoma,nonmetro_adjacent,Q4_highest,suppressed_1_9,5.658833333333333,5.0,4.0,9.0,7.84152058938933,6.928566479595371,5.542853183676297,12.47141966327167,1.0,Corrected constrained Bayesian posterior summary; not an observed or recovered suppressed count.
40063,Hughes County,40,Oklahoma,nonmetro_nonadjacent,Q4_highest,suppressed_1_9,5.4270555555555555,5.0,4.0,8.0,6.781784908972832,6.248125562331301,4.99850044986504,9.99700089973008,1.0,Corrected constrained Bayesian posterior summary; not an observed or recovered suppressed count.
40065,Jackson County,40,Oklahoma,nonmetro_nonadjacent,Q3,suppressed_1_9,5.004166666666666,5.0,3.0,8.0,3.3954638186619275,3.392636621476747,2.0355819728860483,5.428218594362795,0.5845833333333333,Corrected constrained Bayesian posterior summary; not an observed or recovered suppressed count.
40067,Jefferson County,40,Oklahoma,nonmetro_adjacent,Q4_highest,suppressed_1_9,1.2159166666666668,1.0,1.0,3.0,3.6297103396111305,2.9851637362309322,2.9851637362309322,8.955491208692797,1.0,Corrected constrained Bayesian posterior summary; not an observed or recovered suppressed count.
40069,Johnston County,40,Oklahoma,nonmetro_nonadjacent,Q4_highest,suppressed_1_9,3.962,4.0,3.0,6.0,6.27643564356275,6.336633663366337,4.752475247524752,9.504950495049505,1.0,Corrected constrained Bayesian posterior summary; not an observed or recovered suppressed count.
40071,Kay County,40,Oklahoma,nonmetro_adjacent,Q4_highest,exact,13.0,13.0,13.0,13.0,4.975314784337909,4.97531478433924,4.97531478433924,4.97531478433924,1.0,Corrected constrained Bayesian posterior summary; not an observed or recovered suppressed count.
40073,Kingfisher County,40,Oklahoma,nonmetro_adjacent,Q2,suppressed_1_9,2.804638888888889,3.0,2.0,5.0,3.003822348840364,3.213057867172188,2.142038578114792,5.355096445286979,0.5327222222222222,Corrected constrained Bayesian posterior summary; not an observed or recovered suppressed count.
40075,Kiowa County,40,Oklahoma,nonmetro_adjacent,Q3,suppressed_1_9,5.082638888888889,5.0,4.0,8.0,9.993587937020443,9.831101673253505,7.864881338602804,15.729762677205608,1.0,Corrected constrained Bayesian posterior summary; not an observed or recovered suppressed count.
40077,Latimer County,40,Oklahoma,nonmetro_nonadjacent,Q4_highest,suppressed_1_9,1.3473333333333333,1.0,1.0,3.0,2.3111538043696833,1.7153541348611423,1.7153541348611423,5.146062404583426,0.27858333333333335,Corrected constrained Bayesian posterior summary; not an observed or recovered suppressed count.
40079,Le Flore County,40,Oklahoma,nonmetro_adjacent,Q4_highest,exact,17.0,17.0,17.0,17.0,5.731219300047207,5.731219300049558,5.731219300049558,5.731219300049558,1.0,Corrected constrained Bayesian posterior summary; not an observed or recovered suppressed count.
40081,Lincoln County,40,Oklahoma,metro_large,Q2,suppressed_1_9,7.583611111111111,8.0,5.0,9.0,3.6552279627290596,3.8559234213608518,2.4099521383505325,4.337913849030959,0.8074722222222223,Corrected constrained Bayesian posterior summary; not an observed or recovered suppressed count.
40083,Logan County,40,Oklahoma,metro_large,Q2,suppressed_1_9,4.404361111111111,4.0,2.0,8.0,1.437009122860758,1.3050783862705755,0.6525391931352877,2.610156772541151,0.016027777777777776,Corrected constrained Bayesian posterior summary; not an observed or recovered suppressed count.
40085,Love County,40,Oklahoma,nonmetro_nonadjacent,Q4_highest,suppressed_1_9,5.313111111111111,5.0,4.0,8.0,8.62014262949135,8.112142254526576,6.48971380362126,12.97942760724252,1.0,Corrected constrained Bayesian posterior summary; not an observed or recovered suppressed count.
40087,McClain County,40,Oklahoma,metro_large,Q2,suppressed_1_9,3.99275,4.0,2.0,8.0,1.5001878639858515,1.5029118917903437,0.7514559458951718,3.0058237835806874,0.025666666666666667,Corrected constrained Bayesian posterior summary; not an observed or recovered suppressed count.
40089,McCurtain County,40,Oklahoma,nonmetro_nonadjacent,Q4_highest,exact,14.0,14.0,14.0,14.0,7.4119565447599065,7.411956544757629,7.411956544757629,7.411956544757629,1.0,Corrected constrained Bayesian posterior summary; not an observed or recovered suppressed count.
40091,McIntosh County,40,Oklahoma,nonmetro_adjacent,Q4_highest,suppressed_1_9,7.622694444444445,8.0,5.0,9.0,6.501786458924536,6.823609689525759,4.2647560559536,7.6765609007164795,1.0,Corrected constrained Bayesian posterior summary; not an observed or recovered suppressed count.
40093,Major County,40,Oklahoma,nonmetro_adjacent,Q2,suppressed_1_9,2.3655833333333334,2.0,2.0,4.0,5.195886780299155,4.392901071867861,4.392901071867861,8.785802143735722,1.0,Corrected constrained Bayesian posterior summary; not an observed or recovered suppressed count.
40095,Marshall County,40,Oklahoma,nonmetro_nonadjacent,Q4_highest,suppressed_1_9,1.524138888888889,1.0,1.0,4.0,1.5610099437597154,1.024191400888998,1.024191400888998,4.096765603555992,0.11019444444444444,Corrected constrained Bayesian posterior summary; not an observed or recovered suppressed count.
40097,Mayes County,40,Oklahoma,nonmetro_adjacent,Q3,suppressed_1_9,6.303694444444444,6.0,3.0,9.0,2.615282739062762,2.4892856994685375,1.2446428497342688,3.7339285492028065,0.2619722222222222,Corrected constrained Bayesian posterior summary; not an observed or recovered suppressed count.
40099,Murray County,40,Oklahoma,nonmetro_nonadjacent,Q3,suppressed_1_9,2.866277777777778,3.0,2.0,5.0,3.4564283551318398,3.617683235655886,2.411788823770591,6.029472059426477,0.5581944444444444,Corrected constrained Bayesian posterior summary; not an observed or recovered suppressed count.
40101,Muskogee County,40,Oklahoma,nonmetro_adjacent,Q4_highest,exact,23.0,23.0,23.0,23.0,5.728004462864393,5.728004462862608,5.728004462862608,5.728004462862608,1.0,Corrected constrained Bayesian posterior summary; not an observed or recovered suppressed count.
40103,Noble County,40,Oklahoma,nonmetro_adjacent,Q2,suppressed_1_9,3.851722222222222,4.0,3.0,6.0,5.8535922284174156,6.078934970593152,4.559201227944865,9.11840245588973,1.0,Corrected constrained Bayesian posterior summary; not an observed or recovered suppressed count.
40105,Nowata County,40,Oklahoma,nonmetro_adjacent,Q3,suppressed_1_9,1.3103888888888888,1.0,1.0,3.0,2.261747913919984,1.7260127379740065,1.7260127379740065,5.178038213922019,0.25455555555555553,Corrected constrained Bayesian posterior summary; not an observed or recovered suppressed count.
40107,Okfuskee County,40,Oklahoma,nonmetro_adjacent,Q4_highest,suppressed_1_9,6.5738055555555555,6.0,5.0,9.0,9.561481761605215,8.726891917443602,7.272409931203002,13.090337876165405,1.0,Corrected constrained Bayesian posterior summary; not an observed or recovered suppressed count.
40109,Oklahoma County,40,Oklahoma,metro_large,Q4_highest,exact,175.0,175.0,175.0,175.0,3.624715589278644,3.62471558928037,3.62471558928037,3.62471558928037,1.0,Corrected constrained Bayesian posterior summary; not an observed or recovered suppressed count.
40111,Okmulgee County,40,Oklahoma,metro_large,Q4_highest,suppressed_1_9,7.959027777777778,8.0,6.0,9.0,3.5428410190811337,3.5610791850470287,2.6708093887852717,4.006214083177907,0.8928333333333334,Corrected constrained Bayesian posterior summary; not an observed or recovered suppressed count.
40113,Osage County,40,Oklahoma,metro_large,Q3,exact,12.0,12.0,12.0,12.0,4.319016991735371,4.319016991732681,4.319016991732681,4.319016991732681,1.0,Corrected constrained Bayesian posterior summary; not an observed or recovered suppressed count.
40115,Ottawa County,40,Oklahoma,nonmetro_adjacent,Q4_highest,suppressed_1_9,7.287305555555555,7.0,5.0,9.0,3.973990759676281,3.8173142467620993,2.7266530334014996,4.9079754601226995,0.8853888888888889,Corrected constrained Bayesian posterior summary; not an observed or recovered suppressed count.
40117,Pawnee County,40,Oklahoma,metro_large,Q2,suppressed_1_9,3.9816666666666665,4.0,3.0,6.0,4.137656309534231,4.156707887353216,3.1175309155149127,6.235061831029825,1.0,Corrected constrained Bayesian posterior summary; not an observed or recovered suppressed count.
40119,Payne County,40,Oklahoma,nonmetro_adjacent,Q3,exact,14.0,14.0,14.0,14.0,2.8233035474829467,2.8233035474809074,2.8233035474809074,2.8233035474809074,0.0,Corrected constrained Bayesian posterior summary; not an observed or recovered suppressed count.
40121,Pittsburg County,40,Oklahoma,nonmetro_nonadjacent,Q4_highest,suppressed_1_9,7.753388888888889,8.0,5.0,9.0,2.9655000665091626,3.059823371695869,1.912389607309918,3.4423012931578523,0.6345,Corrected constrained Bayesian posterior summary; not an observed or recovered suppressed count.
40123,Pontotoc County,40,Oklahoma,nonmetro_nonadjacent,Q3,exact,15.0,15.0,15.0,15.0,6.5305127323291225,6.530512732322991,6.530512732322991,6.530512732322991,1.0,Corrected constrained Bayesian posterior summary; not an observed or recovered suppressed count.
40125,Pottawatomie County,40,Oklahoma,nonmetro_adjacent,Q3,exact,22.0,22.0,22.0,22.0,4.995696888363298,4.99569688836207,4.99569688836207,4.99569688836207,1.0,Corrected constrained Bayesian posterior summary; not an observed or recovered suppressed count.
40127,Pushmataha County,40,Oklahoma,nonmetro_nonadjacent,Q4_highest,suppressed_1_9,5.55025,5.0,4.0,8.0,8.506130268199382,7.662835249042145,6.130268199233716,12.260536398467432,1.0,Corrected constrained Bayesian posterior summary; not an observed or recovered suppressed count.
40129,Roger Mills County,40,Oklahoma,nonmetro_nonadjacent,Q2,zero,0.0,0.0,0.0,0.0,0.0,0.0,0.0,0.0,0.0,Corrected constrained Bayesian posterior summary; not an observed or recovered suppressed count.
40131,Rogers County,40,Oklahoma,metro_large,Q2,exact,11.0,11.0,11.0,11.0,1.8875565408975072,1.8875565408982022,1.8875565408982022,1.8875565408982022,0.0,Corrected constrained Bayesian posterior summary; not an observed or recovered suppressed count.
40133,Seminole County,40,Oklahoma,nonmetro_nonadjacent,Q4_highest,suppressed_1_9,5.451138888888889,5.0,3.0,9.0,3.829660593570776,3.51271603203597,2.107629619221582,6.322888857664747,0.6916666666666667,Corrected constrained Bayesian posterior summary; not an observed or recovered suppressed count.
40135,Sequoyah County,40,Oklahoma,metro_other,Q4_highest,suppressed_1_9,7.559944444444445,8.0,5.0,9.0,3.109450348970404,3.290447829949656,2.056529893718535,3.7017538086933635,0.57025,Corrected constrained Bayesian posterior summary; not an observed or recovered suppressed count.
40137,Stephens County,40,Oklahoma,nonmetro_adjacent,Q3,exact,14.0,14.0,14.0,14.0,5.3604726405271395,5.360472640530533,5.360472640530533,5.360472640530533,1.0,Corrected constrained Bayesian posterior summary; not an observed or recovered suppressed count.
40139,Texas County,40,Oklahoma,nonmetro_nonadjacent,Q4_highest,suppressed_1_9,1.5808333333333333,1.0,1.0,4.0,1.292713376073902,0.8177417244537486,0.8177417244537486,3.2709668978149944,0.03191666666666667,Corrected constrained Bayesian posterior summary; not an observed or recovered suppressed count.
40141,Tillman County,40,Oklahoma,nonmetro_adjacent,Q4_highest,suppressed_1_9,1.2149166666666666,1.0,1.0,3.0,2.8832538307593247,2.373211192063982,2.373211192063982,7.119633576191945,0.18569444444444444,Corrected constrained Bayesian posterior summary; not an observed or recovered suppressed count.
40143,Tulsa County,40,Oklahoma,metro_large,Q4_highest,exact,149.0,149.0,149.0,149.0,3.692012788738695,3.6920127887358425,3.6920127887358425,3.6920127887358425,1.0,Corrected constrained Bayesian posterior summary; not an observed or recovered suppressed count.
40145,Wagoner County,40,Oklahoma,metro_large,Q2,exact,18.0,18.0,18.0,18.0,3.4921281611024906,3.4921281611035124,3.4921281611035124,3.4921281611035124,1.0,Corrected constrained Bayesian posterior summary; not an observed or recovered suppressed count.
40147,Washington County,40,Oklahoma,nonmetro_adjacent,Q3,suppressed_1_9,8.330166666666667,9.0,6.0,9.0,2.6234349198561313,2.8343867804200564,1.8895911869467041,2.8343867804200564,0.0,Corrected constrained Bayesian posterior summary; not an observed or recovered suppressed count.
40149,Washita County,40,Oklahoma,nonmetro_nonadjacent,Q3,suppressed_1_9,3.8716666666666666,4.0,3.0,6.0,5.959344087345757,6.156877231867996,4.617657923900997,9.235315847801994,1.0,Corrected constrained Bayesian posterior summary; not an observed or recovered suppressed count.
40151,Woods County,40,Oklahoma,nonmetro_nonadjacent,Q3,suppressed_1_9,3.619861111111111,3.0,3.0,6.0,6.988688530218421,5.791953046567302,5.791953046567302,11.583906093134605,1.0,Corrected constrained Bayesian posterior summary; not an observed or recovered suppressed count.
40153,Woodward County,40,Oklahoma,nonmetro_nonadjacent,Q4_highest,suppressed_1_9,1.6249444444444445,1.0,1.0,4.0,1.352362299381662,0.832251406504877,0.832251406504877,3.329005626019508,0.03863888888888889,Corrected constrained Bayesian posterior summary; not an observed or recovered suppressed count.
41001,Baker County,41,Oregon,nonmetro_nonadjacent,Q2,suppressed_1_9,7.538111111111111,8.0,6.0,9.0,7.549057244113139,8.011616844424415,6.008712633318312,9.013068949977468,1.0,Corrected constrained Bayesian posterior summary; not an observed or recovered suppressed count.
41003,Benton County,41,Oregon,metro_other,Q3,exact,13.0,13.0,13.0,13.0,2.2547875209655728,2.2547875209651878,2.2547875209651878,2.2547875209651878,0.0,Corrected constrained Bayesian posterior summary; not an observed or recovered suppressed count.
41005,Clackamas County,41,Oregon,metro_large,Q2,exact,97.0,97.0,97.0,97.0,3.8271440785609294,3.8271440785598263,3.8271440785598263,3.8271440785598263,1.0,Corrected constrained Bayesian posterior summary; not an observed or recovered suppressed count.
41007,Clatsop County,41,Oregon,nonmetro_adjacent,Q3,exact,10.0,10.0,10.0,10.0,4.06013877554335,4.060138775543348,4.060138775543348,4.060138775543348,1.0,Corrected constrained Bayesian posterior summary; not an observed or recovered suppressed count.
41009,Columbia County,41,Oregon,metro_large,Q1_lowest,exact,21.0,21.0,21.0,21.0,6.565885534734802,6.565885534728844,6.565885534728844,6.565885534728844,1.0,Corrected constrained Bayesian posterior summary; not an observed or recovered suppressed count.
41011,Coos County,41,Oregon,nonmetro_nonadjacent,Q4_highest,exact,14.0,14.0,14.0,14.0,3.610806628407597,3.610806628409311,3.610806628409311,3.610806628409311,1.0,Corrected constrained Bayesian posterior summary; not an observed or recovered suppressed count.
41013,Crook County,41,Oregon,metro_other,Q2,suppressed_1_9,1.5856944444444445,1.0,1.0,4.0,1.0170510383768625,0.6413915631353786,0.6413915631353786,2.5655662525415144,0.005861111111111111,Corrected constrained Bayesian posterior summary; not an observed or recovered suppressed count.
41015,Curry County,41,Oregon,nonmetro_nonadjacent,Q3,suppressed_1_9,6.57775,7.0,4.0,9.0,4.712496686512977,5.015009206124042,2.865719546356596,6.44786897930234,0.9343055555555555,Corrected constrained Bayesian posterior summary; not an observed or recovered suppressed count.
41017,Deschutes County,41,Oregon,metro_other,Q2,exact,53.0,53.0,53.0,53.0,4.305935935798228,4.305935935797683,4.305935935797683,4.305935935797683,1.0,Corrected constrained Bayesian posterior summary; not an observed or recovered suppressed count.
41019,Douglas County,41,Oregon,nonmetro_adjacent,Q3,exact,28.0,28.0,28.0,28.0,4.170955551019601,4.1709555510204686,4.1709555510204686,4.1709555510204686,1.0,Corrected constrained Bayesian posterior summary; not an observed or recovered suppressed count.
41021,Gilliam County,41,Oregon,nonmetro_nonadjacent,Q3,zero,0.0,0.0,0.0,0.0,0.0,0.0,0.0,0.0,0.0,Corrected constrained Bayesian posterior summary; not an observed or recovered suppressed count.
41023,Grant County,41,Oregon,nonmetro_nonadjacent,Q3,suppressed_1_9,1.1888055555555554,1.0,1.0,2.0,2.7533306055434608,2.3160478958704864,2.3160478958704864,4.632095791740973,0.1661388888888889,Corrected constrained Bayesian posterior summary; not an observed or recovered suppressed count.
41025,Harney County,41,Oregon,nonmetro_nonadjacent,Q4_highest,suppressed_1_9,4.845972222222223,5.0,4.0,7.0,10.841586250446333,11.186182826972125,8.9489462615777,15.660655957760973,1.0,Corrected constrained Bayesian posterior summary; not an observed or recovered suppressed count.
41027,Hood River County,41,Oregon,nonmetro_adjacent,Q3,suppressed_1_9,3.1745833333333335,3.0,2.0,6.0,2.2312852015333657,2.108577694059434,1.405718462706289,4.217155388118868,0.12652777777777777,Corrected constrained Bayesian posterior summary; not an observed or recovered suppressed count.
41029,Jackson County,41,Oregon,metro_other,Q3,exact,42.0,42.0,42.0,42.0,3.157265657592271,3.1572656575945395,3.1572656575945395,3.1572656575945395,1.0,Corrected constrained Bayesian posterior summary; not an observed or recovered suppressed count.
41031,Jefferson County,41,Oregon,metro_other,Q4_highest,suppressed_1_9,6.3381388888888885,6.0,4.0,9.0,4.200168910211987,3.976090442803939,2.650726961869293,5.964135664205909,0.9124722222222222,Corrected constrained Bayesian posterior summary; not an observed or recovered suppressed count.
41033,Josephine County,41,Oregon,metro_other,Q4_highest,exact,40.0,40.0,40.0,40.0,7.579877698676258,7.579877698673331,7.579877698673331,7.579877698673331,1.0,Corrected constrained Bayesian posterior summary; not an observed or recovered suppressed count.
41035,Klamath County,41,Oregon,nonmetro_nonadjacent,Q4_highest,exact,16.0,16.0,16.0,16.0,3.829638529992323,3.8296385299932503,3.8296385299932503,3.8296385299932503,1.0,Corrected constrained Bayesian posterior summary; not an observed or recovered suppressed count.
41037,Lake County,41,Oregon,nonmetro_nonadjacent,Q4_highest,suppressed_1_9,2.4350277777777776,2.0,2.0,4.0,4.972895024665394,4.084466772862803,4.084466772862803,8.168933545725606,1.0,Corrected constrained Bayesian posterior summary; not an observed or recovered suppressed count.
41039,Lane County,41,Oregon,metro_other,Q3,exact,97.0,97.0,97.0,97.0,4.228104954643044,4.228104954641588,4.228104954641588,4.228104954641588,1.0,Corrected constrained Bayesian posterior summary; not an observed or recovered suppressed count.
41041,Lincoln County,41,Oregon,nonmetro_nonadjacent,Q3,exact,11.0,11.0,11.0,11.0,3.6154121734180302,3.615412173421462,3.615412173421462,3.615412173421462,1.0,Corrected constrained Bayesian posterior summary; not an observed or recovered suppressed count.
41043,Linn County,41,Oregon,metro_other,Q3,exact,31.0,31.0,31.0,31.0,3.948647206202521,3.9486472062047255,3.9486472062047255,3.9486472062047255,1.0,Corrected constrained Bayesian posterior summary; not an observed or recovered suppressed count.
41045,Malheur County,41,Oregon,nonmetro_adjacent,Q4_highest,exact,12.0,12.0,12.0,12.0,6.332955115183224,6.332955115180622,6.332955115180622,6.332955115180622,1.0,Corrected constrained Bayesian posterior summary; not an observed or recovered suppressed count.
41047,Marion County,41,Oregon,metro_other,Q4_highest,exact,85.0,85.0,85.0,85.0,4.0661062774915075,4.066106277494054,4.066106277494054,4.066106277494054,1.0,Corrected constrained Bayesian posterior summary; not an observed or recovered suppressed count.
41049,Morrow County,41,Oregon,nonmetro_adjacent,Q4_highest,suppressed_1_9,2.5835555555555554,2.0,2.0,5.0,3.5601856955620925,2.7560357182229085,2.7560357182229085,6.890089295557271,0.42991666666666667,Corrected constrained Bayesian posterior summary; not an observed or recovered suppressed count.
41051,Multnomah County,41,Oregon,metro_large,Q3,exact,207.0,207.0,207.0,207.0,4.301256694219811,4.301256694220337,4.301256694220337,4.301256694220337,1.0,Corrected constrained Bayesian posterior summary; not an observed or recovered suppressed count.
41053,Polk County,41,Oregon,metro_other,Q3,exact,14.0,14.0,14.0,14.0,2.6268338583892574,2.6268338583873865,2.6268338583873865,2.6268338583873865,0.0,Corrected constrained Bayesian posterior summary; not an observed or recovered suppressed count.
41055,Sherman County,41,Oregon,nonmetro_nonadjacent,Q2,zero,0.0,0.0,0.0,0.0,0.0,0.0,0.0,0.0,0.0,Corrected constrained Bayesian posterior summary; not an observed or recovered suppressed count.
41057,Tillamook County,41,Oregon,nonmetro_nonadjacent,Q3,suppressed_1_9,6.279722222222222,6.0,4.0,9.0,3.8179012908617214,3.647837744177139,2.431891829451426,5.471756616265709,0.9057222222222222,Corrected constrained Bayesian posterior summary; not an observed or recovered suppressed count.
41059,Umatilla County,41,Oregon,nonmetro_adjacent,Q4_highest,exact,25.0,25.0,25.0,25.0,5.247151321548831,5.247151321547532,5.247151321547532,5.247151321547532,1.0,Corrected constrained Bayesian posterior summary; not an observed or recovered suppressed count.
41061,Union County,41,Oregon,nonmetro_nonadjacent,Q3,suppressed_1_9,4.939305555555555,5.0,3.0,8.0,3.1305612069912807,3.1690297064844684,1.9014178238906814,5.07044753037515,0.5733333333333334,Corrected constrained Bayesian posterior summary; not an observed or recovered suppressed count.
41063,Wallowa County,41,Oregon,nonmetro_nonadjacent,Q2,suppressed_1_9,2.2941666666666665,2.0,2.0,4.0,5.12216541263794,4.465382125075354,4.465382125075354,8.930764250150707,1.0,Corrected constrained Bayesian posterior summary; not an observed or recovered suppressed count.
41065,Wasco County,41,Oregon,nonmetro_nonadjacent,Q4_highest,suppressed_1_9,5.219166666666666,5.0,3.0,8.0,3.278123927006853,3.1404667989850013,1.8842800793910008,5.024746878376002,0.6535555555555556,Corrected constrained Bayesian posterior summary; not an observed or recovered suppressed count.
41067,Washington County,41,Oregon,metro_large,Q2,exact,100.0,100.0,100.0,100.0,2.765310834763074,2.7653108347643816,2.7653108347643816,2.7653108347643816,0.0,Corrected constrained Bayesian posterior summary; not an observed or recovered suppressed count.
41069,Wheeler County,41,Oregon,nonmetro_nonadjacent,Q1_lowest,zero,0.0,0.0,0.0,0.0,0.0,0.0,0.0,0.0,0.0,Corrected constrained Bayesian posterior summary; not an observed or recovered suppressed count.
41071,Yamhill County,41,Oregon,metro_large,Q3,exact,23.0,23.0,23.0,23.0,3.534334523225147,3.5343345232259558,3.5343345232259558,3.5343345232259558,1.0,Corrected constrained Bayesian posterior summary; not an observed or recovered suppressed count.
42001,Adams County,42,Pennsylvania,metro_other,Q1_lowest,exact,17.0,17.0,17.0,17.0,2.6959863107331317,2.6959863107330384,2.6959863107330384,2.6959863107330384,0.0,Corrected constrained Bayesian posterior summary; not an observed or recovered suppressed count.
42003,Allegheny County,42,Pennsylvania,metro_large,Q2,exact,239.0,239.0,239.0,239.0,3.249320055984657,3.2493200559861926,3.2493200559861926,3.2493200559861926,1.0,Corrected constrained Bayesian posterior summary; not an observed or recovered suppressed count.
42005,Armstrong County,42,Pennsylvania,metro_large,Q1_lowest,exact,12.0,12.0,12.0,12.0,3.1048668788313,3.10486687883257,3.10486687883257,3.10486687883257,1.0,Corrected constrained Bayesian posterior summary; not an observed or recovered suppressed count.
42007,Beaver County,42,Pennsylvania,metro_large,Q1_lowest,exact,27.0,27.0,27.0,27.0,2.727338844576542,2.72733884457805,2.72733884457805,2.72733884457805,0.0,Corrected constrained Bayesian posterior summary; not an observed or recovered suppressed count.
42009,Bedford County,42,Pennsylvania,nonmetro_adjacent,Q1_lowest,suppressed_1_9,6.852805555555555,7.0,4.0,9.0,2.3996349690472853,2.4511777909285413,1.4006730233877378,3.1515143026224104,0.1415,Corrected constrained Bayesian posterior summary; not an observed or recovered suppressed count.
42011,Berks County,42,Pennsylvania,metro_other,Q3,exact,91.0,91.0,91.0,91.0,3.5354771534339,3.5354771534358234,3.5354771534358234,3.5354771534358234,1.0,Corrected constrained Bayesian posterior summary; not an observed or recovered suppressed count.
42013,Blair County,42,Pennsylvania,metro_other,Q2,exact,25.0,25.0,25.0,25.0,3.442686838055131,3.442686838057388,3.442686838057388,3.442686838057388,1.0,Corrected constrained Bayesian posterior summary; not an observed or recovered suppressed count.
42015,Bradford County,42,Pennsylvania,nonmetro_adjacent,Q2,exact,11.0,11.0,11.0,11.0,3.058137983185593,3.0581379831858015,3.0581379831858015,3.0581379831858015,1.0,Corrected constrained Bayesian posterior summary; not an observed or recovered suppressed count.
42017,Bucks County,42,Pennsylvania,metro_large,Q1_lowest,exact,81.0,81.0,81.0,81.0,2.1074409838474586,2.1074409838471153,2.1074409838471153,2.1074409838471153,0.0,Corrected constrained Bayesian posterior summary; not an observed or recovered suppressed count.
42019,Butler County,42,Pennsylvania,metro_large,Q1_lowest,exact,42.0,42.0,42.0,42.0,3.6010854700464594,3.601085470048829,3.601085470048829,3.601085470048829,1.0,Corrected constrained Bayesian posterior summary; not an observed or recovered suppressed count.
42021,Cambria County,42,Pennsylvania,metro_other,Q2,exact,26.0,26.0,26.0,26.0,3.319510550936683,3.3195105509366125,3.3195105509366125,3.3195105509366125,1.0,Corrected constrained Bayesian posterior summary; not an observed or recovered suppressed count.
42023,Cameron County,42,Pennsylvania,nonmetro_nonadjacent,Q2,suppressed_1_9,1.0999444444444444,1.0,1.0,2.0,4.169298932772526,3.7904631946023803,3.7904631946023803,7.580926389204761,1.0,Corrected constrained Bayesian posterior summary; not an observed or recovered suppressed count.
42025,Carbon County,42,Pennsylvania,metro_other,Q2,exact,10.0,10.0,10.0,10.0,2.561895392688591,2.5618953926873256,2.5618953926873256,2.5618953926873256,0.0,Corrected constrained Bayesian posterior summary; not an observed or recovered suppressed count.
42027,Centre County,42,Pennsylvania,metro_other,Q2,exact,18.0,18.0,18.0,18.0,1.8800271141677205,1.8800271141688243,1.8800271141688243,1.8800271141688243,0.0,Corrected constrained Bayesian posterior summary; not an observed or recovered suppressed count.
42029,Chester County,42,Pennsylvania,metro_large,Q1_lowest,exact,59.0,59.0,59.0,59.0,1.8172023769003263,1.8172023769007088,1.8172023769007088,1.8172023769007088,0.0,Corrected constrained Bayesian posterior summary; not an observed or recovered suppressed count.
42031,Clarion County,42,Pennsylvania,nonmetro_adjacent,Q2,exact,10.0,10.0,10.0,10.0,4.443062158438046,4.443062158439597,4.443062158439597,4.443062158439597,1.0,Corrected constrained Bayesian posterior summary; not an observed or recovered suppressed count.
42033,Clearfield County,42,Pennsylvania,nonmetro_adjacent,Q3,exact,11.0,11.0,11.0,11.0,2.3350846468192086,2.335084646818447,2.335084646818447,2.335084646818447,0.0,Corrected constrained Bayesian posterior summary; not an observed or recovered suppressed count.
42035,Clinton County,42,Pennsylvania,nonmetro_adjacent,Q3,exact,10.0,10.0,10.0,10.0,4.396435370202955,4.396435370201841,4.396435370201841,4.396435370201841,1.0,Corrected constrained Bayesian posterior summary; not an observed or recovered suppressed count.
42037,Columbia County,42,Pennsylvania,nonmetro_adjacent,Q2,exact,10.0,10.0,10.0,10.0,2.557185050696655,2.5571850506961935,2.5571850506961935,2.5571850506961935,0.0,Corrected constrained Bayesian posterior summary; not an observed or recovered suppressed count.
42039,Crawford County,42,Pennsylvania,nonmetro_adjacent,Q3,exact,12.0,12.0,12.0,12.0,2.407525926043634,2.407525926044816,2.407525926044816,2.407525926044816,0.0,Corrected constrained Bayesian posterior summary; not an observed or recovered suppressed count.
42041,Cumberland County,42,Pennsylvania,metro_other,Q1_lowest,exact,46.0,46.0,46.0,46.0,2.898589080258022,2.898589080258781,2.898589080258781,2.898589080258781,0.0,Corrected constrained Bayesian posterior summary; not an observed or recovered suppressed count.
42043,Dauphin County,42,Pennsylvania,metro_other,Q3,exact,83.0,83.0,83.0,83.0,4.835037829801238,4.835037829802008,4.835037829802008,4.835037829802008,1.0,Corrected constrained Bayesian posterior summary; not an observed or recovered suppressed count.
42045,Delaware County,42,Pennsylvania,metro_large,Q3,exact,92.0,92.0,92.0,92.0,2.671209270953445,2.671209270954403,2.671209270954403,2.671209270954403,0.0,Corrected constrained Bayesian posterior summary; not an observed or recovered suppressed count.
42047,Elk County,42,Pennsylvania,nonmetro_nonadjacent,Q1_lowest,suppressed_1_9,4.754083333333333,5.0,3.0,8.0,2.6251295332018265,2.7609208223126576,1.6565524933875948,4.417473315700252,0.26463888888888887,Corrected constrained Bayesian posterior summary; not an observed or recovered suppressed count.
42049,Erie County,42,Pennsylvania,metro_other,Q3,exact,59.0,59.0,59.0,59.0,3.664197990902949,3.6641979909016102,3.6641979909016102,3.6641979909016102,1.0,Corrected constrained Bayesian posterior summary; not an observed or recovered suppressed count.
42051,Fayette County,42,Pennsylvania,metro_large,Q3,exact,32.0,32.0,32.0,32.0,4.221958936172596,4.221958936171897,4.221958936171897,4.221958936171897,1.0,Corrected constrained Bayesian posterior summary; not an observed or recovered suppressed count.
42053,Forest County,42,Pennsylvania,nonmetro_nonadjacent,Q3,zero,0.0,0.0,0.0,0.0,0.0,0.0,0.0,0.0,0.0,Corrected constrained Bayesian posterior summary; not an observed or recovered suppressed count.
42055,Franklin County,42,Pennsylvania,metro_other,Q2,exact,51.0,51.0,51.0,51.0,5.419800763870376,5.419800763873096,5.419800763873096,5.419800763873096,1.0,Corrected constrained Bayesian posterior summary; not an observed or recovered suppressed count.
42057,Fulton County,42,Pennsylvania,nonmetro_adjacent,Q1_lowest,suppressed_1_9,2.420888888888889,2.0,2.0,4.0,2.7824070349399856,2.298665624604917,2.298665624604917,4.597331249209834,0.3358888888888889,Corrected constrained Bayesian posterior summary; not an observed or recovered suppressed count.
42059,Greene County,42,Pennsylvania,nonmetro_adjacent,Q2,suppressed_1_9,6.119277777777778,6.0,4.0,9.0,2.911127708822627,2.854383619643868,1.902922413095912,4.281575429465802,0.36930555555555555,Corrected constrained Bayesian posterior summary; not an observed or recovered suppressed count.
42061,Huntingdon County,42,Pennsylvania,nonmetro_adjacent,Q2,exact,15.0,15.0,15.0,15.0,5.686621653898499,5.686621653897042,5.686621653897042,5.686621653897042,1.0,Corrected constrained Bayesian posterior summary; not an observed or recovered suppressed count.
42063,Indiana County,42,Pennsylvania,nonmetro_adjacent,Q2,exact,15.0,15.0,15.0,15.0,3.002239670793708,3.0022396707944123,3.0022396707944123,3.0022396707944123,1.0,Corrected constrained Bayesian posterior summary; not an observed or recovered suppressed count.
42065,Jefferson County,42,Pennsylvania,nonmetro_nonadjacent,Q2,exact,12.0,12.0,12.0,12.0,4.590314436538529,4.590314436538903,4.590314436538903,4.590314436538903,1.0,Corrected constrained Bayesian posterior summary; not an observed or recovered suppressed count.
42067,Juniata County,42,Pennsylvania,nonmetro_adjacent,Q2,suppressed_1_9,6.887333333333333,7.0,5.0,9.0,4.827931060267083,4.906908927770301,3.5049349484073575,6.308882907133244,1.0,Corrected constrained Bayesian posterior summary; not an observed or recovered suppressed count.
42069,Lackawanna County,42,Pennsylvania,metro_other,Q3,exact,28.0,28.0,28.0,28.0,2.1825160200578733,2.1825160200573226,2.1825160200573226,2.1825160200573226,0.0,Corrected constrained Bayesian posterior summary; not an observed or recovered suppressed count.
42071,Lancaster County,42,Pennsylvania,metro_other,Q3,exact,96.0,96.0,96.0,96.0,2.8880180043879373,2.8880180043855757,2.8880180043855757,2.8880180043855757,0.0,Corrected constrained Bayesian posterior summary; not an observed or recovered suppressed count.
42073,Lawrence County,42,Pennsylvania,metro_large,Q3,exact,10.0,10.0,10.0,10.0,1.9621462740812385,1.9621462740804403,1.9621462740804403,1.9621462740804403,0.0,Corrected constrained Bayesian posterior summary; not an observed or recovered suppressed count.
42075,Lebanon County,42,Pennsylvania,metro_other,Q3,exact,25.0,25.0,25.0,25.0,2.9051829626116614,2.9051829626126193,2.9051829626126193,2.9051829626126193,0.0,Corrected constrained Bayesian posterior summary; not an observed or recovered suppressed count.
42077,Lehigh County,42,Pennsylvania,metro_other,Q3,exact,68.0,68.0,68.0,68.0,3.015006307129792,3.0150063071271647,3.0150063071271647,3.0150063071271647,1.0,Corrected constrained Bayesian posterior summary; not an observed or recovered suppressed count.
42079,Luzerne County,42,Pennsylvania,metro_other,Q3,exact,77.0,77.0,77.0,77.0,3.957672436301452,3.9576724363020332,3.9576724363020332,3.9576724363020332,1.0,Corrected constrained Bayesian posterior summary; not an observed or recovered suppressed count.
42081,Lycoming County,42,Pennsylvania,metro_other,Q3,exact,30.0,30.0,30.0,30.0,4.417110708990016,4.41711070899044,4.41711070899044,4.41711070899044,1.0,Corrected constrained Bayesian posterior summary; not an observed or recovered suppressed count.
42083,McKean County,42,Pennsylvania,nonmetro_nonadjacent,Q2,suppressed_1_9,6.3215,6.0,4.0,9.0,2.636572934827098,2.5024816276140505,1.6683210850760337,3.7537224414210764,0.21455555555555555,Corrected constrained Bayesian posterior summary; not an observed or recovered suppressed count.
42085,Mercer County,42,Pennsylvania,nonmetro_adjacent,Q3,exact,37.0,37.0,37.0,37.0,5.659188380612326,5.659188380615597,5.659188380615597,5.659188380615597,1.0,Corrected constrained Bayesian posterior summary; not an observed or recovered suppressed count.
42087,Mifflin County,42,Pennsylvania,nonmetro_adjacent,Q3,exact,14.0,14.0,14.0,14.0,5.069102732610027,5.069102732608452,5.069102732608452,5.069102732608452,1.0,Corrected constrained Bayesian posterior summary; not an observed or recovered suppressed count.
42089,Monroe County,42,Pennsylvania,nonmetro_adjacent,Q2,exact,33.0,33.0,33.0,33.0,3.2690356939090814,3.26903569390731,3.26903569390731,3.26903569390731,1.0,Corrected constrained Bayesian posterior summary; not an observed or recovered suppressed count.
42091,Montgomery County,42,Pennsylvania,metro_large,Q1_lowest,exact,90.0,90.0,90.0,90.0,1.751662181437211,1.7516621814383366,1.7516621814383366,1.7516621814383366,0.0,Corrected constrained Bayesian posterior summary; not an observed or recovered suppressed count.
42093,Montour County,42,Pennsylvania,nonmetro_adjacent,Q2,suppressed_1_9,5.383,5.0,4.0,8.0,4.964722158173746,4.611482591653217,3.689186073322573,7.378372146645146,1.0,Corrected constrained Bayesian posterior summary; not an observed or recovered suppressed count.
42095,Northampton County,42,Pennsylvania,metro_other,Q2,exact,83.0,83.0,83.0,83.0,4.402223175740989,4.402223175742583,4.402223175742583,4.402223175742583,1.0,Corrected constrained Bayesian posterior summary; not an observed or recovered suppressed count.
42097,Northumberland County,42,Pennsylvania,nonmetro_adjacent,Q2,exact,25.0,25.0,25.0,25.0,4.607046569871598,4.6070465698695475,4.6070465698695475,4.6070465698695475,1.0,Corrected constrained Bayesian posterior summary; not an observed or recovered suppressed count.
42099,Perry County,42,Pennsylvania,metro_other,Q1_lowest,exact,12.0,12.0,12.0,12.0,4.324589254118593,4.324589254116469,4.324589254116469,4.324589254116469,1.0,Corrected constrained Bayesian posterior summary; not an observed or recovered suppressed count.
42101,Philadelphia County,42,Pennsylvania,metro_large,Q4_highest,exact,265.0,265.0,265.0,265.0,2.8100259179811427,2.8100259179824483,2.8100259179824483,2.8100259179824483,0.0,Corrected constrained Bayesian posterior summary; not an observed or recovered suppressed count.
42103,Pike County,42,Pennsylvania,nonmetro_adjacent,Q1_lowest,exact,13.0,13.0,13.0,13.0,3.6515417932978664,3.6515417933002636,3.6515417933002636,3.6515417933002636,1.0,Corrected constrained Bayesian posterior summary; not an observed or recovered suppressed count.
42105,Potter County,42,Pennsylvania,nonmetro_nonadjacent,Q2,suppressed_1_9,2.6896388888888887,2.0,2.0,5.0,2.7600193831589905,2.0523345305284764,2.0523345305284764,5.13083632632119,0.4801388888888889,Corrected constrained Bayesian posterior summary; not an observed or recovered suppressed count.
42107,Schuylkill County,42,Pennsylvania,nonmetro_adjacent,Q2,exact,44.0,44.0,44.0,44.0,5.135717162047997,5.135717162049385,5.135717162049385,5.135717162049385,1.0,Corrected constrained Bayesian posterior summary; not an observed or recovered suppressed count.
42109,Snyder County,42,Pennsylvania,nonmetro_nonadjacent,Q2,suppressed_1_9,7.508416666666666,8.0,5.0,9.0,3.1375797793065856,3.3430001755075094,2.0893751096921935,3.7608751974459476,0.5294722222222222,Corrected constrained Bayesian posterior summary; not an observed or recovered suppressed count.
42111,Somerset County,42,Pennsylvania,nonmetro_adjacent,Q2,exact,14.0,14.0,14.0,14.0,3.203434081336798,3.203434081335191,3.203434081335191,3.203434081335191,1.0,Corrected constrained Bayesian posterior summary; not an observed or recovered suppressed count.
42113,Sullivan County,42,Pennsylvania,nonmetro_adjacent,Q1_lowest,suppressed_1_9,3.3306666666666667,3.0,3.0,5.0,9.391948415717577,8.459521191100583,8.459521191100583,14.099201985167639,1.0,Corrected constrained Bayesian posterior summary; not an observed or recovered suppressed count.
42115,Susquehanna County,42,Pennsylvania,nonmetro_adjacent,Q1_lowest,suppressed_1_9,5.086833333333334,5.0,3.0,8.0,2.1831340537722963,2.1458674883908566,1.287520493034514,3.433387981425371,0.172,Corrected constrained Bayesian posterior summary; not an observed or recovered suppressed count.
42117,Tioga County,42,Pennsylvania,nonmetro_adjacent,Q2,suppressed_1_9,6.800388888888889,7.0,4.0,9.0,2.7808333390129145,2.8624588521540004,1.6356907726594285,3.680304238483715,0.33358333333333334,Corrected constrained Bayesian posterior summary; not an observed or recovered suppressed count.
42119,Union County,42,Pennsylvania,nonmetro_adjacent,Q2,suppressed_1_9,5.357083333333334,5.0,3.0,9.0,2.07053041136825,1.9325165230162717,1.159509913809763,3.4785297414292895,0.09741666666666667,Corrected constrained Bayesian posterior summary; not an observed or recovered suppressed count.
42121,Venango County,42,Pennsylvania,nonmetro_adjacent,Q2,exact,13.0,13.0,13.0,13.0,4.338858146042815,4.33885814603929,4.33885814603929,4.33885814603929,1.0,Corrected constrained Bayesian posterior summary; not an observed or recovered suppressed count.
42123,Warren County,42,Pennsylvania,nonmetro_adjacent,Q1_lowest,suppressed_1_9,6.306388888888889,6.0,4.0,9.0,2.754013899746206,2.6202131980138783,1.7468087986759189,3.9303197970208177,0.42866666666666664,Corrected constrained Bayesian posterior summary; not an observed or recovered suppressed count.
42125,Washington County,42,Pennsylvania,metro_large,Q1_lowest,exact,34.0,34.0,34.0,34.0,2.7109195040285274,2.7109195040293033,2.7109195040293033,2.7109195040293033,0.0,Corrected constrained Bayesian posterior summary; not an observed or recovered suppressed count.
42127,Wayne County,42,Pennsylvania,nonmetro_adjacent,Q2,suppressed_1_9,8.358666666666666,9.0,6.0,9.0,2.7155367993347057,2.9238911142949036,1.9492607428632691,2.9238911142949036,0.0,Corrected constrained Bayesian posterior summary; not an observed or recovered suppressed count.
42129,Westmoreland County,42,Pennsylvania,metro_large,Q1_lowest,exact,75.0,75.0,75.0,75.0,3.5659980658055863,3.565998065802649,3.565998065802649,3.565998065802649,1.0,Corrected constrained Bayesian posterior summary; not an observed or recovered suppressed count.
42131,Wyoming County,42,Pennsylvania,metro_other,Q1_lowest,suppressed_1_9,2.7230833333333333,2.0,2.0,5.0,1.7336529319880094,1.2733014159111744,1.2733014159111744,3.1832535397779362,0.04716666666666667,Corrected constrained Bayesian posterior summary; not an observed or recovered suppressed count.
42133,York County,42,Pennsylvania,metro_other,Q2,exact,64.0,64.0,64.0,64.0,2.3229309581365625,2.3229309581364284,2.3229309581364284,2.3229309581364284,0.0,Corrected constrained Bayesian posterior summary; not an observed or recovered suppressed count.
44001,Bristol County,44,Rhode Island,metro_large,Q1_lowest,suppressed_1_9,7.0,7.0,7.0,7.0,2.3457894754484703,2.3457894754479622,2.3457894754479622,2.3457894754479622,0.0,Corrected constrained Bayesian posterior summary; not an observed or recovered suppressed count.
44003,Kent County,44,Rhode Island,metro_large,Q1_lowest,exact,40.0,40.0,40.0,40.0,3.942222782892804,3.9422227828939067,3.9422227828939067,3.9422227828939067,1.0,Corrected constrained Bayesian posterior summary; not an observed or recovered suppressed count.
44005,Newport County,44,Rhode Island,metro_large,Q2,exact,11.0,11.0,11.0,11.0,2.195770945158631,2.1957709451596226,2.1957709451596226,2.1957709451596226,0.0,Corrected constrained Bayesian posterior summary; not an observed or recovered suppressed count.
44007,Providence County,44,Rhode Island,metro_large,Q4_highest,exact,141.0,141.0,141.0,141.0,3.590057221950693,3.590057221947522,3.590057221947522,3.590057221947522,1.0,Corrected constrained Bayesian posterior summary; not an observed or recovered suppressed count.
44009,Washington County,44,Rhode Island,metro_large,Q1_lowest,exact,31.0,31.0,31.0,31.0,4.012633322974242,4.01263332297815,4.01263332297815,4.01263332297815,1.0,Corrected constrained Bayesian posterior summary; not an observed or recovered suppressed count.
45001,Abbeville County,45,South Carolina,nonmetro_adjacent,Q3,suppressed_1_9,4.422305555555556,4.0,3.0,7.0,3.0160240307400334,2.7280105301206463,2.0460078975904845,4.774018427711131,0.4196944444444444,Corrected constrained Bayesian posterior summary; not an observed or recovered suppressed count.
45003,Aiken County,45,South Carolina,metro_other,Q3,exact,37.0,37.0,37.0,37.0,3.5404394737967944,3.5404394737950065,3.5404394737950065,3.5404394737950065,1.0,Corrected constrained Bayesian posterior summary; not an observed or recovered suppressed count.
45005,Allendale County,45,South Carolina,nonmetro_adjacent,Q4_highest,suppressed_1_9,2.2650555555555556,2.0,2.0,4.0,4.7810189875790865,4.221546774738265,4.221546774738265,8.44309354947653,1.0,Corrected constrained Bayesian posterior summary; not an observed or recovered suppressed count.
45007,Anderson County,45,South Carolina,metro_other,Q3,exact,53.0,53.0,53.0,53.0,4.227624896402274,4.227624896403248,4.227624896403248,4.227624896403248,1.0,Corrected constrained Bayesian posterior summary; not an observed or recovered suppressed count.
45009,Bamberg County,45,South Carolina,nonmetro_nonadjacent,Q4_highest,suppressed_1_9,6.232027777777778,6.0,5.0,9.0,7.798515607944906,7.508165129578417,6.25680427464868,11.262247694367625,1.0,Corrected constrained Bayesian posterior summary; not an observed or recovered suppressed count.
45011,Barnwell County,45,South Carolina,nonmetro_adjacent,Q4_highest,suppressed_1_9,2.836361111111111,3.0,2.0,5.0,2.2946605864641216,2.427047011900621,1.6180313412670804,4.045078353167701,0.2081111111111111,Corrected constrained Bayesian posterior summary; not an observed or recovered suppressed count.
45013,Beaufort County,45,South Carolina,metro_other,Q2,exact,28.0,28.0,28.0,28.0,2.379635082960745,2.379635082960028,2.379635082960028,2.379635082960028,0.0,Corrected constrained Bayesian posterior summary; not an observed or recovered suppressed count.
45015,Berkeley County,45,South Carolina,metro_other,Q3,exact,46.0,46.0,46.0,46.0,3.139492425976311,3.139492425974522,3.139492425974522,3.139492425974522,1.0,Corrected constrained Bayesian posterior summary; not an observed or recovered suppressed count.
45017,Calhoun County,45,South Carolina,metro_other,Q3,exact,10.0,10.0,10.0,10.0,11.64334117318482,11.643341173183057,11.643341173183057,11.643341173183057,1.0,Corrected constrained Bayesian posterior summary; not an observed or recovered suppressed count.
45019,Charleston County,45,South Carolina,metro_other,Q2,exact,123.0,123.0,123.0,123.0,4.886657359506307,4.886657359504628,4.886657359504628,4.886657359504628,1.0,Corrected constrained Bayesian posterior summary; not an observed or recovered suppressed count.
45021,Cherokee County,45,South Carolina,nonmetro_adjacent,Q4_highest,exact,25.0,25.0,25.0,25.0,7.3255135917570735,7.325513591757918,7.325513591757918,7.325513591757918,1.0,Corrected constrained Bayesian posterior summary; not an observed or recovered suppressed count.
45023,Chester County,45,South Carolina,metro_large,Q3,suppressed_1_9,5.698833333333333,6.0,4.0,8.0,2.9502411582501358,3.106152770947118,2.070768513964745,4.14153702792949,0.5154722222222222,Corrected constrained Bayesian posterior summary; not an observed or recovered suppressed count.
45025,Chesterfield County,45,South Carolina,nonmetro_adjacent,Q4_highest,suppressed_1_9,6.929805555555555,7.0,4.0,9.0,2.5980990063045213,2.6244160674249977,1.499666324242856,3.3742492295464257,0.3633888888888889,Corrected constrained Bayesian posterior summary; not an observed or recovered suppressed count.
45027,Clarendon County,45,South Carolina,nonmetro_adjacent,Q4_highest,exact,12.0,12.0,12.0,12.0,6.278416374114194,6.278416374109904,6.278416374109904,6.278416374109904,1.0,Corrected constrained Bayesian posterior summary; not an observed or recovered suppressed count.
45029,Colleton County,45,South Carolina,nonmetro_adjacent,Q4_highest,suppressed_1_9,6.7828333333333335,7.0,4.0,9.0,2.944551526938097,3.0388275335139263,1.7364728762936725,3.9070639716607625,0.5739722222222222,Corrected constrained Bayesian posterior summary; not an observed or recovered suppressed count.
45031,Darlington County,45,South Carolina,metro_other,Q4_highest,exact,20.0,20.0,20.0,20.0,5.220282887130077,5.220282887129653,5.220282887129653,5.220282887129653,1.0,Corrected constrained Bayesian posterior summary; not an observed or recovered suppressed count.
45033,Dillon County,45,South Carolina,nonmetro_adjacent,Q4_highest,exact,10.0,10.0,10.0,10.0,5.815779372591362,5.815779372593721,5.815779372593721,5.815779372593721,1.0,Corrected constrained Bayesian posterior summary; not an observed or recovered suppressed count.
45035,Dorchester County,45,South Carolina,metro_other,Q3,exact,60.0,60.0,60.0,60.0,5.985025466281292,5.985025466283359,5.985025466283359,5.985025466283359,1.0,Corrected constrained Bayesian posterior summary; not an observed or recovered suppressed count.
45037,Edgefield County,45,South Carolina,metro_other,Q4_highest,exact,11.0,11.0,11.0,11.0,6.685832720461078,6.685832720465333,6.685832720465333,6.685832720465333,1.0,Corrected constrained Bayesian posterior summary; not an observed or recovered suppressed count.
45039,Fairfield County,45,South Carolina,metro_other,Q4_highest,exact,11.0,11.0,11.0,11.0,8.706526729040798,8.706526729037058,8.706526729037058,8.706526729037058,1.0,Corrected constrained Bayesian posterior summary; not an observed or recovered suppressed count.
45041,Florence County,45,South Carolina,metro_other,Q4_highest,exact,45.0,45.0,45.0,45.0,5.458720548689,5.458720548686329,5.458720548686329,5.458720548686329,1.0,Corrected constrained Bayesian posterior summary; not an observed or recovered suppressed count.
45043,Georgetown County,45,South Carolina,nonmetro_adjacent,Q3,exact,27.0,27.0,27.0,27.0,6.986818202996524,6.986818202990357,6.986818202990357,6.986818202990357,1.0,Corrected constrained Bayesian posterior summary; not an observed or recovered suppressed count.
45045,Greenville County,45,South Carolina,metro_other,Q3,exact,141.0,141.0,141.0,141.0,4.316423870373407,4.3164238703750355,4.3164238703750355,4.3164238703750355,1.0,Corrected constrained Bayesian posterior summary; not an observed or recovered suppressed count.
45047,Greenwood County,45,South Carolina,nonmetro_adjacent,Q4_highest,exact,18.0,18.0,18.0,18.0,4.286796191416987,4.286796191419739,4.286796191419739,4.286796191419739,1.0,Corrected constrained Bayesian posterior summary; not an observed or recovered suppressed count.
45049,Hampton County,45,South Carolina,nonmetro_adjacent,Q4_highest,exact,11.0,11.0,11.0,11.0,10.012561213162883,10.012561213158326,10.012561213158326,10.012561213158326,1.0,Corrected constrained Bayesian posterior summary; not an observed or recovered suppressed count.
45051,Horry County,45,South Carolina,metro_other,Q3,exact,70.0,70.0,70.0,70.0,3.0714161290567805,3.07141612905915,3.07141612905915,3.07141612905915,1.0,Corrected constrained Bayesian posterior summary; not an observed or recovered suppressed count.
45053,Jasper County,45,South Carolina,metro_other,Q4_highest,exact,15.0,15.0,15.0,15.0,7.764537802950162,7.764537802946383,7.764537802946383,7.764537802946383,1.0,Corrected constrained Bayesian posterior summary; not an observed or recovered suppressed count.
45055,Kershaw County,45,South Carolina,metro_other,Q2,exact,23.0,23.0,23.0,23.0,5.616509607896884,5.61650960789437,5.61650960789437,5.61650960789437,1.0,Corrected constrained Bayesian posterior summary; not an observed or recovered suppressed count.
45057,Lancaster County,45,South Carolina,metro_large,Q2,exact,18.0,18.0,18.0,18.0,2.885919598280398,2.885919598279992,2.885919598279992,2.885919598279992,0.0,Corrected constrained Bayesian posterior summary; not an observed or recovered suppressed count.
45059,Laurens County,45,South Carolina,metro_other,Q4_highest,exact,32.0,32.0,32.0,32.0,7.79419429952164,7.794194299521144,7.794194299521144,7.794194299521144,1.0,Corrected constrained Bayesian posterior summary; not an observed or recovered suppressed count.
45061,Lee County,45,South Carolina,nonmetro_adjacent,Q4_highest,suppressed_1_9,5.07075,5.0,4.0,7.0,5.180207790614707,5.107930573007652,4.0863444584061215,7.151102802210712,1.0,Corrected constrained Bayesian posterior summary; not an observed or recovered suppressed count.
45063,Lexington County,45,South Carolina,metro_other,Q2,exact,72.0,72.0,72.0,72.0,3.9324234870563384,3.9324234870546806,3.9324234870546806,3.9324234870546806,1.0,Corrected constrained Bayesian posterior summary; not an observed or recovered suppressed count.
45065,McCormick County,45,South Carolina,nonmetro_adjacent,Q3,suppressed_1_9,3.4835555555555557,3.0,3.0,5.0,5.971024760555108,5.142181313313108,5.142181313313108,8.570302188855178,1.0,Corrected constrained Bayesian posterior summary; not an observed or recovered suppressed count.
45067,Marion County,45,South Carolina,nonmetro_adjacent,Q4_highest,exact,11.0,11.0,11.0,11.0,6.288409318280074,6.288409318279262,6.288409318279262,6.288409318279262,1.0,Corrected constrained Bayesian posterior summary; not an observed or recovered suppressed count.
45069,Marlboro County,45,South Carolina,nonmetro_adjacent,Q4_highest,suppressed_1_9,7.79825,8.0,6.0,9.0,5.020698935113294,5.150590386423044,3.8629427898172826,5.794414184725924,1.0,Corrected constrained Bayesian posterior summary; not an observed or recovered suppressed count.
45071,Newberry County,45,South Carolina,nonmetro_adjacent,Q4_highest,exact,11.0,11.0,11.0,11.0,4.758691100382948,4.758691100382426,4.758691100382426,4.758691100382426,1.0,Corrected constrained Bayesian posterior summary; not an observed or recovered suppressed count.
45073,Oconee County,45,South Carolina,nonmetro_adjacent,Q3,exact,28.0,28.0,28.0,28.0,5.801425493119049,5.801425493121167,5.801425493121167,5.801425493121167,1.0,Corrected constrained Bayesian posterior summary; not an observed or recovered suppressed count.
45075,Orangeburg County,45,South Carolina,nonmetro_adjacent,Q4_highest,exact,55.0,55.0,55.0,55.0,10.92303628632027,10.923036286326543,10.923036286326543,10.923036286326543,1.0,Corrected constrained Bayesian posterior summary; not an observed or recovered suppressed count.
45077,Pickens County,45,South Carolina,metro_other,Q3,exact,32.0,32.0,32.0,32.0,4.028907410671518,4.028907410671568,4.028907410671568,4.028907410671568,1.0,Corrected constrained Bayesian posterior summary; not an observed or recovered suppressed count.
45079,Richland County,45,South Carolina,metro_other,Q4_highest,exact,115.0,115.0,115.0,115.0,4.544606697881705,4.5446066978808695,4.5446066978808695,4.5446066978808695,1.0,Corrected constrained Bayesian posterior summary; not an observed or recovered suppressed count.
45081,Saluda County,45,South Carolina,metro_other,Q4_highest,suppressed_1_9,6.480222222222222,6.0,5.0,9.0,5.532882141888814,5.122863339082324,4.269052782568604,7.684295008623487,1.0,Corrected constrained Bayesian posterior summary; not an observed or recovered suppressed count.
45083,Spartanburg County,45,South Carolina,metro_other,Q3,exact,83.0,83.0,83.0,83.0,4.041606144019336,4.041606144020444,4.041606144020444,4.041606144020444,1.0,Corrected constrained Bayesian posterior summary; not an observed or recovered suppressed count.
45085,Sumter County,45,South Carolina,metro_other,Q4_highest,exact,41.0,41.0,41.0,41.0,6.499765374320924,6.499765374323073,6.499765374323073,6.499765374323073,1.0,Corrected constrained Bayesian posterior summary; not an observed or recovered suppressed count.
45087,Union County,45,South Carolina,metro_other,Q4_highest,exact,16.0,16.0,16.0,16.0,9.914364675118138,9.914364675118662,9.914364675118662,9.914364675118662,1.0,Corrected constrained Bayesian posterior summary; not an observed or recovered suppressed count.
45089,Williamsburg County,45,South Carolina,nonmetro_adjacent,Q4_highest,exact,16.0,16.0,16.0,16.0,8.864707935577936,8.864707935575735,8.864707935575735,8.864707935575735,1.0,Corrected constrained Bayesian posterior summary; not an observed or recovered suppressed count.
45091,York County,45,South Carolina,metro_large,Q2,exact,49.0,49.0,49.0,49.0,2.793219658793551,2.7932196587939675,2.7932196587939675,2.7932196587939675,0.0,Corrected constrained Bayesian posterior summary; not an observed or recovered suppressed count.
46003,Aurora County,46,South Dakota,nonmetro_nonadjacent,Q1_lowest,zero,0.0,0.0,0.0,0.0,0.0,0.0,0.0,0.0,0.0,Corrected constrained Bayesian posterior summary; not an observed or recovered suppressed count.
46005,Beadle County,46,South Dakota,nonmetro_nonadjacent,Q3,suppressed_1_9,6.341277777777778,6.0,4.0,9.0,5.537605143325534,5.239579785701187,3.493053190467458,7.85936967855178,1.0,Corrected constrained Bayesian posterior summary; not an observed or recovered suppressed count.
46007,Bennett County,46,South Dakota,nonmetro_nonadjacent,Q4_highest,suppressed_1_9,1.1449444444444445,1.0,1.0,2.0,5.696241017134041,4.975124378109452,4.975124378109452,9.950248756218905,1.0,Corrected constrained Bayesian posterior summary; not an observed or recovered suppressed count.
46009,Bon Homme County,46,South Dakota,nonmetro_nonadjacent,Q1_lowest,suppressed_1_9,2.305138888888889,2.0,2.0,4.0,5.493527058193312,4.7663306403565215,4.7663306403565215,9.532661280713043,1.0,Corrected constrained Bayesian posterior summary; not an observed or recovered suppressed count.
46011,Brookings County,46,South Dakota,nonmetro_nonadjacent,Q1_lowest,suppressed_1_9,6.995638888888889,7.0,4.0,9.0,3.282149406916329,3.284195512850588,1.8766831502003358,4.222537087950755,0.6338055555555555,Corrected constrained Bayesian posterior summary; not an observed or recovered suppressed count.
46013,Brown County,46,South Dakota,nonmetro_nonadjacent,Q2,suppressed_1_9,7.581388888888889,8.0,5.0,9.0,3.3124148624552037,3.495311912896827,2.1845699455605168,3.9322259020089305,0.7938333333333333,Corrected constrained Bayesian posterior summary; not an observed or recovered suppressed count.
46015,Brule County,46,South Dakota,nonmetro_nonadjacent,Q2,suppressed_1_9,1.1434166666666667,1.0,1.0,2.0,3.608586336763732,3.155967935365777,3.155967935365777,6.311935870731554,1.0,Corrected constrained Bayesian posterior summary; not an observed or recovered suppressed count.
46017,Buffalo County,46,South Dakota,nonmetro_nonadjacent,Q4_highest,zero,0.0,0.0,0.0,0.0,0.0,0.0,0.0,0.0,0.0,Corrected constrained Bayesian posterior summary; not an observed or recovered suppressed count.
46019,Butte County,46,South Dakota,nonmetro_nonadjacent,Q3,suppressed_1_9,2.8191944444444443,3.0,2.0,5.0,4.408366475026501,4.69109161701928,3.127394411346187,7.818486028365468,1.0,Corrected constrained Bayesian posterior summary; not an observed or recovered suppressed count.
46021,Campbell County,46,South Dakota,nonmetro_nonadjacent,Q1_lowest,zero,0.0,0.0,0.0,0.0,0.0,0.0,0.0,0.0,0.0,Corrected constrained Bayesian posterior summary; not an observed or recovered suppressed count.
46023,Charles Mix County,46,South Dakota,nonmetro_nonadjacent,Q3,suppressed_1_9,2.495222222222222,2.0,2.0,4.0,4.49484304977846,3.6027597139408787,3.6027597139408787,7.205519427881757,1.0,Corrected constrained Bayesian posterior summary; not an observed or recovered suppressed count.
46025,Clark County,46,South Dakota,nonmetro_nonadjacent,Q2,suppressed_1_9,1.1203611111111111,1.0,1.0,2.0,4.823529130367358,4.30533430920911,4.30533430920911,8.61066861841822,1.0,Corrected constrained Bayesian posterior summary; not an observed or recovered suppressed count.
46027,Clay County,46,South Dakota,nonmetro_adjacent,Q3,suppressed_1_9,4.3203611111111115,4.0,3.0,7.0,4.831429750074292,4.4731721500301935,3.354879112522646,7.8280512625528385,1.0,Corrected constrained Bayesian posterior summary; not an observed or recovered suppressed count.
46029,Codington County,46,South Dakota,nonmetro_nonadjacent,Q1_lowest,suppressed_1_9,6.881,7.0,4.0,9.0,4.010093710662157,4.0794442631358105,2.3311110075061774,5.2449997668889,0.8180555555555555,Corrected constrained Bayesian posterior summary; not an observed or recovered suppressed count.
46031,Corson County,46,South Dakota,nonmetro_nonadjacent,Q3,suppressed_1_9,1.108638888888889,1.0,1.0,2.0,4.749138489069652,4.283755997258396,4.283755997258396,8.567511994516792,1.0,Corrected constrained Bayesian posterior summary; not an observed or recovered suppressed count.
46033,Custer County,46,South Dakota,metro_other,Q2,suppressed_1_9,1.4142777777777777,1.0,1.0,3.0,2.6165617246282693,1.8501045309059962,1.8501045309059962,5.5503135927179885,0.3259722222222222,Corrected constrained Bayesian posterior summary; not an observed or recovered suppressed count.
46035,Davison County,46,South Dakota,nonmetro_nonadjacent,Q2,suppressed_1_9,3.275638888888889,3.0,2.0,6.0,2.746475461684554,2.515364685956719,1.6769097906378125,5.030729371913438,0.36194444444444446,Corrected constrained Bayesian posterior summary; not an observed or recovered suppressed count.
46037,Day County,46,South Dakota,nonmetro_nonadjacent,Q1_lowest,suppressed_1_9,1.1778055555555556,1.0,1.0,2.0,3.6216769335360457,3.074936195073952,3.074936195073952,6.149872390147904,1.0,Corrected constrained Bayesian posterior summary; not an observed or recovered suppressed count.
46039,Deuel County,46,South Dakota,nonmetro_nonadjacent,Q1_lowest,zero,0.0,0.0,0.0,0.0,0.0,0.0,0.0,0.0,0.0,Corrected constrained Bayesian posterior summary; not an observed or recovered suppressed count.
46041,Dewey County,46,South Dakota,nonmetro_nonadjacent,Q4_highest,suppressed_1_9,1.1747777777777777,1.0,1.0,2.0,3.603944466600935,3.0677669724207752,3.0677669724207752,6.1355339448415505,1.0,Corrected constrained Bayesian posterior summary; not an observed or recovered suppressed count.
46043,Douglas County,46,South Dakota,nonmetro_nonadjacent,Q2,zero,0.0,0.0,0.0,0.0,0.0,0.0,0.0,0.0,0.0,Corrected constrained Bayesian posterior summary; not an observed or recovered suppressed count.
46045,Edmunds County,46,South Dakota,nonmetro_nonadjacent,Q1_lowest,zero,0.0,0.0,0.0,0.0,0.0,0.0,0.0,0.0,0.0,Corrected constrained Bayesian posterior summary; not an observed or recovered suppressed count.
46047,Fall River County,46,South Dakota,nonmetro_nonadjacent,Q3,suppressed_1_9,4.0440555555555555,4.0,3.0,7.0,9.460885613650778,9.35781962802667,7.018364721020003,16.37618434904667,1.0,Corrected constrained Bayesian posterior summary; not an observed or recovered suppressed count.
46049,Faulk County,46,South Dakota,nonmetro_nonadjacent,Q2,zero,0.0,0.0,0.0,0.0,0.0,0.0,0.0,0.0,0.0,Corrected constrained Bayesian posterior summary; not an observed or recovered suppressed count.
46051,Grant County,46,South Dakota,nonmetro_nonadjacent,Q1_lowest,suppressed_1_9,1.2099722222222222,1.0,1.0,2.0,2.7371840792268016,2.2621875353466803,2.2621875353466803,4.5243750706933605,0.18372222222222223,Corrected constrained Bayesian posterior summary; not an observed or recovered suppressed count.
46053,Gregory County,46,South Dakota,nonmetro_nonadjacent,Q1_lowest,zero,0.0,0.0,0.0,0.0,0.0,0.0,0.0,0.0,0.0,Corrected constrained Bayesian posterior summary; not an observed or recovered suppressed count.
46055,Haakon County,46,South Dakota,nonmetro_nonadjacent,Q1_lowest,zero,0.0,0.0,0.0,0.0,0.0,0.0,0.0,0.0,0.0,Corrected constrained Bayesian posterior summary; not an observed or recovered suppressed count.
46057,Hamlin County,46,South Dakota,nonmetro_nonadjacent,Q1_lowest,suppressed_1_9,1.1576388888888889,1.0,1.0,2.0,3.0422550428052624,2.6279827604330914,2.6279827604330914,5.255965520866183,0.1426388888888889,Corrected constrained Bayesian posterior summary; not an observed or recovered suppressed count.
46059,Hand County,46,South Dakota,nonmetro_nonadjacent,Q1_lowest,zero,0.0,0.0,0.0,0.0,0.0,0.0,0.0,0.0,0.0,Corrected constrained Bayesian posterior summary; not an observed or recovered suppressed count.
46061,Hanson County,46,South Dakota,nonmetro_adjacent,Q1_lowest,suppressed_1_9,1.0569444444444445,1.0,1.0,2.0,5.067819545668901,4.794783275795933,4.794783275795933,9.589566551591867,1.0,Corrected constrained Bayesian posterior summary; not an observed or recovered suppressed count.
46063,Harding County,46,South Dakota,nonmetro_nonadjacent,Q1_lowest,zero,0.0,0.0,0.0,0.0,0.0,0.0,0.0,0.0,0.0,Corrected constrained Bayesian posterior summary; not an observed or recovered suppressed count.
46065,Hughes County,46,South Dakota,nonmetro_nonadjacent,Q2,suppressed_1_9,4.447472222222222,4.0,3.0,7.0,4.219693184141953,3.7951384276741496,2.846353820755612,6.641492248429762,0.7477222222222222,Corrected constrained Bayesian posterior summary; not an observed or recovered suppressed count.
46067,Hutchinson County,46,South Dakota,nonmetro_adjacent,Q1_lowest,suppressed_1_9,1.2252222222222222,1.0,1.0,3.0,2.7743811924795403,2.264390199719216,2.264390199719216,6.793170599157646,0.19483333333333333,Corrected constrained Bayesian posterior summary; not an observed or recovered suppressed count.
46069,Hyde County,46,South Dakota,nonmetro_nonadjacent,Q1_lowest,suppressed_1_9,1.0265555555555557,1.0,1.0,2.0,13.8667507166631,13.508037282182897,13.508037282182897,27.016074564365795,1.0,Corrected constrained Bayesian posterior summary; not an observed or recovered suppressed count.
46071,Jackson County,46,South Dakota,nonmetro_nonadjacent,Q4_highest,zero,0.0,0.0,0.0,0.0,0.0,0.0,0.0,0.0,0.0,Corrected constrained Bayesian posterior summary; not an observed or recovered suppressed count.
46073,Jerauld County,46,South Dakota,nonmetro_nonadjacent,Q1_lowest,zero,0.0,0.0,0.0,0.0,0.0,0.0,0.0,0.0,0.0,Corrected constrained Bayesian posterior summary; not an observed or recovered suppressed count.
46075,Jones County,46,South Dakota,nonmetro_nonadjacent,Q1_lowest,zero,0.0,0.0,0.0,0.0,0.0,0.0,0.0,0.0,0.0,Corrected constrained Bayesian posterior summary; not an observed or recovered suppressed count.
46077,Kingsbury County,46,South Dakota,nonmetro_nonadjacent,Q1_lowest,suppressed_1_9,2.233111111111111,2.0,2.0,4.0,7.215454816344348,6.462244337458399,6.462244337458399,12.924488674916798,1.0,Corrected constrained Bayesian posterior summary; not an observed or recovered suppressed count.
46079,Lake County,46,South Dakota,nonmetro_adjacent,Q1_lowest,suppressed_1_9,5.298166666666667,5.0,4.0,8.0,7.662400269966828,7.231180851833104,5.7849446814664836,11.569889362932967,1.0,Corrected constrained Bayesian posterior summary; not an observed or recovered suppressed count.
46081,Lawrence County,46,South Dakota,nonmetro_adjacent,Q2,suppressed_1_9,7.310583333333334,7.0,5.0,9.0,4.504197832079228,4.312841176543073,3.080600840387909,5.5450815126982365,0.9776944444444444,Corrected constrained Bayesian posterior summary; not an observed or recovered suppressed count.
46083,Lincoln County,46,South Dakota,metro_other,Q1_lowest,suppressed_1_9,7.86125,8.0,5.0,9.0,1.9104538185985989,1.944173070286717,1.215108168929198,2.1871947040725566,0.0,Corrected constrained Bayesian posterior summary; not an observed or recovered suppressed count.
46085,Lyman County,46,South Dakota,nonmetro_nonadjacent,Q4_highest,suppressed_1_9,1.0886111111111112,1.0,1.0,2.0,4.846888295238548,4.4523597506678545,4.4523597506678545,8.904719501335709,1.0,Corrected constrained Bayesian posterior summary; not an observed or recovered suppressed count.
46087,McCook County,46,South Dakota,metro_other,Q1_lowest,suppressed_1_9,2.223472222222222,2.0,2.0,3.0,6.509184174659617,5.854972335255716,5.854972335255716,8.782458502883573,1.0,Corrected constrained Bayesian posterior summary; not an observed or recovered suppressed count.
46089,McPherson County,46,South Dakota,nonmetro_nonadjacent,Q1_lowest,suppressed_1_9,1.0803333333333334,1.0,1.0,2.0,7.609052918254996,7.04324552753909,7.04324552753909,14.08649105507818,1.0,Corrected constrained Bayesian posterior summary; not an observed or recovered suppressed count.
46091,Marshall County,46,South Dakota,nonmetro_nonadjacent,Q1_lowest,suppressed_1_9,2.2419166666666666,2.0,2.0,4.0,8.21756713828683,7.330840847445201,7.330840847445201,14.661681694890403,1.0,Corrected constrained Bayesian posterior summary; not an observed or recovered suppressed count.
46093,Meade County,46,South Dakota,metro_other,Q1_lowest,suppressed_1_9,7.498,8.0,5.0,9.0,4.173369029794411,4.452781040058332,2.782988150036457,5.009378670065622,0.9453888888888888,Corrected constrained Bayesian posterior summary; not an observed or recovered suppressed count.
46095,Mellette County,46,South Dakota,nonmetro_nonadjacent,Q4_highest,zero,0.0,0.0,0.0,0.0,0.0,0.0,0.0,0.0,0.0,Corrected constrained Bayesian posterior summary; not an observed or recovered suppressed count.
46097,Miner County,46,South Dakota,nonmetro_adjacent,Q1_lowest,suppressed_1_9,1.0692777777777778,1.0,1.0,2.0,7.851367778680218,7.342683016374182,7.342683016374182,14.685366032748364,1.0,Corrected constrained Bayesian posterior summary; not an observed or recovered suppressed count.
46099,Minnehaha County,46,South Dakota,metro_other,Q2,exact,48.0,48.0,48.0,48.0,3.9701642159191266,3.970164215917381,3.970164215917381,3.970164215917381,1.0,Corrected constrained Bayesian posterior summary; not an observed or recovered suppressed count.
46101,Moody County,46,South Dakota,nonmetro_adjacent,Q1_lowest,suppressed_1_9,2.3545,2.0,2.0,4.0,6.077069997935568,5.162089613875697,5.162089613875697,10.324179227751394,1.0,Corrected constrained Bayesian posterior summary; not an observed or recovered suppressed count.
46103,Pennington County,46,South Dakota,metro_other,Q3,exact,31.0,31.0,31.0,31.0,4.506796539944575,4.506796539943302,4.506796539943302,4.506796539943302,1.0,Corrected constrained Bayesian posterior summary; not an observed or recovered suppressed count.
46105,Perkins County,46,South Dakota,nonmetro_nonadjacent,Q2,zero,0.0,0.0,0.0,0.0,0.0,0.0,0.0,0.0,0.0,Corrected constrained Bayesian posterior summary; not an observed or recovered suppressed count.
46107,Potter County,46,South Dakota,nonmetro_nonadjacent,Q1_lowest,zero,0.0,0.0,0.0,0.0,0.0,0.0,0.0,0.0,0.0,Corrected constrained Bayesian posterior summary; not an observed or recovered suppressed count.
46109,Roberts County,46,South Dakota,nonmetro_nonadjacent,Q3,zero,0.0,0.0,0.0,0.0,0.0,0.0,0.0,0.0,0.0,Corrected constrained Bayesian posterior summary; not an observed or recovered suppressed count.
46111,Sanborn County,46,South Dakota,nonmetro_nonadjacent,Q1_lowest,suppressed_1_9,1.0410833333333334,1.0,1.0,2.0,7.305847953223141,7.017543859649122,7.017543859649122,14.035087719298245,1.0,Corrected constrained Bayesian posterior summary; not an observed or recovered suppressed count.
46113,Shannon County,46,South Dakota,nonmetro_nonadjacent,Q1_lowest,suppressed_1_9,5.474138888888889,5.0,4.0,8.0,6.66391411497522,6.086723638399922,4.869378910719938,9.738757821439876,1.0,Corrected constrained Bayesian posterior summary; not an observed or recovered suppressed count.
46115,Spink County,46,South Dakota,nonmetro_nonadjacent,Q1_lowest,suppressed_1_9,2.320333333333333,2.0,2.0,4.0,6.192013805494425,5.337176100125424,5.337176100125424,10.674352200250848,1.0,Corrected constrained Bayesian posterior summary; not an observed or recovered suppressed count.
46117,Stanley County,46,South Dakota,nonmetro_nonadjacent,Q1_lowest,zero,0.0,0.0,0.0,0.0,0.0,0.0,0.0,0.0,0.0,Corrected constrained Bayesian posterior summary; not an observed or recovered suppressed count.
46119,Sully County,46,South Dakota,nonmetro_nonadjacent,Q1_lowest,zero,0.0,0.0,0.0,0.0,0.0,0.0,0.0,0.0,0.0,Corrected constrained Bayesian posterior summary; not an observed or recovered suppressed count.
46121,Todd County,46,South Dakota,nonmetro_nonadjacent,Q4_highest,suppressed_1_9,5.167888888888889,5.0,4.0,8.0,9.008469832635758,8.715812226541392,6.9726497812331125,13.945299562466225,1.0,Corrected constrained Bayesian posterior summary; not an observed or recovered suppressed count.
46123,Tripp County,46,South Dakota,nonmetro_nonadjacent,Q3,suppressed_1_9,2.337638888888889,2.0,2.0,4.0,7.0220453255950845,6.007810153199159,6.007810153199159,12.015620306398318,1.0,Corrected constrained Bayesian posterior summary; not an observed or recovered suppressed count.
46125,Turner County,46,South Dakota,metro_other,Q1_lowest,suppressed_1_9,1.1436111111111111,1.0,1.0,2.0,2.1812151651938634,1.907304978065993,1.907304978065993,3.814609956131986,0.13058333333333333,Corrected constrained Bayesian posterior summary; not an observed or recovered suppressed count.
46127,Union County,46,South Dakota,metro_other,Q1_lowest,suppressed_1_9,1.258888888888889,1.0,1.0,3.0,1.2508335210131176,0.9936012082190693,0.9936012082190693,2.9808036246572076,0.03261111111111111,Corrected constrained Bayesian posterior summary; not an observed or recovered suppressed count.
46129,Walworth County,46,South Dakota,nonmetro_nonadjacent,Q3,suppressed_1_9,1.1832222222222222,1.0,1.0,2.0,3.718135380770721,3.142381296546523,3.142381296546523,6.284762593093046,1.0,Corrected constrained Bayesian posterior summary; not an observed or recovered suppressed count.
46135,Yankton County,46,South Dakota,nonmetro_nonadjacent,Q1_lowest,suppressed_1_9,6.195388888888889,6.0,4.0,9.0,4.449048407841688,4.308735242581794,2.8724901617211964,6.463102863872692,0.8914166666666666,Corrected constrained Bayesian posterior summary; not an observed or recovered suppressed count.
46137,Ziebach County,46,South Dakota,nonmetro_nonadjacent,Q4_highest,suppressed_1_9,2.151638888888889,2.0,2.0,3.0,14.414409384918807,13.398539559188047,13.398539559188047,20.097809338782074,1.0,Corrected constrained Bayesian posterior summary; not an observed or recovered suppressed count.
47001,Anderson County,47,Tennessee,metro_other,Q3,exact,34.0,34.0,34.0,34.0,7.192600929118595,7.1926009291148025,7.1926009291148025,7.1926009291148025,1.0,Corrected constrained Bayesian posterior summary; not an observed or recovered suppressed count.
47003,Bedford County,47,Tennessee,nonmetro_adjacent,Q3,suppressed_1_9,8.135861111111112,8.0,6.0,9.0,2.622407237887365,2.5786155413158673,1.9339616559869006,2.900942483980351,0.0,Corrected constrained Bayesian posterior summary; not an observed or recovered suppressed count.
47005,Benton County,47,Tennessee,nonmetro_nonadjacent,Q2,suppressed_1_9,6.859305555555555,7.0,5.0,9.0,7.112437195337579,7.25832374197696,5.184516958554972,9.332130525398949,1.0,Corrected constrained Bayesian posterior summary; not an observed or recovered suppressed count.
47007,Bledsoe County,47,Tennessee,nonmetro_adjacent,Q3,suppressed_1_9,2.733361111111111,2.0,2.0,5.0,3.0046840838865,2.1985269869187647,2.1985269869187647,5.496317467296911,0.49877777777777776,Corrected constrained Bayesian posterior summary; not an observed or recovered suppressed count.
47009,Blount County,47,Tennessee,metro_other,Q1_lowest,exact,35.0,35.0,35.0,35.0,4.221602785777032,4.22160278577537,4.22160278577537,4.22160278577537,1.0,Corrected constrained Bayesian posterior summary; not an observed or recovered suppressed count.
47011,Bradley County,47,Tennessee,metro_other,Q3,exact,25.0,25.0,25.0,25.0,3.7689199782908003,3.768919978291021,3.768919978291021,3.768919978291021,1.0,Corrected constrained Bayesian posterior summary; not an observed or recovered suppressed count.
47013,Campbell County,47,Tennessee,metro_other,Q3,exact,25.0,25.0,25.0,25.0,10.447050170914675,10.44705017091374,10.44705017091374,10.44705017091374,1.0,Corrected constrained Bayesian posterior summary; not an observed or recovered suppressed count.
47015,Cannon County,47,Tennessee,metro_large,Q2,suppressed_1_9,2.5560833333333335,2.0,2.0,4.0,2.869714422576992,2.245399737288231,2.245399737288231,4.490799474576462,0.4156666666666667,Corrected constrained Bayesian posterior summary; not an observed or recovered suppressed count.
47017,Carroll County,47,Tennessee,nonmetro_adjacent,Q3,suppressed_1_9,8.25975,8.0,6.0,9.0,4.847185788983239,4.694753026648591,3.5210647699864444,5.281597154979665,1.0,Corrected constrained Bayesian posterior summary; not an observed or recovered suppressed count.
47019,Carter County,47,Tennessee,metro_other,Q3,exact,12.0,12.0,12.0,12.0,3.531395578102807,3.5313955781041706,3.5313955781041706,3.5313955781041706,1.0,Corrected constrained Bayesian posterior summary; not an observed or recovered suppressed count.
47021,Cheatham County,47,Tennessee,metro_large,Q1_lowest,suppressed_1_9,8.121833333333333,8.0,6.0,9.0,3.2490062498579486,3.2002688225810965,2.4002016169358225,3.6003024254037337,0.75625,Corrected constrained Bayesian posterior summary; not an observed or recovered suppressed count.
47023,Chester County,47,Tennessee,metro_other,Q2,suppressed_1_9,5.488888888888889,5.0,4.0,8.0,5.2114322366087835,4.747256085982302,3.797804868785842,7.595609737571684,1.0,Corrected constrained Bayesian posterior summary; not an observed or recovered suppressed count.
47025,Claiborne County,47,Tennessee,nonmetro_adjacent,Q3,suppressed_1_9,7.098277777777778,7.0,4.0,9.0,3.6513023280278802,3.600748955782803,2.0575708318758874,4.629534371720746,0.8548055555555556,Corrected constrained Bayesian posterior summary; not an observed or recovered suppressed count.
47027,Clay County,47,Tennessee,nonmetro_adjacent,Q3,suppressed_1_9,2.4423333333333335,2.0,2.0,4.0,5.3105747626273905,4.348771472059143,4.348771472059143,8.697542944118286,1.0,Corrected constrained Bayesian posterior summary; not an observed or recovered suppressed count.
47029,Cocke County,47,Tennessee,nonmetro_adjacent,Q3,suppressed_1_9,7.448555555555555,8.0,5.0,9.0,3.3776314609413594,3.627690158983521,2.2673063493647008,4.081151428856462,0.7557777777777778,Corrected constrained Bayesian posterior summary; not an observed or recovered suppressed count.
47031,Coffee County,47,Tennessee,nonmetro_adjacent,Q3,suppressed_1_9,7.129083333333333,7.0,4.0,9.0,2.0091546186435196,1.9727756954034328,1.1273003973733902,2.5364258940901276,0.0,Corrected constrained Bayesian posterior summary; not an observed or recovered suppressed count.
47033,Crockett County,47,Tennessee,metro_other,Q3,suppressed_1_9,1.3381944444444445,1.0,1.0,3.0,1.588700784078556,1.1871972646975022,1.1871972646975022,3.5615917940925064,0.05561111111111111,Corrected constrained Bayesian posterior summary; not an observed or recovered suppressed count.
47035,Cumberland County,47,Tennessee,nonmetro_adjacent,Q2,exact,12.0,12.0,12.0,12.0,3.1706273086154897,3.170627308613009,3.170627308613009,3.170627308613009,1.0,Corrected constrained Bayesian posterior summary; not an observed or recovered suppressed count.
47037,Davidson County,47,Tennessee,metro_large,Q3,exact,116.0,116.0,116.0,116.0,2.734394152546585,2.7343941525452493,2.7343941525452493,2.7343941525452493,0.0,Corrected constrained Bayesian posterior summary; not an observed or recovered suppressed count.
47039,Decatur County,47,Tennessee,nonmetro_nonadjacent,Q2,suppressed_1_9,3.963972222222222,4.0,3.0,6.0,5.6892317505882835,5.740940078937927,4.3057050592034445,8.611410118406889,1.0,Corrected constrained Bayesian posterior summary; not an observed or recovered suppressed count.
47041,DeKalb County,47,Tennessee,nonmetro_adjacent,Q4_highest,suppressed_1_9,5.142166666666666,5.0,3.0,8.0,4.08822282291939,3.9751947845444424,2.3851168707266655,6.360311655271108,0.8648055555555556,Corrected constrained Bayesian posterior summary; not an observed or recovered suppressed count.
47043,Dickson County,47,Tennessee,metro_large,Q1_lowest,suppressed_1_9,7.0649444444444445,7.0,4.0,9.0,2.1168563146472312,2.0973971301614696,1.198512645806554,2.6966534530647466,0.0,Corrected constrained Bayesian posterior summary; not an observed or recovered suppressed count.
47045,Dyer County,47,Tennessee,nonmetro_adjacent,Q3,exact,10.0,10.0,10.0,10.0,4.550045955461246,4.55004595546415,4.55004595546415,4.55004595546415,1.0,Corrected constrained Bayesian posterior summary; not an observed or recovered suppressed count.
47047,Fayette County,47,Tennessee,metro_large,Q2,exact,11.0,11.0,11.0,11.0,4.2657814523839255,4.265781452382245,4.265781452382245,4.265781452382245,1.0,Corrected constrained Bayesian posterior summary; not an observed or recovered suppressed count.
47049,Fentress County,47,Tennessee,nonmetro_adjacent,Q2,exact,10.0,10.0,10.0,10.0,8.671748311177637,8.671748311177017,8.671748311177017,8.671748311177017,1.0,Corrected constrained Bayesian posterior summary; not an observed or recovered suppressed count.
47051,Franklin County,47,Tennessee,nonmetro_nonadjacent,Q2,exact,14.0,14.0,14.0,14.0,5.350843331133808,5.350843331129296,5.350843331129296,5.350843331129296,1.0,Corrected constrained Bayesian posterior summary; not an observed or recovered suppressed count.
47053,Gibson County,47,Tennessee,metro_other,Q4_highest,exact,21.0,21.0,21.0,21.0,6.950489347544512,6.950489347547636,6.950489347547636,6.950489347547636,1.0,Corrected constrained Bayesian posterior summary; not an observed or recovered suppressed count.
47055,Giles County,47,Tennessee,nonmetro_adjacent,Q2,suppressed_1_9,5.290611111111111,5.0,3.0,9.0,2.9104152837523105,2.750547358924426,1.6503284153546556,4.950985246063967,0.4103888888888889,Corrected constrained Bayesian posterior summary; not an observed or recovered suppressed count.
47057,Grainger County,47,Tennessee,metro_other,Q3,suppressed_1_9,4.774805555555556,5.0,3.0,8.0,3.300275475746551,3.455926568472273,2.073555941083364,5.529482509555637,0.52,Corrected constrained Bayesian posterior summary; not an observed or recovered suppressed count.
47059,Greene County,47,Tennessee,nonmetro_adjacent,Q3,exact,21.0,21.0,21.0,21.0,4.922171099354359,4.922171099355196,4.922171099355196,4.922171099355196,1.0,Corrected constrained Bayesian posterior summary; not an observed or recovered suppressed count.
47061,Grundy County,47,Tennessee,nonmetro_adjacent,Q3,suppressed_1_9,4.304444444444444,4.0,3.0,7.0,5.222572730458622,4.85319097306479,3.639893229798593,8.493084202863383,1.0,Corrected constrained Bayesian posterior summary; not an observed or recovered suppressed count.
47063,Hamblen County,47,Tennessee,metro_other,Q4_highest,exact,17.0,17.0,17.0,17.0,4.318984987718173,4.3189849877162985,4.3189849877162985,4.3189849877162985,1.0,Corrected constrained Bayesian posterior summary; not an observed or recovered suppressed count.
47065,Hamilton County,47,Tennessee,metro_other,Q3,exact,70.0,70.0,70.0,70.0,3.111936811677932,3.111936811678477,3.111936811678477,3.111936811678477,1.0,Corrected constrained Bayesian posterior summary; not an observed or recovered suppressed count.
47067,Hancock County,47,Tennessee,nonmetro_adjacent,Q4_highest,zero,0.0,0.0,0.0,0.0,0.0,0.0,0.0,0.0,0.0,Corrected constrained Bayesian posterior summary; not an observed or recovered suppressed count.
47069,Hardeman County,47,Tennessee,nonmetro_adjacent,Q4_highest,exact,13.0,13.0,13.0,13.0,8.56153106518649,8.56153106518618,8.56153106518618,8.56153106518618,1.0,Corrected constrained Bayesian posterior summary; not an observed or recovered suppressed count.
47071,Hardin County,47,Tennessee,nonmetro_adjacent,Q3,suppressed_1_9,4.066333333333334,4.0,2.0,8.0,2.5406643757164553,2.4992189940643548,1.2496094970321774,4.9984379881287095,0.3463888888888889,Corrected constrained Bayesian posterior summary; not an observed or recovered suppressed count.
47073,Hawkins County,47,Tennessee,metro_other,Q3,exact,14.0,14.0,14.0,14.0,4.036175665898163,4.03617566589691,4.03617566589691,4.03617566589691,1.0,Corrected constrained Bayesian posterior summary; not an observed or recovered suppressed count.
47075,Haywood County,47,Tennessee,nonmetro_adjacent,Q4_highest,suppressed_1_9,4.834,5.0,3.0,8.0,4.649194517914286,4.808848280836739,2.8853089685020437,7.694157249338783,0.8155277777777777,Corrected constrained Bayesian posterior summary; not an observed or recovered suppressed count.
47077,Henderson County,47,Tennessee,nonmetro_adjacent,Q3,suppressed_1_9,7.6715,8.0,5.0,9.0,4.557471127797232,4.752625825768737,2.970391141105461,5.346704053989829,1.0,Corrected constrained Bayesian posterior summary; not an observed or recovered suppressed count.
47079,Henry County,47,Tennessee,nonmetro_nonadjacent,Q3,exact,12.0,12.0,12.0,12.0,6.171061834036332,6.171061834039578,6.171061834039578,6.171061834039578,1.0,Corrected constrained Bayesian posterior summary; not an observed or recovered suppressed count.
47081,Hickman County,47,Tennessee,metro_large,Q2,suppressed_1_9,1.4409444444444444,1.0,1.0,3.0,0.9417198941544163,0.6535435129270907,0.6535435129270907,1.960630538781272,0.0025833333333333333,Corrected constrained Bayesian posterior summary; not an observed or recovered suppressed count.
47083,Houston County,47,Tennessee,nonmetro_adjacent,Q2,zero,0.0,0.0,0.0,0.0,0.0,0.0,0.0,0.0,0.0,Corrected constrained Bayesian posterior summary; not an observed or recovered suppressed count.
47085,Humphreys County,47,Tennessee,nonmetro_adjacent,Q2,suppressed_1_9,4.5425,4.0,3.0,8.0,3.9758603788131515,3.5010328046773798,2.625774603508035,7.0020656093547595,0.7611666666666667,Corrected constrained Bayesian posterior summary; not an observed or recovered suppressed count.
47087,Jackson County,47,Tennessee,nonmetro_adjacent,Q3,suppressed_1_9,6.5938888888888885,6.0,5.0,9.0,9.141926698216025,8.318544809228039,6.932120674356699,12.477817213842057,1.0,Corrected constrained Bayesian posterior summary; not an observed or recovered suppressed count.
47089,Jefferson County,47,Tennessee,metro_other,Q2,exact,11.0,11.0,11.0,11.0,3.2428480460366695,3.24284804603665,3.24284804603665,3.24284804603665,1.0,Corrected constrained Bayesian posterior summary; not an observed or recovered suppressed count.
47091,Johnson County,47,Tennessee,nonmetro_adjacent,Q3,suppressed_1_9,4.355361111111111,4.0,3.0,7.0,4.004046105789419,3.6773493665765717,2.7580120249324285,6.435361391509,0.7198611111111111,Corrected constrained Bayesian posterior summary; not an observed or recovered suppressed count.
47093,Knox County,47,Tennessee,metro_other,Q2,exact,114.0,114.0,114.0,114.0,3.8846993958284375,3.884699395827015,3.884699395827015,3.884699395827015,1.0,Corrected constrained Bayesian posterior summary; not an observed or recovered suppressed count.
47095,Lake County,47,Tennessee,nonmetro_nonadjacent,Q4_highest,zero,0.0,0.0,0.0,0.0,0.0,0.0,0.0,0.0,0.0,Corrected constrained Bayesian posterior summary; not an observed or recovered suppressed count.
47097,Lauderdale County,47,Tennessee,nonmetro_adjacent,Q4_highest,suppressed_1_9,8.184972222222223,8.0,6.0,9.0,5.448475434994446,5.325345315360293,3.9940089865202193,5.99101347978033,1.0,Corrected constrained Bayesian posterior summary; not an observed or recovered suppressed count.
47099,Lawrence County,47,Tennessee,nonmetro_adjacent,Q3,suppressed_1_9,8.133138888888888,8.0,6.0,9.0,2.996757120130175,2.9477004252057863,2.2107753189043398,3.31616297835651,0.7638888888888888,Corrected constrained Bayesian posterior summary; not an observed or recovered suppressed count.
47101,Lewis County,47,Tennessee,nonmetro_adjacent,Q3,suppressed_1_9,2.8234166666666667,3.0,2.0,5.0,3.6701590644184914,3.8996997231213197,2.599799815414213,6.499499538535533,0.5385833333333333,Corrected constrained Bayesian posterior summary; not an observed or recovered suppressed count.
47103,Lincoln County,47,Tennessee,nonmetro_adjacent,Q2,exact,13.0,13.0,13.0,13.0,6.095759695774203,6.095759695774701,6.095759695774701,6.095759695774701,1.0,Corrected constrained Bayesian posterior summary; not an observed or recovered suppressed count.
47105,Loudon County,47,Tennessee,metro_other,Q1_lowest,exact,18.0,18.0,18.0,18.0,5.193770937388771,5.1937709373890915,5.1937709373890915,5.1937709373890915,1.0,Corrected constrained Bayesian posterior summary; not an observed or recovered suppressed count.
47107,McMinn County,47,Tennessee,nonmetro_adjacent,Q3,exact,19.0,19.0,19.0,19.0,5.771357058671195,5.771357058673439,5.771357058673439,5.771357058673439,1.0,Corrected constrained Bayesian posterior summary; not an observed or recovered suppressed count.
47109,McNairy County,47,Tennessee,nonmetro_adjacent,Q2,suppressed_1_9,6.471527777777778,6.0,4.0,9.0,4.161647145910396,3.858421648317728,2.572281098878485,5.787632472476592,0.9177222222222222,Corrected constrained Bayesian posterior summary; not an observed or recovered suppressed count.
47111,Macon County,47,Tennessee,metro_large,Q3,suppressed_1_9,6.1498888888888885,6.0,4.0,9.0,3.9590115095944665,3.862520036822691,2.575013357881794,5.793780055234037,0.8804444444444445,Corrected constrained Bayesian posterior summary; not an observed or recovered suppressed count.
47113,Madison County,47,Tennessee,metro_other,Q4_highest,exact,33.0,33.0,33.0,33.0,5.555873568519167,5.555873568520757,5.555873568520757,5.555873568520757,1.0,Corrected constrained Bayesian posterior summary; not an observed or recovered suppressed count.
47115,Marion County,47,Tennessee,metro_other,Q2,suppressed_1_9,3.3533333333333335,3.0,2.0,6.0,1.916080985848327,1.7141877606993885,1.1427918404662591,3.428375521398777,0.06372222222222222,Corrected constrained Bayesian posterior summary; not an observed or recovered suppressed count.
47117,Marshall County,47,Tennessee,nonmetro_adjacent,Q2,exact,11.0,11.0,11.0,11.0,5.114827886041394,5.114827886041635,5.114827886041635,5.114827886041635,1.0,Corrected constrained Bayesian posterior summary; not an observed or recovered suppressed count.
47119,Maury County,47,Tennessee,metro_large,Q1_lowest,exact,22.0,22.0,22.0,22.0,3.475145600704122,3.475145600702611,3.475145600702611,3.475145600702611,1.0,Corrected constrained Bayesian posterior summary; not an observed or recovered suppressed count.
47121,Meigs County,47,Tennessee,nonmetro_adjacent,Q2,suppressed_1_9,3.9723888888888887,4.0,3.0,6.0,5.034521993953428,5.069515734509461,3.8021368008820953,7.6042736017641905,1.0,Corrected constrained Bayesian posterior summary; not an observed or recovered suppressed count.
47123,Monroe County,47,Tennessee,nonmetro_adjacent,Q4_highest,exact,18.0,18.0,18.0,18.0,6.29573149405086,6.295731494047036,6.295731494047036,6.295731494047036,1.0,Corrected constrained Bayesian posterior summary; not an observed or recovered suppressed count.
47125,Montgomery County,47,Tennessee,metro_other,Q3,exact,29.0,29.0,29.0,29.0,2.1133298645580885,2.113329864557418,2.113329864557418,2.113329864557418,0.0,Corrected constrained Bayesian posterior summary; not an observed or recovered suppressed count.
47127,Moore County,47,Tennessee,nonmetro_nonadjacent,Q1_lowest,zero,0.0,0.0,0.0,0.0,0.0,0.0,0.0,0.0,0.0,Corrected constrained Bayesian posterior summary; not an observed or recovered suppressed count.
47129,Morgan County,47,Tennessee,metro_other,Q3,suppressed_1_9,6.975833333333333,7.0,5.0,9.0,5.4143802213077725,5.433137481663161,3.8808124869022578,6.985462476424064,1.0,Corrected constrained Bayesian posterior summary; not an observed or recovered suppressed count.
47131,Obion County,47,Tennessee,nonmetro_nonadjacent,Q3,exact,13.0,13.0,13.0,13.0,7.1533907071918605,7.153390707195211,7.153390707195211,7.153390707195211,1.0,Corrected constrained Bayesian posterior summary; not an observed or recovered suppressed count.
47133,Overton County,47,Tennessee,nonmetro_nonadjacent,Q2,zero,0.0,0.0,0.0,0.0,0.0,0.0,0.0,0.0,0.0,Corrected constrained Bayesian posterior summary; not an observed or recovered suppressed count.
47135,Perry County,47,Tennessee,nonmetro_nonadjacent,Q2,zero,0.0,0.0,0.0,0.0,0.0,0.0,0.0,0.0,0.0,Corrected constrained Bayesian posterior summary; not an observed or recovered suppressed count.
47137,Pickett County,47,Tennessee,nonmetro_nonadjacent,Q2,suppressed_1_9,2.3168333333333333,2.0,2.0,4.0,7.588462000370695,6.550718941403819,6.550718941403819,13.101437882807637,1.0,Corrected constrained Bayesian posterior summary; not an observed or recovered suppressed count.
47139,Polk County,47,Tennessee,metro_other,Q3,suppressed_1_9,7.787805555555556,8.0,6.0,9.0,7.369442315314867,7.57023761083301,5.677678208124758,8.516517312187135,1.0,Corrected constrained Bayesian posterior summary; not an observed or recovered suppressed count.
47141,Putnam County,47,Tennessee,nonmetro_adjacent,Q3,exact,14.0,14.0,14.0,14.0,2.8369829092069874,2.8369829092043886,2.8369829092043886,2.8369829092043886,0.0,Corrected constrained Bayesian posterior summary; not an observed or recovered suppressed count.
47143,Rhea County,47,Tennessee,nonmetro_adjacent,Q3,exact,13.0,13.0,13.0,13.0,6.430581868721632,6.43058186872709,6.43058186872709,6.43058186872709,1.0,Corrected constrained Bayesian posterior summary; not an observed or recovered suppressed count.
47145,Roane County,47,Tennessee,metro_other,Q2,exact,21.0,21.0,21.0,21.0,6.380360642294373,6.380360642289638,6.380360642289638,6.380360642289638,1.0,Corrected constrained Bayesian posterior summary; not an observed or recovered suppressed count.
47147,Robertson County,47,Tennessee,metro_large,Q2,exact,12.0,12.0,12.0,12.0,2.673254754495909,2.6732547544949665,2.6732547544949665,2.6732547544949665,0.0,Corrected constrained Bayesian posterior summary; not an observed or recovered suppressed count.
47149,Rutherford County,47,Tennessee,metro_large,Q2,exact,46.0,46.0,46.0,46.0,2.1612032076021395,2.1612032076014214,2.1612032076014214,2.1612032076014214,0.0,Corrected constrained Bayesian posterior summary; not an observed or recovered suppressed count.
47151,Scott County,47,Tennessee,nonmetro_adjacent,Q3,exact,10.0,10.0,10.0,10.0,7.53023388906191,7.5302338890645935,7.5302338890645935,7.5302338890645935,1.0,Corrected constrained Bayesian posterior summary; not an observed or recovered suppressed count.
47153,Sequatchie County,47,Tennessee,metro_other,Q3,suppressed_1_9,4.476833333333333,4.0,3.0,7.0,4.554811709804477,4.069672798307016,3.0522545987302623,7.121927397037278,1.0,Corrected constrained Bayesian posterior summary; not an observed or recovered suppressed count.
47155,Sevier County,47,Tennessee,nonmetro_adjacent,Q3,exact,20.0,20.0,20.0,20.0,3.3590919702576367,3.3590919702585995,3.3590919702585995,3.3590919702585995,1.0,Corrected constrained Bayesian posterior summary; not an observed or recovered suppressed count.
47157,Shelby County,47,Tennessee,metro_large,Q4_highest,exact,202.0,202.0,202.0,202.0,3.6497801097838956,3.649780109782495,3.649780109782495,3.649780109782495,1.0,Corrected constrained Bayesian posterior summary; not an observed or recovered suppressed count.
47159,Smith County,47,Tennessee,metro_large,Q2,suppressed_1_9,6.698222222222222,7.0,5.0,9.0,5.471330966334075,5.717833104620009,4.084166503300007,7.351499705940012,1.0,Corrected constrained Bayesian posterior summary; not an observed or recovered suppressed count.
47161,Stewart County,47,Tennessee,metro_other,Q2,suppressed_1_9,1.356,1.0,1.0,3.0,1.6133062069453317,1.1897538399305183,1.1897538399305183,3.5692615197915547,0.05988888888888889,Corrected constrained Bayesian posterior summary; not an observed or recovered suppressed count.
47163,Sullivan County,47,Tennessee,metro_other,Q2,exact,34.0,34.0,34.0,34.0,3.534208015171218,3.534208015167989,3.534208015167989,3.534208015167989,1.0,Corrected constrained Bayesian posterior summary; not an observed or recovered suppressed count.
47165,Sumner County,47,Tennessee,metro_large,Q2,exact,34.0,34.0,34.0,34.0,2.807657307260145,2.807657307258455,2.807657307258455,2.807657307258455,0.0,Corrected constrained Bayesian posterior summary; not an observed or recovered suppressed count.
47167,Tipton County,47,Tennessee,metro_large,Q2,exact,15.0,15.0,15.0,15.0,4.0499056371950735,4.049905637198654,4.049905637198654,4.049905637198654,1.0,Corrected constrained Bayesian posterior summary; not an observed or recovered suppressed count.
47169,Trousdale County,47,Tennessee,metro_large,Q1_lowest,suppressed_1_9,3.4255,3.0,3.0,5.0,4.8033373063184515,4.206688634929538,4.206688634929538,7.011147724882563,1.0,Corrected constrained Bayesian posterior summary; not an observed or recovered suppressed count.
47171,Unicoi County,47,Tennessee,metro_other,Q3,suppressed_1_9,3.0702777777777777,3.0,2.0,6.0,2.879159190699801,2.813256062566815,1.87550404171121,5.62651212513363,0.2906944444444444,Corrected constrained Bayesian posterior summary; not an observed or recovered suppressed count.
47173,Union County,47,Tennessee,metro_other,Q2,suppressed_1_9,5.739444444444445,6.0,4.0,9.0,4.6869442448270835,4.899719082772588,3.2664793885150583,7.349578624158882,1.0,Corrected constrained Bayesian posterior summary; not an observed or recovered suppressed count.
47175,Van Buren County,47,Tennessee,nonmetro_nonadjacent,Q3,suppressed_1_9,1.1439722222222222,1.0,1.0,2.0,3.0303097195352073,2.648936452014516,2.648936452014516,5.297872904029032,0.13166666666666665,Corrected constrained Bayesian posterior summary; not an observed or recovered suppressed count.
47177,Warren County,47,Tennessee,nonmetro_adjacent,Q4_highest,exact,14.0,14.0,14.0,14.0,5.540429304121175,5.540429304122079,5.540429304122079,5.540429304122079,1.0,Corrected constrained Bayesian posterior summary; not an observed or recovered suppressed count.
47179,Washington County,47,Tennessee,metro_other,Q3,exact,21.0,21.0,21.0,21.0,2.5983281614219553,2.598328161422993,2.598328161422993,2.598328161422993,0.0,Corrected constrained Bayesian posterior summary; not an observed or recovered suppressed count.
47181,Wayne County,47,Tennessee,nonmetro_adjacent,Q3,suppressed_1_9,2.816777777777778,3.0,2.0,5.0,2.875612815993014,3.062662065867652,2.0417747105784345,5.104436776446087,0.5329444444444444,Corrected constrained Bayesian posterior summary; not an observed or recovered suppressed count.
47183,Weakley County,47,Tennessee,nonmetro_adjacent,Q3,exact,11.0,11.0,11.0,11.0,5.527443758262459,5.52744375825976,5.52744375825976,5.52744375825976,1.0,Corrected constrained Bayesian posterior summary; not an observed or recovered suppressed count.
47185,White County,47,Tennessee,nonmetro_nonadjacent,Q3,suppressed_1_9,5.446833333333333,5.0,3.0,9.0,3.231276374435983,2.966197216520532,1.7797183299123194,5.339154989736957,0.6899166666666666,Corrected constrained Bayesian posterior summary; not an observed or recovered suppressed count.
47187,Williamson County,47,Tennessee,metro_large,Q1_lowest,exact,30.0,30.0,30.0,30.0,1.9557912935997386,1.9557912935994775,1.9557912935994775,1.9557912935994775,0.0,Corrected constrained Bayesian posterior summary; not an observed or recovered suppressed count.
47189,Wilson County,47,Tennessee,metro_large,Q1_lowest,exact,17.0,17.0,17.0,17.0,1.8145314079374715,1.8145314079376145,1.8145314079376145,1.8145314079376145,0.0,Corrected constrained Bayesian posterior summary; not an observed or recovered suppressed count.
48001,Anderson County,48,Texas,nonmetro_nonadjacent,Q4_highest,exact,11.0,11.0,11.0,11.0,3.1495702268283834,3.149570226826321,3.149570226826321,3.149570226826321,1.0,Corrected constrained Bayesian posterior summary; not an observed or recovered suppressed count.
48003,Andrews County,48,Texas,nonmetro_adjacent,Q3,suppressed_1_9,5.443833333333333,5.0,4.0,8.0,4.8629535337302086,4.466479074545536,3.573183259636428,7.146366519272856,1.0,Corrected constrained Bayesian posterior summary; not an observed or recovered suppressed count.
48005,Angelina County,48,Texas,nonmetro_nonadjacent,Q4_highest,exact,34.0,34.0,34.0,34.0,6.506790984653152,6.506790984649714,6.506790984649714,6.506790984649714,1.0,Corrected constrained Bayesian posterior summary; not an observed or recovered suppressed count.
48007,Aransas County,48,Texas,metro_other,Q4_highest,suppressed_1_9,8.145916666666666,8.0,6.0,9.0,5.51342272037055,5.414661549811502,4.060996162358626,6.09149424353794,1.0,Corrected constrained Bayesian posterior summary; not an observed or recovered suppressed count.
48009,Archer County,48,Texas,metro_other,Q2,suppressed_1_9,1.1516944444444444,1.0,1.0,2.0,2.1737056120727467,1.8873978445916615,1.8873978445916615,3.774795689183323,0.13669444444444445,Corrected constrained Bayesian posterior summary; not an observed or recovered suppressed count.
48011,Armstrong County,48,Texas,metro_other,Q1_lowest,zero,0.0,0.0,0.0,0.0,0.0,0.0,0.0,0.0,0.0,Corrected constrained Bayesian posterior summary; not an observed or recovered suppressed count.
48013,Atascosa County,48,Texas,metro_large,Q4_highest,exact,19.0,19.0,19.0,19.0,6.163888050818756,6.163888050816391,6.163888050816391,6.163888050816391,1.0,Corrected constrained Bayesian posterior summary; not an observed or recovered suppressed count.
48015,Austin County,48,Texas,metro_large,Q3,suppressed_1_9,4.857638888888889,5.0,3.0,8.0,2.615796584290267,2.6924568129927198,1.6154740877956317,4.307930900788351,0.29033333333333333,Corrected constrained Bayesian posterior summary; not an observed or recovered suppressed count.
48017,Bailey County,48,Texas,nonmetro_adjacent,Q4_highest,zero,0.0,0.0,0.0,0.0,0.0,0.0,0.0,0.0,0.0,Corrected constrained Bayesian posterior summary; not an observed or recovered suppressed count.
48019,Bandera County,48,Texas,metro_large,Q3,suppressed_1_9,4.466055555555555,4.0,3.0,7.0,3.2809694060793992,2.938583602703497,2.2039377020276225,5.14252130473112,0.7462222222222222,Corrected constrained Bayesian posterior summary; not an observed or recovered suppressed count.
48021,Bastrop County,48,Texas,metro_large,Q4_highest,exact,22.0,22.0,22.0,22.0,3.5814344947465213,3.5814344947491286,3.5814344947491286,3.5814344947491286,1.0,Corrected constrained Bayesian posterior summary; not an observed or recovered suppressed count.
48023,Baylor County,48,Texas,nonmetro_nonadjacent,Q2,suppressed_1_9,4.277888888888889,4.0,4.0,6.0,20.403934412323096,19.078508060669655,19.078508060669655,28.617762091004483,1.0,Corrected constrained Bayesian posterior summary; not an observed or recovered suppressed count.
48025,Bee County,48,Texas,nonmetro_adjacent,Q4_highest,suppressed_1_9,4.637083333333333,4.0,3.0,8.0,2.460356622380944,2.1223311685555415,1.591748376416656,4.244662337111083,0.2368611111111111,Corrected constrained Bayesian posterior summary; not an observed or recovered suppressed count.
48027,Bell County,48,Texas,metro_other,Q4_highest,exact,89.0,89.0,89.0,89.0,3.880320453433398,3.8803204534307048,3.8803204534307048,3.8803204534307048,1.0,Corrected constrained Bayesian posterior summary; not an observed or recovered suppressed count.
48029,Bexar County,48,Texas,metro_large,Q4_highest,exact,446.0,446.0,446.0,446.0,3.616150050441554,3.6161500504436717,3.6161500504436717,3.6161500504436717,1.0,Corrected constrained Bayesian posterior summary; not an observed or recovered suppressed count.
48031,Blanco County,48,Texas,nonmetro_adjacent,Q1_lowest,suppressed_1_9,2.5268055555555557,2.0,2.0,4.0,3.373121820257549,2.669870511280203,2.669870511280203,5.339741022560406,0.39211111111111113,Corrected constrained Bayesian posterior summary; not an observed or recovered suppressed count.
48033,Borden County,48,Texas,nonmetro_nonadjacent,Q1_lowest,zero,0.0,0.0,0.0,0.0,0.0,0.0,0.0,0.0,0.0,Corrected constrained Bayesian posterior summary; not an observed or recovered suppressed count.
48035,Bosque County,48,Texas,metro_other,Q3,suppressed_1_9,5.740916666666666,6.0,4.0,9.0,5.103173121653837,5.3334755593482495,3.5556503728988327,8.000213339022373,1.0,Corrected constrained Bayesian posterior summary; not an observed or recovered suppressed count.
48037,Bowie County,48,Texas,metro_other,Q4_highest,exact,24.0,24.0,24.0,24.0,4.324160707433449,4.324160707432692,4.324160707432692,4.324160707432692,1.0,Corrected constrained Bayesian posterior summary; not an observed or recovered suppressed count.
48039,Brazoria County,48,Texas,metro_large,Q3,exact,42.0,42.0,42.0,42.0,1.7988584957933946,1.798858495794526,1.798858495794526,1.798858495794526,0.0,Corrected constrained Bayesian posterior summary; not an observed or recovered suppressed count.
48041,Brazos County,48,Texas,metro_other,Q4_highest,exact,33.0,33.0,33.0,33.0,2.2994288358124773,2.2994288358131163,2.2994288358131163,2.2994288358131163,0.0,Corrected constrained Bayesian posterior summary; not an observed or recovered suppressed count.
48043,Brewster County,48,Texas,nonmetro_nonadjacent,Q3,suppressed_1_9,2.477138888888889,2.0,2.0,4.0,4.403489332114124,3.5553027340278027,3.5553027340278027,7.1106054680556054,1.0,Corrected constrained Bayesian posterior summary; not an observed or recovered suppressed count.
48045,Briscoe County,48,Texas,nonmetro_adjacent,Q3,zero,0.0,0.0,0.0,0.0,0.0,0.0,0.0,0.0,0.0,Corrected constrained Bayesian posterior summary; not an observed or recovered suppressed count.
48047,Brooks County,48,Texas,nonmetro_nonadjacent,Q4_highest,suppressed_1_9,2.3112222222222223,2.0,2.0,4.0,5.563177812545554,4.814057046576002,4.814057046576002,9.628114093152004,1.0,Corrected constrained Bayesian posterior summary; not an observed or recovered suppressed count.
48049,Brown County,48,Texas,nonmetro_nonadjacent,Q4_highest,exact,12.0,12.0,12.0,12.0,5.230991883242026,5.230991883244261,5.230991883244261,5.230991883244261,1.0,Corrected constrained Bayesian posterior summary; not an observed or recovered suppressed count.
48051,Burleson County,48,Texas,metro_other,Q3,suppressed_1_9,4.337638888888889,4.0,3.0,7.0,3.827812537075816,3.529858187947299,2.647393640960474,6.177251828907773,0.7118611111111111,Corrected constrained Bayesian posterior summary; not an observed or recovered suppressed count.
48053,Burnet County,48,Texas,nonmetro_adjacent,Q3,suppressed_1_9,8.163805555555555,8.0,6.0,9.0,2.6252120110348645,2.572537518851876,1.9294031391389073,2.8941047087083613,0.0,Corrected constrained Bayesian posterior summary; not an observed or recovered suppressed count.
48055,Caldwell County,48,Texas,metro_large,Q4_highest,exact,18.0,18.0,18.0,18.0,6.325310730892519,6.325310730889655,6.325310730889655,6.325310730889655,1.0,Corrected constrained Bayesian posterior summary; not an observed or recovered suppressed count.
48057,Calhoun County,48,Texas,nonmetro_adjacent,Q3,suppressed_1_9,2.8753333333333333,3.0,2.0,5.0,2.369220458902374,2.4719434419340485,1.647962294622699,4.119905736556747,0.22111111111111112,Corrected constrained Bayesian posterior summary; not an observed or recovered suppressed count.
48059,Callahan County,48,Texas,metro_other,Q2,suppressed_1_9,6.2581388888888885,6.0,5.0,9.0,7.330864255377588,7.0284770461653805,5.857064205137816,10.54271556924807,1.0,Corrected constrained Bayesian posterior summary; not an observed or recovered suppressed count.
48061,Cameron County,48,Texas,metro_other,Q4_highest,exact,70.0,70.0,70.0,70.0,2.740622763454024,2.7406227634560665,2.7406227634560665,2.7406227634560665,0.0,Corrected constrained Bayesian posterior summary; not an observed or recovered suppressed count.
48063,Camp County,48,Texas,nonmetro_adjacent,Q4_highest,suppressed_1_9,4.0159722222222225,4.0,3.0,7.0,5.171889532804736,5.1513200257566005,3.86349001931745,9.01481004507405,1.0,Corrected constrained Bayesian posterior summary; not an observed or recovered suppressed count.
48065,Carson County,48,Texas,metro_other,Q1_lowest,suppressed_1_9,1.1017777777777777,1.0,1.0,2.0,3.147037354405173,2.8563267637817766,2.8563267637817766,5.712653527563553,0.09416666666666666,Corrected constrained Bayesian posterior summary; not an observed or recovered suppressed count.
48067,Cass County,48,Texas,nonmetro_adjacent,Q4_highest,exact,12.0,12.0,12.0,12.0,6.885274119972354,6.885274119975901,6.885274119975901,6.885274119975901,1.0,Corrected constrained Bayesian posterior summary; not an observed or recovered suppressed count.
48069,Castro County,48,Texas,nonmetro_nonadjacent,Q4_highest,suppressed_1_9,1.1688888888888889,1.0,1.0,2.0,2.6442458746495894,2.2621875353466803,2.2621875353466803,4.5243750706933605,0.15155555555555555,Corrected constrained Bayesian posterior summary; not an observed or recovered suppressed count.
48071,Chambers County,48,Texas,metro_large,Q2,suppressed_1_9,7.459527777777778,8.0,5.0,9.0,2.4895381973989217,2.6699150633270476,1.6686969145794048,3.003654446242929,0.23927777777777778,Corrected constrained Bayesian posterior summary; not an observed or recovered suppressed count.
48073,Cherokee County,48,Texas,nonmetro_adjacent,Q4_highest,exact,15.0,15.0,15.0,15.0,4.781592780433089,4.781592780432447,4.781592780432447,4.781592780432447,1.0,Corrected constrained Bayesian posterior summary; not an observed or recovered suppressed count.
48075,Childress County,48,Texas,nonmetro_nonadjacent,Q3,suppressed_1_9,2.2140555555555554,2.0,2.0,3.0,5.340092027580628,4.823810327777911,4.823810327777911,7.235715491666867,1.0,Corrected constrained Bayesian posterior summary; not an observed or recovered suppressed count.
48077,Clay County,48,Texas,metro_other,Q1_lowest,suppressed_1_9,2.331611111111111,2.0,2.0,4.0,3.6870411953452105,3.1626553654448273,3.1626553654448273,6.325310730889655,1.0,Corrected constrained Bayesian posterior summary; not an observed or recovered suppressed count.
48079,Cochran County,48,Texas,metro_other,Q4_highest,zero,0.0,0.0,0.0,0.0,0.0,0.0,0.0,0.0,0.0,Corrected constrained Bayesian posterior summary; not an observed or recovered suppressed count.
48081,Coke County,48,Texas,nonmetro_adjacent,Q3,zero,0.0,0.0,0.0,0.0,0.0,0.0,0.0,0.0,0.0,Corrected constrained Bayesian posterior summary; not an observed or recovered suppressed count.
48083,Coleman County,48,Texas,nonmetro_adjacent,Q3,suppressed_1_9,4.764083333333334,5.0,4.0,7.0,9.989271436154874,10.483938606055522,8.387150884844418,14.677514048477732,1.0,Corrected constrained Bayesian posterior summary; not an observed or recovered suppressed count.
48085,Collin County,48,Texas,metro_large,Q2,exact,103.0,103.0,103.0,103.0,1.5091632583502856,1.5091632583508743,1.5091632583508743,1.5091632583508743,0.0,Corrected constrained Bayesian posterior summary; not an observed or recovered suppressed count.
48087,Collingsworth County,48,Texas,nonmetro_nonadjacent,Q4_highest,zero,0.0,0.0,0.0,0.0,0.0,0.0,0.0,0.0,0.0,Corrected constrained Bayesian posterior summary; not an observed or recovered suppressed count.
48089,Colorado County,48,Texas,nonmetro_adjacent,Q4_highest,suppressed_1_9,7.29725,7.0,5.0,9.0,5.742294163473437,5.508384548194431,3.9345603915674503,7.082208704821411,1.0,Corrected constrained Bayesian posterior summary; not an observed or recovered suppressed count.
48091,Comal County,48,Texas,metro_large,Q2,exact,23.0,23.0,23.0,23.0,2.137139299667414,2.1371392996687435,2.1371392996687435,2.1371392996687435,0.0,Corrected constrained Bayesian posterior summary; not an observed or recovered suppressed count.
48093,Comanche County,48,Texas,nonmetro_nonadjacent,Q3,suppressed_1_9,1.296,1.0,1.0,3.0,1.5530815967026128,1.1983654295540882,1.1983654295540882,3.595096288662265,0.04561111111111111,Corrected constrained Bayesian posterior summary; not an observed or recovered suppressed count.
48095,Concho County,48,Texas,nonmetro_adjacent,Q4_highest,suppressed_1_9,1.0562222222222222,1.0,1.0,2.0,5.6012208846747775,5.30307047780665,5.30307047780665,10.6061409556133,1.0,Corrected constrained Bayesian posterior summary; not an observed or recovered suppressed count.
48097,Cooke County,48,Texas,nonmetro_adjacent,Q3,suppressed_1_9,7.8895,8.0,5.0,9.0,3.0820285642845637,3.125195324707794,1.9532470779423714,3.5158447402962683,0.6730277777777778,Corrected constrained Bayesian posterior summary; not an observed or recovered suppressed count.
48099,Coryell County,48,Texas,metro_other,Q4_highest,exact,16.0,16.0,16.0,16.0,3.243955598358249,3.2439555983577475,3.2439555983577475,3.2439555983577475,1.0,Corrected constrained Bayesian posterior summary; not an observed or recovered suppressed count.
48101,Cottle County,48,Texas,nonmetro_nonadjacent,Q3,zero,0.0,0.0,0.0,0.0,0.0,0.0,0.0,0.0,0.0,Corrected constrained Bayesian posterior summary; not an observed or recovered suppressed count.
48103,Crane County,48,Texas,nonmetro_adjacent,Q3,suppressed_1_9,1.086361111111111,1.0,1.0,2.0,3.885967631676071,3.5770496494491346,3.5770496494491346,7.154099298898269,1.0,Corrected constrained Bayesian posterior summary; not an observed or recovered suppressed count.
48105,Crockett County,48,Texas,nonmetro_adjacent,Q2,suppressed_1_9,1.0524444444444445,1.0,1.0,2.0,5.644647060571698,5.363368195226602,5.363368195226602,10.726736390453205,1.0,Corrected constrained Bayesian posterior summary; not an observed or recovered suppressed count.
48107,Crosby County,48,Texas,metro_other,Q4_highest,zero,0.0,0.0,0.0,0.0,0.0,0.0,0.0,0.0,0.0,Corrected constrained Bayesian posterior summary; not an observed or recovered suppressed count.
48109,Culberson County,48,Texas,nonmetro_nonadjacent,Q4_highest,suppressed_1_9,1.0508055555555555,1.0,1.0,2.0,8.010409784689802,7.623113279463333,7.623113279463333,15.246226558926667,1.0,Corrected constrained Bayesian posterior summary; not an observed or recovered suppressed count.
48111,Dallam County,48,Texas,nonmetro_nonadjacent,Q3,suppressed_1_9,2.2165,2.0,2.0,3.0,5.067907444666616,4.572891896835559,4.572891896835559,6.859337845253338,1.0,Corrected constrained Bayesian posterior summary; not an observed or recovered suppressed count.
48113,Dallas County,48,Texas,metro_large,Q4_highest,exact,378.0,378.0,378.0,378.0,2.404476142254536,2.4044761422533885,2.4044761422533885,2.4044761422533885,0.0,Corrected constrained Bayesian posterior summary; not an observed or recovered suppressed count.
48115,Dawson County,48,Texas,nonmetro_adjacent,Q4_highest,suppressed_1_9,7.1867222222222225,7.0,6.0,9.0,9.710868191147426,9.458564730363344,8.107341197454295,12.161011796181443,1.0,Corrected constrained Bayesian posterior summary; not an observed or recovered suppressed count.
48117,Deaf Smith County,48,Texas,nonmetro_adjacent,Q3,suppressed_1_9,4.068,4.0,3.0,7.0,3.685750785985466,3.624140399199065,2.7181052993992987,6.342245698598363,0.6344722222222222,Corrected constrained Bayesian posterior summary; not an observed or recovered suppressed count.
48119,Delta County,48,Texas,nonmetro_adjacent,Q2,suppressed_1_9,2.2400555555555557,2.0,2.0,4.0,6.861864161599057,6.126512482769184,6.126512482769184,12.253024965538367,1.0,Corrected constrained Bayesian posterior summary; not an observed or recovered suppressed count.
48121,Denton County,48,Texas,metro_large,Q2,exact,111.0,111.0,111.0,111.0,1.920986203164727,1.9209862031655776,1.9209862031655776,1.9209862031655776,0.0,Corrected constrained Bayesian posterior summary; not an observed or recovered suppressed count.
48123,DeWitt County,48,Texas,nonmetro_adjacent,Q4_highest,suppressed_1_9,5.887111111111111,6.0,4.0,9.0,4.897559262186175,4.991472900461711,3.327648600307808,7.4872093506925665,1.0,Corrected constrained Bayesian posterior summary; not an observed or recovered suppressed count.
48125,Dickens County,48,Texas,nonmetro_adjacent,Q4_highest,suppressed_1_9,1.0570833333333334,1.0,1.0,2.0,9.393791285292568,8.88651915044877,8.88651915044877,17.77303830089754,1.0,Corrected constrained Bayesian posterior summary; not an observed or recovered suppressed count.
48127,Dimmit County,48,Texas,nonmetro_nonadjacent,Q4_highest,suppressed_1_9,1.2026944444444445,1.0,1.0,2.0,2.254474374273837,1.8745196543385758,1.8745196543385758,3.7490393086771516,0.17552777777777778,Corrected constrained Bayesian posterior summary; not an observed or recovered suppressed count.
48129,Donley County,48,Texas,nonmetro_adjacent,Q2,suppressed_1_9,1.0757777777777777,1.0,1.0,2.0,5.488662131522044,5.1020408163265305,5.1020408163265305,10.204081632653061,1.0,Corrected constrained Bayesian posterior summary; not an observed or recovered suppressed count.
48131,Duval County,48,Texas,nonmetro_nonadjacent,Q4_highest,suppressed_1_9,4.900055555555555,5.0,4.0,7.0,8.026561976734643,8.190276503734765,6.552221202987813,11.466387105228671,1.0,Corrected constrained Bayesian posterior summary; not an observed or recovered suppressed count.
48133,Eastland County,48,Texas,nonmetro_adjacent,Q4_highest,suppressed_1_9,3.0455277777777776,3.0,2.0,6.0,2.7970645351225643,2.7552510492914415,1.8368340328609607,5.510502098582883,0.2798888888888889,Corrected constrained Bayesian posterior summary; not an observed or recovered suppressed count.
48135,Ector County,48,Texas,metro_other,Q4_highest,exact,27.0,27.0,27.0,27.0,2.726171243940436,2.7261712439418417,2.7261712439418417,2.7261712439418417,0.0,Corrected constrained Bayesian posterior summary; not an observed or recovered suppressed count.
48137,Edwards County,48,Texas,nonmetro_nonadjacent,Q3,suppressed_1_9,1.0358055555555556,1.0,1.0,2.0,10.913555532149164,10.536297545042672,10.536297545042672,21.072595090085343,1.0,Corrected constrained Bayesian posterior summary; not an observed or recovered suppressed count.
48139,Ellis County,48,Texas,metro_large,Q3,exact,25.0,25.0,25.0,25.0,2.00535510025881,2.0053551002597336,2.0053551002597336,2.0053551002597336,0.0,Corrected constrained Bayesian posterior summary; not an observed or recovered suppressed count.
48141,El Paso County,48,Texas,metro_other,Q4_highest,exact,160.0,160.0,160.0,160.0,3.099034689429296,3.0990346894321754,3.0990346894321754,3.0990346894321754,1.0,Corrected constrained Bayesian posterior summary; not an observed or recovered suppressed count.
48143,Erath County,48,Texas,nonmetro_nonadjacent,Q4_highest,suppressed_1_9,2.073638888888889,2.0,1.0,5.0,0.7918097526744803,0.7636910716876809,0.38184553584384046,1.9092276792192024,0.0006666666666666666,Corrected constrained Bayesian posterior summary; not an observed or recovered suppressed count.
48145,Falls County,48,Texas,metro_other,Q4_highest,suppressed_1_9,4.345638888888889,4.0,3.0,7.0,4.17962421506581,3.8471896279767632,2.885392220982572,6.7325818489593345,0.7120833333333333,Corrected constrained Bayesian posterior summary; not an observed or recovered suppressed count.
48147,Fannin County,48,Texas,nonmetro_adjacent,Q3,exact,12.0,12.0,12.0,12.0,5.421474460337767,5.4214744603373966,5.4214744603373966,5.4214744603373966,1.0,Corrected constrained Bayesian posterior summary; not an observed or recovered suppressed count.
48149,Fayette County,48,Texas,nonmetro_adjacent,Q3,suppressed_1_9,6.3955,6.0,4.0,9.0,4.22270641444731,3.961572744379519,2.6410484962530125,5.9423591165692775,0.9032777777777777,Corrected constrained Bayesian posterior summary; not an observed or recovered suppressed count.
48151,Fisher County,48,Texas,nonmetro_adjacent,Q2,suppressed_1_9,2.1369444444444445,2.0,2.0,3.0,9.61764455846268,9.001305189252442,9.001305189252442,13.50195778387866,1.0,Corrected constrained Bayesian posterior summary; not an observed or recovered suppressed count.
48153,Floyd County,48,Texas,nonmetro_adjacent,Q4_highest,zero,0.0,0.0,0.0,0.0,0.0,0.0,0.0,0.0,0.0,Corrected constrained Bayesian posterior summary; not an observed or recovered suppressed count.
48155,Foard County,48,Texas,nonmetro_nonadjacent,Q3,zero,0.0,0.0,0.0,0.0,0.0,0.0,0.0,0.0,0.0,Corrected constrained Bayesian posterior summary; not an observed or recovered suppressed count.
48157,Fort Bend County,48,Texas,metro_large,Q2,exact,70.0,70.0,70.0,70.0,1.32719562237679,1.327195622377959,1.327195622377959,1.327195622377959,0.0,Corrected constrained Bayesian posterior summary; not an observed or recovered suppressed count.
48159,Franklin County,48,Texas,nonmetro_nonadjacent,Q2,suppressed_1_9,2.453666666666667,2.0,2.0,4.0,3.8174510566563065,3.1116297160637885,3.1116297160637885,6.223259432127577,1.0,Corrected constrained Bayesian posterior summary; not an observed or recovered suppressed count.
48161,Freestone County,48,Texas,nonmetro_nonadjacent,Q4_highest,suppressed_1_9,3.0246944444444446,3.0,2.0,6.0,2.5121838227630904,2.4916736571955385,1.6611157714636922,4.983347314391077,0.2786666666666667,Corrected constrained Bayesian posterior summary; not an observed or recovered suppressed count.
48163,Frio County,48,Texas,nonmetro_adjacent,Q4_highest,suppressed_1_9,1.3529166666666668,1.0,1.0,3.0,1.182175114831549,0.873797436278322,0.873797436278322,2.6213923088349658,0.009305555555555555,Corrected constrained Bayesian posterior summary; not an observed or recovered suppressed count.
48165,Gaines County,48,Texas,nonmetro_adjacent,Q3,suppressed_1_9,2.764,3.0,2.0,5.0,2.0785236766717627,2.2559953075297603,1.5039968716865069,3.759992179216267,0.18069444444444444,Corrected constrained Bayesian posterior summary; not an observed or recovered suppressed count.
48167,Galveston County,48,Texas,metro_large,Q3,exact,66.0,66.0,66.0,66.0,3.1006907023434245,3.1006907023440284,3.1006907023440284,3.1006907023440284,1.0,Corrected constrained Bayesian posterior summary; not an observed or recovered suppressed count.
48169,Garza County,48,Texas,metro_other,Q3,zero,0.0,0.0,0.0,0.0,0.0,0.0,0.0,0.0,0.0,Corrected constrained Bayesian posterior summary; not an observed or recovered suppressed count.
48171,Gillespie County,48,Texas,nonmetro_nonadjacent,Q3,exact,22.0,22.0,22.0,22.0,13.364598393805347,13.364598393818266,13.364598393818266,13.364598393818266,1.0,Corrected constrained Bayesian posterior summary; not an observed or recovered suppressed count.
48173,Glasscock County,48,Texas,nonmetro_adjacent,Q2,suppressed_1_9,1.0150833333333333,1.0,1.0,1.0,13.616141292200627,13.41381623071764,13.41381623071764,13.41381623071764,1.0,Corrected constrained Bayesian posterior summary; not an observed or recovered suppressed count.
48175,Goliad County,48,Texas,metro_other,Q3,zero,0.0,0.0,0.0,0.0,0.0,0.0,0.0,0.0,0.0,Corrected constrained Bayesian posterior summary; not an observed or recovered suppressed count.
48177,Gonzales County,48,Texas,nonmetro_adjacent,Q4_highest,suppressed_1_9,6.060416666666667,6.0,4.0,9.0,4.999188856259637,4.949351634935823,3.2995677566238824,7.4240274524037355,1.0,Corrected constrained Bayesian posterior summary; not an observed or recovered suppressed count.
48179,Gray County,48,Texas,nonmetro_adjacent,Q4_highest,suppressed_1_9,3.0105833333333334,3.0,2.0,6.0,2.3632250856269255,2.354917460143022,1.5699449734286812,4.709834920286044,0.2703611111111111,Corrected constrained Bayesian posterior summary; not an observed or recovered suppressed count.
48181,Grayson County,48,Texas,metro_other,Q3,exact,38.0,38.0,38.0,38.0,4.447378153543346,4.44737815354222,4.44737815354222,4.44737815354222,1.0,Corrected constrained Bayesian posterior summary; not an observed or recovered suppressed count.
48183,Gregg County,48,Texas,metro_other,Q4_highest,exact,33.0,33.0,33.0,33.0,4.395662945896122,4.395662945893386,4.395662945893386,4.395662945893386,1.0,Corrected constrained Bayesian posterior summary; not an observed or recovered suppressed count.
48185,Grimes County,48,Texas,nonmetro_adjacent,Q4_highest,suppressed_1_9,5.302,5.0,3.0,9.0,2.8602717851617165,2.6973517400616074,1.6184110440369646,4.855233132110893,0.4145,Corrected constrained Bayesian posterior summary; not an observed or recovered suppressed count.
48187,Guadalupe County,48,Texas,metro_large,Q3,exact,38.0,38.0,38.0,38.0,3.5156831851345633,3.5156831851349515,3.5156831851349515,3.5156831851349515,1.0,Corrected constrained Bayesian posterior summary; not an observed or recovered suppressed count.
48189,Hale County,48,Texas,nonmetro_adjacent,Q4_highest,suppressed_1_9,5.227805555555555,5.0,3.0,9.0,2.6958429234359063,2.5783695422362714,1.5470217253417626,4.641065176025289,0.39316666666666666,Corrected constrained Bayesian posterior summary; not an observed or recovered suppressed count.
48191,Hall County,48,Texas,nonmetro_nonadjacent,Q4_highest,suppressed_1_9,4.311583333333333,4.0,4.0,6.0,25.06151670155838,23.250406882120437,23.250406882120437,34.87561032318065,1.0,Corrected constrained Bayesian posterior summary; not an observed or recovered suppressed count.
48193,Hamilton County,48,Texas,nonmetro_adjacent,Q3,suppressed_1_9,2.4036944444444446,2.0,2.0,4.0,4.730936947813921,3.9363879703983624,3.9363879703983624,7.872775940796725,1.0,Corrected constrained Bayesian posterior summary; not an observed or recovered suppressed count.
48195,Hansford County,48,Texas,nonmetro_nonadjacent,Q2,suppressed_1_9,1.0734444444444444,1.0,1.0,2.0,3.4554786558626813,3.2190568163528086,3.2190568163528086,6.438113632705617,1.0,Corrected constrained Bayesian posterior summary; not an observed or recovered suppressed count.
48197,Hardeman County,48,Texas,nonmetro_nonadjacent,Q2,suppressed_1_9,2.1324722222222223,2.0,2.0,3.0,9.728875506286599,9.124503855102878,9.124503855102878,13.68675578265432,1.0,Corrected constrained Bayesian posterior summary; not an observed or recovered suppressed count.
48199,Hardin County,48,Texas,metro_other,Q3,exact,18.0,18.0,18.0,18.0,5.178038213923975,5.178038213922019,5.178038213922019,5.178038213922019,1.0,Corrected constrained Bayesian posterior summary; not an observed or recovered suppressed count.
48201,Harris County,48,Texas,metro_large,Q4_highest,exact,609.0,609.0,609.0,609.0,2.114220098576301,2.114220098574731,2.114220098574731,2.114220098574731,0.0,Corrected constrained Bayesian posterior summary; not an observed or recovered suppressed count.
48203,Harrison County,48,Texas,metro_other,Q4_highest,exact,25.0,25.0,25.0,25.0,6.0341435981385105,6.034143598135691,6.034143598135691,6.034143598135691,1.0,Corrected constrained Bayesian posterior summary; not an observed or recovered suppressed count.
48205,Hartley County,48,Texas,nonmetro_nonadjacent,Q2,suppressed_1_9,1.073888888888889,1.0,1.0,2.0,3.380730013817582,3.1481189988981586,3.1481189988981586,6.296237997796317,1.0,Corrected constrained Bayesian posterior summary; not an observed or recovered suppressed count.
48207,Haskell County,48,Texas,nonmetro_adjacent,Q4_highest,suppressed_1_9,3.3944722222222223,3.0,3.0,5.0,10.271960970225113,9.078254554257702,9.078254554257702,15.13042425709617,1.0,Corrected constrained Bayesian posterior summary; not an observed or recovered suppressed count.
48209,Hays County,48,Texas,metro_large,Q3,exact,35.0,35.0,35.0,35.0,2.231156765536778,2.23115676553666,2.23115676553666,2.23115676553666,0.0,Corrected constrained Bayesian posterior summary; not an observed or recovered suppressed count.
48211,Hemphill County,48,Texas,nonmetro_nonadjacent,Q3,zero,0.0,0.0,0.0,0.0,0.0,0.0,0.0,0.0,0.0,Corrected constrained Bayesian posterior summary; not an observed or recovered suppressed count.
48213,Henderson County,48,Texas,nonmetro_adjacent,Q4_highest,exact,21.0,21.0,21.0,21.0,4.1311583768104585,4.131158376808857,4.131158376808857,4.131158376808857,1.0,Corrected constrained Bayesian posterior summary; not an observed or recovered suppressed count.
48215,Hidalgo County,48,Texas,metro_other,Q4_highest,exact,104.0,104.0,104.0,104.0,1.9527139061970402,1.9527139061957548,1.9527139061957548,1.9527139061957548,0.0,Corrected constrained Bayesian posterior summary; not an observed or recovered suppressed count.
48217,Hill County,48,Texas,nonmetro_adjacent,Q4_highest,exact,11.0,11.0,11.0,11.0,4.903555969631023,4.903555969633615,4.903555969633615,4.903555969633615,1.0,Corrected constrained Bayesian posterior summary; not an observed or recovered suppressed count.
48219,Hockley County,48,Texas,metro_other,Q4_highest,suppressed_1_9,7.031138888888889,7.0,5.0,9.0,5.349680736574668,5.325988541516081,3.8042775296543434,6.847699553377818,1.0,Corrected constrained Bayesian posterior summary; not an observed or recovered suppressed count.
48221,Hood County,48,Texas,nonmetro_adjacent,Q3,exact,13.0,13.0,13.0,13.0,3.310710147328026,3.3107101473266014,3.3107101473266014,3.3107101473266014,1.0,Corrected constrained Bayesian posterior summary; not an observed or recovered suppressed count.
48223,Hopkins County,48,Texas,nonmetro_adjacent,Q4_highest,exact,13.0,13.0,13.0,13.0,5.746491325007476,5.7464913250082885,5.7464913250082885,5.7464913250082885,1.0,Corrected constrained Bayesian posterior summary; not an observed or recovered suppressed count.
48225,Houston County,48,Texas,nonmetro_nonadjacent,Q4_highest,suppressed_1_9,7.1859166666666665,7.0,5.0,9.0,5.352359032800134,5.213880840477591,3.724200600341137,6.703561080614046,1.0,Corrected constrained Bayesian posterior summary; not an observed or recovered suppressed count.
48227,Howard County,48,Texas,nonmetro_adjacent,Q4_highest,suppressed_1_9,7.471277777777778,8.0,5.0,9.0,3.6915069236176175,3.9527449343103203,2.47046558394395,4.4468380510991095,0.9441111111111111,Corrected constrained Bayesian posterior summary; not an observed or recovered suppressed count.
48229,Hudspeth County,48,Texas,metro_other,Q4_highest,suppressed_1_9,1.0516666666666667,1.0,1.0,2.0,4.461886578983693,4.2426813746287655,4.2426813746287655,8.485362749257531,1.0,Corrected constrained Bayesian posterior summary; not an observed or recovered suppressed count.
48231,Hunt County,48,Texas,metro_large,Q4_highest,exact,24.0,24.0,24.0,24.0,3.7374270617735803,3.7374270617749974,3.7374270617749974,3.7374270617749974,1.0,Corrected constrained Bayesian posterior summary; not an observed or recovered suppressed count.
48233,Hutchinson County,48,Texas,nonmetro_adjacent,Q2,suppressed_1_9,4.1737222222222226,4.0,3.0,7.0,3.418869930308684,3.276566813293032,2.457425109969774,5.733991923262805,0.6625555555555556,Corrected constrained Bayesian posterior summary; not an observed or recovered suppressed count.
48235,Irion County,48,Texas,metro_other,Q2,zero,0.0,0.0,0.0,0.0,0.0,0.0,0.0,0.0,0.0,Corrected constrained Bayesian posterior summary; not an observed or recovered suppressed count.
48237,Jack County,48,Texas,nonmetro_adjacent,Q4_highest,zero,0.0,0.0,0.0,0.0,0.0,0.0,0.0,0.0,0.0,Corrected constrained Bayesian posterior summary; not an observed or recovered suppressed count.
48239,Jackson County,48,Texas,nonmetro_adjacent,Q4_highest,suppressed_1_9,6.7266111111111115,7.0,5.0,9.0,7.442423393059232,7.744904958952004,5.532074970680003,9.957734947224004,1.0,Corrected constrained Bayesian posterior summary; not an observed or recovered suppressed count.
48241,Jasper County,48,Texas,nonmetro_adjacent,Q4_highest,suppressed_1_9,7.854111111111111,8.0,5.0,9.0,3.8888668827656283,3.961101978570438,2.4756887366065237,4.456239725891743,0.9733055555555555,Corrected constrained Bayesian posterior summary; not an observed or recovered suppressed count.
48243,Jeff Davis County,48,Texas,nonmetro_nonadjacent,Q2,suppressed_1_9,1.0411944444444445,1.0,1.0,2.0,8.691105546279646,8.347245409015025,8.347245409015025,16.69449081803005,1.0,Corrected constrained Bayesian posterior summary; not an observed or recovered suppressed count.
48245,Jefferson County,48,Texas,metro_other,Q4_highest,exact,43.0,43.0,43.0,43.0,2.844536175223751,2.8445361752234284,2.8445361752234284,2.8445361752234284,0.0,Corrected constrained Bayesian posterior summary; not an observed or recovered suppressed count.
48247,Jim Hogg County,48,Texas,nonmetro_adjacent,Q3,suppressed_1_9,1.068861111111111,1.0,1.0,2.0,3.654101094361979,3.41868654063109,3.41868654063109,6.83737308126218,1.0,Corrected constrained Bayesian posterior summary; not an observed or recovered suppressed count.
48249,Jim Wells County,48,Texas,nonmetro_adjacent,Q4_highest,suppressed_1_9,7.886416666666666,8.0,5.0,9.0,3.3395086560378187,3.3876055980182502,2.1172534987614067,3.811056297770532,0.8781111111111111,Corrected constrained Bayesian posterior summary; not an observed or recovered suppressed count.
48251,Johnson County,48,Texas,metro_large,Q3,exact,32.0,32.0,32.0,32.0,2.7786678198160235,2.778667819813812,2.778667819813812,2.778667819813812,0.0,Corrected constrained Bayesian posterior summary; not an observed or recovered suppressed count.
48253,Jones County,48,Texas,metro_other,Q3,suppressed_1_9,5.083916666666667,5.0,4.0,8.0,4.201688196125575,4.132333859517178,3.3058670876137426,6.611734175227485,1.0,Corrected constrained Bayesian posterior summary; not an observed or recovered suppressed count.
48255,Karnes County,48,Texas,nonmetro_adjacent,Q4_highest,suppressed_1_9,5.2154444444444445,5.0,4.0,8.0,5.737057733581863,5.5000660007920095,4.400052800633607,8.800105601267214,1.0,Corrected constrained Bayesian posterior summary; not an observed or recovered suppressed count.
48257,Kaufman County,48,Texas,metro_large,Q3,exact,22.0,22.0,22.0,22.0,2.2154974043428157,2.215497404343382,2.215497404343382,2.215497404343382,0.0,Corrected constrained Bayesian posterior summary; not an observed or recovered suppressed count.
48259,Kendall County,48,Texas,metro_large,Q2,exact,15.0,15.0,15.0,15.0,5.100652883566774,5.100652883569097,5.100652883569097,5.100652883569097,1.0,Corrected constrained Bayesian posterior summary; not an observed or recovered suppressed count.
48261,Kenedy County,48,Texas,nonmetro_nonadjacent,Q3,zero,0.0,0.0,0.0,0.0,0.0,0.0,0.0,0.0,0.0,Corrected constrained Bayesian posterior summary; not an observed or recovered suppressed count.
48263,Kent County,48,Texas,nonmetro_nonadjacent,Q1_lowest,suppressed_1_9,1.0129444444444444,1.0,1.0,1.0,22.640689415393464,22.351363433169425,22.351363433169425,22.351363433169425,1.0,Corrected constrained Bayesian posterior summary; not an observed or recovered suppressed count.
48265,Kerr County,48,Texas,nonmetro_adjacent,Q3,exact,25.0,25.0,25.0,25.0,7.807961622309975,7.807961622307034,7.807961622307034,7.807961622307034,1.0,Corrected constrained Bayesian posterior summary; not an observed or recovered suppressed count.
48267,Kimble County,48,Texas,nonmetro_nonadjacent,Q2,suppressed_1_9,1.1109722222222222,1.0,1.0,2.0,4.214134287531954,3.793195008155369,3.793195008155369,7.586390016310738,1.0,Corrected constrained Bayesian posterior summary; not an observed or recovered suppressed count.
48269,King County,48,Texas,nonmetro_nonadjacent,Q2,zero,0.0,0.0,0.0,0.0,0.0,0.0,0.0,0.0,0.0,Corrected constrained Bayesian posterior summary; not an observed or recovered suppressed count.
48271,Kinney County,48,Texas,nonmetro_nonadjacent,Q3,zero,0.0,0.0,0.0,0.0,0.0,0.0,0.0,0.0,0.0,Corrected constrained Bayesian posterior summary; not an observed or recovered suppressed count.
48273,Kleberg County,48,Texas,nonmetro_adjacent,Q4_highest,suppressed_1_9,6.600722222222222,7.0,4.0,9.0,3.616318892771587,3.8350700722088904,2.191468612690795,4.9308043785542885,0.7540833333333333,Corrected constrained Bayesian posterior summary; not an observed or recovered suppressed count.
48275,Knox County,48,Texas,nonmetro_nonadjacent,Q3,suppressed_1_9,3.2171944444444445,3.0,3.0,4.0,15.672225469827904,14.614185502727983,14.614185502727983,19.485580670303975,1.0,Corrected constrained Bayesian posterior summary; not an observed or recovered suppressed count.
48277,Lamar County,48,Texas,nonmetro_nonadjacent,Q4_highest,exact,13.0,13.0,13.0,13.0,4.294369091114483,4.294369091113299,4.294369091113299,4.294369091113299,1.0,Corrected constrained Bayesian posterior summary; not an observed or recovered suppressed count.
48279,Lamb County,48,Texas,nonmetro_adjacent,Q4_highest,suppressed_1_9,5.2283333333333335,5.0,4.0,8.0,6.82345161809541,6.525455803087846,5.220364642470276,10.440729284940552,1.0,Corrected constrained Bayesian posterior summary; not an observed or recovered suppressed count.
48281,Lampasas County,48,Texas,metro_other,Q3,exact,11.0,11.0,11.0,11.0,8.144829884118181,8.144829884121284,8.144829884121284,8.144829884121284,1.0,Corrected constrained Bayesian posterior summary; not an observed or recovered suppressed count.
48283,La Salle County,48,Texas,nonmetro_adjacent,Q4_highest,suppressed_1_9,1.1439444444444444,1.0,1.0,2.0,2.7558285821359902,2.409058058299205,2.409058058299205,4.81811611659841,0.13044444444444445,Corrected constrained Bayesian posterior summary; not an observed or recovered suppressed count.
48285,Lavaca County,48,Texas,nonmetro_adjacent,Q3,suppressed_1_9,4.532416666666666,4.0,3.0,8.0,3.6945334300629322,3.2605417390099367,2.4454063042574523,6.521083478019873,0.7600555555555556,Corrected constrained Bayesian posterior summary; not an observed or recovered suppressed count.
48287,Lee County,48,Texas,nonmetro_adjacent,Q4_highest,suppressed_1_9,2.9153055555555554,3.0,2.0,5.0,2.7249156958833627,2.8040790002523672,1.8693860001682445,4.673465000420611,0.23722222222222222,Corrected constrained Bayesian posterior summary; not an observed or recovered suppressed count.
48289,Leon County,48,Texas,nonmetro_adjacent,Q3,suppressed_1_9,2.8365833333333335,3.0,2.0,5.0,2.828070840106337,2.9909970987328145,1.993998065821876,4.98499516455469,0.5377777777777778,Corrected constrained Bayesian posterior summary; not an observed or recovered suppressed count.
48291,Liberty County,48,Texas,metro_large,Q4_highest,exact,14.0,14.0,14.0,14.0,2.322907350840906,2.3229073508403117,2.3229073508403117,2.3229073508403117,0.0,Corrected constrained Bayesian posterior summary; not an observed or recovered suppressed count.
48293,Limestone County,48,Texas,nonmetro_adjacent,Q4_highest,suppressed_1_9,6.284388888888889,6.0,4.0,9.0,4.62196170340723,4.412803012473524,2.9418686749823486,6.619204518710284,1.0,Corrected constrained Bayesian posterior summary; not an observed or recovered suppressed count.
48295,Lipscomb County,48,Texas,nonmetro_nonadjacent,Q4_highest,zero,0.0,0.0,0.0,0.0,0.0,0.0,0.0,0.0,0.0,Corrected constrained Bayesian posterior summary; not an observed or recovered suppressed count.
48297,Live Oak County,48,Texas,nonmetro_adjacent,Q4_highest,suppressed_1_9,1.2801666666666667,1.0,1.0,3.0,1.805925863228366,1.4106958962856377,1.4106958962856377,4.232087688856913,0.04511111111111111,Corrected constrained Bayesian posterior summary; not an observed or recovered suppressed count.
48299,Llano County,48,Texas,nonmetro_nonadjacent,Q3,suppressed_1_9,7.577527777777778,8.0,5.0,9.0,5.6418615117245094,5.956413940986828,3.722758713116768,6.700965683610182,1.0,Corrected constrained Bayesian posterior summary; not an observed or recovered suppressed count.
48301,Loving County,48,Texas,nonmetro_nonadjacent,Q2,zero,0.0,0.0,0.0,0.0,0.0,0.0,0.0,0.0,0.0,Corrected constrained Bayesian posterior summary; not an observed or recovered suppressed count.
48303,Lubbock County,48,Texas,metro_other,Q4_highest,exact,97.0,97.0,97.0,97.0,5.090027900701727,5.090027900699328,5.090027900699328,5.090027900699328,1.0,Corrected constrained Bayesian posterior summary; not an observed or recovered suppressed count.
48305,Lynn County,48,Texas,metro_other,Q3,zero,0.0,0.0,0.0,0.0,0.0,0.0,0.0,0.0,0.0,Corrected constrained Bayesian posterior summary; not an observed or recovered suppressed count.
48307,McCulloch County,48,Texas,nonmetro_nonadjacent,Q4_highest,suppressed_1_9,3.5973055555555558,3.0,3.0,6.0,7.865197882579971,6.559240877189146,6.559240877189146,13.118481754378292,1.0,Corrected constrained Bayesian posterior summary; not an observed or recovered suppressed count.
48309,McLennan County,48,Texas,metro_other,Q4_highest,exact,67.0,67.0,67.0,67.0,4.2264760336736815,4.226476033673029,4.226476033673029,4.226476033673029,1.0,Corrected constrained Bayesian posterior summary; not an observed or recovered suppressed count.
48311,McMullen County,48,Texas,nonmetro_adjacent,Q4_highest,zero,0.0,0.0,0.0,0.0,0.0,0.0,0.0,0.0,0.0,Corrected constrained Bayesian posterior summary; not an observed or recovered suppressed count.
48313,Madison County,48,Texas,nonmetro_adjacent,Q4_highest,suppressed_1_9,3.84875,4.0,3.0,6.0,4.597773238241726,4.778458708143688,3.583844031107766,7.167688062215532,1.0,Corrected constrained Bayesian posterior summary; not an observed or recovered suppressed count.
48315,Marion County,48,Texas,nonmetro_adjacent,Q3,suppressed_1_9,1.2326388888888888,1.0,1.0,3.0,2.114521029417242,1.7154424125982093,1.7154424125982093,5.146327237794627,0.19883333333333333,Corrected constrained Bayesian posterior summary; not an observed or recovered suppressed count.
48317,Martin County,48,Texas,metro_other,Q3,zero,0.0,0.0,0.0,0.0,0.0,0.0,0.0,0.0,0.0,Corrected constrained Bayesian posterior summary; not an observed or recovered suppressed count.
48319,Mason County,48,Texas,nonmetro_nonadjacent,Q2,suppressed_1_9,4.377722222222222,4.0,4.0,6.0,17.896742660657456,16.352561219901066,16.352561219901066,24.5288418298516,1.0,Corrected constrained Bayesian posterior summary; not an observed or recovered suppressed count.
48321,Matagorda County,48,Texas,nonmetro_adjacent,Q4_highest,suppressed_1_9,7.0209166666666665,7.0,4.0,9.0,3.2119552702898466,3.2023862352289933,1.8299349915594247,4.1173537310087065,0.6394444444444445,Corrected constrained Bayesian posterior summary; not an observed or recovered suppressed count.
48323,Maverick County,48,Texas,metro_other,Q4_highest,suppressed_1_9,4.649,4.0,2.0,8.0,1.3298435309935,1.1441974884865127,0.5720987442432564,2.2883949769730254,0.0,Corrected constrained Bayesian posterior summary; not an observed or recovered suppressed count.
48325,Medina County,48,Texas,metro_large,Q3,exact,16.0,16.0,16.0,16.0,4.9990314376568366,4.999031437658953,4.999031437658953,4.999031437658953,1.0,Corrected constrained Bayesian posterior summary; not an observed or recovered suppressed count.
48327,Menard County,48,Texas,nonmetro_nonadjacent,Q4_highest,zero,0.0,0.0,0.0,0.0,0.0,0.0,0.0,0.0,0.0,Corrected constrained Bayesian posterior summary; not an observed or recovered suppressed count.
48329,Midland County,48,Texas,metro_other,Q3,exact,40.0,40.0,40.0,40.0,3.790183046890844,3.7901830468902498,3.7901830468902498,3.7901830468902498,1.0,Corrected constrained Bayesian posterior summary; not an observed or recovered suppressed count.
48331,Milam County,48,Texas,nonmetro_adjacent,Q4_highest,suppressed_1_9,5.286472222222222,5.0,3.0,9.0,3.4693829186021388,3.281378178835111,1.9688269073010662,5.9064807219032,0.6499444444444444,Corrected constrained Bayesian posterior summary; not an observed or recovered suppressed count.
48333,Mills County,48,Texas,nonmetro_nonadjacent,Q2,zero,0.0,0.0,0.0,0.0,0.0,0.0,0.0,0.0,0.0,Corrected constrained Bayesian posterior summary; not an observed or recovered suppressed count.
48335,Mitchell County,48,Texas,nonmetro_nonadjacent,Q3,suppressed_1_9,3.363777777777778,3.0,3.0,5.0,6.370429289583082,5.681495369581274,5.681495369581274,9.469158949302123,1.0,Corrected constrained Bayesian posterior summary; not an observed or recovered suppressed count.
48337,Montague County,48,Texas,nonmetro_adjacent,Q3,suppressed_1_9,7.09525,7.0,5.0,9.0,5.6880311046998235,5.611672278338945,4.008337341670675,7.215007215007215,1.0,Corrected constrained Bayesian posterior summary; not an observed or recovered suppressed count.
48339,Montgomery County,48,Texas,metro_large,Q3,exact,57.0,57.0,57.0,57.0,1.4171754202108062,1.417175420211159,1.417175420211159,1.417175420211159,0.0,Corrected constrained Bayesian posterior summary; not an observed or recovered suppressed count.
48341,Moore County,48,Texas,nonmetro_nonadjacent,Q4_highest,suppressed_1_9,4.258972222222222,4.0,3.0,7.0,3.3596057602141993,3.1553206594620176,2.3664904945965133,5.521811154058532,0.6868888888888889,Corrected constrained Bayesian posterior summary; not an observed or recovered suppressed count.
48343,Morris County,48,Texas,nonmetro_adjacent,Q4_highest,suppressed_1_9,5.343277777777778,5.0,4.0,8.0,7.305148443860412,6.835830690145466,5.4686645521163735,10.937329104232747,1.0,Corrected constrained Bayesian posterior summary; not an observed or recovered suppressed count.
48345,Motley County,48,Texas,nonmetro_adjacent,Q1_lowest,zero,0.0,0.0,0.0,0.0,0.0,0.0,0.0,0.0,0.0,Corrected constrained Bayesian posterior summary; not an observed or recovered suppressed count.
48347,Nacogdoches County,48,Texas,nonmetro_nonadjacent,Q4_highest,exact,13.0,13.0,13.0,13.0,3.3282982155212664,3.3282982155201104,3.3282982155201104,3.3282982155201104,1.0,Corrected constrained Bayesian posterior summary; not an observed or recovered suppressed count.
48349,Navarro County,48,Texas,nonmetro_adjacent,Q4_highest,exact,19.0,19.0,19.0,19.0,5.915280726767833,5.91528072677007,5.91528072677007,5.91528072677007,1.0,Corrected constrained Bayesian posterior summary; not an observed or recovered suppressed count.
48351,Newton County,48,Texas,nonmetro_adjacent,Q4_highest,suppressed_1_9,2.6875555555555555,2.0,2.0,5.0,3.5715498618648835,2.657842629137929,2.657842629137929,6.644606572844822,0.47741666666666666,Corrected constrained Bayesian posterior summary; not an observed or recovered suppressed count.
48353,Nolan County,48,Texas,nonmetro_adjacent,Q4_highest,suppressed_1_9,5.4366111111111115,5.0,4.0,8.0,6.241302204312014,5.74006681437772,4.592053451502176,9.184106903004352,1.0,Corrected constrained Bayesian posterior summary; not an observed or recovered suppressed count.
48355,Nueces County,48,Texas,metro_other,Q4_highest,exact,76.0,76.0,76.0,76.0,3.5587038638623345,3.55870386386272,3.55870386386272,3.55870386386272,1.0,Corrected constrained Bayesian posterior summary; not an observed or recovered suppressed count.
48357,Ochiltree County,48,Texas,nonmetro_nonadjacent,Q4_highest,suppressed_1_9,4.797305555555556,5.0,4.0,7.0,8.236707510870392,8.584722627611903,6.867778102089521,12.018611678656663,1.0,Corrected constrained Bayesian posterior summary; not an observed or recovered suppressed count.
48359,Oldham County,48,Texas,metro_other,Q2,suppressed_1_9,1.0182222222222221,1.0,1.0,1.0,8.993307032518631,8.832361773538244,8.832361773538244,8.832361773538244,1.0,Corrected constrained Bayesian posterior summary; not an observed or recovered suppressed count.
48361,Orange County,48,Texas,metro_other,Q3,exact,11.0,11.0,11.0,11.0,2.166262625863386,2.166262625864782,2.166262625864782,2.166262625864782,0.0,Corrected constrained Bayesian posterior summary; not an observed or recovered suppressed count.
48363,Palo Pinto County,48,Texas,nonmetro_adjacent,Q4_highest,suppressed_1_9,5.373555555555556,5.0,3.0,9.0,3.0460260954801144,2.834274312405052,1.700564587443031,5.101693762329093,0.43227777777777776,Corrected constrained Bayesian posterior summary; not an observed or recovered suppressed count.
48365,Panola County,48,Texas,nonmetro_adjacent,Q3,suppressed_1_9,6.065111111111111,6.0,4.0,9.0,4.408008482343903,4.360686953551417,2.9071246357009444,6.541030430327124,0.8619444444444444,Corrected constrained Bayesian posterior summary; not an observed or recovered suppressed count.
48367,Parker County,48,Texas,metro_large,Q2,exact,34.0,34.0,34.0,34.0,3.516483516486797,3.516483516483517,3.516483516483517,3.516483516483517,1.0,Corrected constrained Bayesian posterior summary; not an observed or recovered suppressed count.
48369,Parmer County,48,Texas,nonmetro_nonadjacent,Q3,suppressed_1_9,1.1661388888888888,1.0,1.0,2.0,2.0159369513697682,1.7287280019361755,1.7287280019361755,3.457456003872351,0.14855555555555555,Corrected constrained Bayesian posterior summary; not an observed or recovered suppressed count.
48371,Pecos County,48,Texas,nonmetro_nonadjacent,Q4_highest,suppressed_1_9,1.2771944444444445,1.0,1.0,3.0,1.4077025476352132,1.1021834253656495,1.1021834253656495,3.306550276096948,0.03905555555555556,Corrected constrained Bayesian posterior summary; not an observed or recovered suppressed count.
48373,Polk County,48,Texas,nonmetro_adjacent,Q4_highest,exact,18.0,18.0,18.0,18.0,5.661338717900199,5.661338717895491,5.661338717895491,5.661338717895491,1.0,Corrected constrained Bayesian posterior summary; not an observed or recovered suppressed count.
48375,Potter County,48,Texas,metro_other,Q4_highest,exact,28.0,28.0,28.0,28.0,4.029316153096927,4.029316153096745,4.029316153096745,4.029316153096745,1.0,Corrected constrained Bayesian posterior summary; not an observed or recovered suppressed count.
48377,Presidio County,48,Texas,nonmetro_nonadjacent,Q4_highest,suppressed_1_9,1.1509722222222223,1.0,1.0,2.0,3.1300234477941125,2.7194604590449254,2.7194604590449254,5.438920918089851,0.13833333333333334,Corrected constrained Bayesian posterior summary; not an observed or recovered suppressed count.
48379,Rains County,48,Texas,nonmetro_adjacent,Q2,suppressed_1_9,2.6030277777777777,2.0,2.0,5.0,3.394220599527885,2.6079019428869477,2.6079019428869477,6.519754857217368,0.4380833333333333,Corrected constrained Bayesian posterior summary; not an observed or recovered suppressed count.
48381,Randall County,48,Texas,metro_other,Q2,exact,42.0,42.0,42.0,42.0,4.847600668504892,4.847600668507216,4.847600668507216,4.847600668507216,1.0,Corrected constrained Bayesian posterior summary; not an observed or recovered suppressed count.
48383,Reagan County,48,Texas,nonmetro_adjacent,Q3,zero,0.0,0.0,0.0,0.0,0.0,0.0,0.0,0.0,0.0,Corrected constrained Bayesian posterior summary; not an observed or recovered suppressed count.
48385,Real County,48,Texas,nonmetro_nonadjacent,Q4_highest,zero,0.0,0.0,0.0,0.0,0.0,0.0,0.0,0.0,0.0,Corrected constrained Bayesian posterior summary; not an observed or recovered suppressed count.
48387,Red River County,48,Texas,nonmetro_adjacent,Q3,suppressed_1_9,2.588972222222222,2.0,2.0,5.0,3.672874096982807,2.8373221353686393,2.8373221353686393,7.093305338421597,0.42786111111111114,Corrected constrained Bayesian posterior summary; not an observed or recovered suppressed count.
48389,Reeves County,48,Texas,nonmetro_nonadjacent,Q4_highest,suppressed_1_9,3.7603055555555556,4.0,3.0,6.0,4.528142715889259,4.816781667328974,3.6125862504967308,7.2251725009934615,1.0,Corrected constrained Bayesian posterior summary; not an observed or recovered suppressed count.
48391,Refugio County,48,Texas,nonmetro_adjacent,Q4_highest,suppressed_1_9,1.1933333333333334,1.0,1.0,2.0,2.937942127464895,2.4619626766458222,2.4619626766458222,4.9239253532916445,0.16852777777777778,Corrected constrained Bayesian posterior summary; not an observed or recovered suppressed count.
48393,Roberts County,48,Texas,nonmetro_nonadjacent,Q1_lowest,suppressed_1_9,1.0121944444444444,1.0,1.0,1.0,20.473188601207976,20.22653721682848,20.22653721682848,20.22653721682848,1.0,Corrected constrained Bayesian posterior summary; not an observed or recovered suppressed count.
48395,Robertson County,48,Texas,metro_other,Q4_highest,suppressed_1_9,1.4525277777777779,1.0,1.0,3.0,1.4065885942887237,0.9683729397865707,0.9683729397865707,2.905118819359712,0.01875,Corrected constrained Bayesian posterior summary; not an observed or recovered suppressed count.
48397,Rockwall County,48,Texas,metro_large,Q1_lowest,exact,13.0,13.0,13.0,13.0,1.7987029967771662,1.7987029967775545,1.7987029967775545,1.7987029967775545,0.0,Corrected constrained Bayesian posterior summary; not an observed or recovered suppressed count.
48399,Runnels County,48,Texas,nonmetro_adjacent,Q3,suppressed_1_9,6.1177222222222225,6.0,5.0,9.0,10.181610062611025,9.985687181706222,8.321405984755184,14.978530772559331,1.0,Corrected constrained Bayesian posterior summary; not an observed or recovered suppressed count.
48401,Rusk County,48,Texas,metro_other,Q4_highest,suppressed_1_9,7.337638888888889,7.0,5.0,9.0,2.283905081266343,2.1788119872010356,1.5562942765721686,2.801329697829903,0.0,Corrected constrained Bayesian posterior summary; not an observed or recovered suppressed count.
48403,Sabine County,48,Texas,nonmetro_nonadjacent,Q3,suppressed_1_9,2.567388888888889,2.0,2.0,5.0,4.188236360342116,3.2626427406199023,3.2626427406199023,8.156606851549755,1.0,Corrected constrained Bayesian posterior summary; not an observed or recovered suppressed count.
48405,San Augustine County,48,Texas,nonmetro_nonadjacent,Q4_highest,suppressed_1_9,3.7368055555555557,4.0,3.0,6.0,7.807131780786748,8.357011532675916,6.267758649506936,12.535517299013872,1.0,Corrected constrained Bayesian posterior summary; not an observed or recovered suppressed count.
48407,San Jacinto County,48,Texas,metro_large,Q4_highest,suppressed_1_9,6.291166666666666,6.0,4.0,9.0,3.6439267565602664,3.4752791807608543,2.316852787173903,5.212918771141282,0.6783055555555556,Corrected constrained Bayesian posterior summary; not an observed or recovered suppressed count.
48409,San Patricio County,48,Texas,metro_other,Q4_highest,exact,15.0,15.0,15.0,15.0,3.6094220352822592,3.6094220352808972,3.6094220352808972,3.6094220352808972,1.0,Corrected constrained Bayesian posterior summary; not an observed or recovered suppressed count.
48411,San Saba County,48,Texas,nonmetro_nonadjacent,Q3,zero,0.0,0.0,0.0,0.0,0.0,0.0,0.0,0.0,0.0,Corrected constrained Bayesian posterior summary; not an observed or recovered suppressed count.
48413,Schleicher County,48,Texas,nonmetro_adjacent,Q3,suppressed_1_9,3.172,3.0,3.0,4.0,21.100246125185055,19.956096587507485,19.956096587507485,26.608128783343314,1.0,Corrected constrained Bayesian posterior summary; not an observed or recovered suppressed count.
48415,Scurry County,48,Texas,nonmetro_nonadjacent,Q3,suppressed_1_9,3.9106666666666667,4.0,3.0,6.0,3.938313628337301,4.028278515176539,3.0212088863824045,6.042417772764809,1.0,Corrected constrained Bayesian posterior summary; not an observed or recovered suppressed count.
48417,Shackelford County,48,Texas,nonmetro_adjacent,Q2,suppressed_1_9,1.068861111111111,1.0,1.0,2.0,5.520691653895403,5.165022467847735,5.165022467847735,10.33004493569547,1.0,Corrected constrained Bayesian posterior summary; not an observed or recovered suppressed count.
48419,Shelby County,48,Texas,nonmetro_nonadjacent,Q4_highest,suppressed_1_9,6.212111111111111,6.0,4.0,9.0,4.240146280457838,4.095367456845065,2.730244971230044,6.143051185267598,0.8861944444444444,Corrected constrained Bayesian posterior summary; not an observed or recovered suppressed count.
48421,Sherman County,48,Texas,nonmetro_nonadjacent,Q3,zero,0.0,0.0,0.0,0.0,0.0,0.0,0.0,0.0,0.0,Corrected constrained Bayesian posterior summary; not an observed or recovered suppressed count.
48423,Smith County,48,Texas,metro_other,Q4_highest,exact,72.0,72.0,72.0,72.0,4.993186381084443,4.993186381084145,4.993186381084145,4.993186381084145,1.0,Corrected constrained Bayesian posterior summary; not an observed or recovered suppressed count.
48425,Somervell County,48,Texas,nonmetro_adjacent,Q3,suppressed_1_9,1.19325,1.0,1.0,2.0,2.0759755736880927,1.739765827519616,1.739765827519616,3.479531655039232,0.16822222222222222,Corrected constrained Bayesian posterior summary; not an observed or recovered suppressed count.
48427,Starr County,48,Texas,nonmetro_adjacent,Q4_highest,exact,13.0,13.0,13.0,13.0,3.3062307189536813,3.306230718952586,3.306230718952586,3.306230718952586,1.0,Corrected constrained Bayesian posterior summary; not an observed or recovered suppressed count.
48429,Stephens County,48,Texas,nonmetro_nonadjacent,Q4_highest,suppressed_1_9,4.828944444444445,5.0,4.0,7.0,8.610660374180899,8.915675540735721,7.132540432588577,12.481945757030008,1.0,Corrected constrained Bayesian posterior summary; not an observed or recovered suppressed count.
48431,Sterling County,48,Texas,nonmetro_adjacent,Q1_lowest,zero,0.0,0.0,0.0,0.0,0.0,0.0,0.0,0.0,0.0,Corrected constrained Bayesian posterior summary; not an observed or recovered suppressed count.
48433,Stonewall County,48,Texas,nonmetro_nonadjacent,Q2,zero,0.0,0.0,0.0,0.0,0.0,0.0,0.0,0.0,0.0,Corrected constrained Bayesian posterior summary; not an observed or recovered suppressed count.
48435,Sutton County,48,Texas,nonmetro_nonadjacent,Q4_highest,suppressed_1_9,2.1425833333333335,2.0,2.0,3.0,10.431272314187787,9.737098344693282,9.737098344693282,14.605647517039921,1.0,Corrected constrained Bayesian posterior summary; not an observed or recovered suppressed count.
48437,Swisher County,48,Texas,nonmetro_adjacent,Q4_highest,suppressed_1_9,2.2984722222222222,2.0,2.0,4.0,5.413519765942519,4.710537472325592,4.710537472325592,9.421074944651185,1.0,Corrected constrained Bayesian posterior summary; not an observed or recovered suppressed count.
48439,Tarrant County,48,Texas,metro_large,Q4_highest,exact,332.0,332.0,332.0,332.0,2.5695423018238186,2.5695423018254044,2.5695423018254044,2.5695423018254044,0.0,Corrected constrained Bayesian posterior summary; not an observed or recovered suppressed count.
48441,Taylor County,48,Texas,metro_other,Q4_highest,exact,73.0,73.0,73.0,73.0,8.474851748144665,8.474851748141337,8.474851748141337,8.474851748141337,1.0,Corrected constrained Bayesian posterior summary; not an observed or recovered suppressed count.
48443,Terrell County,48,Texas,nonmetro_nonadjacent,Q1_lowest,zero,0.0,0.0,0.0,0.0,0.0,0.0,0.0,0.0,0.0,Corrected constrained Bayesian posterior summary; not an observed or recovered suppressed count.
48445,Terry County,48,Texas,nonmetro_adjacent,Q4_highest,suppressed_1_9,1.254138888888889,1.0,1.0,3.0,1.7666416240158231,1.408649105507818,1.408649105507818,4.225947316523454,0.033777777777777775,Corrected constrained Bayesian posterior summary; not an observed or recovered suppressed count.
48447,Throckmorton County,48,Texas,nonmetro_nonadjacent,Q1_lowest,zero,0.0,0.0,0.0,0.0,0.0,0.0,0.0,0.0,0.0,Corrected constrained Bayesian posterior summary; not an observed or recovered suppressed count.
48449,Titus County,48,Texas,nonmetro_nonadjacent,Q4_highest,suppressed_1_9,3.625777777777778,3.0,2.0,7.0,1.8986012419571308,1.5709191447916178,1.0472794298610784,3.665478004513774,0.10627777777777778,Corrected constrained Bayesian posterior summary; not an observed or recovered suppressed count.
48451,Tom Green County,48,Texas,metro_other,Q4_highest,exact,43.0,43.0,43.0,43.0,5.999946977215068,5.99994697721276,5.99994697721276,5.99994697721276,1.0,Corrected constrained Bayesian posterior summary; not an observed or recovered suppressed count.
48453,Travis County,48,Texas,metro_large,Q3,exact,131.0,131.0,131.0,131.0,1.657226170258785,1.6572261702578506,1.6572261702578506,1.6572261702578506,0.0,Corrected constrained Bayesian posterior summary; not an observed or recovered suppressed count.
48455,Trinity County,48,Texas,nonmetro_adjacent,Q4_highest,suppressed_1_9,4.387305555555556,4.0,3.0,7.0,5.097132183419797,4.647164068127425,3.4853730510955687,8.132537119222995,1.0,Corrected constrained Bayesian posterior summary; not an observed or recovered suppressed count.
48457,Tyler County,48,Texas,nonmetro_adjacent,Q4_highest,suppressed_1_9,5.949805555555556,6.0,4.0,9.0,4.786187621111817,4.826565416049939,3.217710277366626,7.239848124074908,1.0,Corrected constrained Bayesian posterior summary; not an observed or recovered suppressed count.
48459,Upshur County,48,Texas,metro_other,Q3,exact,11.0,11.0,11.0,11.0,4.305081561729188,4.305081561727042,4.305081561727042,4.305081561727042,1.0,Corrected constrained Bayesian posterior summary; not an observed or recovered suppressed count.
48461,Upton County,48,Texas,nonmetro_adjacent,Q4_highest,zero,0.0,0.0,0.0,0.0,0.0,0.0,0.0,0.0,0.0,Corrected constrained Bayesian posterior summary; not an observed or recovered suppressed count.
48463,Uvalde County,48,Texas,nonmetro_adjacent,Q4_highest,suppressed_1_9,4.873194444444445,5.0,3.0,8.0,3.179898495559876,3.2626427406199023,1.9575856443719413,5.220228384991843,0.5463055555555556,Corrected constrained Bayesian posterior summary; not an observed or recovered suppressed count.
48465,Val Verde County,48,Texas,nonmetro_nonadjacent,Q4_highest,suppressed_1_9,7.251166666666666,7.0,4.0,9.0,2.5095578582090985,2.4226315315876543,1.3843608751929453,3.114811969184127,0.22275,Corrected constrained Bayesian posterior summary; not an observed or recovered suppressed count.
48467,Van Zandt County,48,Texas,nonmetro_adjacent,Q3,exact,19.0,19.0,19.0,19.0,5.169210008675785,5.1692100086788315,5.1692100086788315,5.1692100086788315,1.0,Corrected constrained Bayesian posterior summary; not an observed or recovered suppressed count.
48469,Victoria County,48,Texas,metro_other,Q4_highest,exact,11.0,11.0,11.0,11.0,2.0012298467048533,2.001229846705794,2.001229846705794,2.001229846705794,0.0,Corrected constrained Bayesian posterior summary; not an observed or recovered suppressed count.
48471,Walker County,48,Texas,nonmetro_adjacent,Q4_highest,exact,11.0,11.0,11.0,11.0,2.355601620655353,2.355601620653915,2.355601620653915,2.355601620653915,0.0,Corrected constrained Bayesian posterior summary; not an observed or recovered suppressed count.
48473,Waller County,48,Texas,metro_large,Q4_highest,suppressed_1_9,8.00586111111111,8.0,6.0,9.0,2.205258752216737,2.2036442767226303,1.6527332075419727,2.4790998113129588,0.0,Corrected constrained Bayesian posterior summary; not an observed or recovered suppressed count.
48475,Ward County,48,Texas,nonmetro_adjacent,Q3,suppressed_1_9,4.852416666666667,5.0,4.0,7.0,7.1090388775737265,7.325256017697819,5.860204814158255,10.255358424776945,1.0,Corrected constrained Bayesian posterior summary; not an observed or recovered suppressed count.
48477,Washington County,48,Texas,nonmetro_adjacent,Q3,exact,12.0,12.0,12.0,12.0,5.491488193304901,5.491488193300384,5.491488193300384,5.491488193300384,1.0,Corrected constrained Bayesian posterior summary; not an observed or recovered suppressed count.
48479,Webb County,48,Texas,metro_other,Q4_highest,exact,42.0,42.0,42.0,42.0,2.5734836819705453,2.5734836819688867,2.5734836819688867,2.5734836819688867,0.0,Corrected constrained Bayesian posterior summary; not an observed or recovered suppressed count.
48481,Wharton County,48,Texas,nonmetro_adjacent,Q4_highest,suppressed_1_9,6.174111111111111,6.0,3.0,9.0,2.464124804881798,2.3946360153256707,1.1973180076628354,3.5919540229885056,0.2378888888888889,Corrected constrained Bayesian posterior summary; not an observed or recovered suppressed count.
48483,Wheeler County,48,Texas,nonmetro_nonadjacent,Q4_highest,zero,0.0,0.0,0.0,0.0,0.0,0.0,0.0,0.0,0.0,Corrected constrained Bayesian posterior summary; not an observed or recovered suppressed count.
48485,Wichita County,48,Texas,metro_other,Q4_highest,exact,52.0,52.0,52.0,52.0,6.618757048337115,6.6187570483398375,6.6187570483398375,6.6187570483398375,1.0,Corrected constrained Bayesian posterior summary; not an observed or recovered suppressed count.
48487,Wilbarger County,48,Texas,nonmetro_adjacent,Q4_highest,suppressed_1_9,3.9909444444444446,4.0,3.0,6.0,5.2846192325819255,5.296610169491525,3.9724576271186436,7.944915254237287,1.0,Corrected constrained Bayesian posterior summary; not an observed or recovered suppressed count.
48489,Willacy County,48,Texas,nonmetro_adjacent,Q4_highest,suppressed_1_9,2.8650277777777777,3.0,2.0,5.0,2.3284957801216795,2.43819183693373,1.6254612246224867,4.0636530615562165,0.21708333333333332,Corrected constrained Bayesian posterior summary; not an observed or recovered suppressed count.
48491,Williamson County,48,Texas,metro_large,Q2,exact,72.0,72.0,72.0,72.0,1.8239294990435047,1.823929499045097,1.823929499045097,1.823929499045097,0.0,Corrected constrained Bayesian posterior summary; not an observed or recovered suppressed count.
48493,Wilson County,48,Texas,metro_large,Q2,exact,10.0,10.0,10.0,10.0,3.157731864354831,3.15773186435647,3.15773186435647,3.15773186435647,1.0,Corrected constrained Bayesian posterior summary; not an observed or recovered suppressed count.
48495,Winkler County,48,Texas,nonmetro_adjacent,Q2,zero,0.0,0.0,0.0,0.0,0.0,0.0,0.0,0.0,0.0,Corrected constrained Bayesian posterior summary; not an observed or recovered suppressed count.
48497,Wise County,48,Texas,metro_large,Q3,suppressed_1_9,8.128,8.0,6.0,9.0,1.8181452145075643,1.7895130064042195,1.3421347548031648,2.013202132204747,0.0,Corrected constrained Bayesian posterior summary; not an observed or recovered suppressed count.
48499,Wood County,48,Texas,nonmetro_adjacent,Q4_highest,exact,10.0,10.0,10.0,10.0,3.555871633030703,3.5558716330340476,3.5558716330340476,3.5558716330340476,1.0,Corrected constrained Bayesian posterior summary; not an observed or recovered suppressed count.
48501,Yoakum County,48,Texas,nonmetro_nonadjacent,Q3,suppressed_1_9,1.1379722222222222,1.0,1.0,2.0,2.3946219061106238,2.1042885400446107,2.1042885400446107,4.2085770800892215,0.12502777777777777,Corrected constrained Bayesian posterior summary; not an observed or recovered suppressed count.
48503,Young County,48,Texas,nonmetro_nonadjacent,Q3,suppressed_1_9,5.633305555555555,5.0,4.0,9.0,5.205756753398468,4.620516943435632,3.6964135547485055,8.316930498184137,1.0,Corrected constrained Bayesian posterior summary; not an observed or recovered suppressed count.
48505,Zapata County,48,Texas,nonmetro_adjacent,Q4_highest,suppressed_1_9,2.6333055555555553,2.0,2.0,5.0,3.147515096943444,2.3905430118451405,2.3905430118451405,5.9763575296128515,0.448,Corrected constrained Bayesian posterior summary; not an observed or recovered suppressed count.
48507,Zavala County,48,Texas,nonmetro_nonadjacent,Q4_highest,suppressed_1_9,1.2487777777777778,1.0,1.0,3.0,2.0434248229123324,1.6363398350569445,1.6363398350569445,4.909019505170834,0.21163888888888888,Corrected constrained Bayesian posterior summary; not an observed or recovered suppressed count.
49001,Beaver County,49,Utah,nonmetro_nonadjacent,Q1_lowest,zero,0.0,0.0,0.0,0.0,0.0,0.0,0.0,0.0,0.0,Corrected constrained Bayesian posterior summary; not an observed or recovered suppressed count.
49003,Box Elder County,49,Utah,nonmetro_adjacent,Q1_lowest,exact,11.0,11.0,11.0,11.0,3.0467285060251745,3.0467285060228284,3.0467285060228284,3.0467285060228284,1.0,Corrected constrained Bayesian posterior summary; not an observed or recovered suppressed count.
49005,Cache County,49,Utah,metro_other,Q2,exact,24.0,24.0,24.0,24.0,2.913459332355121,2.913459332356515,2.913459332356515,2.913459332356515,0.0,Corrected constrained Bayesian posterior summary; not an observed or recovered suppressed count.
49007,Carbon County,49,Utah,nonmetro_nonadjacent,Q3,exact,11.0,11.0,11.0,11.0,8.91496741984808,8.914967419846338,8.914967419846338,8.914967419846338,1.0,Corrected constrained Bayesian posterior summary; not an observed or recovered suppressed count.
49009,Daggett County,49,Utah,nonmetro_nonadjacent,Q1_lowest,zero,0.0,0.0,0.0,0.0,0.0,0.0,0.0,0.0,0.0,Corrected constrained Bayesian posterior summary; not an observed or recovered suppressed count.
49011,Davis County,49,Utah,metro_other,Q1_lowest,exact,42.0,42.0,42.0,42.0,1.905952152432314,1.9059521524326077,1.9059521524326077,1.9059521524326077,0.0,Corrected constrained Bayesian posterior summary; not an observed or recovered suppressed count.
49013,Duchesne County,49,Utah,nonmetro_nonadjacent,Q3,suppressed_1_9,3.1846111111111113,3.0,2.0,6.0,2.630540388979833,2.478048619313911,1.6520324128759407,4.956097238627822,0.3357222222222222,Corrected constrained Bayesian posterior summary; not an observed or recovered suppressed count.
49015,Emery County,49,Utah,nonmetro_nonadjacent,Q1_lowest,suppressed_1_9,2.476472222222222,2.0,2.0,4.0,4.091313765444297,3.3041467041136623,3.3041467041136623,6.608293408227325,1.0,Corrected constrained Bayesian posterior summary; not an observed or recovered suppressed count.
49017,Garfield County,49,Utah,nonmetro_nonadjacent,Q2,suppressed_1_9,2.2559444444444443,2.0,2.0,4.0,7.250343707041814,6.427767957576732,6.427767957576732,12.855535915153464,1.0,Corrected constrained Bayesian posterior summary; not an observed or recovered suppressed count.
49019,Grand County,49,Utah,nonmetro_nonadjacent,Q2,suppressed_1_9,3.7055833333333332,4.0,3.0,6.0,6.336930250587338,6.840413160954922,5.130309870716191,10.260619741432382,1.0,Corrected constrained Bayesian posterior summary; not an observed or recovered suppressed count.
49021,Iron County,49,Utah,nonmetro_adjacent,Q2,exact,10.0,10.0,10.0,10.0,2.7416188711104503,2.741618871111014,2.741618871111014,2.741618871111014,0.0,Corrected constrained Bayesian posterior summary; not an observed or recovered suppressed count.
49023,Juab County,49,Utah,metro_other,Q1_lowest,suppressed_1_9,3.6606388888888888,3.0,3.0,6.0,4.8691010878923455,3.9903699072904057,3.9903699072904057,7.9807398145808115,1.0,Corrected constrained Bayesian posterior summary; not an observed or recovered suppressed count.
49025,Kane County,49,Utah,nonmetro_adjacent,Q2,suppressed_1_9,1.2102777777777778,1.0,1.0,2.0,2.47151826212054,2.042108272580612,2.042108272580612,4.084216545161224,0.18438888888888888,Corrected constrained Bayesian posterior summary; not an observed or recovered suppressed count.
49027,Millard County,49,Utah,nonmetro_nonadjacent,Q2,suppressed_1_9,1.24675,1.0,1.0,3.0,1.5580869304410216,1.249718813267015,1.249718813267015,3.7491564398010446,0.029777777777777778,Corrected constrained Bayesian posterior summary; not an observed or recovered suppressed count.
49029,Morgan County,49,Utah,metro_other,Q1_lowest,zero,0.0,0.0,0.0,0.0,0.0,0.0,0.0,0.0,0.0,Corrected constrained Bayesian posterior summary; not an observed or recovered suppressed count.
49031,Piute County,49,Utah,nonmetro_nonadjacent,Q3,zero,0.0,0.0,0.0,0.0,0.0,0.0,0.0,0.0,0.0,Corrected constrained Bayesian posterior summary; not an observed or recovered suppressed count.
49033,Rich County,49,Utah,nonmetro_adjacent,Q1_lowest,zero,0.0,0.0,0.0,0.0,0.0,0.0,0.0,0.0,0.0,Corrected constrained Bayesian posterior summary; not an observed or recovered suppressed count.
49035,Salt Lake County,49,Utah,metro_large,Q2,exact,218.0,218.0,218.0,218.0,3.070111632358359,3.0701116323572304,3.0701116323572304,3.0701116323572304,1.0,Corrected constrained Bayesian posterior summary; not an observed or recovered suppressed count.
49037,San Juan County,49,Utah,nonmetro_nonadjacent,Q4_highest,suppressed_1_9,5.849444444444444,6.0,4.0,9.0,6.617542615867756,6.787867817587365,4.5252452117249105,10.181801726381048,1.0,Corrected constrained Bayesian posterior summary; not an observed or recovered suppressed count.
49039,Sanpete County,49,Utah,nonmetro_adjacent,Q3,suppressed_1_9,7.787055555555556,8.0,5.0,9.0,4.274585721960921,4.391478336288433,2.74467396018027,4.9404131283244865,0.9729166666666667,Corrected constrained Bayesian posterior summary; not an observed or recovered suppressed count.
49041,Sevier County,49,Utah,nonmetro_nonadjacent,Q2,suppressed_1_9,6.108666666666666,6.0,4.0,9.0,4.619413839084446,4.5372393923124035,3.0248262615416026,6.805859088468606,1.0,Corrected constrained Bayesian posterior summary; not an observed or recovered suppressed count.
49043,Summit County,49,Utah,nonmetro_adjacent,Q1_lowest,suppressed_1_9,3.815166666666667,4.0,2.0,7.0,1.486577229151131,1.5585974181833768,0.7792987090916884,2.7275454818209095,0.01,Corrected constrained Bayesian posterior summary; not an observed or recovered suppressed count.
49045,Tooele County,49,Utah,metro_large,Q1_lowest,exact,11.0,11.0,11.0,11.0,2.3410033114543665,2.341003311455593,2.341003311455593,2.341003311455593,0.0,Corrected constrained Bayesian posterior summary; not an observed or recovered suppressed count.
49047,Uintah County,49,Utah,nonmetro_nonadjacent,Q3,suppressed_1_9,7.923416666666666,8.0,6.0,9.0,3.58358623205668,3.618223181051365,2.713667385788524,4.070501078682786,0.8944444444444445,Corrected constrained Bayesian posterior summary; not an observed or recovered suppressed count.
49049,Utah County,49,Utah,metro_other,Q2,exact,84.0,84.0,84.0,84.0,2.0284357717545687,2.0284357717546113,2.0284357717546113,2.0284357717546113,0.0,Corrected constrained Bayesian posterior summary; not an observed or recovered suppressed count.
49051,Wasatch County,49,Utah,nonmetro_adjacent,Q1_lowest,suppressed_1_9,1.7759722222222223,2.0,1.0,4.0,0.8177232415783009,0.9208739093399637,0.46043695466998186,1.8417478186799274,0.0002777777777777778,Corrected constrained Bayesian posterior summary; not an observed or recovered suppressed count.
49053,Washington County,49,Utah,metro_other,Q2,exact,56.0,56.0,56.0,56.0,4.820231198944908,4.820231198946435,4.820231198946435,4.820231198946435,1.0,Corrected constrained Bayesian posterior summary; not an observed or recovered suppressed count.
49055,Wayne County,49,Utah,nonmetro_nonadjacent,Q1_lowest,zero,0.0,0.0,0.0,0.0,0.0,0.0,0.0,0.0,0.0,Corrected constrained Bayesian posterior summary; not an observed or recovered suppressed count.
49057,Weber County,49,Utah,metro_other,Q2,exact,41.0,41.0,41.0,41.0,2.5504776858093736,2.55047768580852,2.55047768580852,2.55047768580852,0.0,Corrected constrained Bayesian posterior summary; not an observed or recovered suppressed count.
50001,Addison County,50,Vermont,nonmetro_adjacent,Q1_lowest,exact,10.0,10.0,10.0,10.0,4.459646885163906,4.459646885159633,4.459646885159633,4.459646885159633,1.0,Corrected constrained Bayesian posterior summary; not an observed or recovered suppressed count.
50003,Bennington County,50,Vermont,nonmetro_adjacent,Q2,suppressed_1_9,8.388416666666666,9.0,7.0,9.0,3.8175324104005623,4.0958613596439335,3.185669946389726,4.0958613596439335,0.97925,Corrected constrained Bayesian posterior summary; not an observed or recovered suppressed count.
50005,Caledonia County,50,Vermont,nonmetro_nonadjacent,Q2,suppressed_1_9,6.715,7.0,4.0,9.0,3.693111508317886,3.8498556304138596,2.199917503093634,4.949814381960676,0.8036944444444445,Corrected constrained Bayesian posterior summary; not an observed or recovered suppressed count.
50007,Chittenden County,50,Vermont,metro_other,Q1_lowest,exact,34.0,34.0,34.0,34.0,3.3777809568678103,3.377780956865737,3.377780956865737,3.377780956865737,1.0,Corrected constrained Bayesian posterior summary; not an observed or recovered suppressed count.
50009,Essex County,50,Vermont,nonmetro_nonadjacent,Q2,suppressed_1_9,1.1485833333333333,1.0,1.0,2.0,3.168330942658596,2.7584684982897496,2.7584684982897496,5.516936996579499,0.13605555555555557,Corrected constrained Bayesian posterior summary; not an observed or recovered suppressed count.
50011,Franklin County,50,Vermont,metro_other,Q1_lowest,exact,14.0,14.0,14.0,14.0,4.632647591188107,4.632647591188705,4.632647591188705,4.632647591188705,1.0,Corrected constrained Bayesian posterior summary; not an observed or recovered suppressed count.
50013,Grand Isle County,50,Vermont,metro_other,Q1_lowest,suppressed_1_9,2.279361111111111,2.0,2.0,4.0,5.144239570086779,4.513755670405561,4.513755670405561,9.027511340811122,1.0,Corrected constrained Bayesian posterior summary; not an observed or recovered suppressed count.
50015,Lamoille County,50,Vermont,nonmetro_adjacent,Q1_lowest,suppressed_1_9,2.9005,3.0,2.0,5.0,1.868553795409326,1.9326534687908676,1.2884356458605783,3.221089114651446,0.06422222222222222,Corrected constrained Bayesian posterior summary; not an observed or recovered suppressed count.
50017,Orange County,50,Vermont,nonmetro_nonadjacent,Q1_lowest,suppressed_1_9,4.95425,5.0,3.0,8.0,2.7972886753353112,2.823120225397919,1.6938721352387514,4.51699236063667,0.31322222222222224,Corrected constrained Bayesian posterior summary; not an observed or recovered suppressed count.
50019,Orleans County,50,Vermont,nonmetro_nonadjacent,Q2,suppressed_1_9,6.613888888888889,7.0,4.0,9.0,4.023340443882202,4.258218361437574,2.4332676351071854,5.474852178991167,0.9485,Corrected constrained Bayesian posterior summary; not an observed or recovered suppressed count.
50021,Rutland County,50,Vermont,nonmetro_nonadjacent,Q2,exact,25.0,25.0,25.0,25.0,6.99533551028556,6.995335510281745,6.995335510281745,6.995335510281745,1.0,Corrected constrained Bayesian posterior summary; not an observed or recovered suppressed count.
50023,Washington County,50,Vermont,nonmetro_adjacent,Q1_lowest,exact,16.0,16.0,16.0,16.0,4.485059146713952,4.485059146717497,4.485059146717497,4.485059146717497,1.0,Corrected constrained Bayesian posterior summary; not an observed or recovered suppressed count.
50025,Windham County,50,Vermont,nonmetro_nonadjacent,Q2,exact,10.0,10.0,10.0,10.0,3.734659884521753,3.7346598845243166,3.7346598845243166,3.7346598845243166,1.0,Corrected constrained Bayesian posterior summary; not an observed or recovered suppressed count.
50027,Windsor County,50,Vermont,nonmetro_nonadjacent,Q1_lowest,exact,16.0,16.0,16.0,16.0,4.675819583499648,4.6758195835013705,4.6758195835013705,4.6758195835013705,1.0,Corrected constrained Bayesian posterior summary; not an observed or recovered suppressed count.
51001,Accomack County,51,Virginia,nonmetro_nonadjacent,Q4_highest,suppressed_1_9,8.041222222222222,8.0,6.0,9.0,4.068600251072285,4.047743130220956,3.0358073476657172,4.553711021498576,0.9831944444444445,Corrected constrained Bayesian posterior summary; not an observed or recovered suppressed count.
51003,Albemarle County,51,Virginia,metro_other,Q1_lowest,exact,18.0,18.0,18.0,18.0,2.643016562903001,2.6430165629037945,2.6430165629037945,2.6430165629037945,0.0,Corrected constrained Bayesian posterior summary; not an observed or recovered suppressed count.
51005,Alleghany County,51,Virginia,nonmetro_adjacent,Q2,suppressed_1_9,2.798861111111111,3.0,2.0,5.0,3.158664595144549,3.385660598810505,2.2571070658736696,5.6427676646841745,0.5216666666666666,Corrected constrained Bayesian posterior summary; not an observed or recovered suppressed count.
51007,Amelia County,51,Virginia,metro_large,Q2,suppressed_1_9,6.147722222222222,6.0,5.0,9.0,7.677167539429532,7.492694622742826,6.243912185619022,11.239041934114239,1.0,Corrected constrained Bayesian posterior summary; not an observed or recovered suppressed count.
51009,Amherst County,51,Virginia,metro_other,Q2,suppressed_1_9,5.298361111111111,5.0,3.0,9.0,2.800698335507053,2.64298551643937,1.5857913098636218,4.757373929590866,0.4097222222222222,Corrected constrained Bayesian posterior summary; not an observed or recovered suppressed count.
51011,Appomattox County,51,Virginia,metro_other,Q1_lowest,suppressed_1_9,4.080166666666667,4.0,3.0,7.0,4.126549078307551,4.045471095109026,3.034103321331769,7.079574416440794,1.0,Corrected constrained Bayesian posterior summary; not an observed or recovered suppressed count.
51013,Arlington County,51,Virginia,metro_large,Q1_lowest,exact,18.0,18.0,18.0,18.0,1.269487514943778,1.2694875149429259,1.2694875149429259,1.2694875149429259,0.0,Corrected constrained Bayesian posterior summary; not an observed or recovered suppressed count.
51015,Augusta County,51,Virginia,metro_other,Q1_lowest,exact,12.0,12.0,12.0,12.0,2.5828781010679864,2.58287810106802,2.58287810106802,2.58287810106802,0.0,Corrected constrained Bayesian posterior summary; not an observed or recovered suppressed count.
51017,Bath County,51,Virginia,nonmetro_nonadjacent,Q1_lowest,zero,0.0,0.0,0.0,0.0,0.0,0.0,0.0,0.0,0.0,Corrected constrained Bayesian posterior summary; not an observed or recovered suppressed count.
51019,Bedford County,51,Virginia,metro_other,Q1_lowest,exact,12.0,12.0,12.0,12.0,2.4819335917285397,2.4819335917301975,2.4819335917301975,2.4819335917301975,0.0,Corrected constrained Bayesian posterior summary; not an observed or recovered suppressed count.
51021,Bland County,51,Virginia,nonmetro_adjacent,Q1_lowest,suppressed_1_9,1.1099444444444444,1.0,1.0,2.0,2.983320640894525,2.6878107781212206,2.6878107781212206,5.375621556242441,0.10225,Corrected constrained Bayesian posterior summary; not an observed or recovered suppressed count.
51023,Botetourt County,51,Virginia,metro_other,Q1_lowest,suppressed_1_9,7.564416666666666,8.0,5.0,9.0,3.7206867774675874,3.934935835952525,2.459334897470328,4.426802815446591,0.9510833333333333,Corrected constrained Bayesian posterior summary; not an observed or recovered suppressed count.
51025,Brunswick County,51,Virginia,nonmetro_adjacent,Q4_highest,suppressed_1_9,2.904,3.0,2.0,5.0,3.036767473961622,3.137156481365291,2.091437654243527,5.228594135608818,0.5655277777777777,Corrected constrained Bayesian posterior summary; not an observed or recovered suppressed count.
51027,Buchanan County,51,Virginia,nonmetro_nonadjacent,Q3,suppressed_1_9,3.0716666666666668,3.0,2.0,6.0,2.5920362744430734,2.531560116114224,1.6877067440761493,5.063120232228448,0.2890277777777778,Corrected constrained Bayesian posterior summary; not an observed or recovered suppressed count.
51029,Buckingham County,51,Virginia,nonmetro_adjacent,Q3,suppressed_1_9,4.274555555555556,4.0,3.0,7.0,4.176899641929077,3.9086165451738353,2.931462408880377,6.840078954054213,1.0,Corrected constrained Bayesian posterior summary; not an observed or recovered suppressed count.
51031,Campbell County,51,Virginia,metro_other,Q2,suppressed_1_9,7.544944444444444,8.0,5.0,9.0,2.2764545714822617,2.4137535678294926,1.5085959798934327,2.715472763808179,0.0,Corrected constrained Bayesian posterior summary; not an observed or recovered suppressed count.
51033,Caroline County,51,Virginia,nonmetro_adjacent,Q2,suppressed_1_9,3.4671666666666665,3.0,2.0,7.0,1.8153560464460383,1.5707546428889319,1.0471697619259548,3.6650941667408414,0.08469444444444445,Corrected constrained Bayesian posterior summary; not an observed or recovered suppressed count.
51035,Carroll County,51,Virginia,nonmetro_adjacent,Q2,suppressed_1_9,5.723305555555555,6.0,3.0,9.0,3.2419129582104698,3.398643941067514,1.699321970533757,5.097965911601271,0.5243611111111111,Corrected constrained Bayesian posterior summary; not an observed or recovered suppressed count.
51036,Charles City County,51,Virginia,metro_large,Q2,suppressed_1_9,2.3097777777777777,2.0,2.0,4.0,5.751868361125033,4.980451726971636,4.980451726971636,9.960903453943272,1.0,Corrected constrained Bayesian posterior summary; not an observed or recovered suppressed count.
51037,Charlotte County,51,Virginia,nonmetro_adjacent,Q3,suppressed_1_9,1.242138888888889,1.0,1.0,3.0,1.7945575348387628,1.4447317855440136,1.4447317855440136,4.3341953566320415,0.03102777777777778,Corrected constrained Bayesian posterior summary; not an observed or recovered suppressed count.
51041,Chesterfield County,51,Virginia,metro_large,Q2,exact,48.0,48.0,48.0,48.0,2.148793184028513,2.1487931840280203,2.1487931840280203,2.1487931840280203,0.0,Corrected constrained Bayesian posterior summary; not an observed or recovered suppressed count.
51043,Clarke County,51,Virginia,metro_large,Q1_lowest,suppressed_1_9,2.594361111111111,2.0,2.0,5.0,2.8682186254690487,2.2111174987838855,2.2111174987838855,5.527793746959714,0.42719444444444443,Corrected constrained Bayesian posterior summary; not an observed or recovered suppressed count.
51045,Craig County,51,Virginia,metro_other,Q1_lowest,zero,0.0,0.0,0.0,0.0,0.0,0.0,0.0,0.0,0.0,Corrected constrained Bayesian posterior summary; not an observed or recovered suppressed count.
51047,Culpeper County,51,Virginia,metro_large,Q2,suppressed_1_9,7.882527777777778,8.0,5.0,9.0,2.423536360689072,2.4596539881752135,1.5372837426095083,2.767110736697115,0.0,Corrected constrained Bayesian posterior summary; not an observed or recovered suppressed count.
51049,Cumberland County,51,Virginia,nonmetro_adjacent,Q2,suppressed_1_9,3.694,3.0,3.0,6.0,6.236493787142325,5.06482982171799,5.06482982171799,10.12965964343598,1.0,Corrected constrained Bayesian posterior summary; not an observed or recovered suppressed count.
51051,Dickenson County,51,Virginia,nonmetro_nonadjacent,Q2,suppressed_1_9,6.569222222222222,6.0,5.0,9.0,7.918637184900652,7.232488337612555,6.02707361467713,10.848732506418832,1.0,Corrected constrained Bayesian posterior summary; not an observed or recovered suppressed count.
51053,Dinwiddie County,51,Virginia,metro_large,Q2,suppressed_1_9,5.931222222222222,6.0,4.0,9.0,3.484363087591442,3.5247673653538865,2.3498449102359245,5.287151048030831,0.8436388888888889,Corrected constrained Bayesian posterior summary; not an observed or recovered suppressed count.
51057,Essex County,51,Virginia,nonmetro_adjacent,Q4_highest,suppressed_1_9,4.34125,4.0,3.0,7.0,6.743165579373359,6.213109661385524,4.659832246039143,10.872941907424666,1.0,Corrected constrained Bayesian posterior summary; not an observed or recovered suppressed count.
51059,Fairfax County,51,Virginia,metro_large,Q1_lowest,exact,90.0,90.0,90.0,90.0,1.3082853858862462,1.3082853858853158,1.3082853858853158,1.3082853858853158,0.0,Corrected constrained Bayesian posterior summary; not an observed or recovered suppressed count.
51061,Fauquier County,51,Virginia,metro_large,Q1_lowest,exact,11.0,11.0,11.0,11.0,2.48816988318994,2.488169883191734,2.488169883191734,2.488169883191734,0.0,Corrected constrained Bayesian posterior summary; not an observed or recovered suppressed count.
51063,Floyd County,51,Virginia,metro_other,Q1_lowest,suppressed_1_9,3.9393611111111113,4.0,3.0,6.0,4.188670796946428,4.253147329023477,3.189860496767608,6.379720993535216,1.0,Corrected constrained Bayesian posterior summary; not an observed or recovered suppressed count.
51065,Fluvanna County,51,Virginia,metro_other,Q1_lowest,suppressed_1_9,5.130638888888889,5.0,3.0,9.0,3.0579197344708957,2.980057455507742,1.7880344733046452,5.364103419913936,0.6120555555555556,Corrected constrained Bayesian posterior summary; not an observed or recovered suppressed count.
51067,Franklin County,51,Virginia,metro_other,Q2,suppressed_1_9,7.629555555555555,8.0,5.0,9.0,2.288360938899221,2.3994697171925004,1.4996685732453128,2.6994034318415627,0.0,Corrected constrained Bayesian posterior summary; not an observed or recovered suppressed count.
51069,Frederick County,51,Virginia,metro_other,Q2,exact,18.0,18.0,18.0,18.0,3.1954383342527493,3.1954383342535015,3.1954383342535015,3.1954383342535015,1.0,Corrected constrained Bayesian posterior summary; not an observed or recovered suppressed count.
51071,Giles County,51,Virginia,metro_other,Q1_lowest,suppressed_1_9,5.357472222222222,5.0,4.0,8.0,5.3904618487366065,5.030788425161991,4.024630740129593,8.049261480259187,1.0,Corrected constrained Bayesian posterior summary; not an observed or recovered suppressed count.
51073,Gloucester County,51,Virginia,metro_large,Q1_lowest,suppressed_1_9,7.495638888888889,8.0,5.0,9.0,3.209024269582212,3.424950766332734,2.140594228957959,3.8530696121243255,0.7788055555555555,Corrected constrained Bayesian posterior summary; not an observed or recovered suppressed count.
51075,Goochland County,51,Virginia,metro_large,Q1_lowest,suppressed_1_9,4.4463333333333335,4.0,3.0,7.0,2.8648870389585603,2.5773029812952237,1.9329772359714177,4.510280217266642,0.4126666666666667,Corrected constrained Bayesian posterior summary; not an observed or recovered suppressed count.
51077,Grayson County,51,Virginia,nonmetro_nonadjacent,Q3,suppressed_1_9,1.3694166666666667,1.0,1.0,3.0,1.4837387362974497,1.083482312151254,1.083482312151254,3.2504469364537627,0.06244444444444444,Corrected constrained Bayesian posterior summary; not an observed or recovered suppressed count.
51079,Greene County,51,Virginia,metro_other,Q1_lowest,suppressed_1_9,2.8344722222222223,3.0,2.0,5.0,2.26630864493703,2.3986567522187574,1.5991045014791716,3.997761253697929,0.20902777777777778,Corrected constrained Bayesian posterior summary; not an observed or recovered suppressed count.
51081,Greensville County,51,Virginia,nonmetro_adjacent,Q4_highest,suppressed_1_9,3.668277777777778,3.0,3.0,6.0,5.429498501787605,4.440365886149019,4.440365886149019,8.880731772298038,1.0,Corrected constrained Bayesian posterior summary; not an observed or recovered suppressed count.
51083,Halifax County,51,Virginia,nonmetro_adjacent,Q4_highest,suppressed_1_9,8.088444444444445,8.0,6.0,9.0,4.008029713904766,3.964203244700356,2.973152433525267,4.4597286502879,0.9855277777777778,Corrected constrained Bayesian posterior summary; not an observed or recovered suppressed count.
51085,Hanover County,51,Virginia,metro_large,Q1_lowest,exact,17.0,17.0,17.0,17.0,2.53721497374809,2.5372149737472878,2.5372149737472878,2.5372149737472878,0.0,Corrected constrained Bayesian posterior summary; not an observed or recovered suppressed count.
51087,Henrico County,51,Virginia,metro_large,Q2,exact,64.0,64.0,64.0,64.0,3.1911350268937104,3.1911350268952847,3.1911350268952847,3.1911350268952847,1.0,Corrected constrained Bayesian posterior summary; not an observed or recovered suppressed count.
51089,Henry County,51,Virginia,nonmetro_adjacent,Q4_highest,exact,10.0,10.0,10.0,10.0,3.332144868328248,3.3321448683302957,3.3321448683302957,3.3321448683302957,1.0,Corrected constrained Bayesian posterior summary; not an observed or recovered suppressed count.
51091,Highland County,51,Virginia,nonmetro_adjacent,Q1_lowest,zero,0.0,0.0,0.0,0.0,0.0,0.0,0.0,0.0,0.0,Corrected constrained Bayesian posterior summary; not an observed or recovered suppressed count.
51093,Isle of Wight County,51,Virginia,metro_large,Q1_lowest,exact,12.0,12.0,12.0,12.0,5.086556231875367,5.086556231879143,5.086556231879143,5.086556231879143,1.0,Corrected constrained Bayesian posterior summary; not an observed or recovered suppressed count.
51095,James City County,51,Virginia,metro_large,Q1_lowest,exact,10.0,10.0,10.0,10.0,2.0804423852681153,2.0804423852688037,2.0804423852688037,2.0804423852688037,0.0,Corrected constrained Bayesian posterior summary; not an observed or recovered suppressed count.
51097,King and Queen County,51,Virginia,metro_large,Q1_lowest,suppressed_1_9,3.35725,3.0,3.0,5.0,8.225731366690724,7.350418973881511,7.350418973881511,12.250698289802518,1.0,Corrected constrained Bayesian posterior summary; not an observed or recovered suppressed count.
51099,King George County,51,Virginia,nonmetro_adjacent,Q1_lowest,suppressed_1_9,1.511111111111111,1.0,1.0,4.0,0.905149635876912,0.5989960825656201,0.5989960825656201,2.3959843302624804,0.005611111111111111,Corrected constrained Bayesian posterior summary; not an observed or recovered suppressed count.
51101,King William County,51,Virginia,metro_large,Q1_lowest,suppressed_1_9,6.301444444444445,6.0,5.0,9.0,5.743519008007954,5.468764241573545,4.557303534644621,8.203146362360318,1.0,Corrected constrained Bayesian posterior summary; not an observed or recovered suppressed count.
51103,Lancaster County,51,Virginia,nonmetro_nonadjacent,Q3,suppressed_1_9,2.9960555555555555,3.0,2.0,6.0,4.622115945009723,4.62820117247763,3.08546744831842,9.25640234495526,1.0,Corrected constrained Bayesian posterior summary; not an observed or recovered suppressed count.
51105,Lee County,51,Virginia,nonmetro_adjacent,Q4_highest,suppressed_1_9,7.514944444444445,8.0,5.0,9.0,5.601854957804467,5.963429270001714,3.7271432937510713,6.708857928751929,1.0,Corrected constrained Bayesian posterior summary; not an observed or recovered suppressed count.
51107,Loudoun County,51,Virginia,metro_large,Q1_lowest,exact,35.0,35.0,35.0,35.0,1.3588401871943334,1.358840187193824,1.358840187193824,1.358840187193824,0.0,Corrected constrained Bayesian posterior summary; not an observed or recovered suppressed count.
51109,Louisa County,51,Virginia,nonmetro_adjacent,Q2,suppressed_1_9,4.0184444444444445,4.0,2.0,8.0,1.6896076004780218,1.6818523922247963,0.8409261961123982,3.3637047844495926,0.07552777777777778,Corrected constrained Bayesian posterior summary; not an observed or recovered suppressed count.
51111,Lunenburg County,51,Virginia,nonmetro_nonadjacent,Q4_highest,zero,0.0,0.0,0.0,0.0,0.0,0.0,0.0,0.0,0.0,Corrected constrained Bayesian posterior summary; not an observed or recovered suppressed count.
51113,Madison County,51,Virginia,nonmetro_adjacent,Q1_lowest,suppressed_1_9,4.026833333333333,4.0,3.0,7.0,4.857751774333785,4.825381506725376,3.6190361300440315,8.444417636769407,1.0,Corrected constrained Bayesian posterior summary; not an observed or recovered suppressed count.
51115,Mathews County,51,Virginia,metro_large,Q1_lowest,suppressed_1_9,3.558388888888889,3.0,3.0,5.0,6.875848061693001,5.79687741536559,5.79687741536559,9.66146235894265,1.0,Corrected constrained Bayesian posterior summary; not an observed or recovered suppressed count.
51117,Mecklenburg County,51,Virginia,nonmetro_nonadjacent,Q3,suppressed_1_9,7.075611111111111,7.0,4.0,9.0,3.85604494485404,3.8148386323258525,2.1799077899004873,4.904792527276096,0.8484444444444444,Corrected constrained Bayesian posterior summary; not an observed or recovered suppressed count.
51119,Middlesex County,51,Virginia,nonmetro_adjacent,Q2,suppressed_1_9,5.320444444444444,5.0,4.0,8.0,8.217156428687952,7.722246246988324,6.177796997590659,12.355593995181318,1.0,Corrected constrained Bayesian posterior summary; not an observed or recovered suppressed count.
51121,Montgomery County,51,Virginia,metro_other,Q2,suppressed_1_9,8.403027777777778,9.0,6.0,9.0,1.4194831189294326,1.5203267689001956,1.013551179266797,1.5203267689001956,0.0,Corrected constrained Bayesian posterior summary; not an observed or recovered suppressed count.
51125,Nelson County,51,Virginia,metro_other,Q2,suppressed_1_9,4.1979444444444445,4.0,3.0,7.0,4.738193237369439,4.514774599878101,3.3860809499085756,7.900855549786677,1.0,Corrected constrained Bayesian posterior summary; not an observed or recovered suppressed count.
51127,New Kent County,51,Virginia,metro_large,Q1_lowest,suppressed_1_9,4.292194444444444,4.0,3.0,7.0,2.881170166904189,2.6850322875132573,2.013774215634943,4.6988065031482,0.3635555555555556,Corrected constrained Bayesian posterior summary; not an observed or recovered suppressed count.
51131,Northampton County,51,Virginia,nonmetro_adjacent,Q4_highest,suppressed_1_9,5.803555555555556,6.0,4.0,9.0,8.129026032743855,8.404185284271566,5.602790189514378,12.606277926407351,1.0,Corrected constrained Bayesian posterior summary; not an observed or recovered suppressed count.
51133,Northumberland County,51,Virginia,nonmetro_nonadjacent,Q1_lowest,suppressed_1_9,4.1058055555555555,4.0,3.0,7.0,5.60267122737338,5.458291827572562,4.093718870679421,9.552010698251982,1.0,Corrected constrained Bayesian posterior summary; not an observed or recovered suppressed count.
51135,Nottoway County,51,Virginia,nonmetro_adjacent,Q4_highest,suppressed_1_9,6.7505,7.0,5.0,9.0,7.278716452991407,7.547739452034116,5.391242465738654,9.704236438329577,1.0,Corrected constrained Bayesian posterior summary; not an observed or recovered suppressed count.
51137,Orange County,51,Virginia,nonmetro_adjacent,Q2,exact,11.0,11.0,11.0,11.0,4.835483658264234,4.835483658263182,4.835483658263182,4.835483658263182,1.0,Corrected constrained Bayesian posterior summary; not an observed or recovered suppressed count.
51139,Page County,51,Virginia,nonmetro_adjacent,Q2,suppressed_1_9,7.338111111111111,7.0,5.0,9.0,5.138049637031119,4.901308649409392,3.5009347495781373,6.301682549240646,1.0,Corrected constrained Bayesian posterior summary; not an observed or recovered suppressed count.
51141,Patrick County,51,Virginia,nonmetro_adjacent,Q2,suppressed_1_9,5.964916666666666,6.0,4.0,9.0,5.672067805850143,5.705428715422725,3.80361914361515,8.558143073134087,1.0,Corrected constrained Bayesian posterior summary; not an observed or recovered suppressed count.
51143,Pittsylvania County,51,Virginia,nonmetro_adjacent,Q3,exact,22.0,22.0,22.0,22.0,6.126273638365194,6.126273638366067,6.126273638366067,6.126273638366067,1.0,Corrected constrained Bayesian posterior summary; not an observed or recovered suppressed count.
51145,Powhatan County,51,Virginia,metro_large,Q1_lowest,suppressed_1_9,5.952277777777778,6.0,4.0,9.0,3.1843644823920942,3.209895036432309,2.139930024288206,4.814842554648463,0.5824444444444444,Corrected constrained Bayesian posterior summary; not an observed or recovered suppressed count.
51147,Prince Edward County,51,Virginia,nonmetro_adjacent,Q3,suppressed_1_9,6.025888888888889,6.0,4.0,9.0,4.49720049621665,4.477879276374709,2.985252850916473,6.716818914562064,1.0,Corrected constrained Bayesian posterior summary; not an observed or recovered suppressed count.
51149,Prince George County,51,Virginia,metro_large,Q2,suppressed_1_9,1.741,1.0,1.0,4.0,0.6977592349894405,0.4007807208442045,0.4007807208442045,1.603122883376818,2.777777777777778e-05,Corrected constrained Bayesian posterior summary; not an observed or recovered suppressed count.
51153,Prince William County,51,Virginia,metro_large,Q2,exact,52.0,52.0,52.0,52.0,1.7906792390713306,1.7906792390715192,1.7906792390715192,1.7906792390715192,0.0,Corrected constrained Bayesian posterior summary; not an observed or recovered suppressed count.
51155,Pulaski County,51,Virginia,metro_other,Q1_lowest,suppressed_1_9,6.465083333333333,6.0,4.0,9.0,3.1900974204863513,2.9606090959780125,1.973739397318675,4.440913643967019,0.7207222222222223,Corrected constrained Bayesian posterior summary; not an observed or recovered suppressed count.
51157,Rappahannock County,51,Virginia,metro_large,Q1_lowest,suppressed_1_9,2.287861111111111,2.0,2.0,4.0,5.149129256194302,4.501260352898812,4.501260352898812,9.002520705797624,1.0,Corrected constrained Bayesian posterior summary; not an observed or recovered suppressed count.
51159,Richmond County,51,Virginia,nonmetro_nonadjacent,Q3,suppressed_1_9,1.2333611111111111,1.0,1.0,3.0,2.2593169282127206,1.8318373328448434,1.8318373328448434,5.49551199853453,0.2001388888888889,Corrected constrained Bayesian posterior summary; not an observed or recovered suppressed count.
51161,Roanoke County,51,Virginia,metro_other,Q1_lowest,exact,21.0,21.0,21.0,21.0,3.642304850509391,3.6423048505094027,3.6423048505094027,3.6423048505094027,1.0,Corrected constrained Bayesian posterior summary; not an observed or recovered suppressed count.
51163,Rockbridge County,51,Virginia,nonmetro_adjacent,Q1_lowest,suppressed_1_9,4.883,5.0,3.0,8.0,3.609283760810319,3.695764653706852,2.2174587922241114,5.913223445930963,0.8254722222222223,Corrected constrained Bayesian posterior summary; not an observed or recovered suppressed count.
51165,Rockingham County,51,Virginia,metro_other,Q2,suppressed_1_9,8.645138888888889,9.0,7.0,9.0,1.7007042492109783,1.770513862139922,1.3770663372199392,1.770513862139922,0.0,Corrected constrained Bayesian posterior summary; not an observed or recovered suppressed count.
51167,Russell County,51,Virginia,nonmetro_adjacent,Q2,suppressed_1_9,5.28025,5.0,3.0,9.0,3.4038020215571296,3.2231447578773653,1.9338868547264194,5.801660564179259,0.6500833333333333,Corrected constrained Bayesian posterior summary; not an observed or recovered suppressed count.
51169,Scott County,51,Virginia,metro_other,Q2,suppressed_1_9,6.037388888888889,6.0,4.0,9.0,4.683377592981449,4.654373947917556,3.10291596527837,6.9815609218763335,1.0,Corrected constrained Bayesian posterior summary; not an observed or recovered suppressed count.
51171,Shenandoah County,51,Virginia,nonmetro_adjacent,Q2,suppressed_1_9,7.432055555555555,8.0,5.0,9.0,2.774086654307942,2.9860774140569593,1.8662983837855998,3.359337090814079,0.5284722222222222,Corrected constrained Bayesian posterior summary; not an observed or recovered suppressed count.
51173,Smyth County,51,Virginia,nonmetro_nonadjacent,Q3,suppressed_1_9,7.748444444444444,8.0,5.0,9.0,4.365984935423979,4.507727936080418,2.8173299600502615,5.07119392809047,0.9647777777777777,Corrected constrained Bayesian posterior summary; not an observed or recovered suppressed count.
51175,Southampton County,51,Virginia,nonmetro_adjacent,Q2,suppressed_1_9,4.338,4.0,3.0,7.0,4.049626123728809,3.734095088731435,2.800571316548576,6.53466640528001,0.7169444444444445,Corrected constrained Bayesian posterior summary; not an observed or recovered suppressed count.
51177,Spotsylvania County,51,Virginia,metro_large,Q2,exact,20.0,20.0,20.0,20.0,2.3077713044779227,2.3077713044792687,2.3077713044792687,2.3077713044792687,0.0,Corrected constrained Bayesian posterior summary; not an observed or recovered suppressed count.
51179,Stafford County,51,Virginia,metro_large,Q1_lowest,exact,15.0,15.0,15.0,15.0,1.5492122771975103,1.5492122771974544,1.5492122771974544,1.5492122771974544,0.0,Corrected constrained Bayesian posterior summary; not an observed or recovered suppressed count.
51181,Surry County,51,Virginia,metro_large,Q2,zero,0.0,0.0,0.0,0.0,0.0,0.0,0.0,0.0,0.0,Corrected constrained Bayesian posterior summary; not an observed or recovered suppressed count.
51183,Sussex County,51,Virginia,metro_large,Q3,suppressed_1_9,2.3405833333333335,2.0,2.0,4.0,3.598848860393217,3.075172594061842,3.075172594061842,6.150345188123684,1.0,Corrected constrained Bayesian posterior summary; not an observed or recovered suppressed count.
51185,Tazewell County,51,Virginia,nonmetro_nonadjacent,Q3,exact,20.0,20.0,20.0,20.0,8.372930316288581,8.372930316287443,8.372930316287443,8.372930316287443,1.0,Corrected constrained Bayesian posterior summary; not an observed or recovered suppressed count.
51187,Warren County,51,Virginia,metro_large,Q2,suppressed_1_9,6.555305555555556,7.0,4.0,9.0,2.650664578402268,2.8304785934947514,1.6174163391398582,3.6391867630646804,0.2793333333333333,Corrected constrained Bayesian posterior summary; not an observed or recovered suppressed count.
51191,Washington County,51,Virginia,metro_other,Q2,exact,14.0,14.0,14.0,14.0,4.332004851845992,4.332004851845435,4.332004851845435,4.332004851845435,1.0,Corrected constrained Bayesian posterior summary; not an observed or recovered suppressed count.
51193,Westmoreland County,51,Virginia,nonmetro_adjacent,Q4_highest,suppressed_1_9,1.5136666666666667,1.0,1.0,3.0,1.3532400578135,0.8940145724375308,0.8940145724375308,2.682043717312592,0.023666666666666666,Corrected constrained Bayesian posterior summary; not an observed or recovered suppressed count.
51195,Wise County,51,Virginia,nonmetro_nonadjacent,Q4_highest,exact,13.0,13.0,13.0,13.0,6.023984726876425,6.0239847268818005,6.0239847268818005,6.0239847268818005,1.0,Corrected constrained Bayesian posterior summary; not an observed or recovered suppressed count.
51197,Wythe County,51,Virginia,nonmetro_adjacent,Q2,exact,10.0,10.0,10.0,10.0,5.889385560408813,5.889385560404483,5.889385560404483,5.889385560404483,1.0,Corrected constrained Bayesian posterior summary; not an observed or recovered suppressed count.
51199,York County,51,Virginia,metro_large,Q1_lowest,suppressed_1_9,8.092611111111111,8.0,6.0,9.0,1.9172396655529476,1.8952989478721716,1.4214742109041287,2.132211316356193,0.0,Corrected constrained Bayesian posterior summary; not an observed or recovered suppressed count.
51510,Alexandria City,51,Virginia,metro_large,Q2,exact,10.0,10.0,10.0,10.0,1.0607637286691793,1.0607637286693674,1.0607637286693674,1.0607637286693674,0.0,Corrected constrained Bayesian posterior summary; not an observed or recovered suppressed count.
51520,Bristol City,51,Virginia,metro_other,Q4_highest,suppressed_1_9,6.147111111111111,6.0,4.0,9.0,6.071640618226641,5.926335647896645,3.9508904319310965,8.889503471844966,1.0,Corrected constrained Bayesian posterior summary; not an observed or recovered suppressed count.
51530,Buena Vista City,51,Virginia,nonmetro_adjacent,Q2,suppressed_1_9,2.3543055555555554,2.0,2.0,4.0,6.002971915541601,5.099569086412198,5.099569086412198,10.199138172824396,1.0,Corrected constrained Bayesian posterior summary; not an observed or recovered suppressed count.
51540,Charlottesville City,51,Virginia,metro_other,Q3,suppressed_1_9,7.324111111111111,7.0,5.0,9.0,2.66320660304921,2.5453527313452917,1.8181090938180655,3.2725963688725175,0.2393888888888889,Corrected constrained Bayesian posterior summary; not an observed or recovered suppressed count.
51550,Chesapeake City,51,Virginia,metro_large,Q2,exact,42.0,42.0,42.0,42.0,2.791651102103283,2.791651102103974,2.791651102103974,2.791651102103974,0.0,Corrected constrained Bayesian posterior summary; not an observed or recovered suppressed count.
51570,Colonial Heights City,51,Virginia,metro_large,Q3,suppressed_1_9,1.44825,1.0,1.0,3.0,1.3383822048076293,0.9241375486327384,0.9241375486327384,2.7724126458982155,0.018055555555555554,Corrected constrained Bayesian posterior summary; not an observed or recovered suppressed count.
51580,Covington City,51,Virginia,nonmetro_adjacent,Q2,zero,0.0,0.0,0.0,0.0,0.0,0.0,0.0,0.0,0.0,Corrected constrained Bayesian posterior summary; not an observed or recovered suppressed count.
51590,Danville City,51,Virginia,nonmetro_adjacent,Q4_highest,exact,33.0,33.0,33.0,33.0,13.296425679015234,13.296425679024283,13.296425679024283,13.296425679024283,1.0,Corrected constrained Bayesian posterior summary; not an observed or recovered suppressed count.
51595,Emporia City,51,Virginia,nonmetro_adjacent,Q4_highest,suppressed_1_9,4.693277777777777,4.0,4.0,7.0,14.389495271583884,12.26391954868776,12.26391954868776,21.46185921020358,1.0,Corrected constrained Bayesian posterior summary; not an observed or recovered suppressed count.
51600,Fairfax City,51,Virginia,metro_large,Q2,suppressed_1_9,1.3524444444444443,1.0,1.0,3.0,0.9135483909704858,0.6754794215194234,0.6754794215194234,2.02643826455827,0.0013333333333333333,Corrected constrained Bayesian posterior summary; not an observed or recovered suppressed count.
51610,Falls Church City,51,Virginia,metro_large,Q1_lowest,zero,0.0,0.0,0.0,0.0,0.0,0.0,0.0,0.0,0.0,Corrected constrained Bayesian posterior summary; not an observed or recovered suppressed count.
51620,Franklin City,51,Virginia,nonmetro_adjacent,Q4_highest,suppressed_1_9,1.2499444444444445,1.0,1.0,3.0,2.552157065592159,2.0418163998693237,2.0418163998693237,6.125449199607971,0.21163888888888888,Corrected constrained Bayesian posterior summary; not an observed or recovered suppressed count.
51630,Fredericksburg City,51,Virginia,metro_large,Q4_highest,suppressed_1_9,1.5845833333333332,1.0,1.0,4.0,0.9076961559320159,0.5728295488394473,0.5728295488394473,2.291318195357789,0.0013611111111111111,Corrected constrained Bayesian posterior summary; not an observed or recovered suppressed count.
51640,Galax City,51,Virginia,nonmetro_adjacent,Q4_highest,suppressed_1_9,4.948305555555556,5.0,4.0,7.0,12.530845439375351,12.66175390615108,10.129403124920863,17.726455468611512,1.0,Corrected constrained Bayesian posterior summary; not an observed or recovered suppressed count.
51650,Hampton City,51,Virginia,metro_large,Q3,exact,21.0,21.0,21.0,21.0,2.559567847438865,2.5595678474400057,2.5595678474400057,2.5595678474400057,0.0,Corrected constrained Bayesian posterior summary; not an observed or recovered suppressed count.
51660,Harrisonburg City,51,Virginia,metro_other,Q4_highest,exact,13.0,13.0,13.0,13.0,4.179338635733645,4.179338635735275,4.179338635735275,4.179338635735275,1.0,Corrected constrained Bayesian posterior summary; not an observed or recovered suppressed count.
51670,Hopewell City,51,Virginia,metro_large,Q4_highest,suppressed_1_9,4.772777777777778,5.0,3.0,8.0,3.490709860291971,3.656895442045521,2.1941372652273126,5.851032707272834,0.5156388888888889,Corrected constrained Bayesian posterior summary; not an observed or recovered suppressed count.
51678,Lexington City,51,Virginia,nonmetro_adjacent,Q1_lowest,suppressed_1_9,1.1146666666666667,1.0,1.0,2.0,2.478799739073089,2.223803593666607,2.223803593666607,4.447607187333214,0.10611111111111111,Corrected constrained Bayesian posterior summary; not an observed or recovered suppressed count.
51680,Lynchburg City,51,Virginia,metro_other,Q3,exact,17.0,17.0,17.0,17.0,3.527988361790609,3.5279883617889807,3.5279883617889807,3.5279883617889807,1.0,Corrected constrained Bayesian posterior summary; not an observed or recovered suppressed count.
51683,Manassas City,51,Virginia,metro_large,Q2,suppressed_1_9,7.365166666666667,7.0,5.0,9.0,2.9040623094232303,2.7600782285029335,1.9714844489306669,3.5486720080752003,0.4776944444444444,Corrected constrained Bayesian posterior summary; not an observed or recovered suppressed count.
51685,Manassas Park City,51,Virginia,metro_large,Q3,zero,0.0,0.0,0.0,0.0,0.0,0.0,0.0,0.0,0.0,Corrected constrained Bayesian posterior summary; not an observed or recovered suppressed count.
51690,Martinsville City,51,Virginia,nonmetro_adjacent,Q4_highest,suppressed_1_9,4.222916666666666,4.0,3.0,7.0,5.295326110584094,5.015799769273211,3.761849826954908,8.777649596228118,1.0,Corrected constrained Bayesian posterior summary; not an observed or recovered suppressed count.
51700,Newport News City,51,Virginia,metro_large,Q4_highest,exact,31.0,31.0,31.0,31.0,2.835312259340131,2.835312259341439,2.835312259341439,2.835312259341439,0.0,Corrected constrained Bayesian posterior summary; not an observed or recovered suppressed count.
51710,Norfolk City,51,Virginia,metro_large,Q4_highest,exact,48.0,48.0,48.0,48.0,3.3906350659495406,3.390635065947852,3.390635065947852,3.390635065947852,1.0,Corrected constrained Bayesian posterior summary; not an observed or recovered suppressed count.
51720,Norton City,51,Virginia,nonmetro_nonadjacent,Q4_highest,suppressed_1_9,1.1298055555555555,1.0,1.0,2.0,5.086693780358167,4.502273648192337,4.502273648192337,9.004547296384674,1.0,Corrected constrained Bayesian posterior summary; not an observed or recovered suppressed count.
51730,Petersburg City,51,Virginia,metro_large,Q4_highest,exact,20.0,20.0,20.0,20.0,10.205018828268575,10.205018828259739,10.205018828259739,10.205018828259739,1.0,Corrected constrained Bayesian posterior summary; not an observed or recovered suppressed count.
51735,Poquoson City,51,Virginia,metro_large,Q1_lowest,suppressed_1_9,1.2133611111111111,1.0,1.0,3.0,1.6140916434227086,1.3302648557327763,1.3302648557327763,3.990794567198329,0.025444444444444443,Corrected constrained Bayesian posterior summary; not an observed or recovered suppressed count.
51740,Portsmouth City,51,Virginia,metro_large,Q4_highest,exact,26.0,26.0,26.0,26.0,4.501104501800732,4.50110450179698,4.50110450179698,4.50110450179698,1.0,Corrected constrained Bayesian posterior summary; not an observed or recovered suppressed count.
51750,Radford City,51,Virginia,metro_other,Q2,zero,0.0,0.0,0.0,0.0,0.0,0.0,0.0,0.0,0.0,Corrected constrained Bayesian posterior summary; not an observed or recovered suppressed count.
51760,Richmond City,51,Virginia,metro_large,Q4_highest,exact,52.0,52.0,52.0,52.0,3.7638529694240463,3.7638529694266567,3.7638529694266567,3.7638529694266567,1.0,Corrected constrained Bayesian posterior summary; not an observed or recovered suppressed count.
51770,Roanoke City,51,Virginia,metro_other,Q4_highest,exact,39.0,39.0,39.0,39.0,6.610214306536466,6.610214306537671,6.610214306537671,6.610214306537671,1.0,Corrected constrained Bayesian posterior summary; not an observed or recovered suppressed count.
51775,Salem City,51,Virginia,metro_other,Q2,suppressed_1_9,6.249055555555556,6.0,4.0,9.0,4.083149110102097,3.9204155640497893,2.613610376033193,5.880623346074684,0.8915277777777778,Corrected constrained Bayesian posterior summary; not an observed or recovered suppressed count.
51790,Staunton City,51,Virginia,metro_other,Q3,suppressed_1_9,3.514527777777778,3.0,2.0,7.0,2.2827093378138996,1.9485200989848208,1.299013399323214,4.546546897631249,0.2078611111111111,Corrected constrained Bayesian posterior summary; not an observed or recovered suppressed count.
51800,Suffolk City,51,Virginia,metro_large,Q2,exact,19.0,19.0,19.0,19.0,3.250552593938176,3.25055259394097,3.25055259394097,3.25055259394097,1.0,Corrected constrained Bayesian posterior summary; not an observed or recovered suppressed count.
51810,Virginia Beach City,51,Virginia,metro_large,Q2,exact,42.0,42.0,42.0,42.0,1.5424436420486447,1.5424436420473073,1.5424436420473073,1.5424436420473073,0.0,Corrected constrained Bayesian posterior summary; not an observed or recovered suppressed count.
51820,Waynesboro City,51,Virginia,metro_other,Q4_highest,suppressed_1_9,7.379138888888889,7.0,5.0,9.0,5.3702005610172465,5.094280578419172,3.6387718417279795,6.549789315110364,1.0,Corrected constrained Bayesian posterior summary; not an observed or recovered suppressed count.
51830,Williamsburg City,51,Virginia,metro_large,Q2,suppressed_1_9,2.5237777777777777,2.0,2.0,4.0,2.6966606949291982,2.1370032803000356,2.1370032803000356,4.274006560600071,0.3943888888888889,Corrected constrained Bayesian posterior summary; not an observed or recovered suppressed count.
51840,Winchester City,51,Virginia,metro_other,Q4_highest,suppressed_1_9,6.753527777777777,7.0,4.0,9.0,4.037573327539699,4.184925896919297,2.3913862268110266,5.38061901032481,0.9412777777777778,Corrected constrained Bayesian posterior summary; not an observed or recovered suppressed count.
53001,Adams County,53,Washington,nonmetro_adjacent,Q4_highest,suppressed_1_9,3.8799166666666665,4.0,3.0,6.0,3.142879901065836,3.240151963127071,2.430113972345303,4.860227944690606,0.5795,Corrected constrained Bayesian posterior summary; not an observed or recovered suppressed count.
53003,Asotin County,53,Washington,metro_other,Q2,suppressed_1_9,4.052083333333333,4.0,3.0,6.0,2.9931402457796925,2.954668006116163,2.216001004587122,4.432002009174244,0.6462222222222223,Corrected constrained Bayesian posterior summary; not an observed or recovered suppressed count.
53005,Benton County,53,Washington,metro_other,Q3,exact,37.0,37.0,37.0,37.0,2.9201896386946373,2.9201896386936177,2.9201896386936177,2.9201896386936177,0.0,Corrected constrained Bayesian posterior summary; not an observed or recovered suppressed count.
53007,Chelan County,53,Washington,metro_other,Q4_highest,exact,14.0,14.0,14.0,14.0,2.9438296279651026,2.943829627963017,2.943829627963017,2.943829627963017,1.0,Corrected constrained Bayesian posterior summary; not an observed or recovered suppressed count.
53009,Clallam County,53,Washington,nonmetro_nonadjacent,Q3,exact,21.0,21.0,21.0,21.0,4.496922819959592,4.496922819956059,4.496922819956059,4.496922819956059,1.0,Corrected constrained Bayesian posterior summary; not an observed or recovered suppressed count.
53011,Clark County,53,Washington,metro_large,Q2,exact,113.0,113.0,113.0,113.0,3.6907503916125384,3.690750391611479,3.690750391611479,3.690750391611479,1.0,Corrected constrained Bayesian posterior summary; not an observed or recovered suppressed count.
53013,Columbia County,53,Washington,nonmetro_adjacent,Q2,suppressed_1_9,1.0599166666666666,1.0,1.0,2.0,4.383624908663708,4.135820339964432,4.135820339964432,8.271640679928865,1.0,Corrected constrained Bayesian posterior summary; not an observed or recovered suppressed count.
53015,Cowlitz County,53,Washington,metro_other,Q3,exact,34.0,34.0,34.0,34.0,5.057341325913689,5.0573413259159,5.0573413259159,5.0573413259159,1.0,Corrected constrained Bayesian posterior summary; not an observed or recovered suppressed count.
53017,Douglas County,53,Washington,metro_other,Q4_highest,exact,15.0,15.0,15.0,15.0,5.650355972429339,5.650355972426263,5.650355972426263,5.650355972426263,1.0,Corrected constrained Bayesian posterior summary; not an observed or recovered suppressed count.
53019,Ferry County,53,Washington,nonmetro_adjacent,Q3,suppressed_1_9,2.2530277777777776,2.0,2.0,4.0,4.990426335698732,4.4299731986621484,4.4299731986621484,8.859946397324297,1.0,Corrected constrained Bayesian posterior summary; not an observed or recovered suppressed count.
53021,Franklin County,53,Washington,metro_other,Q4_highest,exact,16.0,16.0,16.0,16.0,2.7140954852703523,2.714095485271791,2.714095485271791,2.714095485271791,0.0,Corrected constrained Bayesian posterior summary; not an observed or recovered suppressed count.
53023,Garfield County,53,Washington,nonmetro_adjacent,Q1_lowest,suppressed_1_9,1.042888888888889,1.0,1.0,2.0,7.45399820519505,7.1474519333857485,7.1474519333857485,14.294903866771497,1.0,Corrected constrained Bayesian posterior summary; not an observed or recovered suppressed count.
53025,Grant County,53,Washington,nonmetro_nonadjacent,Q4_highest,exact,26.0,26.0,26.0,26.0,4.28962916156098,4.289629161558984,4.289629161558984,4.289629161558984,1.0,Corrected constrained Bayesian posterior summary; not an observed or recovered suppressed count.
53027,Grays Harbor County,53,Washington,nonmetro_adjacent,Q4_highest,exact,15.0,15.0,15.0,15.0,3.2603521615061104,3.260352161504805,3.260352161504805,3.260352161504805,1.0,Corrected constrained Bayesian posterior summary; not an observed or recovered suppressed count.
53029,Island County,53,Washington,nonmetro_adjacent,Q2,exact,17.0,17.0,17.0,17.0,3.2821257363072234,3.282125736306296,3.282125736306296,3.282125736306296,1.0,Corrected constrained Bayesian posterior summary; not an observed or recovered suppressed count.
53031,Jefferson County,53,Washington,nonmetro_adjacent,Q2,suppressed_1_9,6.658916666666666,7.0,4.0,9.0,3.333241562507681,3.503977013910789,2.0022725793775935,4.505113303599585,0.7819444444444444,Corrected constrained Bayesian posterior summary; not an observed or recovered suppressed count.
53033,King County,53,Washington,metro_large,Q2,exact,323.0,323.0,323.0,323.0,2.3649520837263047,2.364952083727797,2.364952083727797,2.364952083727797,0.0,Corrected constrained Bayesian posterior summary; not an observed or recovered suppressed count.
53035,Kitsap County,53,Washington,metro_other,Q2,exact,48.0,48.0,48.0,48.0,2.899732680892872,2.89973268089348,2.89973268089348,2.89973268089348,0.0,Corrected constrained Bayesian posterior summary; not an observed or recovered suppressed count.
53037,Kittitas County,53,Washington,nonmetro_adjacent,Q2,suppressed_1_9,6.461222222222222,6.0,4.0,9.0,2.2952261301579124,2.131385720426135,1.4209238136174234,3.1970785806392024,0.07980555555555556,Corrected constrained Bayesian posterior summary; not an observed or recovered suppressed count.
53039,Klickitat County,53,Washington,nonmetro_nonadjacent,Q3,suppressed_1_9,2.7185277777777777,2.0,2.0,5.0,1.9526286974776712,1.4365339309314484,1.4365339309314484,3.5913348273286214,0.04163888888888889,Corrected constrained Bayesian posterior summary; not an observed or recovered suppressed count.
53041,Lewis County,53,Washington,nonmetro_adjacent,Q3,exact,24.0,24.0,24.0,24.0,4.745080438996199,4.745080438999025,4.745080438999025,4.745080438999025,1.0,Corrected constrained Bayesian posterior summary; not an observed or recovered suppressed count.
53043,Lincoln County,53,Washington,nonmetro_adjacent,Q1_lowest,suppressed_1_9,2.312972222222222,2.0,2.0,4.0,3.3784759753190223,2.9213286202564928,2.9213286202564928,5.8426572405129855,0.2649166666666667,Corrected constrained Bayesian posterior summary; not an observed or recovered suppressed count.
53045,Mason County,53,Washington,nonmetro_adjacent,Q3,exact,21.0,21.0,21.0,21.0,5.137061698558071,5.137061698557219,5.137061698557219,5.137061698557219,1.0,Corrected constrained Bayesian posterior summary; not an observed or recovered suppressed count.
53047,Okanogan County,53,Washington,nonmetro_adjacent,Q4_highest,exact,17.0,17.0,17.0,17.0,6.556668903649426,6.5566689036478225,6.5566689036478225,6.5566689036478225,1.0,Corrected constrained Bayesian posterior summary; not an observed or recovered suppressed count.
53049,Pacific County,53,Washington,nonmetro_nonadjacent,Q3,suppressed_1_9,7.127222222222223,7.0,5.0,9.0,5.0205494623302265,4.930931734772226,3.522094096265876,6.3397693732785765,1.0,Corrected constrained Bayesian posterior summary; not an observed or recovered suppressed count.
53051,Pend Oreille County,53,Washington,nonmetro_adjacent,Q2,suppressed_1_9,4.850694444444445,5.0,4.0,7.0,5.731919793496631,5.908349679767447,4.726679743813958,8.271689551674427,1.0,Corrected constrained Bayesian posterior summary; not an observed or recovered suppressed count.
53053,Pierce County,53,Washington,metro_large,Q3,exact,180.0,180.0,180.0,180.0,3.2480280860610455,3.2480280860597524,3.2480280860597524,3.2480280860597524,1.0,Corrected constrained Bayesian posterior summary; not an observed or recovered suppressed count.
53055,San Juan County,53,Washington,nonmetro_nonadjacent,Q1_lowest,suppressed_1_9,2.6691944444444444,2.0,2.0,5.0,2.437019588270275,1.8260337633642847,1.8260337633642847,4.565084408410711,0.15144444444444444,Corrected constrained Bayesian posterior summary; not an observed or recovered suppressed count.
53057,Skagit County,53,Washington,metro_other,Q3,exact,14.0,14.0,14.0,14.0,1.781120630212482,1.781120630211368,1.781120630211368,1.781120630211368,0.0,Corrected constrained Bayesian posterior summary; not an observed or recovered suppressed count.
53059,Skamania County,53,Washington,metro_large,Q1_lowest,suppressed_1_9,2.2935,2.0,2.0,4.0,3.0943065299532457,2.698327037236913,2.698327037236913,5.396654074473826,0.2514166666666667,Corrected constrained Bayesian posterior summary; not an observed or recovered suppressed count.
53061,Snohomish County,53,Washington,metro_large,Q2,exact,124.0,124.0,124.0,124.0,2.462775838342805,2.4627758383418055,2.4627758383418055,2.4627758383418055,0.0,Corrected constrained Bayesian posterior summary; not an observed or recovered suppressed count.
53063,Spokane County,53,Washington,metro_other,Q3,exact,142.0,142.0,142.0,142.0,4.363652007973728,4.363652007971347,4.363652007971347,4.363652007971347,1.0,Corrected constrained Bayesian posterior summary; not an observed or recovered suppressed count.
53065,Stevens County,53,Washington,metro_other,Q2,exact,11.0,11.0,11.0,11.0,3.85167547883147,3.8516754788332923,3.8516754788332923,3.8516754788332923,1.0,Corrected constrained Bayesian posterior summary; not an observed or recovered suppressed count.
53067,Thurston County,53,Washington,metro_other,Q2,exact,62.0,62.0,62.0,62.0,3.4767784843462533,3.4767784843488894,3.4767784843488894,3.4767784843488894,1.0,Corrected constrained Bayesian posterior summary; not an observed or recovered suppressed count.
53069,Wahkiakum County,53,Washington,nonmetro_adjacent,Q1_lowest,suppressed_1_9,1.0725555555555555,1.0,1.0,2.0,3.8552013067660647,3.594407102548435,3.594407102548435,7.18881420509687,1.0,Corrected constrained Bayesian posterior summary; not an observed or recovered suppressed count.
53071,Walla Walla County,53,Washington,metro_other,Q4_highest,exact,12.0,12.0,12.0,12.0,3.2409658078104386,3.2409658078107273,3.2409658078107273,3.2409658078107273,1.0,Corrected constrained Bayesian posterior summary; not an observed or recovered suppressed count.
53073,Whatcom County,53,Washington,metro_other,Q3,exact,38.0,38.0,38.0,38.0,2.740429410866466,2.74042941086537,2.74042941086537,2.74042941086537,0.0,Corrected constrained Bayesian posterior summary; not an observed or recovered suppressed count.
53075,Whitman County,53,Washington,nonmetro_adjacent,Q3,suppressed_1_9,7.547361111111111,8.0,5.0,9.0,2.58908400522516,2.744359483648763,1.7152246772804771,3.087404419104858,0.24655555555555556,Corrected constrained Bayesian posterior summary; not an observed or recovered suppressed count.
53077,Yakima County,53,Washington,metro_other,Q4_highest,exact,46.0,46.0,46.0,46.0,3.0046624522989247,3.0046624523009835,3.0046624523009835,3.0046624523009835,1.0,Corrected constrained Bayesian posterior summary; not an observed or recovered suppressed count.
54001,Barbour County,54,West Virginia,nonmetro_nonadjacent,Q2,suppressed_1_9,1.4650555555555556,1.0,1.0,3.0,1.550093695702704,1.0580443108957402,1.0580443108957402,3.174132932687221,0.09133333333333334,Corrected constrained Bayesian posterior summary; not an observed or recovered suppressed count.
54003,Berkeley County,54,West Virginia,metro_other,Q2,exact,28.0,28.0,28.0,28.0,3.6573482657660707,3.657348265763824,3.657348265763824,3.657348265763824,1.0,Corrected constrained Bayesian posterior summary; not an observed or recovered suppressed count.
54005,Boone County,54,West Virginia,metro_other,Q2,suppressed_1_9,5.796583333333333,6.0,4.0,9.0,4.60543390749841,4.767050149367571,3.178033432911714,7.150575224051357,1.0,Corrected constrained Bayesian posterior summary; not an observed or recovered suppressed count.
54007,Braxton County,54,West Virginia,nonmetro_adjacent,Q3,suppressed_1_9,2.65625,2.0,2.0,5.0,3.4811412245758797,2.621094569092053,2.621094569092053,6.552736422730132,0.46266666666666667,Corrected constrained Bayesian posterior summary; not an observed or recovered suppressed count.
54009,Brooke County,54,West Virginia,metro_other,Q2,suppressed_1_9,6.975694444444445,7.0,5.0,9.0,5.359981593040289,5.378657487091222,3.8418982050651582,6.915416769117286,1.0,Corrected constrained Bayesian posterior summary; not an observed or recovered suppressed count.
54011,Cabell County,54,West Virginia,metro_other,Q3,exact,18.0,18.0,18.0,18.0,3.2534843914069094,3.253484391408632,3.253484391408632,3.253484391408632,1.0,Corrected constrained Bayesian posterior summary; not an observed or recovered suppressed count.
54013,Calhoun County,54,West Virginia,nonmetro_adjacent,Q2,suppressed_1_9,2.2703333333333333,2.0,2.0,4.0,5.954191799980311,5.245213742460005,5.245213742460005,10.49042748492001,1.0,Corrected constrained Bayesian posterior summary; not an observed or recovered suppressed count.
54015,Clay County,54,West Virginia,metro_other,Q3,zero,0.0,0.0,0.0,0.0,0.0,0.0,0.0,0.0,0.0,Corrected constrained Bayesian posterior summary; not an observed or recovered suppressed count.
54017,Doddridge County,54,West Virginia,nonmetro_nonadjacent,Q2,zero,0.0,0.0,0.0,0.0,0.0,0.0,0.0,0.0,0.0,Corrected constrained Bayesian posterior summary; not an observed or recovered suppressed count.
54019,Fayette County,54,West Virginia,metro_other,Q3,exact,11.0,11.0,11.0,11.0,4.553847172888887,4.553847172888878,4.553847172888878,4.553847172888878,1.0,Corrected constrained Bayesian posterior summary; not an observed or recovered suppressed count.
54021,Gilmer County,54,West Virginia,nonmetro_nonadjacent,Q2,suppressed_1_9,2.2170277777777776,2.0,2.0,3.0,4.959128031535239,4.473672437704111,4.473672437704111,6.710508656556168,1.0,Corrected constrained Bayesian posterior summary; not an observed or recovered suppressed count.
54023,Grant County,54,West Virginia,nonmetro_nonadjacent,Q2,zero,0.0,0.0,0.0,0.0,0.0,0.0,0.0,0.0,0.0,Corrected constrained Bayesian posterior summary; not an observed or recovered suppressed count.
54025,Greenbrier County,54,West Virginia,nonmetro_adjacent,Q2,suppressed_1_9,7.570555555555556,8.0,5.0,9.0,3.823049506905221,4.039914353815699,2.524946471134812,4.544903648042662,0.9523333333333334,Corrected constrained Bayesian posterior summary; not an observed or recovered suppressed count.
54027,Hampshire County,54,West Virginia,metro_other,Q2,suppressed_1_9,5.648166666666667,5.0,4.0,9.0,4.017845498671711,3.5567695995788786,2.8454156796631027,6.402185279241982,0.8006944444444445,Corrected constrained Bayesian posterior summary; not an observed or recovered suppressed count.
54029,Hancock County,54,West Virginia,metro_other,Q2,suppressed_1_9,5.190666666666667,5.0,3.0,8.0,3.0460228784242207,2.934134547673818,1.7604807286042907,4.6946152762781095,0.6314444444444445,Corrected constrained Bayesian posterior summary; not an observed or recovered suppressed count.
54031,Hardy County,54,West Virginia,nonmetro_adjacent,Q2,suppressed_1_9,2.5332222222222223,2.0,2.0,4.0,3.0033341105476286,2.371157243292589,2.371157243292589,4.742314486585178,0.405,Corrected constrained Bayesian posterior summary; not an observed or recovered suppressed count.
54033,Harrison County,54,West Virginia,nonmetro_nonadjacent,Q2,exact,12.0,12.0,12.0,12.0,3.051028450838648,3.051028450840304,3.051028450840304,3.051028450840304,1.0,Corrected constrained Bayesian posterior summary; not an observed or recovered suppressed count.
54035,Jackson County,54,West Virginia,nonmetro_adjacent,Q2,suppressed_1_9,7.369194444444444,7.0,5.0,9.0,4.391810460709954,4.171782066104867,2.9798443329320476,5.3637197992776855,1.0,Corrected constrained Bayesian posterior summary; not an observed or recovered suppressed count.
54037,Jefferson County,54,West Virginia,metro_large,Q1_lowest,exact,10.0,10.0,10.0,10.0,2.832604409796715,2.832604409798545,2.832604409798545,2.832604409798545,0.0,Corrected constrained Bayesian posterior summary; not an observed or recovered suppressed count.
54039,Kanawha County,54,West Virginia,metro_other,Q3,exact,40.0,40.0,40.0,40.0,3.785889045057642,3.785889045056812,3.785889045056812,3.785889045056812,1.0,Corrected constrained Bayesian posterior summary; not an observed or recovered suppressed count.
54041,Lewis County,54,West Virginia,nonmetro_nonadjacent,Q3,suppressed_1_9,6.732027777777778,7.0,5.0,9.0,6.845108978093277,7.117582462276814,5.083987473054866,9.151177451498759,1.0,Corrected constrained Bayesian posterior summary; not an observed or recovered suppressed count.
54043,Lincoln County,54,West Virginia,nonmetro_adjacent,Q2,suppressed_1_9,6.958944444444445,7.0,5.0,9.0,5.8206081153295655,5.854947849143087,4.182105606530777,7.527790091755397,1.0,Corrected constrained Bayesian posterior summary; not an observed or recovered suppressed count.
54045,Logan County,54,West Virginia,nonmetro_adjacent,Q3,exact,11.0,11.0,11.0,11.0,5.841152512495659,5.841152512492101,5.841152512492101,5.841152512492101,1.0,Corrected constrained Bayesian posterior summary; not an observed or recovered suppressed count.
54047,McDowell County,54,West Virginia,nonmetro_nonadjacent,Q4_highest,suppressed_1_9,4.6056944444444445,4.0,3.0,8.0,4.372259509246484,3.797264071236674,2.8479480534275052,7.594528142473348,0.7765277777777778,Corrected constrained Bayesian posterior summary; not an observed or recovered suppressed count.
54049,Marion County,54,West Virginia,nonmetro_adjacent,Q2,exact,15.0,15.0,15.0,15.0,4.4716986194365775,4.471698619437579,4.471698619437579,4.471698619437579,1.0,Corrected constrained Bayesian posterior summary; not an observed or recovered suppressed count.
54051,Marshall County,54,West Virginia,metro_other,Q1_lowest,suppressed_1_9,3.367888888888889,3.0,2.0,6.0,1.878773228210068,1.6735468035256054,1.1156978690170702,3.3470936070512107,0.06669444444444445,Corrected constrained Bayesian posterior summary; not an observed or recovered suppressed count.
54053,Mason County,54,West Virginia,nonmetro_adjacent,Q2,suppressed_1_9,6.364722222222222,6.0,4.0,9.0,4.172411859095876,3.933317163029441,2.622211442019627,5.899975744544162,0.9064444444444445,Corrected constrained Bayesian posterior summary; not an observed or recovered suppressed count.
54055,Mercer County,54,West Virginia,nonmetro_adjacent,Q3,exact,26.0,26.0,26.0,26.0,7.4202183827308925,7.420218382734864,7.420218382734864,7.420218382734864,1.0,Corrected constrained Bayesian posterior summary; not an observed or recovered suppressed count.
54057,Mineral County,54,West Virginia,nonmetro_nonadjacent,Q1_lowest,suppressed_1_9,6.080972222222222,6.0,4.0,9.0,3.7782451504031465,3.7279352830434864,2.4852901886956573,5.59190292456523,0.8688888888888889,Corrected constrained Bayesian posterior summary; not an observed or recovered suppressed count.
54059,Mingo County,54,West Virginia,nonmetro_adjacent,Q3,suppressed_1_9,6.276555555555555,6.0,4.0,9.0,4.6257263395112185,4.421909085549201,2.947939390366134,6.632863628323801,1.0,Corrected constrained Bayesian posterior summary; not an observed or recovered suppressed count.
54061,Monongalia County,54,West Virginia,metro_other,Q2,exact,12.0,12.0,12.0,12.0,1.868861956512722,1.8688619565115823,1.8688619565115823,1.8688619565115823,0.0,Corrected constrained Bayesian posterior summary; not an observed or recovered suppressed count.
54063,Monroe County,54,West Virginia,nonmetro_adjacent,Q2,suppressed_1_9,4.034,4.0,3.0,7.0,5.309571443613432,5.264820469621986,3.948615352216489,9.213435821838475,1.0,Corrected constrained Bayesian posterior summary; not an observed or recovered suppressed count.
54065,Morgan County,54,West Virginia,metro_other,Q1_lowest,suppressed_1_9,4.10225,4.0,3.0,7.0,3.8760074454118385,3.779396619329724,2.834547464497293,6.613944083827017,0.6494722222222222,Corrected constrained Bayesian posterior summary; not an observed or recovered suppressed count.
54067,Nicholas County,54,West Virginia,nonmetro_adjacent,Q2,suppressed_1_9,6.213722222222223,6.0,4.0,9.0,4.265996294186093,4.119266495945955,2.7461776639639703,6.178899743918933,0.8888055555555555,Corrected constrained Bayesian posterior summary; not an observed or recovered suppressed count.
54069,Ohio County,54,West Virginia,metro_other,Q2,suppressed_1_9,5.190777777777778,5.0,3.0,8.025000000001455,2.092211921716229,2.0153164046755343,1.2091898428053205,3.2345828295048187,0.08236111111111111,Corrected constrained Bayesian posterior summary; not an observed or recovered suppressed count.
54071,Pendleton County,54,West Virginia,nonmetro_adjacent,Q2,suppressed_1_9,1.1230833333333334,1.0,1.0,2.0,2.9533839990866646,2.6297104688773767,2.6297104688773767,5.259420937754753,0.11297222222222222,Corrected constrained Bayesian posterior summary; not an observed or recovered suppressed count.
54073,Pleasants County,54,West Virginia,nonmetro_adjacent,Q2,suppressed_1_9,4.568388888888889,4.0,4.0,6.0,10.181161304380746,8.914443627287111,8.914443627287111,13.371665440930666,1.0,Corrected constrained Bayesian posterior summary; not an observed or recovered suppressed count.
54075,Pocahontas County,54,West Virginia,nonmetro_nonadjacent,Q3,suppressed_1_9,1.1083333333333334,1.0,1.0,2.0,2.332596723841341,2.1045985478270017,2.1045985478270017,4.2091970956540035,0.10102777777777777,Corrected constrained Bayesian posterior summary; not an observed or recovered suppressed count.
54077,Preston County,54,West Virginia,metro_other,Q2,suppressed_1_9,6.213916666666667,6.0,4.0,9.0,3.053581724784561,2.948460903408421,1.9656406022722803,4.422691355112631,0.6555555555555556,Corrected constrained Bayesian posterior summary; not an observed or recovered suppressed count.
54079,Putnam County,54,West Virginia,metro_other,Q1_lowest,suppressed_1_9,7.913861111111111,8.0,6.0,9.0,2.3195423882588746,2.344789584444666,1.7585921883334996,2.637888282500249,0.0,Corrected constrained Bayesian posterior summary; not an observed or recovered suppressed count.
54081,Raleigh County,54,West Virginia,metro_other,Q4_highest,suppressed_1_9,7.995055555555555,8.0,5.0,9.0,1.826735627965108,1.8278653502989701,1.1424158439368566,2.0563485190863413,0.0,Corrected constrained Bayesian posterior summary; not an observed or recovered suppressed count.
54083,Randolph County,54,West Virginia,nonmetro_nonadjacent,Q3,suppressed_1_9,6.402972222222222,6.0,4.0,9.0,3.8334723652451688,3.5922120842014515,2.394808056134301,5.388318126302177,0.91025,Corrected constrained Bayesian posterior summary; not an observed or recovered suppressed count.
54085,Ritchie County,54,West Virginia,nonmetro_adjacent,Q2,zero,0.0,0.0,0.0,0.0,0.0,0.0,0.0,0.0,0.0,Corrected constrained Bayesian posterior summary; not an observed or recovered suppressed count.
54087,Roane County,54,West Virginia,nonmetro_adjacent,Q3,suppressed_1_9,5.1793611111111115,5.0,4.0,8.0,6.30207593978085,6.083835249741437,4.86706819979315,9.7341363995863,1.0,Corrected constrained Bayesian posterior summary; not an observed or recovered suppressed count.
54089,Summers County,54,West Virginia,nonmetro_adjacent,Q3,suppressed_1_9,2.5585833333333334,2.0,2.0,4.0,3.5628910674156007,2.785049852392358,2.785049852392358,5.570099704784716,0.41438888888888886,Corrected constrained Bayesian posterior summary; not an observed or recovered suppressed count.
54091,Taylor County,54,West Virginia,nonmetro_adjacent,Q2,suppressed_1_9,2.8959166666666665,3.0,2.0,5.0,2.923573673617978,3.0286510388273062,2.0191006925515373,5.047751731378844,0.5698888888888889,Corrected constrained Bayesian posterior summary; not an observed or recovered suppressed count.
54093,Tucker County,54,West Virginia,nonmetro_nonadjacent,Q2,suppressed_1_9,1.1319722222222222,1.0,1.0,2.0,2.8248458330554125,2.495508085446197,2.495508085446197,4.991016170892394,0.12025,Corrected constrained Bayesian posterior summary; not an observed or recovered suppressed count.
54095,Tyler County,54,West Virginia,nonmetro_nonadjacent,Q1_lowest,zero,0.0,0.0,0.0,0.0,0.0,0.0,0.0,0.0,0.0,Corrected constrained Bayesian posterior summary; not an observed or recovered suppressed count.
54097,Upshur County,54,West Virginia,nonmetro_nonadjacent,Q3,suppressed_1_9,3.295472222222222,3.0,2.0,6.0,2.303108731845962,2.096611875209661,1.3977412501397741,4.193223750419322,0.15547222222222223,Corrected constrained Bayesian posterior summary; not an observed or recovered suppressed count.
54099,Wayne County,54,West Virginia,metro_other,Q2,exact,12.0,12.0,12.0,12.0,5.212247043139419,5.212247043135688,5.212247043135688,5.212247043135688,1.0,Corrected constrained Bayesian posterior summary; not an observed or recovered suppressed count.
54101,Webster County,54,West Virginia,nonmetro_nonadjacent,Q2,zero,0.0,0.0,0.0,0.0,0.0,0.0,0.0,0.0,0.0,Corrected constrained Bayesian posterior summary; not an observed or recovered suppressed count.
54103,Wetzel County,54,West Virginia,nonmetro_nonadjacent,Q2,suppressed_1_9,5.268833333333333,5.0,4.0,8.0,6.139400295190693,5.826147751106968,4.6609182008855745,9.321836401771149,1.0,Corrected constrained Bayesian posterior summary; not an observed or recovered suppressed count.
54105,Wirt County,54,West Virginia,metro_other,Q2,suppressed_1_9,2.2204166666666665,2.0,2.0,3.0,7.0257456861936545,6.328312871788381,6.328312871788381,9.492469307682573,1.0,Corrected constrained Bayesian posterior summary; not an observed or recovered suppressed count.
54107,Wood County,54,West Virginia,metro_other,Q2,exact,19.0,19.0,19.0,19.0,3.805868649458938,3.805868649457463,3.805868649457463,3.805868649457463,1.0,Corrected constrained Bayesian posterior summary; not an observed or recovered suppressed count.
54109,Wyoming County,54,West Virginia,nonmetro_adjacent,Q3,suppressed_1_9,4.503527777777777,4.0,3.0,8.0,3.6812776106623626,3.269683494637719,2.4522626209782894,6.539366989275438,0.7556944444444444,Corrected constrained Bayesian posterior summary; not an observed or recovered suppressed count.
55001,Adams County,55,Wisconsin,nonmetro_adjacent,Q3,suppressed_1_9,6.4270555555555555,6.0,4.0,9.0,5.116267756372501,4.776309504855915,3.1842063365706097,7.164464257283872,1.0,Corrected constrained Bayesian posterior summary; not an observed or recovered suppressed count.
55003,Ashland County,55,Wisconsin,nonmetro_nonadjacent,Q2,suppressed_1_9,1.378861111111111,1.0,1.0,3.0,1.4453773780487311,1.0482400050315521,1.0482400050315521,3.144720015094656,0.0663611111111111,Corrected constrained Bayesian posterior summary; not an observed or recovered suppressed count.
55005,Barron County,55,Wisconsin,nonmetro_adjacent,Q2,suppressed_1_9,8.123055555555556,8.0,6.0,9.0,2.926815890938893,2.882477777897881,2.1618583334234107,3.242787500135116,0.45113888888888887,Corrected constrained Bayesian posterior summary; not an observed or recovered suppressed count.
55007,Bayfield County,55,Wisconsin,nonmetro_adjacent,Q1_lowest,suppressed_1_9,1.3188055555555556,1.0,1.0,3.0,1.3622194907256744,1.032919132761096,1.032919132761096,3.098757398283288,0.050388888888888886,Corrected constrained Bayesian posterior summary; not an observed or recovered suppressed count.
55009,Brown County,55,Wisconsin,metro_other,Q2,exact,33.0,33.0,33.0,33.0,2.0444766604403255,2.044476660440306,2.044476660440306,2.044476660440306,0.0,Corrected constrained Bayesian posterior summary; not an observed or recovered suppressed count.
55011,Buffalo County,55,Wisconsin,nonmetro_adjacent,Q1_lowest,zero,0.0,0.0,0.0,0.0,0.0,0.0,0.0,0.0,0.0,Corrected constrained Bayesian posterior summary; not an observed or recovered suppressed count.
55013,Burnett County,55,Wisconsin,nonmetro_adjacent,Q1_lowest,suppressed_1_9,2.849111111111111,3.0,2.0,5.0,2.8770181875302665,3.029385034837928,2.0195900232252852,5.048975058063213,0.5471388888888888,Corrected constrained Bayesian posterior summary; not an observed or recovered suppressed count.
55015,Calumet County,55,Wisconsin,metro_other,Q1_lowest,suppressed_1_9,4.504416666666667,4.0,2.0,8.0,1.4420778428033303,1.2805900959161982,0.6402950479580991,2.5611801918323964,0.0,Corrected constrained Bayesian posterior summary; not an observed or recovered suppressed count.
55017,Chippewa County,55,Wisconsin,metro_other,Q1_lowest,exact,14.0,14.0,14.0,14.0,3.5232534729185043,3.5232534729212803,3.5232534729212803,3.5232534729212803,1.0,Corrected constrained Bayesian posterior summary; not an observed or recovered suppressed count.
55019,Clark County,55,Wisconsin,nonmetro_adjacent,Q3,exact,11.0,11.0,11.0,11.0,5.275627559875394,5.275627559878372,5.275627559878372,5.275627559878372,1.0,Corrected constrained Bayesian posterior summary; not an observed or recovered suppressed count.
55021,Columbia County,55,Wisconsin,metro_other,Q1_lowest,exact,11.0,11.0,11.0,11.0,3.1601476650828473,3.160147665081805,3.160147665081805,3.160147665081805,1.0,Corrected constrained Bayesian posterior summary; not an observed or recovered suppressed count.
55023,Crawford County,55,Wisconsin,nonmetro_adjacent,Q2,suppressed_1_9,2.752111111111111,3.0,2.0,5.0,2.861238757315987,3.118957020772254,2.079304680514836,5.198261701287089,0.5097777777777778,Corrected constrained Bayesian posterior summary; not an observed or recovered suppressed count.
55025,Dane County,55,Wisconsin,metro_other,Q1_lowest,exact,88.0,88.0,88.0,88.0,2.5919868138577673,2.591986813856172,2.591986813856172,2.591986813856172,0.0,Corrected constrained Bayesian posterior summary; not an observed or recovered suppressed count.
55027,Dodge County,55,Wisconsin,nonmetro_adjacent,Q1_lowest,exact,22.0,22.0,22.0,22.0,4.153796192101107,4.153796192101746,4.153796192101746,4.153796192101746,1.0,Corrected constrained Bayesian posterior summary; not an observed or recovered suppressed count.
55029,Door County,55,Wisconsin,nonmetro_adjacent,Q1_lowest,suppressed_1_9,3.6770555555555555,3.0,2.0,7.0,2.0712771963286727,1.6898933114022736,1.126595540934849,3.9430843932719712,0.10794444444444444,Corrected constrained Bayesian posterior summary; not an observed or recovered suppressed count.
55031,Douglas County,55,Wisconsin,metro_other,Q2,suppressed_1_9,5.522222222222222,5.0,3.0,9.0,2.093820869201701,1.8958136642665664,1.1374881985599399,3.4124645956798196,0.12511111111111112,Corrected constrained Bayesian posterior summary; not an observed or recovered suppressed count.
55033,Dunn County,55,Wisconsin,nonmetro_adjacent,Q1_lowest,suppressed_1_9,5.676138888888889,6.0,3.0,9.0,2.0719843213788405,2.1902046746268438,1.0951023373134219,3.285307011940266,0.05238888888888889,Corrected constrained Bayesian posterior summary; not an observed or recovered suppressed count.
55035,Eau Claire County,55,Wisconsin,metro_other,Q1_lowest,exact,26.0,26.0,26.0,26.0,4.0629570826713595,4.062957082671801,4.062957082671801,4.062957082671801,1.0,Corrected constrained Bayesian posterior summary; not an observed or recovered suppressed count.
55037,Florence County,55,Wisconsin,nonmetro_nonadjacent,Q1_lowest,suppressed_1_9,1.1124444444444443,1.0,1.0,2.0,4.085513402782719,3.672554996511073,3.672554996511073,7.345109993022146,1.0,Corrected constrained Bayesian posterior summary; not an observed or recovered suppressed count.
55039,Fond du Lac County,55,Wisconsin,metro_other,Q1_lowest,exact,14.0,14.0,14.0,14.0,2.2482014388503426,2.248201438848921,2.248201438848921,2.248201438848921,0.0,Corrected constrained Bayesian posterior summary; not an observed or recovered suppressed count.
55041,Forest County,55,Wisconsin,nonmetro_nonadjacent,Q2,suppressed_1_9,2.4106388888888888,2.0,2.0,4.0,4.348664878755884,3.607894072230039,3.607894072230039,7.215788144460078,1.0,Corrected constrained Bayesian posterior summary; not an observed or recovered suppressed count.
55043,Grant County,55,Wisconsin,nonmetro_adjacent,Q1_lowest,exact,12.0,12.0,12.0,12.0,3.876156790544055,3.8761567905421774,3.8761567905421774,3.8761567905421774,1.0,Corrected constrained Bayesian posterior summary; not an observed or recovered suppressed count.
55045,Green County,55,Wisconsin,metro_other,Q1_lowest,suppressed_1_9,7.405444444444444,7.0,5.0,9.0,3.3433006823666913,3.160256612836963,2.2573261520264016,4.063187073647523,0.7547777777777778,Corrected constrained Bayesian posterior summary; not an observed or recovered suppressed count.
55047,Green Lake County,55,Wisconsin,nonmetro_adjacent,Q2,suppressed_1_9,4.5777777777777775,4.0,3.0,8.0,3.981230238797451,3.4787448688513187,2.6090586516384886,6.9574897377026375,0.7733055555555556,Corrected constrained Bayesian posterior summary; not an observed or recovered suppressed count.
55049,Iowa County,55,Wisconsin,metro_other,Q1_lowest,suppressed_1_9,4.2585,4.0,3.0,7.0,2.9809321144083136,2.799983200100799,2.0999874000755994,4.899970600176399,0.35725,Corrected constrained Bayesian posterior summary; not an observed or recovered suppressed count.
55051,Iron County,55,Wisconsin,nonmetro_nonadjacent,Q1_lowest,suppressed_1_9,1.1984444444444444,1.0,1.0,2.0,3.3060536398447478,2.758620689655172,2.758620689655172,5.517241379310344,0.1755,Corrected constrained Bayesian posterior summary; not an observed or recovered suppressed count.
55053,Jackson County,55,Wisconsin,nonmetro_adjacent,Q3,suppressed_1_9,4.796111111111111,5.0,3.0,8.0,3.8334541140028677,3.996419208389283,2.39785152503357,6.394270733422854,0.8132222222222222,Corrected constrained Bayesian posterior summary; not an observed or recovered suppressed count.
55055,Jefferson County,55,Wisconsin,nonmetro_adjacent,Q1_lowest,exact,38.0,38.0,38.0,38.0,7.414315873268125,7.41431587326983,7.41431587326983,7.41431587326983,1.0,Corrected constrained Bayesian posterior summary; not an observed or recovered suppressed count.
55057,Juneau County,55,Wisconsin,nonmetro_adjacent,Q2,suppressed_1_9,1.6634722222222222,1.0,1.0,4.0,1.0367736524965572,0.6232587708090521,0.6232587708090521,2.4930350832362085,0.009833333333333333,Corrected constrained Bayesian posterior summary; not an observed or recovered suppressed count.
55059,Kenosha County,55,Wisconsin,metro_other,Q3,exact,24.0,24.0,24.0,24.0,2.371487604531113,2.371487604530727,2.371487604530727,2.371487604530727,0.0,Corrected constrained Bayesian posterior summary; not an observed or recovered suppressed count.
55061,Kewaunee County,55,Wisconsin,metro_other,Q1_lowest,suppressed_1_9,2.6086944444444446,2.0,2.0,5.0,2.1135525002179394,1.620391000348384,1.620391000348384,4.05097750087096,0.13155555555555556,Corrected constrained Bayesian posterior summary; not an observed or recovered suppressed count.
55063,La Crosse County,55,Wisconsin,metro_other,Q1_lowest,exact,20.0,20.0,20.0,20.0,2.7824499750276983,2.7824499750275113,2.7824499750275113,2.7824499750275113,0.0,Corrected constrained Bayesian posterior summary; not an observed or recovered suppressed count.
55065,Lafayette County,55,Wisconsin,nonmetro_adjacent,Q1_lowest,suppressed_1_9,1.3,1.0,1.0,3.0,1.2842930954429461,0.9879177657251811,0.9879177657251811,2.963753297175543,0.04402777777777778,Corrected constrained Bayesian posterior summary; not an observed or recovered suppressed count.
55067,Langlade County,55,Wisconsin,nonmetro_adjacent,Q1_lowest,suppressed_1_9,1.290638888888889,1.0,1.0,3.0,1.109673357712942,0.8597860852219967,0.8597860852219967,2.57935825566599,0.00575,Corrected constrained Bayesian posterior summary; not an observed or recovered suppressed count.
55069,Lincoln County,55,Wisconsin,nonmetro_adjacent,Q1_lowest,suppressed_1_9,5.051583333333333,5.0,3.0,8.0,2.990128762139333,2.959595600857099,1.7757573605142594,4.735352961371358,0.5952777777777778,Corrected constrained Bayesian posterior summary; not an observed or recovered suppressed count.
55071,Manitowoc County,55,Wisconsin,nonmetro_adjacent,Q1_lowest,exact,17.0,17.0,17.0,17.0,3.517782389983622,3.517782389981356,3.517782389981356,3.517782389981356,1.0,Corrected constrained Bayesian posterior summary; not an observed or recovered suppressed count.
55073,Marathon County,55,Wisconsin,metro_other,Q1_lowest,exact,25.0,25.0,25.0,25.0,3.0317950409519656,3.0317950409534875,3.0317950409534875,3.0317950409534875,1.0,Corrected constrained Bayesian posterior summary; not an observed or recovered suppressed count.
55075,Marinette County,55,Wisconsin,nonmetro_adjacent,Q1_lowest,suppressed_1_9,5.6883333333333335,6.0,3.0,9.0,2.2851686994150295,2.410374250775337,1.2051871253876685,3.6155613761630057,0.149,Corrected constrained Bayesian posterior summary; not an observed or recovered suppressed count.
55077,Marquette County,55,Wisconsin,nonmetro_adjacent,Q1_lowest,suppressed_1_9,5.204694444444445,5.0,4.0,8.0,5.518650469660517,5.301608508021333,4.241286806417067,8.482573612834134,1.0,Corrected constrained Bayesian posterior summary; not an observed or recovered suppressed count.
55078,Menominee County,55,Wisconsin,nonmetro_nonadjacent,Q3,zero,0.0,0.0,0.0,0.0,0.0,0.0,0.0,0.0,0.0,Corrected constrained Bayesian posterior summary; not an observed or recovered suppressed count.
55079,Milwaukee County,55,Wisconsin,metro_large,Q4_highest,exact,240.0,240.0,240.0,240.0,4.302303507079299,4.302303507076482,4.302303507076482,4.302303507076482,1.0,Corrected constrained Bayesian posterior summary; not an observed or recovered suppressed count.
55081,Monroe County,55,Wisconsin,nonmetro_adjacent,Q2,exact,11.0,11.0,11.0,11.0,3.961708288611506,3.96170828861405,3.96170828861405,3.96170828861405,1.0,Corrected constrained Bayesian posterior summary; not an observed or recovered suppressed count.
55083,Oconto County,55,Wisconsin,metro_other,Q1_lowest,suppressed_1_9,6.7908333333333335,7.0,4.0,9.0,2.8883151719323634,2.9772791071565283,1.7013023469465878,3.8279302806298223,0.5744722222222223,Corrected constrained Bayesian posterior summary; not an observed or recovered suppressed count.
55085,Oneida County,55,Wisconsin,nonmetro_nonadjacent,Q1_lowest,suppressed_1_9,4.4158888888888885,4.0,2.0,8.0,1.9694622594477198,1.7839780927490212,0.8919890463745106,3.5679561854980424,0.12272222222222222,Corrected constrained Bayesian posterior summary; not an observed or recovered suppressed count.
55087,Outagamie County,55,Wisconsin,metro_other,Q1_lowest,exact,20.0,20.0,20.0,20.0,1.7407243328034445,1.7407243328021222,1.7407243328021222,1.7407243328021222,0.0,Corrected constrained Bayesian posterior summary; not an observed or recovered suppressed count.
55089,Ozaukee County,55,Wisconsin,metro_large,Q1_lowest,exact,13.0,13.0,13.0,13.0,2.354279174047141,2.354279174046426,2.354279174046426,2.354279174046426,0.0,Corrected constrained Bayesian posterior summary; not an observed or recovered suppressed count.
55091,Pepin County,55,Wisconsin,nonmetro_adjacent,Q1_lowest,suppressed_1_9,1.1027222222222222,1.0,1.0,2.0,2.487642623675393,2.2559104854719365,2.2559104854719365,4.511820970943873,0.0956111111111111,Corrected constrained Bayesian posterior summary; not an observed or recovered suppressed count.
55093,Pierce County,55,Wisconsin,metro_large,Q1_lowest,exact,12.0,12.0,12.0,12.0,4.669642266488596,4.669642266488701,4.669642266488701,4.669642266488701,1.0,Corrected constrained Bayesian posterior summary; not an observed or recovered suppressed count.
55095,Polk County,55,Wisconsin,nonmetro_adjacent,Q1_lowest,suppressed_1_9,7.951611111111111,8.0,6.0,9.0,2.941663686549237,2.959564943953239,2.219673707964929,3.329510561947394,0.6943888888888889,Corrected constrained Bayesian posterior summary; not an observed or recovered suppressed count.
55097,Portage County,55,Wisconsin,nonmetro_adjacent,Q1_lowest,exact,18.0,18.0,18.0,18.0,4.224816572548864,4.224816572547142,4.224816572547142,4.224816572547142,1.0,Corrected constrained Bayesian posterior summary; not an observed or recovered suppressed count.
55099,Price County,55,Wisconsin,nonmetro_nonadjacent,Q1_lowest,suppressed_1_9,1.2512777777777777,1.0,1.0,3.0,1.5073093427340645,1.2046160888524828,1.2046160888524828,3.613848266557448,0.033166666666666664,Corrected constrained Bayesian posterior summary; not an observed or recovered suppressed count.
55101,Racine County,55,Wisconsin,metro_other,Q2,exact,47.0,47.0,47.0,47.0,3.982649207408748,3.9826492074104394,3.9826492074104394,3.9826492074104394,1.0,Corrected constrained Bayesian posterior summary; not an observed or recovered suppressed count.
55103,Richland County,55,Wisconsin,nonmetro_adjacent,Q2,suppressed_1_9,3.073916666666667,3.0,2.0,6.0,2.98056535960406,2.9088934569289844,1.9392623046193227,5.817786913857969,0.2927777777777778,Corrected constrained Bayesian posterior summary; not an observed or recovered suppressed count.
55105,Rock County,55,Wisconsin,metro_other,Q2,exact,27.0,27.0,27.0,27.0,2.7421802160827333,2.742180216083801,2.742180216083801,2.742180216083801,0.0,Corrected constrained Bayesian posterior summary; not an observed or recovered suppressed count.
55107,Rusk County,55,Wisconsin,nonmetro_adjacent,Q1_lowest,suppressed_1_9,3.8136111111111113,4.0,3.0,6.0,4.496122507794189,4.7158688988446125,3.536901674133459,7.073803348266918,1.0,Corrected constrained Bayesian posterior summary; not an observed or recovered suppressed count.
55109,St. Croix County,55,Wisconsin,metro_large,Q1_lowest,suppressed_1_9,8.1795,8.0,6.0,9.0,1.43928502928907,1.4076997657939514,1.0557748243454637,1.5836622365181956,0.0,Corrected constrained Bayesian posterior summary; not an observed or recovered suppressed count.
55111,Sauk County,55,Wisconsin,nonmetro_adjacent,Q1_lowest,exact,10.0,10.0,10.0,10.0,2.546012816629556,2.5460128166285187,2.5460128166285187,2.5460128166285187,0.0,Corrected constrained Bayesian posterior summary; not an observed or recovered suppressed count.
55113,Sawyer County,55,Wisconsin,nonmetro_nonadjacent,Q2,suppressed_1_9,4.31275,4.0,3.0,7.0,4.011897785095926,3.720964846184616,2.7907236346384616,6.511688480823077,0.7103888888888888,Corrected constrained Bayesian posterior summary; not an observed or recovered suppressed count.
55115,Shawano County,55,Wisconsin,nonmetro_adjacent,Q1_lowest,exact,11.0,11.0,11.0,11.0,4.4744913316942485,4.474491331689975,4.474491331689975,4.474491331689975,1.0,Corrected constrained Bayesian posterior summary; not an observed or recovered suppressed count.
55117,Sheboygan County,55,Wisconsin,metro_other,Q1_lowest,exact,21.0,21.0,21.0,21.0,2.990383780157324,2.9903837801583766,2.9903837801583766,2.9903837801583766,1.0,Corrected constrained Bayesian posterior summary; not an observed or recovered suppressed count.
55119,Taylor County,55,Wisconsin,nonmetro_adjacent,Q1_lowest,suppressed_1_9,2.705972222222222,2.0,2.0,5.0,2.24033996408756,1.6558484567492384,1.6558484567492384,4.139621141873096,0.16469444444444445,Corrected constrained Bayesian posterior summary; not an observed or recovered suppressed count.
55121,Trempealeau County,55,Wisconsin,nonmetro_adjacent,Q1_lowest,suppressed_1_9,6.4438611111111115,6.0,4.0,9.0,3.527925142817463,3.284917302206917,2.1899448681379448,4.927375953310376,0.7188888888888889,Corrected constrained Bayesian posterior summary; not an observed or recovered suppressed count.
55123,Vernon County,55,Wisconsin,metro_other,Q2,suppressed_1_9,7.454611111111111,8.0,5.0,9.0,4.004002122211297,4.296940041572895,2.6855875259830593,4.834057546769507,0.9398611111111111,Corrected constrained Bayesian posterior summary; not an observed or recovered suppressed count.
55125,Vilas County,55,Wisconsin,nonmetro_nonadjacent,Q1_lowest,suppressed_1_9,7.291472222222223,7.0,5.0,9.0,5.220612043091276,5.011921212598538,3.5799437232846696,6.443898701912406,1.0,Corrected constrained Bayesian posterior summary; not an observed or recovered suppressed count.
55127,Walworth County,55,Wisconsin,nonmetro_adjacent,Q1_lowest,exact,13.0,13.0,13.0,13.0,2.0574470880006968,2.057447088000177,2.057447088000177,2.057447088000177,0.0,Corrected constrained Bayesian posterior summary; not an observed or recovered suppressed count.
55129,Washburn County,55,Wisconsin,nonmetro_adjacent,Q1_lowest,suppressed_1_9,6.829916666666667,7.0,5.0,9.0,6.898417956977869,7.070207157069702,5.050147969335502,9.090266344803902,1.0,Corrected constrained Bayesian posterior summary; not an observed or recovered suppressed count.
55131,Washington County,55,Wisconsin,metro_large,Q1_lowest,exact,13.0,13.0,13.0,13.0,1.5772162618284973,1.5772162618276053,1.5772162618276053,1.5772162618276053,0.0,Corrected constrained Bayesian posterior summary; not an observed or recovered suppressed count.
55133,Waukesha County,55,Wisconsin,metro_large,Q1_lowest,exact,39.0,39.0,39.0,39.0,1.585894485154961,1.5858944851535879,1.5858944851535879,1.5858944851535879,0.0,Corrected constrained Bayesian posterior summary; not an observed or recovered suppressed count.
55135,Waupaca County,55,Wisconsin,nonmetro_adjacent,Q1_lowest,exact,14.0,14.0,14.0,14.0,4.556238629741128,4.556238629743777,4.556238629743777,4.556238629743777,1.0,Corrected constrained Bayesian posterior summary; not an observed or recovered suppressed count.
55137,Waushara County,55,Wisconsin,nonmetro_adjacent,Q2,suppressed_1_9,4.586444444444444,4.0,3.0,8.0,3.086249449524285,2.6916270212436664,2.0187202659327497,5.383254042487333,0.4618888888888889,Corrected constrained Bayesian posterior summary; not an observed or recovered suppressed count.
55139,Winnebago County,55,Wisconsin,metro_other,Q1_lowest,exact,30.0,30.0,30.0,30.0,2.910019293427485,2.9100192934279154,2.9100192934279154,2.9100192934279154,0.0,Corrected constrained Bayesian posterior summary; not an observed or recovered suppressed count.
55141,Wood County,55,Wisconsin,nonmetro_adjacent,Q1_lowest,exact,17.0,17.0,17.0,17.0,3.850474740886426,3.8504747408856996,3.8504747408856996,3.8504747408856996,1.0,Corrected constrained Bayesian posterior summary; not an observed or recovered suppressed count.
56001,Albany County,56,Wyoming,nonmetro_adjacent,Q2,suppressed_1_9,7.009166666666666,7.0,4.0,9.0,3.0340874001875924,3.030119386703836,1.7314967924021922,3.895867782904932,0.6403611111111112,Corrected constrained Bayesian posterior summary; not an observed or recovered suppressed count.
56003,Big Horn County,56,Wyoming,nonmetro_nonadjacent,Q3,suppressed_1_9,5.471111111111111,5.0,4.0,8.0,7.710786017856706,7.046819065873665,5.637455252698931,11.274910505397862,1.0,Corrected constrained Bayesian posterior summary; not an observed or recovered suppressed count.
56005,Campbell County,56,Wyoming,nonmetro_nonadjacent,Q1_lowest,exact,11.0,11.0,11.0,11.0,3.901816118045624,3.901816118047673,3.901816118047673,3.901816118047673,1.0,Corrected constrained Bayesian posterior summary; not an observed or recovered suppressed count.
56007,Carbon County,56,Wyoming,nonmetro_nonadjacent,Q3,suppressed_1_9,1.205,1.0,1.0,2.0,1.380519212703435,1.1456590976788945,1.1456590976788945,2.291318195357789,0.020694444444444446,Corrected constrained Bayesian posterior summary; not an observed or recovered suppressed count.
56009,Converse County,56,Wyoming,nonmetro_adjacent,Q2,suppressed_1_9,1.3259166666666666,1.0,1.0,3.0,1.604080217115687,1.209789617585502,1.209789617585502,3.6293688527565053,0.04688888888888889,Corrected constrained Bayesian posterior summary; not an observed or recovered suppressed count.
56011,Crook County,56,Wyoming,nonmetro_nonadjacent,Q1_lowest,suppressed_1_9,2.349083333333333,2.0,2.0,4.0,5.184813237097914,4.414328911647207,4.414328911647207,8.828657823294414,1.0,Corrected constrained Bayesian posterior summary; not an observed or recovered suppressed count.
56013,Fremont County,56,Wyoming,nonmetro_nonadjacent,Q4_highest,exact,13.0,13.0,13.0,13.0,5.487037928096511,5.487037928094478,5.487037928094478,5.487037928094478,1.0,Corrected constrained Bayesian posterior summary; not an observed or recovered suppressed count.
56015,Goshen County,56,Wyoming,nonmetro_nonadjacent,Q2,suppressed_1_9,4.114805555555556,4.0,3.0,7.0,5.356285381215779,5.2068417901122075,3.9051313425841556,9.111973132696363,1.0,Corrected constrained Bayesian posterior summary; not an observed or recovered suppressed count.
56017,Hot Springs County,56,Wyoming,nonmetro_nonadjacent,Q1_lowest,zero,0.0,0.0,0.0,0.0,0.0,0.0,0.0,0.0,0.0,Corrected constrained Bayesian posterior summary; not an observed or recovered suppressed count.
56019,Johnson County,56,Wyoming,nonmetro_nonadjacent,Q1_lowest,zero,0.0,0.0,0.0,0.0,0.0,0.0,0.0,0.0,0.0,Corrected constrained Bayesian posterior summary; not an observed or recovered suppressed count.
56021,Laramie County,56,Wyoming,metro_other,Q2,exact,17.0,17.0,17.0,17.0,2.81248345598131,2.8124834559796708,2.8124834559796708,2.8124834559796708,0.0,Corrected constrained Bayesian posterior summary; not an observed or recovered suppressed count.
56023,Lincoln County,56,Wyoming,nonmetro_nonadjacent,Q1_lowest,suppressed_1_9,2.5825,2.0,2.0,4.0,2.1034241219770125,1.6289828631002803,1.6289828631002803,3.2579657262005606,0.11808333333333333,Corrected constrained Bayesian posterior summary; not an observed or recovered suppressed count.
56025,Natrona County,56,Wyoming,metro_other,Q2,exact,22.0,22.0,22.0,22.0,4.581615227623797,4.581615227622975,4.581615227622975,4.581615227622975,1.0,Corrected constrained Bayesian posterior summary; not an observed or recovered suppressed count.
56027,Niobrara County,56,Wyoming,nonmetro_nonadjacent,Q2,zero,0.0,0.0,0.0,0.0,0.0,0.0,0.0,0.0,0.0,Corrected constrained Bayesian posterior summary; not an observed or recovered suppressed count.
56029,Park County,56,Wyoming,nonmetro_nonadjacent,Q1_lowest,suppressed_1_9,3.5299444444444443,3.0,2.0,6.0,1.950590405179077,1.657751646699969,1.105167764466646,3.315503293399938,0.0725,Corrected constrained Bayesian posterior summary; not an observed or recovered suppressed count.
56031,Platte County,56,Wyoming,nonmetro_adjacent,Q2,suppressed_1_9,2.510083333333333,2.0,2.0,4.0,4.8859971839972065,3.8930955949623343,3.8930955949623343,7.7861911899246685,1.0,Corrected constrained Bayesian posterior summary; not an observed or recovered suppressed count.
56033,Sheridan County,56,Wyoming,nonmetro_nonadjacent,Q1_lowest,suppressed_1_9,5.792611111111111,6.0,3.0,9.0,3.039352689906686,3.148168552944325,1.5740842764721625,4.722252829416487,0.5528333333333333,Corrected constrained Bayesian posterior summary; not an observed or recovered suppressed count.
56035,Sublette County,56,Wyoming,nonmetro_nonadjacent,Q1_lowest,zero,0.0,0.0,0.0,0.0,0.0,0.0,0.0,0.0,0.0,Corrected constrained Bayesian posterior summary; not an observed or recovered suppressed count.
56037,Sweetwater County,56,Wyoming,nonmetro_nonadjacent,Q2,suppressed_1_9,7.869472222222222,8.0,6.0,9.0,3.141543500409798,3.1936510217687237,2.3952382663265426,3.592857399489814,0.6648888888888889,Corrected constrained Bayesian posterior summary; not an observed or recovered suppressed count.
56039,Teton County,56,Wyoming,nonmetro_nonadjacent,Q1_lowest,suppressed_1_9,1.472888888888889,1.0,1.0,3.0,1.0496118985579237,0.7126212346875512,0.7126212346875512,2.137863704062654,0.002277777777777778,Corrected constrained Bayesian posterior summary; not an observed or recovered suppressed count.
56041,Uinta County,56,Wyoming,nonmetro_nonadjacent,Q2,suppressed_1_9,7.181222222222222,7.0,5.0,9.0,5.831091334608973,5.6839404323042695,4.059957451645906,7.307923412962633,1.0,Corrected constrained Bayesian posterior summary; not an observed or recovered suppressed count.
56043,Washakie County,56,Wyoming,nonmetro_nonadjacent,Q1_lowest,suppressed_1_9,1.2901666666666667,1.0,1.0,3.0,2.7828706599651793,2.156985397208861,2.156985397208861,6.470956191626583,0.24338888888888888,Corrected constrained Bayesian posterior summary; not an observed or recovered suppressed count.
56045,Weston County,56,Wyoming,nonmetro_nonadjacent,Q2,suppressed_1_9,2.296027777777778,2.0,2.0,4.0,5.607042364350907,4.884124154436006,4.884124154436006,9.768248308872012,1.0,Corrected constrained Bayesian posterior summary; not an observed or recovered suppressed count.
