replicate,truth_scenario,scenario,model_type,term,coefficient,irr,ci_low,ci_high,standard_error,n_rows,events,truth_irr,bias_irr,squared_error_irr,truth_covered_by_95_interval
1,baseline_rate_3_4_kappa_10,oracle_complete_counts,NB2_GLM_known_dispersion_HC0,primary_rurality_metro_other,0.0589572245714514,1.0607298665950988,0.8094023090600246,1.3900971584742738,0.1379675603629161,432,2892.0,1.12,-0.0592701334049012,0.0035129487138347,True
1,baseline_rate_3_4_kappa_10,oracle_complete_counts,NB2_GLM_known_dispersion_HC0,primary_rurality_nonmetro_adjacent,0.352749887596591,1.4229751951758636,0.9444520893155104,2.143950369735852,0.2091327586224165,432,2892.0,1.27,0.1529751951758635,0.0234014103390935,True
1,baseline_rate_3_4_kappa_10,oracle_complete_counts,NB2_GLM_known_dispersion_HC0,primary_rurality_nonmetro_nonadjacent,0.1901166702751614,1.2093906893709934,0.7734860895230324,1.8909529975376416,0.2280429914366332,432,2892.0,1.23,-0.0206093106290066,0.0004247436846028,True
1,baseline_rate_3_4_kappa_10,oracle_complete_counts,NB2_GLM_known_dispersion_HC0,svi_quartile_Q2,-0.2041220252032788,0.815362870296614,0.6314875800457334,1.0527785997155887,0.1303851936570051,432,2892.0,1.1,-0.284637129703386,0.0810182956057822,False
1,baseline_rate_3_4_kappa_10,oracle_complete_counts,NB2_GLM_known_dispersion_HC0,svi_quartile_Q3,-0.0790014665892096,0.924038569259098,0.7178769446706188,1.1894061841896442,0.1288039001457272,432,2892.0,1.25,-0.3259614307409019,0.1062508543306557,False
1,baseline_rate_3_4_kappa_10,oracle_complete_counts,NB2_GLM_known_dispersion_HC0,svi_quartile_Q4_highest,0.1615749070458985,1.1753604976436896,0.8588687536098345,1.6084789365253755,0.1600581966639811,432,2892.0,1.43,-0.2546395023563104,0.0648412761602694,True
1,baseline_rate_3_4_kappa_10,visible_exact_and_zero_only,NB2_GLM_known_dispersion_HC0,primary_rurality_metro_other,-1.415815412553653,0.2427276095923186,0.0960847116274623,0.613174473446219,0.4728110465672777,207,2350.0,1.12,-0.8772723904076815,0.7696068469716075,False
1,baseline_rate_3_4_kappa_10,visible_exact_and_zero_only,NB2_GLM_known_dispersion_HC0,primary_rurality_nonmetro_adjacent,-1.8497383106669385,0.1572783189871857,0.0383970449296187,0.6442284730186022,0.7194063605308915,207,2350.0,1.27,-1.1127216810128142,1.2381495393959832,False
1,baseline_rate_3_4_kappa_10,visible_exact_and_zero_only,NB2_GLM_known_dispersion_HC0,primary_rurality_nonmetro_nonadjacent,-23.9606377285024,3.9266957432571037e-11,9.62749126956616e-12,1.6015532009730167e-10,0.7172248507868139,207,2350.0,1.23,-1.229999999960733,1.512899999903403,False
1,baseline_rate_3_4_kappa_10,visible_exact_and_zero_only,NB2_GLM_known_dispersion_HC0,svi_quartile_Q2,-0.3612767972949644,0.696786103263117,0.2948037273105846,1.6468953026129782,0.4388615703718905,207,2350.0,1.1,-0.4032138967368831,0.1625814465217418,True
1,baseline_rate_3_4_kappa_10,visible_exact_and_zero_only,NB2_GLM_known_dispersion_HC0,svi_quartile_Q3,-0.6901771632155669,0.5014872161077787,0.1738151745523233,1.446878436058668,0.5406048960811097,207,2350.0,1.25,-0.7485127838922213,0.5602713876500832,True
1,baseline_rate_3_4_kappa_10,visible_exact_and_zero_only,NB2_GLM_known_dispersion_HC0,svi_quartile_Q4_highest,1.2391637977779486,3.452725080909693,0.8973359876359548,13.28522498662928,0.687494243203267,207,2350.0,1.43,2.022725080909693,4.091416752941126,True
1,baseline_rate_3_4_kappa_10,suppressed_equals_1,NB2_GLM_known_dispersion_HC0,primary_rurality_metro_other,-0.572831903762365,0.5639261906091008,0.3950256096336506,0.8050433711116071,0.1816187642371149,432,2575.0,1.12,-0.5560738093908993,0.3092180814905063,False
1,baseline_rate_3_4_kappa_10,suppressed_equals_1,NB2_GLM_known_dispersion_HC0,primary_rurality_nonmetro_adjacent,-0.0191554787244908,0.9810268215857884,0.5499033196484797,1.750150599719834,0.2953353673163194,432,2575.0,1.27,-0.2889731784142115,0.0835054978428117,True
1,baseline_rate_3_4_kappa_10,suppressed_equals_1,NB2_GLM_known_dispersion_HC0,primary_rurality_nonmetro_nonadjacent,-0.3529490865675578,0.7026129649043299,0.3895131990648897,1.2673896022953832,0.3009736941207537,432,2575.0,1.23,-0.5273870350956701,0.2781370847870015,True
1,baseline_rate_3_4_kappa_10,suppressed_equals_1,NB2_GLM_known_dispersion_HC0,svi_quartile_Q2,-0.0215858351201878,0.9786454717121912,0.7143435510301563,1.3407371816006577,0.1606150170085798,432,2575.0,1.1,-0.1213545282878088,0.0147269215359565,True
1,baseline_rate_3_4_kappa_10,suppressed_equals_1,NB2_GLM_known_dispersion_HC0,svi_quartile_Q3,0.3834690582677499,1.4673661488958254,1.0976368426107688,1.9616355167197093,0.1481170991444141,432,2575.0,1.25,0.2173661488958254,0.0472480426858021,True
1,baseline_rate_3_4_kappa_10,suppressed_equals_1,NB2_GLM_known_dispersion_HC0,svi_quartile_Q4_highest,0.6566544823405198,1.9283302679857344,1.2445597509266446,2.9877694659989884,0.223404402384418,432,2575.0,1.43,0.4983302679857346,0.2483330559907341,True
1,baseline_rate_3_4_kappa_10,suppressed_equals_5,NB2_GLM_known_dispersion_HC0,primary_rurality_metro_other,0.8199518205902959,2.270390448825663,1.7160162863865682,3.0038600629910337,0.1428297595246429,432,3475.0,1.12,1.150390448825663,1.3233981847493106,False
1,baseline_rate_3_4_kappa_10,suppressed_equals_5,NB2_GLM_known_dispersion_HC0,primary_rurality_nonmetro_adjacent,1.1632021994086306,3.2001644509549374,1.9360555529297496,5.289648066998063,0.2564028144238834,432,3475.0,1.27,1.9301644509549372,3.725534807730175,False
1,baseline_rate_3_4_kappa_10,suppressed_equals_5,NB2_GLM_known_dispersion_HC0,primary_rurality_nonmetro_nonadjacent,1.096300182679956,2.9930716946101925,1.685739467051546,5.314272071203041,0.2929060521907125,432,3475.0,1.23,1.7630716946101923,3.108421800335656,False
1,baseline_rate_3_4_kappa_10,suppressed_equals_5,NB2_GLM_known_dispersion_HC0,svi_quartile_Q2,-0.1171839846045494,0.889421538238889,0.6568471867814464,1.204345072343966,0.1546530078391217,432,3475.0,1.1,-0.210578461761111,0.0443432885576757,True
1,baseline_rate_3_4_kappa_10,suppressed_equals_5,NB2_GLM_known_dispersion_HC0,svi_quartile_Q3,-0.1862714559153322,0.8300482428911935,0.6420221376877926,1.0731406988676149,0.1310515497916367,432,3475.0,1.25,-0.4199517571088065,0.176359478298774,False
1,baseline_rate_3_4_kappa_10,suppressed_equals_5,NB2_GLM_known_dispersion_HC0,svi_quartile_Q4_highest,-0.2860334894301378,0.7512374570112756,0.5308444388395991,1.063132012930997,0.1771697806641351,432,3475.0,1.43,-0.6787625429887243,0.4607185897645198,False
1,baseline_rate_3_4_kappa_10,suppressed_equals_9,NB2_GLM_known_dispersion_HC0,primary_rurality_metro_other,1.0977900478220417,2.9975342913039165,2.2077899275552118,4.069776619323839,0.1560194211424617,432,4375.0,1.12,1.8775342913039164,3.5251350150220992,False
1,baseline_rate_3_4_kappa_10,suppressed_equals_9,NB2_GLM_known_dispersion_HC0,primary_rurality_nonmetro_adjacent,1.414972394165766,4.116372828498789,2.550229133173655,6.644314835395343,0.2442801953498579,432,4375.0,1.27,2.846372828498789,8.101838278816196,False
1,baseline_rate_3_4_kappa_10,suppressed_equals_9,NB2_GLM_known_dispersion_HC0,primary_rurality_nonmetro_nonadjacent,1.409773453193683,4.095027583556923,2.3492192224936903,7.138223095370184,0.2835155234647081,432,4375.0,1.23,2.8650275835569228,8.20838305454202,False
1,baseline_rate_3_4_kappa_10,suppressed_equals_9,NB2_GLM_known_dispersion_HC0,svi_quartile_Q2,-0.1207369099842121,0.8862670969480039,0.62391374211274,1.2589390393499458,0.1790848183557931,432,4375.0,1.1,-0.2137329030519962,0.045681753847034,True
1,baseline_rate_3_4_kappa_10,suppressed_equals_9,NB2_GLM_known_dispersion_HC0,svi_quartile_Q3,-0.3178403829640961,0.7277189354842765,0.5433726970861763,0.9746070273721916,0.1490405331044658,432,4375.0,1.25,-0.5222810645157235,0.2727775103516773,False
1,baseline_rate_3_4_kappa_10,suppressed_equals_9,NB2_GLM_known_dispersion_HC0,svi_quartile_Q4_highest,-0.492770788418879,0.610931285544488,0.4245710221076954,0.8790921099706294,0.1856659138428724,432,4375.0,1.43,-0.819068714455512,0.670873558999805,False
1,baseline_rate_3_4_kappa_10,population_favoring_feasible_allocation,NB2_GLM_known_dispersion_HC0,primary_rurality_metro_other,0.2294019967165788,1.2578475879888442,0.8917210363582925,1.7742999100602526,0.1755122099696662,432,2892.0,1.12,0.1378475879888441,0.0190019575143421,True
1,baseline_rate_3_4_kappa_10,population_favoring_feasible_allocation,NB2_GLM_known_dispersion_HC0,primary_rurality_nonmetro_adjacent,0.5104548718543386,1.6660488613472415,0.9793368904912286,2.8342839275707856,0.271089005384441,432,2892.0,1.27,0.3960488613472415,0.1568547005744465,True
1,baseline_rate_3_4_kappa_10,population_favoring_feasible_allocation,NB2_GLM_known_dispersion_HC0,primary_rurality_nonmetro_nonadjacent,0.2929877135378809,1.3404263212332883,0.7744120344366725,2.3201379146464376,0.279917814460096,432,2892.0,1.23,0.1104263212332883,0.0121939724211173,True
1,baseline_rate_3_4_kappa_10,population_favoring_feasible_allocation,NB2_GLM_known_dispersion_HC0,svi_quartile_Q2,-0.032128185216708,0.9683824418097344,0.6891963889040172,1.3606637653697626,0.1735208309554373,432,2892.0,1.1,-0.1316175581902657,0.0173231816239679,True
1,baseline_rate_3_4_kappa_10,population_favoring_feasible_allocation,NB2_GLM_known_dispersion_HC0,svi_quartile_Q3,-0.027429636314565,0.972943140010016,0.7198810012920902,1.3149650456026707,0.1536937348470711,432,2892.0,1.25,-0.277056859989984,0.0767605036675095,True
1,baseline_rate_3_4_kappa_10,population_favoring_feasible_allocation,NB2_GLM_known_dispersion_HC0,svi_quartile_Q4_highest,0.2152022889639748,1.2401127327144674,0.8660787636043965,1.77568098245509,0.1831539349362931,432,2892.0,1.43,-0.1898872672855325,0.0360571742771672,True
2,lower_rate_2_4_kappa_10,oracle_complete_counts,NB2_GLM_known_dispersion_HC0,primary_rurality_metro_other,0.3030391089639708,1.3539674156697248,0.9964045674264717,1.839842793404933,0.1564495003265174,432,1933.0,1.12,0.2339674156697246,0.0547407515951697,True
2,lower_rate_2_4_kappa_10,oracle_complete_counts,NB2_GLM_known_dispersion_HC0,primary_rurality_nonmetro_adjacent,0.2042605392414848,1.2266176938715476,0.8420094670269782,1.7869050477915185,0.1919513064002697,432,1933.0,1.27,-0.0433823061284524,0.0018820244850227,True
2,lower_rate_2_4_kappa_10,oracle_complete_counts,NB2_GLM_known_dispersion_HC0,primary_rurality_nonmetro_nonadjacent,0.260184998385688,1.2971700388328526,0.9049857692960496,1.8593111259136008,0.1836842134317768,432,1933.0,1.23,0.0671700388328526,0.0045118141168069,True
2,lower_rate_2_4_kappa_10,oracle_complete_counts,NB2_GLM_known_dispersion_HC0,svi_quartile_Q2,-0.0296208751743836,0.9708135232948012,0.717470996246405,1.3136125389637143,0.1542866736433576,432,1933.0,1.1,-0.1291864767051987,0.0166891457635028,True
2,lower_rate_2_4_kappa_10,oracle_complete_counts,NB2_GLM_known_dispersion_HC0,svi_quartile_Q3,0.1702477769117689,1.185598578883882,0.8889665440290678,1.5812113511951449,0.1469099256894343,432,1933.0,1.25,-0.0644014211161181,0.0041475430417755,True
2,lower_rate_2_4_kappa_10,oracle_complete_counts,NB2_GLM_known_dispersion_HC0,svi_quartile_Q4_highest,0.3742495140691841,1.4538998736763646,1.049422527058243,2.0142743158007628,0.1663313650108661,432,1933.0,1.43,0.0238998736763647,0.0005712039617461,True
2,lower_rate_2_4_kappa_10,visible_exact_and_zero_only,NB2_GLM_known_dispersion_HC0,primary_rurality_metro_other,-43.32535497185891,1.5276976452637302e-19,,,,243,1557.0,1.12,-1.12,1.2544000000000002,False
2,lower_rate_2_4_kappa_10,visible_exact_and_zero_only,NB2_GLM_known_dispersion_HC0,primary_rurality_nonmetro_adjacent,-62.76626328394303,5.5075469251787425e-28,0.0,inf,171157.9819110751,243,1557.0,1.27,-1.27,1.6129,True
2,lower_rate_2_4_kappa_10,visible_exact_and_zero_only,NB2_GLM_known_dispersion_HC0,primary_rurality_nonmetro_nonadjacent,-45.06058645715691,2.6942379573469392e-20,,,,243,1557.0,1.23,-1.23,1.5129,False
2,lower_rate_2_4_kappa_10,visible_exact_and_zero_only,NB2_GLM_known_dispersion_HC0,svi_quartile_Q2,1.7735553070371068,5.891763196067964,0.2319412152581706,149.66237682208646,1.6504217494732605,243,1557.0,1.1,4.791763196067963,22.96099452719146,True
2,lower_rate_2_4_kappa_10,visible_exact_and_zero_only,NB2_GLM_known_dispersion_HC0,svi_quartile_Q3,22.321386506702467,4943732782.047378,8.400157555533676e-295,inf,356.8651726926844,243,1557.0,1.25,4943732780.797378,2.4440493807930573e+19,True
2,lower_rate_2_4_kappa_10,visible_exact_and_zero_only,NB2_GLM_known_dispersion_HC0,svi_quartile_Q4_highest,45.669762300051,6.8253630456909455e+19,,,,243,1557.0,1.43,6.8253630456909455e+19,4.658558070548358e+39,False
2,lower_rate_2_4_kappa_10,suppressed_equals_1,NB2_GLM_known_dispersion_HC0,primary_rurality_metro_other,-0.4948253300669306,0.6096773903053071,0.4494288861051267,0.8270641512849781,0.1555879153990829,432,1746.0,1.12,-0.510322609694693,0.260429165965602,False
2,lower_rate_2_4_kappa_10,suppressed_equals_1,NB2_GLM_known_dispersion_HC0,primary_rurality_nonmetro_adjacent,-0.1994482956379834,0.8191825750303827,0.5429453512722181,1.2359624954168862,0.2098460768873789,432,1746.0,1.27,-0.4508174249696173,0.2032363506562365,False
2,lower_rate_2_4_kappa_10,suppressed_equals_1,NB2_GLM_known_dispersion_HC0,primary_rurality_nonmetro_nonadjacent,-0.1741104922465726,0.8402040564956299,0.5829399715414626,1.2110043761195406,0.1865104951286927,432,1746.0,1.23,-0.3897959435043701,0.151940877572462,False
2,lower_rate_2_4_kappa_10,suppressed_equals_1,NB2_GLM_known_dispersion_HC0,svi_quartile_Q2,0.1531699180563128,1.1655230055218018,0.8699458639169294,1.56152690959893,0.1492317411779284,432,1746.0,1.1,0.0655230055218016,0.00429326425261,True
2,lower_rate_2_4_kappa_10,suppressed_equals_1,NB2_GLM_known_dispersion_HC0,svi_quartile_Q3,0.6515728521854847,1.9185560622296656,1.4747357144181945,2.495943732786289,0.1342316607721372,432,1746.0,1.25,0.6685560622296658,0.4469672083440367,False
2,lower_rate_2_4_kappa_10,suppressed_equals_1,NB2_GLM_known_dispersion_HC0,svi_quartile_Q4_highest,0.6904056058676294,1.9945243599830969,1.358809034862916,2.9276574709906287,0.1958147956311181,432,1746.0,1.43,0.5645243599830969,0.3186877530143251,True
2,lower_rate_2_4_kappa_10,suppressed_equals_5,NB2_GLM_known_dispersion_HC0,primary_rurality_metro_other,0.9092812206271496,2.4825374951934807,1.9137241383966257,3.220418393324472,0.1327704419914764,432,2502.0,1.12,1.3625374951934806,1.856508425808124,False
2,lower_rate_2_4_kappa_10,suppressed_equals_5,NB2_GLM_known_dispersion_HC0,primary_rurality_nonmetro_adjacent,1.1117546249957448,3.039687229206784,2.150098307116402,4.297337670943338,0.1766536018680141,432,2502.0,1.27,1.7696872292067836,3.131792889217583,False
2,lower_rate_2_4_kappa_10,suppressed_equals_5,NB2_GLM_known_dispersion_HC0,primary_rurality_nonmetro_nonadjacent,1.1876622159501218,3.279405696704768,2.3542373495566764,4.568146761245145,0.16910478775814,432,2502.0,1.23,2.049405696704768,4.2000637096859545,False
2,lower_rate_2_4_kappa_10,suppressed_equals_5,NB2_GLM_known_dispersion_HC0,svi_quartile_Q2,0.0695319792388802,1.072006342603533,0.7830169415768395,1.4676535558323278,0.1602719008735996,432,2502.0,1.1,-0.0279936573964674,0.0007836448544307,True
2,lower_rate_2_4_kappa_10,suppressed_equals_5,NB2_GLM_known_dispersion_HC0,svi_quartile_Q3,-0.0311484744659232,0.969331641393442,0.7283430794036359,1.2900566471721653,0.145833981842826,432,2502.0,1.25,-0.2806683586065579,0.0787747275228994,True
2,lower_rate_2_4_kappa_10,suppressed_equals_5,NB2_GLM_known_dispersion_HC0,svi_quartile_Q4_highest,-0.2305404275610232,0.7941043306519998,0.5606377086942769,1.1247935666491815,0.1776224235041123,432,2502.0,1.43,-0.6358956693480001,0.4043633022955411,False
2,lower_rate_2_4_kappa_10,suppressed_equals_9,NB2_GLM_known_dispersion_HC0,primary_rurality_metro_other,1.1746271217461337,3.236935735836086,2.3856567042970696,4.391978501793685,0.1556901467313253,432,3258.0,1.12,2.116935735836086,4.481416909659871,False
2,lower_rate_2_4_kappa_10,suppressed_equals_9,NB2_GLM_known_dispersion_HC0,primary_rurality_nonmetro_adjacent,1.3923270097817104,4.024203526931558,2.7825877296032786,5.819839516246715,0.1882375903333652,432,3258.0,1.27,2.754203526931558,7.585637067762232,False
2,lower_rate_2_4_kappa_10,suppressed_equals_9,NB2_GLM_known_dispersion_HC0,primary_rurality_nonmetro_nonadjacent,1.4755656788939246,4.3735090750925565,3.031090198261336,6.310462697840112,0.1870629197343211,432,3258.0,1.23,3.1435090750925565,9.88164930518926,False
2,lower_rate_2_4_kappa_10,suppressed_equals_9,NB2_GLM_known_dispersion_HC0,svi_quartile_Q2,0.055777214144552,1.0573620921761282,0.7399789716619943,1.51087346639056,0.1820973081659263,432,3258.0,1.1,-0.0426379078238718,0.0018179911835969,True
2,lower_rate_2_4_kappa_10,suppressed_equals_9,NB2_GLM_known_dispersion_HC0,svi_quartile_Q3,-0.1954852138136957,0.8224355041588655,0.5921818903884649,1.1422168922750002,0.1675797092843889,432,3258.0,1.25,-0.4275644958411345,0.1828113981038835,False
2,lower_rate_2_4_kappa_10,suppressed_equals_9,NB2_GLM_known_dispersion_HC0,svi_quartile_Q4_highest,-0.4259563274820473,0.6531448659787018,0.4382450479574189,0.9734239278746758,0.203582003748134,432,3258.0,1.43,-0.7768551340212981,0.603503899255249,False
2,lower_rate_2_4_kappa_10,population_favoring_feasible_allocation,NB2_GLM_known_dispersion_HC0,primary_rurality_metro_other,0.3870749292273334,1.472666832927087,1.0127110662834122,2.141526515319585,0.191042842054503,432,1933.0,1.12,0.352666832927087,0.1243738950468218,True
2,lower_rate_2_4_kappa_10,population_favoring_feasible_allocation,NB2_GLM_known_dispersion_HC0,primary_rurality_nonmetro_adjacent,0.1883507436581529,1.2072568787932418,0.733470815381819,1.9870854311154744,0.2542439867411579,432,1933.0,1.27,-0.0627431212067581,0.0039366992587659,True
2,lower_rate_2_4_kappa_10,population_favoring_feasible_allocation,NB2_GLM_known_dispersion_HC0,primary_rurality_nonmetro_nonadjacent,0.170510238485976,1.1859097937924643,0.7758898446105856,1.8126052928540903,0.2164566123380407,432,1933.0,1.23,-0.0440902062075356,0.001943946283423,True
2,lower_rate_2_4_kappa_10,population_favoring_feasible_allocation,NB2_GLM_known_dispersion_HC0,svi_quartile_Q2,0.0747117056143377,1.0775734477246774,0.7491044732944238,1.550070219357602,0.1855043505622613,432,1933.0,1.1,-0.0224265522753226,0.0005029502469577,True
2,lower_rate_2_4_kappa_10,population_favoring_feasible_allocation,NB2_GLM_known_dispersion_HC0,svi_quartile_Q3,0.1938264262950565,1.213885566054228,0.8580211162778232,1.717344875924563,0.1770168342069715,432,1933.0,1.25,-0.0361144339457719,0.0013042523392235,True
2,lower_rate_2_4_kappa_10,population_favoring_feasible_allocation,NB2_GLM_known_dispersion_HC0,svi_quartile_Q4_highest,0.3855588748427339,1.4704358814671503,1.003538549382747,2.1545576727829574,0.1949115160182768,432,1933.0,1.43,0.0404358814671503,0.0016350605100254,True
3,higher_rate_5_0_kappa_10,oracle_complete_counts,NB2_GLM_known_dispersion_HC0,primary_rurality_metro_other,-0.0743439542775992,0.9283523281664487,0.7234774760889915,1.1912437825584152,0.1272152607101227,432,3538.0,1.12,-0.1916476718335513,0.0367288301192205,True
3,higher_rate_5_0_kappa_10,oracle_complete_counts,NB2_GLM_known_dispersion_HC0,primary_rurality_nonmetro_adjacent,0.1607602118879445,1.1744033270914578,0.9086449991215,1.5178900186728062,0.1308984760171274,432,3538.0,1.27,-0.0955966729085422,0.0091387238711828,True
3,higher_rate_5_0_kappa_10,oracle_complete_counts,NB2_GLM_known_dispersion_HC0,primary_rurality_nonmetro_nonadjacent,0.227185517810786,1.255062682825275,0.9695890820604928,1.6245875360654072,0.1316675723430674,432,3538.0,1.23,0.0250626828252746,0.0006281380704003,True
3,higher_rate_5_0_kappa_10,oracle_complete_counts,NB2_GLM_known_dispersion_HC0,svi_quartile_Q2,0.1340194926976436,1.1434151076723944,0.9196325770221976,1.4216526699030978,0.1111227317393933,432,3538.0,1.1,0.0434151076723943,0.0018848715742055,True
3,higher_rate_5_0_kappa_10,oracle_complete_counts,NB2_GLM_known_dispersion_HC0,svi_quartile_Q3,0.1916525968814467,1.2112496519577889,0.9842217869965018,1.4906454406430234,0.1058962300609458,432,3538.0,1.25,-0.0387503480422113,0.0015015894733925,True
3,higher_rate_5_0_kappa_10,oracle_complete_counts,NB2_GLM_known_dispersion_HC0,svi_quartile_Q4_highest,0.408089801171939,1.5039422108792757,1.183948172725206,1.9104232987311816,0.1220586932164978,432,3538.0,1.43,0.0739422108792755,0.0054674505497152,True
3,higher_rate_5_0_kappa_10,visible_exact_and_zero_only,NB2_GLM_known_dispersion_HC0,primary_rurality_metro_other,-0.4786329685947663,0.619629866582756,0.1811893854075631,2.1190047678440758,0.6273364785320373,167,2860.0,1.12,-0.5003701334172441,0.2503702704159907,True
3,higher_rate_5_0_kappa_10,visible_exact_and_zero_only,NB2_GLM_known_dispersion_HC0,primary_rurality_nonmetro_adjacent,-23.97811349242641,3.8586698687710297e-11,8.010393254110625e-12,1.8587518345021086e-10,0.8021264123634818,167,2860.0,1.27,-1.269999999961413,1.61289999990199,False
3,higher_rate_5_0_kappa_10,visible_exact_and_zero_only,NB2_GLM_known_dispersion_HC0,primary_rurality_nonmetro_nonadjacent,-0.2639005186149774,0.7680499425283607,0.2639103338729303,2.2352315862775134,0.5450231425172408,167,2860.0,1.23,-0.4619500574716393,0.2133978555980508,True
3,higher_rate_5_0_kappa_10,visible_exact_and_zero_only,NB2_GLM_known_dispersion_HC0,svi_quartile_Q2,-0.6666397289847672,0.5134309494859056,0.1332386085169819,1.9784906403942213,0.6882520306936034,167,2860.0,1.1,-0.5865690505140945,0.3440632510210063,True
3,higher_rate_5_0_kappa_10,visible_exact_and_zero_only,NB2_GLM_known_dispersion_HC0,svi_quartile_Q3,-0.8766675609815789,0.4161674561142909,0.1236101734184965,1.4011415625335903,0.6193647281393102,167,2860.0,1.25,-0.833832543885709,0.6952767112429129,True
3,higher_rate_5_0_kappa_10,visible_exact_and_zero_only,NB2_GLM_known_dispersion_HC0,svi_quartile_Q4_highest,-0.437392875512306,0.6457176949002684,0.1342905117197144,3.1048458760627824,0.801202526697396,167,2860.0,1.43,-0.7842823050997315,0.6150987340925483,True
3,higher_rate_5_0_kappa_10,suppressed_equals_1,NB2_GLM_known_dispersion_HC0,primary_rurality_metro_other,-0.9114375962927486,0.4019459724471808,0.2795704614094584,0.5778885364068863,0.185236389693659,432,3125.0,1.12,-0.7180540275528193,0.515601586484825,False
3,higher_rate_5_0_kappa_10,suppressed_equals_1,NB2_GLM_known_dispersion_HC0,primary_rurality_nonmetro_adjacent,-0.4867854106736264,0.614598905159988,0.4632980228262021,0.8153106545105099,0.1441833385120475,432,3125.0,1.27,-0.655401094840012,0.4295505951174863,False
3,higher_rate_5_0_kappa_10,suppressed_equals_1,NB2_GLM_known_dispersion_HC0,primary_rurality_nonmetro_nonadjacent,-0.314266301953909,0.7303245154155696,0.5545064719521908,0.96188940038733,0.1405155605182475,432,3125.0,1.23,-0.4996754845844303,0.2496755898946852,False
3,higher_rate_5_0_kappa_10,suppressed_equals_1,NB2_GLM_known_dispersion_HC0,svi_quartile_Q2,0.2603544445712192,1.2973898579711496,0.9462232288418174,1.7788830291417288,0.1610363321667155,432,3125.0,1.1,0.1973898579711495,0.0389627560298705,True
3,higher_rate_5_0_kappa_10,suppressed_equals_1,NB2_GLM_known_dispersion_HC0,svi_quartile_Q3,0.6001679416002621,1.8224248356350192,1.3927352833401705,2.384683091803404,0.1371930093659058,432,3125.0,1.25,0.5724248356350192,0.3276701924517787,False
3,higher_rate_5_0_kappa_10,suppressed_equals_1,NB2_GLM_known_dispersion_HC0,svi_quartile_Q4_highest,0.604621877001071,1.8305599012057308,1.3018652630589926,2.573960337514966,0.1738897056955617,432,3125.0,1.43,0.4005599012057308,0.1604482344539448,True
3,higher_rate_5_0_kappa_10,suppressed_equals_5,NB2_GLM_known_dispersion_HC0,primary_rurality_metro_other,0.4563502355405867,1.578303025790007,1.288185610262742,1.9337589407708191,0.1036303627010416,432,4185.0,1.12,0.4583030257900069,0.2100416634482757,False
3,higher_rate_5_0_kappa_10,suppressed_equals_5,NB2_GLM_known_dispersion_HC0,primary_rurality_nonmetro_adjacent,0.9596314463978012,2.61073410063386,2.073579404541265,3.287037153863113,0.1175281385177798,432,4185.0,1.27,1.3407341006338598,1.7975679286024848,False
3,higher_rate_5_0_kappa_10,suppressed_equals_5,NB2_GLM_known_dispersion_HC0,primary_rurality_nonmetro_nonadjacent,1.0464458211164898,2.847512542630956,2.244910110053856,3.611871871451499,0.1213165004025481,432,4185.0,1.23,1.6175125426309558,2.6163468255684594,False
3,higher_rate_5_0_kappa_10,suppressed_equals_5,NB2_GLM_known_dispersion_HC0,svi_quartile_Q2,0.0913679329975297,1.095672065011616,0.875756111038056,1.3708123288158838,0.11430386319598,432,4185.0,1.1,-0.004327934988384,1.873102126367858e-05,True
3,higher_rate_5_0_kappa_10,suppressed_equals_5,NB2_GLM_known_dispersion_HC0,svi_quartile_Q3,0.0776867685930965,1.0807840701297236,0.8812853490133047,1.3254438049537307,0.1041125417845464,432,4185.0,1.25,-0.1692159298702764,0.0286340309218623,True
3,higher_rate_5_0_kappa_10,suppressed_equals_5,NB2_GLM_known_dispersion_HC0,svi_quartile_Q4_highest,-0.050512753607147,0.950741803207549,0.7389622575263394,1.223215349850426,0.1285692235155675,432,4185.0,1.43,-0.4792581967924509,0.2296884191927516,False
3,higher_rate_5_0_kappa_10,suppressed_equals_9,NB2_GLM_known_dispersion_HC0,primary_rurality_metro_other,0.7696131394468404,2.1589308870129247,1.7146655856612651,2.7183041485613613,0.1175485059317426,432,5245.0,1.12,1.0389308870129246,1.079377387989462,False
3,higher_rate_5_0_kappa_10,suppressed_equals_9,NB2_GLM_known_dispersion_HC0,primary_rurality_nonmetro_adjacent,1.3170700453618285,3.73246937470418,2.8774927471034077,4.841481406731056,0.1327299511765093,432,5245.0,1.27,2.46246937470418,6.063755421355996,False
3,higher_rate_5_0_kappa_10,suppressed_equals_9,NB2_GLM_known_dispersion_HC0,primary_rurality_nonmetro_nonadjacent,1.4207308805264969,4.140145286282822,3.133695151821012,5.469837415923892,0.1421010268366461,432,5245.0,1.23,2.910145286282822,8.468945587274128,False
3,higher_rate_5_0_kappa_10,suppressed_equals_9,NB2_GLM_known_dispersion_HC0,svi_quartile_Q2,0.0405564025504038,1.0413900451005975,0.8084320298677752,1.341477311595387,0.1291913650392981,432,5245.0,1.1,-0.0586099548994025,0.00343512681331,True
3,higher_rate_5_0_kappa_10,suppressed_equals_9,NB2_GLM_known_dispersion_HC0,svi_quartile_Q3,-0.0629137307401314,0.9390244791417568,0.7426611866342422,1.187307197813361,0.1196947014025024,432,5245.0,1.25,-0.3109755208582432,0.0967057745730556,False
3,higher_rate_5_0_kappa_10,suppressed_equals_9,NB2_GLM_known_dispersion_HC0,svi_quartile_Q4_highest,-0.2093204267902016,0.8111352845223451,0.6124275487701305,1.0743155678062062,0.1433694920876702,432,5245.0,1.43,-0.6188647154776549,0.3829935360632387,False
3,higher_rate_5_0_kappa_10,population_favoring_feasible_allocation,NB2_GLM_known_dispersion_HC0,primary_rurality_metro_other,0.0559429267441453,1.0575373249158695,0.7624109579125511,1.466905980276444,0.1669451431488534,432,3538.0,1.12,-0.0624626750841303,0.0039015857786656,True
3,higher_rate_5_0_kappa_10,population_favoring_feasible_allocation,NB2_GLM_known_dispersion_HC0,primary_rurality_nonmetro_adjacent,0.2479133918142466,1.2813489520801409,0.8820095755811019,1.8614935511501192,0.1905437541737804,432,3538.0,1.27,0.0113489520801406,0.0001287987133173,True
3,higher_rate_5_0_kappa_10,population_favoring_feasible_allocation,NB2_GLM_known_dispersion_HC0,primary_rurality_nonmetro_nonadjacent,0.2864027130279178,1.331628611476687,0.9222616910314104,1.9227023914657395,0.1874127443742005,432,3538.0,1.23,0.1016286114766873,0.0103283746706794,True
3,higher_rate_5_0_kappa_10,population_favoring_feasible_allocation,NB2_GLM_known_dispersion_HC0,svi_quartile_Q2,0.162084841261312,1.175960007019064,0.8777429763822765,1.575497583367732,0.1492277076887534,432,3538.0,1.1,0.0759600070190638,0.0057699226663362,True
3,higher_rate_5_0_kappa_10,population_favoring_feasible_allocation,NB2_GLM_known_dispersion_HC0,svi_quartile_Q3,0.1295484068765593,1.1383142123647063,0.8629568500469031,1.5015342261910956,0.1412954061076318,432,3538.0,1.25,-0.1116857876352936,0.0124737151597159,True
3,higher_rate_5_0_kappa_10,population_favoring_feasible_allocation,NB2_GLM_known_dispersion_HC0,svi_quartile_Q4_highest,0.3494456301596181,1.4182810783606832,1.0180600891650418,1.9758374173038096,0.1691564730043758,432,3538.0,1.43,-0.0117189216393167,0.0001373331243884,True
4,baseline_rate_3_4_kappa_4,oracle_complete_counts,NB2_GLM_known_dispersion_HC0,primary_rurality_metro_other,0.0284458781417047,1.0288543258196208,0.7582525792550339,1.3960271982163772,0.1557064331488298,432,2618.0,1.12,-0.0911456741803793,0.0083075339217958,True
4,baseline_rate_3_4_kappa_4,oracle_complete_counts,NB2_GLM_known_dispersion_HC0,primary_rurality_nonmetro_adjacent,0.4006062968002348,1.4927294604316383,1.047526497842498,2.1271454675655943,0.1807013408348655,432,2618.0,1.27,0.2227294604316383,0.0496084125441687,True
4,baseline_rate_3_4_kappa_4,oracle_complete_counts,NB2_GLM_known_dispersion_HC0,primary_rurality_nonmetro_nonadjacent,0.3960235285834934,1.4859042783629757,1.0225451509940855,2.1592313281334663,0.1906779403939576,432,2618.0,1.23,0.2559042783629757,0.0654869996844753,True
4,baseline_rate_3_4_kappa_4,oracle_complete_counts,NB2_GLM_known_dispersion_HC0,svi_quartile_Q2,0.26949582046745,1.3093041599353594,0.9238963783499816,1.8554866361589428,0.1778832544589084,432,2618.0,1.1,0.2093041599353593,0.0438082313662464,True
4,baseline_rate_3_4_kappa_4,oracle_complete_counts,NB2_GLM_known_dispersion_HC0,svi_quartile_Q3,0.4100711344082279,1.5069249755167229,1.1109185989039942,2.044094755526116,0.1555530075246048,432,2618.0,1.25,0.2569249755167226,0.0660104430442685,True
4,baseline_rate_3_4_kappa_4,oracle_complete_counts,NB2_GLM_known_dispersion_HC0,svi_quartile_Q4_highest,0.3872538731019755,1.4729303812157006,0.9863559649970322,2.1995344326981967,0.2045876751869824,432,2618.0,1.43,0.0429303812157007,0.0018430176313253,True
4,baseline_rate_3_4_kappa_4,visible_exact_and_zero_only,NB2_GLM_known_dispersion_HC0,primary_rurality_metro_other,-25.22413789282654,1.1099313095354124e-11,3.752412092928951e-12,3.283081605585055e-11,0.5533083495505248,225,2192.0,1.12,-1.1199999999889008,1.2543999999751376,False
4,baseline_rate_3_4_kappa_4,visible_exact_and_zero_only,NB2_GLM_known_dispersion_HC0,primary_rurality_nonmetro_adjacent,-23.824251249200096,4.500483222254602e-11,3.1219284367906192e-12,6.487768584028428e-10,1.3613872281276926,225,2192.0,1.27,-1.2699999999549951,1.6128999998856877,False
4,baseline_rate_3_4_kappa_4,visible_exact_and_zero_only,NB2_GLM_known_dispersion_HC0,primary_rurality_nonmetro_nonadjacent,-23.78133907598925,4.6978123689556245e-11,3.6812870960567584e-12,5.995033931896355e-10,1.2991936706862277,225,2192.0,1.23,-1.2299999999530218,1.5128999998844337,False
4,baseline_rate_3_4_kappa_4,visible_exact_and_zero_only,NB2_GLM_known_dispersion_HC0,svi_quartile_Q2,0.3758603588512789,1.4562437680197189,0.343434840943234,6.174812974921166,0.737050120276494,225,2192.0,1.1,0.3562437680197186,0.126909622252887,True
4,baseline_rate_3_4_kappa_4,visible_exact_and_zero_only,NB2_GLM_known_dispersion_HC0,svi_quartile_Q3,0.7395050796554133,2.094898450020622,0.6478366411352875,6.77423788226627,0.5987866281023033,225,2192.0,1.25,0.8448984500206218,0.7138533908472492,True
4,baseline_rate_3_4_kappa_4,visible_exact_and_zero_only,NB2_GLM_known_dispersion_HC0,svi_quartile_Q4_highest,-0.3690066809183974,0.6914207911089941,0.1662597491743781,2.875396557205081,0.7271414686718038,225,2192.0,1.43,-0.7385792088910058,0.545499247806064,True
4,baseline_rate_3_4_kappa_4,suppressed_equals_1,NB2_GLM_known_dispersion_HC0,primary_rurality_metro_other,-0.7196529456308012,0.4869212147743714,0.3663631237770263,0.6471510204221514,0.1451415052702734,432,2399.0,1.12,-0.6330787852256287,0.4007887483027577,False
4,baseline_rate_3_4_kappa_4,suppressed_equals_1,NB2_GLM_known_dispersion_HC0,primary_rurality_nonmetro_adjacent,-0.1074340922635596,0.8981357145921361,0.6238424765968227,1.2930311610494067,0.1859302508005494,432,2399.0,1.27,-0.3718642854078638,0.1382830467619012,True
4,baseline_rate_3_4_kappa_4,suppressed_equals_1,NB2_GLM_known_dispersion_HC0,primary_rurality_nonmetro_nonadjacent,-0.0914643926791347,0.9125938105941211,0.6308667976388506,1.3201320250990032,0.1883653792297155,432,2399.0,1.23,-0.3174061894058787,0.1007466890731605,True
4,baseline_rate_3_4_kappa_4,suppressed_equals_1,NB2_GLM_known_dispersion_HC0,svi_quartile_Q2,0.1534023018586917,1.1657938856624446,0.7809453588111404,1.7402951032539689,0.2044144880401076,432,2399.0,1.1,0.0657938856624444,0.0043288353905628,True
4,baseline_rate_3_4_kappa_4,suppressed_equals_1,NB2_GLM_known_dispersion_HC0,svi_quartile_Q3,0.4691054331942201,1.5985635315293028,1.1276765120800405,2.2660801541586584,0.1780337251625036,432,2399.0,1.25,0.3485635315293027,0.1214965355121792,True
4,baseline_rate_3_4_kappa_4,suppressed_equals_1,NB2_GLM_known_dispersion_HC0,svi_quartile_Q4_highest,0.2715635675002357,1.3120142706731908,0.8189475646129419,2.1019434220598465,0.240458565484963,432,2399.0,1.43,-0.1179857293268091,0.013920632324779,True
4,baseline_rate_3_4_kappa_4,suppressed_equals_5,NB2_GLM_known_dispersion_HC0,primary_rurality_metro_other,0.553523797857219,1.739371424821334,1.3202055784132618,2.2916226101098616,0.1406818021240697,432,3227.0,1.12,0.619371424821334,0.3836209618852094,False
4,baseline_rate_3_4_kappa_4,suppressed_equals_5,NB2_GLM_known_dispersion_HC0,primary_rurality_nonmetro_adjacent,1.0406678164561391,2.8311070430576257,2.075357087616452,3.862066502712511,0.1584360138580446,432,3227.0,1.27,1.5611070430576257,2.4370551998841234,False
4,baseline_rate_3_4_kappa_4,suppressed_equals_5,NB2_GLM_known_dispersion_HC0,primary_rurality_nonmetro_nonadjacent,1.1060698250696863,3.022456239240587,2.097419923762336,4.355466263397376,0.1864091037906965,432,3227.0,1.23,1.792456239240587,3.2128993695925083,False
4,baseline_rate_3_4_kappa_4,suppressed_equals_5,NB2_GLM_known_dispersion_HC0,svi_quartile_Q2,0.0591261123358873,1.06090902601943,0.7767444621019549,1.449032489325633,0.15906631257456,432,3227.0,1.1,-0.03909097398057,0.0015281042467496,True
4,baseline_rate_3_4_kappa_4,suppressed_equals_5,NB2_GLM_known_dispersion_HC0,svi_quartile_Q3,0.2085983320624721,1.2319500642958396,0.9001837434560478,1.685990190282331,0.1600789332461138,432,3227.0,1.25,-0.0180499357041603,0.0003258001789243,True
4,baseline_rate_3_4_kappa_4,suppressed_equals_5,NB2_GLM_known_dispersion_HC0,svi_quartile_Q4_highest,-0.020076770079203,0.9801234262653684,0.6625158502020893,1.4499908650051732,0.1998132788241881,432,3227.0,1.43,-0.4498765737346315,0.2023889315952113,True
4,baseline_rate_3_4_kappa_4,suppressed_equals_9,NB2_GLM_known_dispersion_HC0,primary_rurality_metro_other,0.7849218213549455,2.192235548028893,1.5895828004286283,3.023369840656076,0.1640052189900643,432,4055.0,1.12,1.072235548028893,1.1496890704568206,False
4,baseline_rate_3_4_kappa_4,suppressed_equals_9,NB2_GLM_known_dispersion_HC0,primary_rurality_nonmetro_adjacent,1.2690370605768957,3.5574253274180085,2.496252400291094,5.069709681072058,0.1807380067707622,432,4055.0,1.27,2.2874253274180085,5.232314628513383,False
4,baseline_rate_3_4_kappa_4,suppressed_equals_9,NB2_GLM_known_dispersion_HC0,primary_rurality_nonmetro_nonadjacent,1.3564174210277204,3.8822598553392393,2.5558344241145066,5.897072768945301,0.2132850336268496,432,4055.0,1.23,2.65225985533924,7.034482340244123,False
4,baseline_rate_3_4_kappa_4,suppressed_equals_9,NB2_GLM_known_dispersion_HC0,svi_quartile_Q2,0.0476540408412015,1.0488077479063107,0.7412572848983553,1.483962066179416,0.1770722151548815,432,4055.0,1.1,-0.0511922520936893,0.0026206466744238,True
4,baseline_rate_3_4_kappa_4,suppressed_equals_9,NB2_GLM_known_dispersion_HC0,svi_quartile_Q3,0.1875438079813224,1.2062830930906967,0.8468027263262139,1.7183682284413229,0.180526187828887,432,4055.0,1.25,-0.0437169069093033,0.0019111679497166,True
4,baseline_rate_3_4_kappa_4,suppressed_equals_9,NB2_GLM_known_dispersion_HC0,svi_quartile_Q4_highest,-0.0513706347123512,0.9499265295325908,0.618689054842611,1.4585039196133582,0.2187662410521014,432,4055.0,1.43,-0.4800734704674091,0.2304705370466223,True
4,baseline_rate_3_4_kappa_4,population_favoring_feasible_allocation,NB2_GLM_known_dispersion_HC0,primary_rurality_metro_other,0.1926497322743797,1.21245803421567,0.8620213604421713,1.7053573753440017,0.1740433473492443,432,2618.0,1.12,0.0924580342156697,0.0085484880910259,True
4,baseline_rate_3_4_kappa_4,population_favoring_feasible_allocation,NB2_GLM_known_dispersion_HC0,primary_rurality_nonmetro_adjacent,0.279971954065427,1.3230927044456535,0.8825225680830583,1.9836028764224864,0.2066035059532875,432,2618.0,1.27,0.0530927044456537,0.0028188352653535,True
4,baseline_rate_3_4_kappa_4,population_favoring_feasible_allocation,NB2_GLM_known_dispersion_HC0,primary_rurality_nonmetro_nonadjacent,0.2720573853851187,1.3126623267829505,0.8742975584726798,1.9708191650052196,0.207342801395555,432,2618.0,1.23,0.0826623267829502,0.0068330602691712,True
4,baseline_rate_3_4_kappa_4,population_favoring_feasible_allocation,NB2_GLM_known_dispersion_HC0,svi_quartile_Q2,0.194492075131792,1.2146938565581735,0.8209435160266949,1.7972992494068127,0.1998944112353691,432,2618.0,1.1,0.1146938565581734,0.0131546807321868,True
4,baseline_rate_3_4_kappa_4,population_favoring_feasible_allocation,NB2_GLM_known_dispersion_HC0,svi_quartile_Q3,0.2423342255676625,1.2742199985569929,0.9161256625573004,1.77228591129116,0.1683346750443412,432,2618.0,1.25,0.0242199985569928,0.0005866083301007,True
4,baseline_rate_3_4_kappa_4,population_favoring_feasible_allocation,NB2_GLM_known_dispersion_HC0,svi_quartile_Q4_highest,0.3230928235961094,1.3813935708735097,0.9035352433088436,2.111979816816503,0.2165984621278891,432,2618.0,1.43,-0.0486064291264902,0.0023625849524285,True
5,baseline_rate_3_4_kappa_10,oracle_complete_counts,NB2_GLM_known_dispersion_HC0,primary_rurality_metro_other,0.1067578276997471,1.1126647652636168,0.8506452019973268,1.455392773570279,0.1369989714109326,432,2718.0,1.12,-0.0073352347363833,5.380566863784435e-05,True
5,baseline_rate_3_4_kappa_10,oracle_complete_counts,NB2_GLM_known_dispersion_HC0,primary_rurality_nonmetro_adjacent,0.2335840584389556,1.2631189992398426,0.9169105783153988,1.740049295943287,0.1634333598918652,432,2718.0,1.27,-0.0068810007601574,4.734817146128682e-05,True
5,baseline_rate_3_4_kappa_10,oracle_complete_counts,NB2_GLM_known_dispersion_HC0,primary_rurality_nonmetro_nonadjacent,0.2017335170803725,1.2235219169717657,0.8499908149081163,1.7612024213133288,0.1858485982790734,432,2718.0,1.23,-0.0064780830282344,4.196555972069979e-05,True
5,baseline_rate_3_4_kappa_10,oracle_complete_counts,NB2_GLM_known_dispersion_HC0,svi_quartile_Q2,-0.0866750742074911,0.9169749960600708,0.7076718466081687,1.188182273223784,0.1321937306216955,432,2718.0,1.1,-0.1830250039399292,0.0334981520672111,True
5,baseline_rate_3_4_kappa_10,oracle_complete_counts,NB2_GLM_known_dispersion_HC0,svi_quartile_Q3,0.1112254626733678,1.1176468661000003,0.8731703938385748,1.4305736040955177,0.125943889242727,432,2718.0,1.25,-0.1323531338999994,0.0175173520531511,True
5,baseline_rate_3_4_kappa_10,oracle_complete_counts,NB2_GLM_known_dispersion_HC0,svi_quartile_Q4_highest,0.1059750868118658,1.1117941778239824,0.8322793828157959,1.4851819225190177,0.1477358085134038,432,2718.0,1.43,-0.3182058221760175,0.1012549452667153,True
5,baseline_rate_3_4_kappa_10,visible_exact_and_zero_only,NB2_GLM_known_dispersion_HC0,primary_rurality_metro_other,-49.12982074995125,4.60457924292266e-22,0.0,inf,399.02394252536135,208,2231.0,1.12,-1.12,1.2544000000000002,True
5,baseline_rate_3_4_kappa_10,visible_exact_and_zero_only,NB2_GLM_known_dispersion_HC0,primary_rurality_nonmetro_adjacent,-55.4220780387796,8.521132768658712e-25,0.0,inf,114899.66825584676,208,2231.0,1.27,-1.27,1.6129,True
5,baseline_rate_3_4_kappa_10,visible_exact_and_zero_only,NB2_GLM_known_dispersion_HC0,primary_rurality_nonmetro_nonadjacent,-58.94235119003566,2.5215183194571726e-26,0.0,inf,21266.43881573119,208,2231.0,1.23,-1.23,1.5129,True
5,baseline_rate_3_4_kappa_10,visible_exact_and_zero_only,NB2_GLM_known_dispersion_HC0,svi_quartile_Q2,-3.724959136853308,0.024114085784109,0.0054012144269162,0.1076589609747018,0.7633532244745205,208,2231.0,1.1,-1.075885914215891,1.1575305004081635,False
5,baseline_rate_3_4_kappa_10,visible_exact_and_zero_only,NB2_GLM_known_dispersion_HC0,svi_quartile_Q3,24.6822671704067,52404964722.96502,0.0,inf,492.2066386563459,208,2231.0,1.25,52404964721.71502,2.7462803274841955e+21,True
5,baseline_rate_3_4_kappa_10,visible_exact_and_zero_only,NB2_GLM_known_dispersion_HC0,svi_quartile_Q4_highest,2.0587501777405244,7.836169867971054,0.9223950330292184,66.57186563335746,1.0915978941919398,208,2231.0,1.43,6.406169867971054,41.039012377300274,True
5,baseline_rate_3_4_kappa_10,suppressed_equals_1,NB2_GLM_known_dispersion_HC0,primary_rurality_metro_other,-0.9135945863043348,0.4010799133755842,0.3019497450171363,0.5327545380249838,0.1448469879480494,432,2455.0,1.12,-0.7189200866244159,0.5168460909520576,False
5,baseline_rate_3_4_kappa_10,suppressed_equals_1,NB2_GLM_known_dispersion_HC0,primary_rurality_nonmetro_adjacent,-0.257144267799547,0.7732566496827554,0.5452850424005772,1.096538140210623,0.178215479420529,432,2455.0,1.27,-0.4967433503172446,0.2467539560844008,False
5,baseline_rate_3_4_kappa_10,suppressed_equals_1,NB2_GLM_known_dispersion_HC0,primary_rurality_nonmetro_nonadjacent,-0.3980911443234443,0.6716008122706754,0.4740406884115895,0.9514956459834631,0.1777402939372062,432,2455.0,1.23,-0.5583991877293246,0.3118096528567695,False
5,baseline_rate_3_4_kappa_10,suppressed_equals_1,NB2_GLM_known_dispersion_HC0,svi_quartile_Q2,0.0408111791076852,1.0416554006728296,0.7522659945634759,1.4423700946106204,0.1660594288305948,432,2455.0,1.1,-0.0583445993271705,0.003404092270648,True
5,baseline_rate_3_4_kappa_10,suppressed_equals_1,NB2_GLM_known_dispersion_HC0,svi_quartile_Q3,0.490070896583409,1.6324319497007902,1.2230326326795458,2.1788740538881046,0.1473149784433803,432,2455.0,1.25,0.3824319497007902,0.1462541961519477,True
5,baseline_rate_3_4_kappa_10,suppressed_equals_1,NB2_GLM_known_dispersion_HC0,svi_quartile_Q4_highest,0.4809714187525034,1.6176450499274433,1.113359803119716,2.350341282505766,0.1906066966619392,432,2455.0,1.43,0.1876450499274433,0.0352106647622727,True
5,baseline_rate_3_4_kappa_10,suppressed_equals_5,NB2_GLM_known_dispersion_HC0,primary_rurality_metro_other,0.6305909431416529,1.8787204682672023,1.459189440920487,2.418870709247729,0.1289335913475476,432,3351.0,1.12,0.7587204682672022,0.5756567489676025,False
5,baseline_rate_3_4_kappa_10,suppressed_equals_5,NB2_GLM_known_dispersion_HC0,primary_rurality_nonmetro_adjacent,1.1805662382669873,3.256217475915055,2.4773634259507333,4.279934118420892,0.1394751930183322,432,3351.0,1.27,1.9862174759150548,3.945059861630372,False
5,baseline_rate_3_4_kappa_10,suppressed_equals_5,NB2_GLM_known_dispersion_HC0,primary_rurality_nonmetro_nonadjacent,1.1159849205102517,3.052573241060384,2.272648152423105,4.100152230824993,0.1505301948878772,432,3351.0,1.23,1.822573241060384,3.3217732190293523,False
5,baseline_rate_3_4_kappa_10,suppressed_equals_5,NB2_GLM_known_dispersion_HC0,svi_quartile_Q2,-0.2170821171949176,0.8048638734276582,0.6005485433151488,1.0786902440441444,0.1494029007011706,432,3351.0,1.1,-0.2951361265723419,0.0871053332081254,False
5,baseline_rate_3_4_kappa_10,suppressed_equals_5,NB2_GLM_known_dispersion_HC0,svi_quartile_Q3,-0.1774119954572509,0.837434694150308,0.6516332544935418,1.0762140546551409,0.1279904964106608,432,3351.0,1.25,-0.412565305849692,0.1702101315908498,False
5,baseline_rate_3_4_kappa_10,suppressed_equals_5,NB2_GLM_known_dispersion_HC0,svi_quartile_Q4_highest,-0.3563015967024215,0.700261391857345,0.5205301039308473,0.9420512151418846,0.1513295710890482,432,3351.0,1.43,-0.7297386081426549,0.5325184362139792,False
5,baseline_rate_3_4_kappa_10,suppressed_equals_9,NB2_GLM_known_dispersion_HC0,primary_rurality_metro_other,0.9676942995919604,2.631869156343637,1.981483003674876,3.4957328643579504,0.1448207874922823,432,4247.0,1.12,1.511869156343637,2.285748345903221,False
5,baseline_rate_3_4_kappa_10,suppressed_equals_9,NB2_GLM_known_dispersion_HC0,primary_rurality_nonmetro_adjacent,1.5227907196329138,4.58500281484463,3.4230392788846173,6.141399235998015,0.1491132067155612,432,4247.0,1.27,3.31500281484463,10.98924366242782,False
5,baseline_rate_3_4_kappa_10,suppressed_equals_9,NB2_GLM_known_dispersion_HC0,primary_rurality_nonmetro_nonadjacent,1.5095045798701046,4.524488716187308,3.2852302559862454,6.231221725054021,0.1632999169609401,432,4247.0,1.23,3.2944887161873075,10.853655901085494,False
5,baseline_rate_3_4_kappa_10,suppressed_equals_9,NB2_GLM_known_dispersion_HC0,svi_quartile_Q2,-0.2921331874628759,0.7466690823898275,0.5349912071250179,1.0421007133797358,0.1700876428768651,432,4247.0,1.1,-0.3533309176101725,0.1248427373392465,False
5,baseline_rate_3_4_kappa_10,suppressed_equals_9,NB2_GLM_known_dispersion_HC0,svi_quartile_Q3,-0.3449803052690204,0.7082343018144898,0.5384008553356321,0.931640099185893,0.1398834728172651,432,4247.0,1.25,-0.5417656981855102,0.2935100717304333,False
5,baseline_rate_3_4_kappa_10,suppressed_equals_9,NB2_GLM_known_dispersion_HC0,svi_quartile_Q4_highest,-0.5819225235144521,0.5588229828464469,0.4062659157110124,0.768666811762608,0.1626657374777254,432,4247.0,1.43,-0.871177017153553,0.758949395216562,False
5,baseline_rate_3_4_kappa_10,population_favoring_feasible_allocation,NB2_GLM_known_dispersion_HC0,primary_rurality_metro_other,0.1449717249270739,1.1560068836269777,0.8098815030705633,1.6500585702060702,0.1815505405357124,432,2718.0,1.12,0.0360068836269775,0.0012964956685267,True
5,baseline_rate_3_4_kappa_10,population_favoring_feasible_allocation,NB2_GLM_known_dispersion_HC0,primary_rurality_nonmetro_adjacent,0.2566621728245343,1.2926083747539328,0.8583784804296178,1.9465031435174736,0.2088634337762358,432,2718.0,1.27,0.0226083747539327,0.0005111386090142,True
5,baseline_rate_3_4_kappa_10,population_favoring_feasible_allocation,NB2_GLM_known_dispersion_HC0,primary_rurality_nonmetro_nonadjacent,0.1940264763899052,1.214128428268347,0.7807651474005406,1.88802976828208,0.2252588562794203,432,2718.0,1.23,-0.0158715717316528,0.000251906789233,True
5,baseline_rate_3_4_kappa_10,population_favoring_feasible_allocation,NB2_GLM_known_dispersion_HC0,svi_quartile_Q2,0.0284428480173797,1.0288512082678245,0.743392543212634,1.423924437255739,0.1658030101222309,432,2718.0,1.1,-0.0711487917321755,0.0050621505649484,True
5,baseline_rate_3_4_kappa_10,population_favoring_feasible_allocation,NB2_GLM_known_dispersion_HC0,svi_quartile_Q3,0.1149927159633648,1.1218652658344808,0.8240040057488042,1.5273975197998564,0.1574350018888828,432,2718.0,1.25,-0.1281347341655192,0.0164185100996682,True
5,baseline_rate_3_4_kappa_10,population_favoring_feasible_allocation,NB2_GLM_known_dispersion_HC0,svi_quartile_Q4_highest,0.1648178009695078,1.1791782540032574,0.820813562366425,1.6940038742847248,0.1848352460820108,432,2718.0,1.43,-0.2508217459967425,0.0629115482648544,True
6,lower_rate_2_4_kappa_10,oracle_complete_counts,NB2_GLM_known_dispersion_HC0,primary_rurality_metro_other,0.261341212745155,1.2986707128416617,0.9911212682285764,1.7016541511686252,0.1378875486373877,432,1953.0,1.12,0.1786707128416613,0.0319232236273474,True
6,lower_rate_2_4_kappa_10,oracle_complete_counts,NB2_GLM_known_dispersion_HC0,primary_rurality_nonmetro_adjacent,0.2502569773477088,1.284355424534167,0.8483605768702499,1.9444195092326044,0.2115849501735113,432,1953.0,1.27,0.014355424534167,0.0002060782135561,True
6,lower_rate_2_4_kappa_10,oracle_complete_counts,NB2_GLM_known_dispersion_HC0,primary_rurality_nonmetro_nonadjacent,-0.0455166229888871,0.9555037191122352,0.6387072245615605,1.4294301397076443,0.2055063694571704,432,1953.0,1.23,-0.2744962808877649,0.0753482082212147,True
6,lower_rate_2_4_kappa_10,oracle_complete_counts,NB2_GLM_known_dispersion_HC0,svi_quartile_Q2,0.0254121540457008,1.0257377953970672,0.7612799729450798,1.3820644996554234,0.1521256333938624,432,1953.0,1.1,-0.0742622046029328,0.0055148750324878,True
6,lower_rate_2_4_kappa_10,oracle_complete_counts,NB2_GLM_known_dispersion_HC0,svi_quartile_Q3,0.1154432101994472,1.1223707735260018,0.8731118967672724,1.442788900173619,0.1281299829410949,432,1953.0,1.25,-0.1276292264739982,0.0162892194503511,True
6,lower_rate_2_4_kappa_10,oracle_complete_counts,NB2_GLM_known_dispersion_HC0,svi_quartile_Q4_highest,0.4807823215863628,1.617339186752522,1.1666829356799884,2.2420710589040427,0.1666416821366182,432,1953.0,1.43,0.187339186752522,0.0350959708930963,True
6,lower_rate_2_4_kappa_10,visible_exact_and_zero_only,NB2_GLM_known_dispersion_HC0,primary_rurality_metro_other,-26.406899722275146,3.4011764744023897e-12,6.049902300728018e-13,1.9120972265347543e-11,0.8809512058036174,255,1575.0,1.12,-1.1199999999965988,1.2543999999923814,False
6,lower_rate_2_4_kappa_10,visible_exact_and_zero_only,NB2_GLM_known_dispersion_HC0,primary_rurality_nonmetro_adjacent,-22.333683943646555,1.9980405719348712e-10,,,,255,1575.0,1.27,-1.269999999800196,1.612899999492498,False
6,lower_rate_2_4_kappa_10,visible_exact_and_zero_only,NB2_GLM_known_dispersion_HC0,primary_rurality_nonmetro_nonadjacent,-49.086156590494575,4.810088366556717e-22,,,,255,1575.0,1.23,-1.23,1.5129,False
6,lower_rate_2_4_kappa_10,visible_exact_and_zero_only,NB2_GLM_known_dispersion_HC0,svi_quartile_Q2,1.111112565772716,3.03773619639248,0.7538201655771801,12.241435849368044,0.7110785777481273,255,1575.0,1.1,1.93773619639248,3.754821566809595,True
6,lower_rate_2_4_kappa_10,visible_exact_and_zero_only,NB2_GLM_known_dispersion_HC0,svi_quartile_Q3,-0.0027387591917085,0.9972649877877744,0.3113256035788604,3.1945251030901103,0.5939679583893226,255,1575.0,1.25,-0.2527350122122255,0.0638749863979137,True
6,lower_rate_2_4_kappa_10,visible_exact_and_zero_only,NB2_GLM_known_dispersion_HC0,svi_quartile_Q4_highest,27.44315817149689,828728281275.1165,,,,255,1575.0,1.43,828728281273.6864,6.867905641828383e+23,False
6,lower_rate_2_4_kappa_10,suppressed_equals_1,NB2_GLM_known_dispersion_HC0,primary_rurality_metro_other,-0.5075658837779367,0.6019590352308626,0.4354799967243652,0.8320811123855623,0.1651737406699571,432,1752.0,1.12,-0.5180409647691375,0.2683664411789387,False
6,lower_rate_2_4_kappa_10,suppressed_equals_1,NB2_GLM_known_dispersion_HC0,primary_rurality_nonmetro_adjacent,0.0632644538668191,1.0653085269422669,0.6903869971054762,1.643834924953717,0.2213099117926488,432,1752.0,1.27,-0.2046914730577331,0.0418985991425447,True
6,lower_rate_2_4_kappa_10,suppressed_equals_1,NB2_GLM_known_dispersion_HC0,primary_rurality_nonmetro_nonadjacent,-0.4087603069378412,0.6644734829196669,0.4358842571247356,1.012940940826507,0.2151113414528844,432,1752.0,1.23,-0.5655265170803331,0.3198202415210122,False
6,lower_rate_2_4_kappa_10,suppressed_equals_1,NB2_GLM_known_dispersion_HC0,svi_quartile_Q2,0.0350734803633751,1.0356958093080566,0.7491181086473808,1.431904791829278,0.1652714794959376,432,1752.0,1.1,-0.0643041906919434,0.0041350289405458,True
6,lower_rate_2_4_kappa_10,suppressed_equals_1,NB2_GLM_known_dispersion_HC0,svi_quartile_Q3,0.4668610095079778,1.5949797009966862,1.1914931816419705,2.135102647491195,0.1488029155444321,432,1752.0,1.25,0.3449797009966862,0.119010994099763,True
6,lower_rate_2_4_kappa_10,suppressed_equals_1,NB2_GLM_known_dispersion_HC0,svi_quartile_Q4_highest,0.741306041020731,2.098674680595387,1.4360232738322671,3.0671058716326938,0.193585899552016,432,1752.0,1.43,0.6686746805953871,0.447125828469343,False
6,lower_rate_2_4_kappa_10,suppressed_equals_5,NB2_GLM_known_dispersion_HC0,primary_rurality_metro_other,0.9876165399636768,2.684827660758764,2.016555170554417,3.574561050067168,0.1460335946152169,432,2460.0,1.12,1.5648276607587637,2.448685607875744,False
6,lower_rate_2_4_kappa_10,suppressed_equals_5,NB2_GLM_known_dispersion_HC0,primary_rurality_nonmetro_adjacent,1.2162736911785754,3.3745895130974404,2.342409339700573,4.861598777335354,0.1862722750847501,432,2460.0,1.27,2.1045895130974404,4.429297018639721,False
6,lower_rate_2_4_kappa_10,suppressed_equals_5,NB2_GLM_known_dispersion_HC0,primary_rurality_nonmetro_nonadjacent,0.9994555418357404,2.71680224054819,1.824920858965688,4.044566852302304,0.2030198574958572,432,2460.0,1.23,1.4868022405481909,2.21058090249912,False
6,lower_rate_2_4_kappa_10,suppressed_equals_5,NB2_GLM_known_dispersion_HC0,svi_quartile_Q2,-0.2038628608206128,0.8155742106963123,0.5790091870190419,1.1487922956411358,0.1747826906476692,432,2460.0,1.1,-0.2844257893036878,0.0808980296210258,True
6,lower_rate_2_4_kappa_10,suppressed_equals_5,NB2_GLM_known_dispersion_HC0,svi_quartile_Q3,-0.242202505391389,0.7848972155392074,0.5990646609770862,1.0283758650633628,0.1378485883124807,432,2460.0,1.25,-0.4651027844607925,0.2163206001131824,False
6,lower_rate_2_4_kappa_10,suppressed_equals_5,NB2_GLM_known_dispersion_HC0,svi_quartile_Q4_highest,-0.3148721991996142,0.729882147831392,0.5227596159307496,1.0190686760959304,0.1702864014026194,432,2460.0,1.43,-0.7001178521686079,0.4901650069251846,False
6,lower_rate_2_4_kappa_10,suppressed_equals_9,NB2_GLM_known_dispersion_HC0,primary_rurality_metro_other,1.291365041914364,3.637748847765107,2.6265351070773626,5.038279002537844,0.166173221482193,432,3168.0,1.12,2.517748847765107,6.339059260422524,False
6,lower_rate_2_4_kappa_10,suppressed_equals_9,NB2_GLM_known_dispersion_HC0,primary_rurality_nonmetro_adjacent,1.4921238336000089,4.446529185776593,3.02076358401088,6.545239721709992,0.1972521386656997,432,3168.0,1.27,3.176529185776593,10.090337668090504,False
6,lower_rate_2_4_kappa_10,suppressed_equals_9,NB2_GLM_known_dispersion_HC0,primary_rurality_nonmetro_nonadjacent,1.3351317083534626,3.8004964705894206,2.4738939766245767,5.838477137435767,0.2190501481347359,432,3168.0,1.23,2.5704964705894207,6.607452105312668,False
6,lower_rate_2_4_kappa_10,suppressed_equals_9,NB2_GLM_known_dispersion_HC0,svi_quartile_Q2,-0.2399888312650601,0.7866366467536924,0.5315391035778916,1.1641612251114748,0.1999947349636149,432,3168.0,1.1,-0.3133633532463077,0.0981965911577702,True
6,lower_rate_2_4_kappa_10,suppressed_equals_9,NB2_GLM_known_dispersion_HC0,svi_quartile_Q3,-0.4169277148891133,0.6590685590661743,0.4834278127057505,0.8985237384634167,0.1581252866763035,432,3168.0,1.25,-0.5909314409338257,0.3491999678841275,False
6,lower_rate_2_4_kappa_10,suppressed_equals_9,NB2_GLM_known_dispersion_HC0,svi_quartile_Q4_highest,-0.5732191942740338,0.5637078296334928,0.3892196201886043,0.8164195757555147,0.1889756755523408,432,3168.0,1.43,-0.8662921703665072,0.7504621244383135,False
6,lower_rate_2_4_kappa_10,population_favoring_feasible_allocation,NB2_GLM_known_dispersion_HC0,primary_rurality_metro_other,0.4389501863165596,1.55107802055375,1.07651352721316,2.234846999157642,0.1863380523739639,432,1953.0,1.12,0.4310780205537499,0.1858282598045392,True
6,lower_rate_2_4_kappa_10,population_favoring_feasible_allocation,NB2_GLM_known_dispersion_HC0,primary_rurality_nonmetro_adjacent,0.3755756036893444,1.4558291541242652,0.9098394229871324,2.329464378494125,0.239827937238303,432,1953.0,1.27,0.1858291541242651,0.0345324745225398,True
6,lower_rate_2_4_kappa_10,population_favoring_feasible_allocation,NB2_GLM_known_dispersion_HC0,primary_rurality_nonmetro_nonadjacent,-0.0720891856227129,0.9304479095344556,0.5497849450966851,1.5746762803859438,0.2684382145469102,432,1953.0,1.23,-0.2995520904655444,0.0897314549022777,True
6,lower_rate_2_4_kappa_10,population_favoring_feasible_allocation,NB2_GLM_known_dispersion_HC0,svi_quartile_Q2,0.1711091631064375,1.1866202771073495,0.7958575752650763,1.769245812070506,0.203798060101869,432,1953.0,1.1,0.0866202771073496,0.007503072406154,True
6,lower_rate_2_4_kappa_10,population_favoring_feasible_allocation,NB2_GLM_known_dispersion_HC0,svi_quartile_Q3,0.169520758271763,1.1847369398692331,0.8519199418874329,1.6475745521122895,0.1682568774287844,432,1953.0,1.25,-0.0652630601307668,0.004259267017632,True
6,lower_rate_2_4_kappa_10,population_favoring_feasible_allocation,NB2_GLM_known_dispersion_HC0,svi_quartile_Q4_highest,0.4897803803010017,1.6319577705212014,1.073043427813959,2.481992895842314,0.2139191041866779,432,1953.0,1.43,0.2019577705212014,0.0407869410738942,True
7,higher_rate_5_0_kappa_10,oracle_complete_counts,NB2_GLM_known_dispersion_HC0,primary_rurality_metro_other,0.1018386576637545,1.107204818304053,0.8767342043592153,1.3982601609249352,0.1190765632227224,432,3640.0,1.12,-0.012795181695947,0.0001637166746322,True
7,higher_rate_5_0_kappa_10,oracle_complete_counts,NB2_GLM_known_dispersion_HC0,primary_rurality_nonmetro_adjacent,0.0602992880893417,1.062154389137447,0.8206243881264361,1.374772627632561,0.1316270753232969,432,3640.0,1.27,-0.207845610862553,0.0431997979548278,True
7,higher_rate_5_0_kappa_10,oracle_complete_counts,NB2_GLM_known_dispersion_HC0,primary_rurality_nonmetro_nonadjacent,0.1864188970435073,1.2049268949892304,0.8890427306245502,1.6330472903686732,0.1551167733278032,432,3640.0,1.23,-0.0250731050107695,0.000628660594881,True
7,higher_rate_5_0_kappa_10,oracle_complete_counts,NB2_GLM_known_dispersion_HC0,svi_quartile_Q2,0.1149511273802002,1.1218186100177543,0.9008712797834943,1.3969553942097206,0.1119102156557678,432,3640.0,1.1,0.0218186100177544,0.0004760517431068,True
7,higher_rate_5_0_kappa_10,oracle_complete_counts,NB2_GLM_known_dispersion_HC0,svi_quartile_Q3,0.1182045433674801,1.1254742961276991,0.9127340726809968,1.38780004949684,0.1068955366232231,432,3640.0,1.25,-0.1245257038723008,0.0155066509248919,True
7,higher_rate_5_0_kappa_10,oracle_complete_counts,NB2_GLM_known_dispersion_HC0,svi_quartile_Q4_highest,0.1078900474409346,1.113925259719871,0.8520108588872486,1.456354072602481,0.1367581910725245,432,3640.0,1.43,-0.3160747402801289,0.0999032414431509,True
7,higher_rate_5_0_kappa_10,visible_exact_and_zero_only,NB2_GLM_known_dispersion_HC0,primary_rurality_metro_other,-0.9303280519803356,0.3944242974738042,0.1213605670514612,1.2818869441483118,0.6013577650501548,185,3043.0,1.12,-0.725575702526196,0.5264601000963828,True
7,higher_rate_5_0_kappa_10,visible_exact_and_zero_only,NB2_GLM_known_dispersion_HC0,primary_rurality_nonmetro_adjacent,-27.35596176175225,1.316608818780459e-12,1.0030446577039018e-13,1.7281970133399495e-11,1.3135736811480647,185,3043.0,1.27,-1.2699999999986835,1.6128999999966562,False
7,higher_rate_5_0_kappa_10,visible_exact_and_zero_only,NB2_GLM_known_dispersion_HC0,primary_rurality_nonmetro_nonadjacent,-29.241632195947098,1.9976550406152218e-13,1.5603212628523313e-18,2.5575666731608697e-08,6.000003949061575,185,3043.0,1.23,-1.2299999999998,1.5128999999995083,False
7,higher_rate_5_0_kappa_10,visible_exact_and_zero_only,NB2_GLM_known_dispersion_HC0,svi_quartile_Q2,0.1184639129169106,1.1257662477488248,0.487641892916232,2.598935126330863,0.4268560619486304,185,3043.0,1.1,0.0257662477488247,0.0006638995230538,True
7,higher_rate_5_0_kappa_10,visible_exact_and_zero_only,NB2_GLM_known_dispersion_HC0,svi_quartile_Q3,0.663143440732601,1.940883808513104,0.8091332975088616,4.655635813958177,0.4463954326457668,185,3043.0,1.25,0.6908838085131042,0.4773204368655716,True
7,higher_rate_5_0_kappa_10,visible_exact_and_zero_only,NB2_GLM_known_dispersion_HC0,svi_quartile_Q4_highest,1.1676349075161674,3.2143813322257397,1.0896308669735024,9.482337241105872,0.5519366952980267,185,3043.0,1.43,1.7843813322257394,3.1840167387957043,True
7,higher_rate_5_0_kappa_10,suppressed_equals_1,NB2_GLM_known_dispersion_HC0,primary_rurality_metro_other,-0.5777317202025939,0.5611698141732011,0.3883613694585379,0.8108725148905562,0.1877996367465766,432,3290.0,1.12,-0.558830185826799,0.3122911765912147,False
7,higher_rate_5_0_kappa_10,suppressed_equals_1,NB2_GLM_known_dispersion_HC0,primary_rurality_nonmetro_adjacent,-0.4303633884332316,0.6502727501876182,0.4747200064066174,0.8907453739676096,0.1605442451585831,432,3290.0,1.27,-0.6197272498123818,0.3840618641600183,False
7,higher_rate_5_0_kappa_10,suppressed_equals_1,NB2_GLM_known_dispersion_HC0,primary_rurality_nonmetro_nonadjacent,-0.405034739478043,0.666953640834658,0.4631646667971911,0.9604082325592966,0.1860397432740786,432,3290.0,1.23,-0.563046359165342,0.3170212025693472,False
7,higher_rate_5_0_kappa_10,suppressed_equals_1,NB2_GLM_known_dispersion_HC0,svi_quartile_Q2,0.4347627556698747,1.544596568700935,1.169610155025253,2.039806639667208,0.1418838077638055,432,3290.0,1.1,0.444596568700935,0.1976661089006452,False
7,higher_rate_5_0_kappa_10,suppressed_equals_1,NB2_GLM_known_dispersion_HC0,svi_quartile_Q3,0.6140908016530809,1.847975659105576,1.4130218755853547,2.4168161127951344,0.1369184777605559,432,3290.0,1.25,0.5979756591055758,0.3575748888827478,False
7,higher_rate_5_0_kappa_10,suppressed_equals_1,NB2_GLM_known_dispersion_HC0,svi_quartile_Q4_highest,0.3884325537874683,1.474667519371596,0.9665756921823966,2.24984376317133,0.2155246027690662,432,3290.0,1.43,0.0446675193715959,0.0019951872868119,True
7,higher_rate_5_0_kappa_10,suppressed_equals_5,NB2_GLM_known_dispersion_HC0,primary_rurality_metro_other,0.6842334128366341,1.982251684251665,1.6351409221952355,2.4030477657199767,0.098216541457421,432,4278.0,1.12,0.862251684251665,0.7434779669948329,False
7,higher_rate_5_0_kappa_10,suppressed_equals_5,NB2_GLM_known_dispersion_HC0,primary_rurality_nonmetro_adjacent,1.1161188468772345,3.052982088481621,2.3661886016817517,3.9391194877555327,0.130019577138816,432,4278.0,1.27,1.7829820884816208,3.179025127846282,False
7,higher_rate_5_0_kappa_10,suppressed_equals_5,NB2_GLM_known_dispersion_HC0,primary_rurality_nonmetro_nonadjacent,1.0907440152081938,2.9764878011281293,2.1772382098885155,4.069136574044515,0.1595340906995858,432,4278.0,1.23,1.7464878011281293,3.050219639489368,False
7,higher_rate_5_0_kappa_10,suppressed_equals_5,NB2_GLM_known_dispersion_HC0,svi_quartile_Q2,0.119975036168331,1.1274687052890866,0.8950090255024679,1.420304874235868,0.1178043431460001,432,4278.0,1.1,0.0274687052890865,0.0007545297702586,True
7,higher_rate_5_0_kappa_10,suppressed_equals_5,NB2_GLM_known_dispersion_HC0,svi_quartile_Q3,0.0557573822570034,1.057341122897949,0.8594321425689284,1.3008243406272555,0.1057350966447248,432,4278.0,1.25,-0.1926588771020509,0.0371174429262231,True
7,higher_rate_5_0_kappa_10,suppressed_equals_5,NB2_GLM_known_dispersion_HC0,svi_quartile_Q4_highest,-0.2674654121745285,0.7653168008089867,0.5816038258985803,1.0070597535970094,0.1400512052958746,432,4278.0,1.43,-0.6646831991910133,0.4418037552868002,False
7,higher_rate_5_0_kappa_10,suppressed_equals_9,NB2_GLM_known_dispersion_HC0,primary_rurality_metro_other,1.0132130042566392,2.7544368299193445,2.2094531867467007,3.4338461188161484,0.112483645996678,432,5266.0,1.12,1.6344368299193444,2.671383750996796,False
7,higher_rate_5_0_kappa_10,suppressed_equals_9,NB2_GLM_known_dispersion_HC0,primary_rurality_nonmetro_adjacent,1.5350727843175576,4.641663357959362,3.4976523101469352,6.159857189383551,0.1443779639885189,432,5266.0,1.27,3.371663357959362,11.3681137994058,False
7,higher_rate_5_0_kappa_10,suppressed_equals_9,NB2_GLM_known_dispersion_HC0,primary_rurality_nonmetro_nonadjacent,1.494524251205959,4.457215533436805,3.138009608536642,6.331010031793648,0.1790487422989668,432,5266.0,1.23,3.2272155334368047,10.4149200992558,False
7,higher_rate_5_0_kappa_10,suppressed_equals_9,NB2_GLM_known_dispersion_HC0,svi_quartile_Q2,0.029948540561367,1.0304015087059992,0.7787109222569912,1.363442117989462,0.1428897606062421,432,5266.0,1.1,-0.0695984912940008,0.0048439499904011,True
7,higher_rate_5_0_kappa_10,suppressed_equals_9,NB2_GLM_known_dispersion_HC0,svi_quartile_Q3,-0.1113043336114636,0.894666430427469,0.7086538301329917,1.1295049680090128,0.1189203004806457,432,5266.0,1.25,-0.355333569572531,0.1262619456651567,False
7,higher_rate_5_0_kappa_10,suppressed_equals_9,NB2_GLM_known_dispersion_HC0,svi_quartile_Q4_highest,-0.4196537617124328,0.6572743539690458,0.4857689350961018,0.8893314190623577,0.154269616641212,432,5266.0,1.43,-0.7727256460309542,0.5971049240339554,False
7,higher_rate_5_0_kappa_10,population_favoring_feasible_allocation,NB2_GLM_known_dispersion_HC0,primary_rurality_metro_other,0.1748216247686343,1.191033746743101,0.8752553681607371,1.620740000557638,0.1571740870644543,432,3640.0,1.12,0.0710337467431008,0.0050457931763629,True
7,higher_rate_5_0_kappa_10,population_favoring_feasible_allocation,NB2_GLM_known_dispersion_HC0,primary_rurality_nonmetro_adjacent,0.2125900405118663,1.236877477632773,0.853974860329251,1.7914647909955668,0.1890018182103556,432,3640.0,1.27,-0.0331225223672273,0.0010971014879674,True
7,higher_rate_5_0_kappa_10,population_favoring_feasible_allocation,NB2_GLM_known_dispersion_HC0,primary_rurality_nonmetro_nonadjacent,0.1855043734393248,1.2038254646212487,0.7807399436208897,1.8561824088947387,0.2209273146683417,432,3640.0,1.23,-0.0261745353787512,0.0006851063022935,True
7,higher_rate_5_0_kappa_10,population_favoring_feasible_allocation,NB2_GLM_known_dispersion_HC0,svi_quartile_Q2,0.2002021877254537,1.221649735772785,0.9152266690328568,1.6306649788634344,0.1473396461183928,432,3640.0,1.1,0.1216497357727846,0.0147986582135883,True
7,higher_rate_5_0_kappa_10,population_favoring_feasible_allocation,NB2_GLM_known_dispersion_HC0,svi_quartile_Q3,0.1582228363936189,1.1714272022387349,0.8875353968213932,1.5461261545842533,0.1415967913668906,432,3640.0,1.25,-0.0785727977612651,0.0061736845480326,True
7,higher_rate_5_0_kappa_10,population_favoring_feasible_allocation,NB2_GLM_known_dispersion_HC0,svi_quartile_Q4_highest,0.0797920786049448,1.0830618525309372,0.7663748285988828,1.5306126096968935,0.1764673342632726,432,3640.0,1.43,-0.3469381474690627,0.1203660781692651,True
8,baseline_rate_3_4_kappa_4,oracle_complete_counts,NB2_GLM_known_dispersion_HC0,primary_rurality_metro_other,0.0768788004397204,1.0799111837000868,0.7843147314276605,1.4869135028966174,0.1631753553472781,432,2681.0,1.12,-0.0400888162999133,0.0016071131923281,True
8,baseline_rate_3_4_kappa_4,oracle_complete_counts,NB2_GLM_known_dispersion_HC0,primary_rurality_nonmetro_adjacent,0.1339938821318972,1.1433858245395845,0.78354338043495,1.6684859784436656,0.1928177210981333,432,2681.0,1.27,-0.1266141754604157,0.0160311494275209,True
8,baseline_rate_3_4_kappa_4,oracle_complete_counts,NB2_GLM_known_dispersion_HC0,primary_rurality_nonmetro_nonadjacent,0.1449072585976346,1.155932362508461,0.7597075189512805,1.7588079535383407,0.2141474601305156,432,2681.0,1.23,-0.074067637491539,0.005486014923578,True
8,baseline_rate_3_4_kappa_4,oracle_complete_counts,NB2_GLM_known_dispersion_HC0,svi_quartile_Q2,0.1362246766577856,1.1459393304925485,0.8623913836235816,1.5227157577247872,0.1450360952526234,432,2681.0,1.1,0.0459393304925481,0.0021104220861035,True
8,baseline_rate_3_4_kappa_4,oracle_complete_counts,NB2_GLM_known_dispersion_HC0,svi_quartile_Q3,0.113882790407753,1.1206207696827806,0.8480328859274744,1.480828079056153,0.1422033947832051,432,2681.0,1.25,-0.1293792303172194,0.0167389852374761,True
8,baseline_rate_3_4_kappa_4,oracle_complete_counts,NB2_GLM_known_dispersion_HC0,svi_quartile_Q4_highest,0.3202232237711383,1.3774352063017523,0.9753790940639172,1.9452208470599208,0.1760981086222646,432,2681.0,1.43,-0.0525647936982476,0.0027630575365393,True
8,baseline_rate_3_4_kappa_4,visible_exact_and_zero_only,NB2_GLM_known_dispersion_HC0,primary_rurality_metro_other,-1.60130779123598,0.2016326520762227,0.0590131747751648,0.6889262700775873,0.6268810038237118,227,2222.0,1.12,-0.9183673479237772,0.8433985857325522,False
8,baseline_rate_3_4_kappa_4,visible_exact_and_zero_only,NB2_GLM_known_dispersion_HC0,primary_rurality_nonmetro_adjacent,-2.996397814188072,0.0499667340394481,0.011745439800743,0.2125654341535163,0.7387206130609255,227,2222.0,1.27,-1.220033265960552,1.4884811700503708,False
8,baseline_rate_3_4_kappa_4,visible_exact_and_zero_only,NB2_GLM_known_dispersion_HC0,primary_rurality_nonmetro_nonadjacent,-25.751635990956395,6.549476514298696e-12,1.3306400351760945e-12,3.2236849544116906e-11,0.8131250352227247,227,2222.0,1.23,-1.2299999999934506,1.5128999999838884,False
8,baseline_rate_3_4_kappa_4,visible_exact_and_zero_only,NB2_GLM_known_dispersion_HC0,svi_quartile_Q2,0.0738367267576176,1.0766310061097255,0.4678127264547873,2.477774241203476,0.4252673199256299,227,2222.0,1.1,-0.0233689938902745,0.0005461098754436,True
8,baseline_rate_3_4_kappa_4,visible_exact_and_zero_only,NB2_GLM_known_dispersion_HC0,svi_quartile_Q3,-0.5087081981904025,0.601271801342522,0.1895887204562344,1.9069055280276448,0.5888724408189158,227,2222.0,1.25,-0.648728198657478,0.4208482757333762,True
8,baseline_rate_3_4_kappa_4,visible_exact_and_zero_only,NB2_GLM_known_dispersion_HC0,svi_quartile_Q4_highest,2.0179242823063817,7.52269372781454,1.5567338216294102,36.35234240832986,0.8037420204036595,227,2222.0,1.43,6.09269372781454,37.12091686095064,False
8,baseline_rate_3_4_kappa_4,suppressed_equals_1,NB2_GLM_known_dispersion_HC0,primary_rurality_metro_other,-0.6768447680173797,0.5082180109671453,0.3344255860710424,0.7723259147299019,0.2135184282198302,432,2427.0,1.12,-0.6117819890328549,0.3742772021049961,False
8,baseline_rate_3_4_kappa_4,suppressed_equals_1,NB2_GLM_known_dispersion_HC0,primary_rurality_nonmetro_adjacent,-0.4557343802536381,0.6339822129301826,0.4380704439172924,0.917508706402791,0.1885924338890565,432,2427.0,1.27,-0.6360177870698174,0.4045186254691875,False
8,baseline_rate_3_4_kappa_4,suppressed_equals_1,NB2_GLM_known_dispersion_HC0,primary_rurality_nonmetro_nonadjacent,-0.5088390196108116,0.6011931472563502,0.3999635406149777,0.9036653684789908,0.2079300331021289,432,2427.0,1.23,-0.6288068527436498,0.395398058057374,False
8,baseline_rate_3_4_kappa_4,suppressed_equals_1,NB2_GLM_known_dispersion_HC0,svi_quartile_Q2,0.0883317608708278,1.0923504610601282,0.7667916503057347,1.5561326591160851,0.1805468968125425,432,2427.0,1.1,-0.0076495389398718,5.851544599261588e-05,True
8,baseline_rate_3_4_kappa_4,suppressed_equals_1,NB2_GLM_known_dispersion_HC0,svi_quartile_Q3,0.2528159600945688,1.287646276727563,0.9420703236901248,1.7599884979666682,0.1594343437183293,432,2427.0,1.25,0.0376462767275629,0.0014172421514482,True
8,baseline_rate_3_4_kappa_4,suppressed_equals_1,NB2_GLM_known_dispersion_HC0,svi_quartile_Q4_highest,0.6035751335978242,1.828644777201467,1.2271001758426248,2.725076393123312,0.2035312899480232,432,2427.0,1.43,0.3986447772014667,0.158917658390007,True
8,baseline_rate_3_4_kappa_4,suppressed_equals_5,NB2_GLM_known_dispersion_HC0,primary_rurality_metro_other,0.5868874596398084,1.798382158022862,1.3698244110663915,2.36101675526223,0.1388800485299508,432,3247.0,1.12,0.678382158022862,0.4602023523237552,False
8,baseline_rate_3_4_kappa_4,suppressed_equals_5,NB2_GLM_known_dispersion_HC0,primary_rurality_nonmetro_adjacent,0.8953568442271287,2.448209262948343,1.7743546899448457,3.3779765844744256,0.1642449195727174,432,3247.0,1.27,1.178209262948343,1.3881770672972775,False
8,baseline_rate_3_4_kappa_4,suppressed_equals_5,NB2_GLM_known_dispersion_HC0,primary_rurality_nonmetro_nonadjacent,0.9250102332529934,2.5218940674061168,1.7799844451180844,3.5730366659447124,0.1777579631045344,432,3247.0,1.23,1.2918940674061168,1.6689902813991202,False
8,baseline_rate_3_4_kappa_4,suppressed_equals_5,NB2_GLM_known_dispersion_HC0,svi_quartile_Q2,-0.290894775526032,0.7475943391005562,0.5551565286144412,1.0067382207502675,0.1518420387418975,432,3247.0,1.1,-0.3524056608994439,0.1241897498339738,False
8,baseline_rate_3_4_kappa_4,suppressed_equals_5,NB2_GLM_known_dispersion_HC0,svi_quartile_Q3,-0.2429589918107854,0.7843036759856413,0.5963704223484907,1.0314600340879003,0.1397623975297495,432,3247.0,1.25,-0.4656963240143587,0.2168730662004865,False
8,baseline_rate_3_4_kappa_4,suppressed_equals_5,NB2_GLM_known_dispersion_HC0,svi_quartile_Q4_highest,-0.2506732934732766,0.7782765980721518,0.5627292568017574,1.0763870116675796,0.1654506973550254,432,3247.0,1.43,-0.6517234019278482,0.4247433926204075,False
8,baseline_rate_3_4_kappa_4,suppressed_equals_9,NB2_GLM_known_dispersion_HC0,primary_rurality_metro_other,0.8682419995151023,2.382718349378301,1.7635537126012748,3.219264994254053,0.1535260568016884,432,4067.0,1.12,1.2627183493783014,1.594457629856662,False
8,baseline_rate_3_4_kappa_4,suppressed_equals_9,NB2_GLM_known_dispersion_HC0,primary_rurality_nonmetro_adjacent,1.240793816989156,3.458357678496597,2.426820725242461,4.928356556383637,0.1807202856055934,432,4067.0,1.27,2.188357678496597,4.788909329035017,False
8,baseline_rate_3_4_kappa_4,suppressed_equals_9,NB2_GLM_known_dispersion_HC0,primary_rurality_nonmetro_nonadjacent,1.2539114886789315,3.504022129949054,2.384610624807645,5.14892073340616,0.196365121278429,432,4067.0,1.23,2.274022129949054,5.171176647498033,False
8,baseline_rate_3_4_kappa_4,suppressed_equals_9,NB2_GLM_known_dispersion_HC0,svi_quartile_Q2,-0.3914149879551639,0.6760995246547706,0.4840529879327387,0.94433993516,0.1704826077055501,432,4067.0,1.1,-0.4239004753452294,0.1796916129979114,False
8,baseline_rate_3_4_kappa_4,suppressed_equals_9,NB2_GLM_known_dispersion_HC0,svi_quartile_Q3,-0.3748962255589063,0.6873606055526318,0.5040078810581666,0.9374151076243874,0.1582995655377281,432,4067.0,1.25,-0.5626393944473682,0.3165630881841011,False
8,baseline_rate_3_4_kappa_4,suppressed_equals_9,NB2_GLM_known_dispersion_HC0,svi_quartile_Q4_highest,-0.4206244891212628,0.6566366293170045,0.4547466532196976,0.9481579686359762,0.1874440469870243,432,4067.0,1.43,-0.7733633706829954,0.5980909031141642,False
8,baseline_rate_3_4_kappa_4,population_favoring_feasible_allocation,NB2_GLM_known_dispersion_HC0,primary_rurality_metro_other,0.1928364229969166,1.2126844100125964,0.8471117919648977,1.7360205491609273,0.1830403215538015,432,2681.0,1.12,0.0926844100125963,0.008590399859383,True
8,baseline_rate_3_4_kappa_4,population_favoring_feasible_allocation,NB2_GLM_known_dispersion_HC0,primary_rurality_nonmetro_adjacent,0.0557140014738843,1.0572952556069004,0.688682089065945,1.6232065205079238,0.2187191454680885,432,2681.0,1.27,-0.2127047443930996,0.0452433082873338,True
8,baseline_rate_3_4_kappa_4,population_favoring_feasible_allocation,NB2_GLM_known_dispersion_HC0,primary_rurality_nonmetro_nonadjacent,0.0225345214971728,1.0227903418088993,0.6506720755342386,1.607722419067481,0.2307571476531452,432,2681.0,1.23,-0.2072096581911007,0.0429358424476727,True
8,baseline_rate_3_4_kappa_4,population_favoring_feasible_allocation,NB2_GLM_known_dispersion_HC0,svi_quartile_Q2,0.1858456968427007,1.204236428557719,0.8638771651105498,1.6786939560786638,0.1694746873157315,432,2681.0,1.1,0.1042364285577188,0.0108652330384684,True
8,baseline_rate_3_4_kappa_4,population_favoring_feasible_allocation,NB2_GLM_known_dispersion_HC0,svi_quartile_Q3,0.1146264279608021,1.121454415296519,0.8178866092824615,1.5376948238477848,0.161049999697883,432,2681.0,1.25,-0.1285455847034813,0.0165239673467598,True
8,baseline_rate_3_4_kappa_4,population_favoring_feasible_allocation,NB2_GLM_known_dispersion_HC0,svi_quartile_Q4_highest,0.3491466076739029,1.4178570438282785,0.9501279754743012,2.115839811715805,0.2042373469941779,432,2681.0,1.43,-0.0121429561717216,0.0001474513845883,True
9,baseline_rate_3_4_kappa_10,oracle_complete_counts,NB2_GLM_known_dispersion_HC0,primary_rurality_metro_other,0.4627141132911717,1.5883791810033892,1.2361421553075551,2.040985668041781,0.1279177288185391,432,2622.0,1.12,0.468379181003389,0.2193790571974054,False
9,baseline_rate_3_4_kappa_10,oracle_complete_counts,NB2_GLM_known_dispersion_HC0,primary_rurality_nonmetro_adjacent,0.7727338564160714,2.1656788229901376,1.6077164957729584,2.9172834742191336,0.1519994947971384,432,2622.0,1.27,0.8956788229901376,0.8022405539529982,False
9,baseline_rate_3_4_kappa_10,oracle_complete_counts,NB2_GLM_known_dispersion_HC0,primary_rurality_nonmetro_nonadjacent,0.2578365295443997,1.2941272497609564,0.9362894629203666,1.788726034948766,0.1651362880620883,432,2622.0,1.23,0.0641272497609564,0.004112304161904,True
9,baseline_rate_3_4_kappa_10,oracle_complete_counts,NB2_GLM_known_dispersion_HC0,svi_quartile_Q2,0.1501826864668243,1.1620465135100315,0.9004365227726518,1.4996638468226222,0.1301317828614572,432,2622.0,1.1,0.0620465135100316,0.0038497698387505,True
9,baseline_rate_3_4_kappa_10,oracle_complete_counts,NB2_GLM_known_dispersion_HC0,svi_quartile_Q3,0.0840578231550963,1.0876917857613282,0.8825558980727656,1.3405082028188136,0.1066280483384404,432,2622.0,1.25,-0.1623082142386718,0.0263439564093465,True
9,baseline_rate_3_4_kappa_10,oracle_complete_counts,NB2_GLM_known_dispersion_HC0,svi_quartile_Q4_highest,0.173625212375265,1.1896096312921374,0.8790268594185443,1.6099292754252332,0.1543699170147559,432,2622.0,1.43,-0.2403903687078625,0.0577875293675021,True
9,baseline_rate_3_4_kappa_10,visible_exact_and_zero_only,NB2_GLM_known_dispersion_HC0,primary_rurality_metro_other,-25.390981920943027,9.393699466141923e-12,3.5945735420468637e-12,2.4548555935218822e-11,0.490109100075994,194,2090.0,1.12,-1.1199999999906065,1.2543999999789586,False
9,baseline_rate_3_4_kappa_10,visible_exact_and_zero_only,NB2_GLM_known_dispersion_HC0,primary_rurality_nonmetro_adjacent,-1.6696782628765874,0.1883076414523577,0.0551887279079449,0.6425183035292417,0.6261828001231152,194,2090.0,1.27,-1.0816923585476423,1.1700583585403612,False
9,baseline_rate_3_4_kappa_10,visible_exact_and_zero_only,NB2_GLM_known_dispersion_HC0,primary_rurality_nonmetro_nonadjacent,-24.62186335075273,2.0270320364042115e-11,6.732626107610501e-12,6.102906668119276e-11,0.5623431063654964,194,2090.0,1.23,-1.2299999999797298,1.5128999999501351,False
9,baseline_rate_3_4_kappa_10,visible_exact_and_zero_only,NB2_GLM_known_dispersion_HC0,svi_quartile_Q2,-0.1693690305431912,0.8441973113037218,0.317124667188395,2.247283715678465,0.4995363673393386,194,2090.0,1.1,-0.2558026886962783,0.065435015544245,True
9,baseline_rate_3_4_kappa_10,visible_exact_and_zero_only,NB2_GLM_known_dispersion_HC0,svi_quartile_Q3,0.163647941512929,1.177799587751929,0.5054038959313263,2.744758954325723,0.4316557739597016,194,2090.0,1.25,-0.072200412248071,0.0052128995287914,True
9,baseline_rate_3_4_kappa_10,visible_exact_and_zero_only,NB2_GLM_known_dispersion_HC0,svi_quartile_Q4_highest,1.910244476600038,6.754739972548987,1.1565001900361265,39.45223052261307,0.9004316885666604,194,2090.0,1.43,5.324739972548987,28.352855775260988,True
9,baseline_rate_3_4_kappa_10,suppressed_equals_1,NB2_GLM_known_dispersion_HC0,primary_rurality_metro_other,-0.5831649289016636,0.5581291292750195,0.4280035141921093,0.727816745928565,0.1354382366342638,432,2328.0,1.12,-0.5618708707249807,0.3156988753692479,False
9,baseline_rate_3_4_kappa_10,suppressed_equals_1,NB2_GLM_known_dispersion_HC0,primary_rurality_nonmetro_adjacent,0.3773688380410283,1.4584421391206397,1.0472564667649025,2.0310721782731056,0.1689770317442654,432,2328.0,1.27,0.1884421391206394,0.0355104397963624,True
9,baseline_rate_3_4_kappa_10,suppressed_equals_1,NB2_GLM_known_dispersion_HC0,primary_rurality_nonmetro_nonadjacent,-0.219856312282665,0.8026341183415387,0.5681994159648069,1.1337947731466884,0.176238023035184,432,2328.0,1.23,-0.4273658816584612,0.1826415968057139,False
9,baseline_rate_3_4_kappa_10,suppressed_equals_1,NB2_GLM_known_dispersion_HC0,svi_quartile_Q2,0.0403025482249893,1.0411257172850044,0.776034226431408,1.3967718462325094,0.1499291845767946,432,2328.0,1.1,-0.0588742827149957,0.0034661811652052,True
9,baseline_rate_3_4_kappa_10,suppressed_equals_1,NB2_GLM_known_dispersion_HC0,svi_quartile_Q3,0.2627741957117506,1.3005330198608205,1.012090668064416,1.6711804476796683,0.1279367530156416,432,2328.0,1.25,0.0505330198608204,0.002553586096254,True
9,baseline_rate_3_4_kappa_10,suppressed_equals_1,NB2_GLM_known_dispersion_HC0,svi_quartile_Q4_highest,0.4857613461777949,1.6254120391236668,1.1112384456577005,2.3774954036660216,0.1940235897929804,432,2328.0,1.43,0.1954120391236669,0.0381858650344695,True
9,baseline_rate_3_4_kappa_10,suppressed_equals_5,NB2_GLM_known_dispersion_HC0,primary_rurality_metro_other,0.9133965235295952,2.4927749395970125,2.028518185490021,3.063283801905781,0.1051484463834527,432,3280.0,1.12,1.3727749395970124,1.884511034785581,False
9,baseline_rate_3_4_kappa_10,suppressed_equals_5,NB2_GLM_known_dispersion_HC0,primary_rurality_nonmetro_adjacent,1.5397034060256805,4.663206986768104,3.494465105360967,6.222840619607966,0.1472056570045897,432,3280.0,1.27,3.3932069867681043,11.51385365505188,False
9,baseline_rate_3_4_kappa_10,suppressed_equals_5,NB2_GLM_known_dispersion_HC0,primary_rurality_nonmetro_nonadjacent,1.1111826430378495,3.037949080096386,2.15935478969398,4.274024193387145,0.1741699869586979,432,3280.0,1.23,1.8079490800963864,3.2686798762213694,False
9,baseline_rate_3_4_kappa_10,suppressed_equals_5,NB2_GLM_known_dispersion_HC0,svi_quartile_Q2,-0.1309688766433953,0.8772450767775246,0.6719265006455991,1.1453022376569446,0.1360395111411508,432,3280.0,1.1,-0.2227549232224754,0.0496197558198509,True
9,baseline_rate_3_4_kappa_10,suppressed_equals_5,NB2_GLM_known_dispersion_HC0,svi_quartile_Q3,-0.2062852234262716,0.8136009851249812,0.6546895030191415,1.0110847355024513,0.1108719252580666,432,3280.0,1.25,-0.4363990148750187,0.1904441001838868,False
9,baseline_rate_3_4_kappa_10,suppressed_equals_5,NB2_GLM_known_dispersion_HC0,svi_quartile_Q4_highest,-0.2391024229067406,0.7873342371816524,0.5827952638990753,1.063658611243903,0.1534780144119537,432,3280.0,1.43,-0.6426657628183475,0.4130192826988885,False
9,baseline_rate_3_4_kappa_10,suppressed_equals_9,NB2_GLM_known_dispersion_HC0,primary_rurality_metro_other,1.210449123566308,3.354991119805386,2.621839317734855,4.293156082386323,0.1258025624648312,432,4232.0,1.12,2.234991119805386,4.995185305608933,False
9,baseline_rate_3_4_kappa_10,suppressed_equals_9,NB2_GLM_known_dispersion_HC0,primary_rurality_nonmetro_adjacent,1.8134852116610625,6.131780788913315,4.4286683308186685,8.489851313009936,0.1660134057744978,432,4232.0,1.27,4.861780788913315,23.63691243944657,False
9,baseline_rate_3_4_kappa_10,suppressed_equals_9,NB2_GLM_known_dispersion_HC0,primary_rurality_nonmetro_nonadjacent,1.401142418451347,4.059835349379824,2.7567064621412816,5.978969212148668,0.1975029398484428,432,4232.0,1.23,2.8298353493798243,8.007968104599632,False
9,baseline_rate_3_4_kappa_10,suppressed_equals_9,NB2_GLM_known_dispersion_HC0,svi_quartile_Q2,-0.1606344836082493,0.8516032891874981,0.6242649542725861,1.161731340501126,0.158441791284744,432,4232.0,1.1,-0.248396710812502,0.0617009259424697,True
9,baseline_rate_3_4_kappa_10,suppressed_equals_9,NB2_GLM_known_dispersion_HC0,svi_quartile_Q3,-0.3038497985942864,0.737971702513611,0.5680266345107131,0.9587617914782236,0.1335393729703416,432,4232.0,1.25,-0.512028297486389,0.26217297742681,False
9,baseline_rate_3_4_kappa_10,suppressed_equals_9,NB2_GLM_known_dispersion_HC0,svi_quartile_Q4_highest,-0.3749782246769684,0.6873042448999793,0.492549024732566,0.9590662072958478,0.1699913551239114,432,4232.0,1.43,-0.7426957551000206,0.5515969846435897,False
9,baseline_rate_3_4_kappa_10,population_favoring_feasible_allocation,NB2_GLM_known_dispersion_HC0,primary_rurality_metro_other,0.5357950151357082,1.708806229188799,1.2197399339088888,2.3939682941729123,0.1720190551231676,432,2622.0,1.12,0.5888062291887992,0.3466927755315327,False
9,baseline_rate_3_4_kappa_10,population_favoring_feasible_allocation,NB2_GLM_known_dispersion_HC0,primary_rurality_nonmetro_adjacent,0.7195131695134971,2.053433293339325,1.3520593117772943,3.1186415074140803,0.2132062873455142,432,2622.0,1.27,0.7834332933393249,0.6137677251125007,False
9,baseline_rate_3_4_kappa_10,population_favoring_feasible_allocation,NB2_GLM_known_dispersion_HC0,primary_rurality_nonmetro_nonadjacent,0.2653498839214498,1.30388710511102,0.8230622533620814,2.065605093575928,0.2347312872918315,432,2622.0,1.23,0.0738871051110199,0.0054593043016869,True
9,baseline_rate_3_4_kappa_10,population_favoring_feasible_allocation,NB2_GLM_known_dispersion_HC0,svi_quartile_Q2,0.0688849539174109,1.0713129517000188,0.7746051093128855,1.481672953975589,0.1654524845787965,432,2622.0,1.1,-0.0286870482999812,0.0008229467401654,True
9,baseline_rate_3_4_kappa_10,population_favoring_feasible_allocation,NB2_GLM_known_dispersion_HC0,svi_quartile_Q3,-0.0528507247086646,0.9485215927519132,0.7147702335448874,1.2587166752238932,0.1443588851578847,432,2622.0,1.25,-0.3014784072480868,0.0908892300368433,True
9,baseline_rate_3_4_kappa_10,population_favoring_feasible_allocation,NB2_GLM_known_dispersion_HC0,svi_quartile_Q4_highest,0.0591819469060054,1.0609682630725543,0.7366752955341229,1.5280187377955212,0.1861173503664887,432,2622.0,1.43,-0.3690317369274454,0.1361844228596872,True
10,lower_rate_2_4_kappa_10,oracle_complete_counts,NB2_GLM_known_dispersion_HC0,primary_rurality_metro_other,0.2750638168328023,1.3166146943664794,0.9910117826035254,1.749196411033238,0.1449452407885799,432,1841.0,1.12,0.1966146943664792,0.038657338040824,True
10,lower_rate_2_4_kappa_10,oracle_complete_counts,NB2_GLM_known_dispersion_HC0,primary_rurality_nonmetro_adjacent,0.3840853606297322,1.468270768850357,1.0212097795095751,2.111044267217776,0.1852537641848805,432,1841.0,1.27,0.1982707688503568,0.0393112977805116,True
10,lower_rate_2_4_kappa_10,oracle_complete_counts,NB2_GLM_known_dispersion_HC0,primary_rurality_nonmetro_nonadjacent,0.3309710452227837,1.3923194774242602,0.9814598113962754,1.975173618629456,0.178410845629295,432,1841.0,1.23,0.1623194774242602,0.0263476127512849,True
10,lower_rate_2_4_kappa_10,oracle_complete_counts,NB2_GLM_known_dispersion_HC0,svi_quartile_Q2,0.4359004834046193,1.5463548991171094,1.17973256341927,2.0269114782192057,0.1380677100939527,432,1841.0,1.1,0.4463548991171093,0.1992326959658448,False
10,lower_rate_2_4_kappa_10,oracle_complete_counts,NB2_GLM_known_dispersion_HC0,svi_quartile_Q3,0.3138990204133711,1.3687515136066035,1.0437567021292051,1.7949400489391567,0.1383023479844004,432,1841.0,1.25,0.1187515136066037,0.0141019219838593,True
10,lower_rate_2_4_kappa_10,oracle_complete_counts,NB2_GLM_known_dispersion_HC0,svi_quartile_Q4_highest,0.6441059643669204,1.904283770452056,1.3782822975454183,2.6310260857773238,0.1649326287850601,432,1841.0,1.43,0.4742837704520559,0.2249450949142185,True
10,lower_rate_2_4_kappa_10,visible_exact_and_zero_only,NB2_GLM_known_dispersion_HC0,primary_rurality_metro_other,-49.43074688168839,3.407998484168092e-22,3.896162815295815e-281,2.980998027725009e+237,304.2018735073254,245,1440.0,1.12,-1.12,1.2544000000000002,True
10,lower_rate_2_4_kappa_10,visible_exact_and_zero_only,NB2_GLM_known_dispersion_HC0,primary_rurality_nonmetro_adjacent,-55.06167562044015,1.2218506204467008e-24,0.0,inf,64007.185718861765,245,1440.0,1.27,-1.27,1.6129,True
10,lower_rate_2_4_kappa_10,visible_exact_and_zero_only,NB2_GLM_known_dispersion_HC0,primary_rurality_nonmetro_nonadjacent,-59.25544500521468,1.843687076697078e-26,0.0,inf,3181.162853077152,245,1440.0,1.23,-1.23,1.5129,True
10,lower_rate_2_4_kappa_10,visible_exact_and_zero_only,NB2_GLM_known_dispersion_HC0,svi_quartile_Q2,-2.937096963732832,0.0530194228480156,0.0023219162605439,1.2106634709031745,1.5960538245549984,245,1440.0,1.1,-1.0469805771519844,1.0961683289335025,True
10,lower_rate_2_4_kappa_10,visible_exact_and_zero_only,NB2_GLM_known_dispersion_HC0,svi_quartile_Q3,25.816586567422164,162930011366.142,,,,245,1440.0,1.25,162930011364.892,2.654618860336384e+22,False
10,lower_rate_2_4_kappa_10,visible_exact_and_zero_only,NB2_GLM_known_dispersion_HC0,svi_quartile_Q4_highest,3.301787811624316,27.1611545671821,1.8948358198260968,389.33627373059903,1.3584977629885024,245,1440.0,1.43,25.7311545671821,662.0923153602162,False
10,lower_rate_2_4_kappa_10,suppressed_equals_1,NB2_GLM_known_dispersion_HC0,primary_rurality_metro_other,-0.441372885504448,0.6431528394832673,0.4728263577870786,0.8748361171558473,0.1569664187035994,432,1627.0,1.12,-0.4768471605167328,0.2273832144928707,False
10,lower_rate_2_4_kappa_10,suppressed_equals_1,NB2_GLM_known_dispersion_HC0,primary_rurality_nonmetro_adjacent,0.2126546777180278,1.236957428521164,0.8289227338085244,1.84584596074925,0.2042260255100434,432,1627.0,1.27,-0.033042571478836,0.0010918115299339,True
10,lower_rate_2_4_kappa_10,suppressed_equals_1,NB2_GLM_known_dispersion_HC0,primary_rurality_nonmetro_nonadjacent,-0.0880827185801267,0.9156851294167656,0.6434200180798009,1.303160039591751,0.1800381801627575,432,1627.0,1.23,-0.3143148705832345,0.0987938378697554,True
10,lower_rate_2_4_kappa_10,suppressed_equals_1,NB2_GLM_known_dispersion_HC0,svi_quartile_Q2,0.4843747289831552,1.6231597767156047,1.180309223642465,2.2321673066460166,0.1625501382150124,432,1627.0,1.1,0.5231597767156047,0.2736961519731213,False
10,lower_rate_2_4_kappa_10,suppressed_equals_1,NB2_GLM_known_dispersion_HC0,svi_quartile_Q3,0.6716858396483196,1.9575346299797776,1.4948640404370626,2.563404914369134,0.1375768264248392,432,1627.0,1.25,0.7075346299797778,0.500605252620621,False
10,lower_rate_2_4_kappa_10,suppressed_equals_1,NB2_GLM_known_dispersion_HC0,svi_quartile_Q4_highest,0.6046674456574167,1.830643319261399,1.2397826238039404,2.703098832014572,0.1988425432611349,432,1627.0,1.43,0.4006433192613989,0.1605150692687912,True
10,lower_rate_2_4_kappa_10,suppressed_equals_5,NB2_GLM_known_dispersion_HC0,primary_rurality_metro_other,0.94968514552972,2.5848956652223283,1.9078658691837735,3.5021778564253854,0.1549489153799272,432,2375.0,1.12,1.4648956652223282,2.145919309987167,False
10,lower_rate_2_4_kappa_10,suppressed_equals_5,NB2_GLM_known_dispersion_HC0,primary_rurality_nonmetro_adjacent,1.3795836327060118,3.9732469529603223,2.650122249431752,5.95696721258558,0.206621358117798,432,2375.0,1.27,2.7032469529603227,7.307544088689269,False
10,lower_rate_2_4_kappa_10,suppressed_equals_5,NB2_GLM_known_dispersion_HC0,primary_rurality_nonmetro_nonadjacent,1.06233661731535,2.89312321931669,1.8944637162152904,4.418222365784368,0.2160208256079191,432,2375.0,1.23,1.6631232193166898,2.7659788426303105,False
10,lower_rate_2_4_kappa_10,suppressed_equals_5,NB2_GLM_known_dispersion_HC0,svi_quartile_Q2,0.31246562997273,1.3667909637237974,0.9695280564128468,1.9268318499506527,0.175209946753517,432,2375.0,1.1,0.2667909637237973,0.0711774183246725,True
10,lower_rate_2_4_kappa_10,suppressed_equals_5,NB2_GLM_known_dispersion_HC0,svi_quartile_Q3,0.1886283474042522,1.207592064347529,0.8831884394490929,1.651152266876091,0.1596148165005631,432,2375.0,1.25,-0.0424079356524709,0.0017984330063041,True
10,lower_rate_2_4_kappa_10,suppressed_equals_5,NB2_GLM_known_dispersion_HC0,svi_quartile_Q4_highest,0.0698361373868289,1.0723324516591373,0.7273795560194082,1.580876005333609,0.1980321376356568,432,2375.0,1.43,-0.3576675483408627,0.1279260751361633,True
10,lower_rate_2_4_kappa_10,suppressed_equals_9,NB2_GLM_known_dispersion_HC0,primary_rurality_metro_other,1.1754974209541742,3.2397540646602456,2.248404805301998,4.668201373138764,0.1863655263270943,432,3123.0,1.12,2.119754064660245,4.493357294643633,False
10,lower_rate_2_4_kappa_10,suppressed_equals_9,NB2_GLM_known_dispersion_HC0,primary_rurality_nonmetro_adjacent,1.57989459286194,4.854444091209908,3.0694678346992377,7.677430976236919,0.2338726479769257,432,3123.0,1.27,3.584444091209908,12.848239443009623,False
10,lower_rate_2_4_kappa_10,suppressed_equals_9,NB2_GLM_known_dispersion_HC0,primary_rurality_nonmetro_nonadjacent,1.237277894543234,3.446219711687554,2.0831862842823656,5.701088947652679,0.256826176274813,432,3123.0,1.23,2.216219711687554,4.911629810472465,False
10,lower_rate_2_4_kappa_10,suppressed_equals_9,NB2_GLM_known_dispersion_HC0,svi_quartile_Q2,0.3026845806911327,1.3534874810205964,0.9187420018548144,1.9939529896108663,0.19767067073891,432,3123.0,1.1,0.2534874810205962,0.0642559030341671,True
10,lower_rate_2_4_kappa_10,suppressed_equals_9,NB2_GLM_known_dispersion_HC0,svi_quartile_Q3,0.1188354969850734,1.1261846422805206,0.778229040681582,1.629715395094636,0.1885560705877978,432,3123.0,1.25,-0.1238153577194793,0.0153302428072026,True
10,lower_rate_2_4_kappa_10,suppressed_equals_9,NB2_GLM_known_dispersion_HC0,svi_quartile_Q4_highest,0.0131746637530261,1.013261832019082,0.6430889068273251,1.5965125962005502,0.2319627343229666,432,3123.0,1.43,-0.4167381679809179,0.1736707006520917,True
10,lower_rate_2_4_kappa_10,population_favoring_feasible_allocation,NB2_GLM_known_dispersion_HC0,primary_rurality_metro_other,0.499119436386406,1.6472701057554835,1.174643075430081,2.3100623994417773,0.1725281125141922,432,1841.0,1.12,0.5272701057554834,0.2780137644233986,False
10,lower_rate_2_4_kappa_10,population_favoring_feasible_allocation,NB2_GLM_known_dispersion_HC0,primary_rurality_nonmetro_adjacent,0.3789221240715719,1.460709277222837,0.9377340459839242,2.275348326855396,0.2261280751616135,432,1841.0,1.27,0.1907092772228369,0.0363700284188568,True
10,lower_rate_2_4_kappa_10,population_favoring_feasible_allocation,NB2_GLM_known_dispersion_HC0,primary_rurality_nonmetro_nonadjacent,0.1973187800958126,1.218132295148486,0.7470486744792724,1.9862779216066857,0.2494610796543219,432,1841.0,1.23,-0.0118677048515138,0.0001408424184426,True
10,lower_rate_2_4_kappa_10,population_favoring_feasible_allocation,NB2_GLM_known_dispersion_HC0,svi_quartile_Q2,0.4379754511619942,1.549566866886591,1.1141833990330476,2.155082796096754,0.1682927000603065,432,1841.0,1.1,0.4495668668865908,0.2021103678022257,False
10,lower_rate_2_4_kappa_10,population_favoring_feasible_allocation,NB2_GLM_known_dispersion_HC0,svi_quartile_Q3,0.1976380803234775,1.2185213071701615,0.8703416577292339,1.7059900130502583,0.1716875075070337,432,1841.0,1.25,-0.0314786928298385,0.0009909081022753,True
10,lower_rate_2_4_kappa_10,population_favoring_feasible_allocation,NB2_GLM_known_dispersion_HC0,svi_quartile_Q4_highest,0.5538562188762804,1.739949724557068,1.1589946816198635,2.612112973421888,0.2072975731099436,432,1841.0,1.43,0.3099497245570681,0.0960688317530024,True
11,higher_rate_5_0_kappa_10,oracle_complete_counts,NB2_GLM_known_dispersion_HC0,primary_rurality_metro_other,0.1199271611920229,1.127414729043599,0.9012392588943146,1.410351312063188,0.1142406477832161,432,3758.0,1.12,0.0074147290435988,5.49782067899884e-05,True
11,higher_rate_5_0_kappa_10,oracle_complete_counts,NB2_GLM_known_dispersion_HC0,primary_rurality_nonmetro_adjacent,0.4103397682055266,1.5073298408729645,1.1683683003308456,1.9446293164088275,0.1299651060604305,432,3758.0,1.27,0.2373298408729642,0.0563254533687865,True
11,higher_rate_5_0_kappa_10,oracle_complete_counts,NB2_GLM_known_dispersion_HC0,primary_rurality_nonmetro_nonadjacent,0.0344178274635439,1.0350169749115292,0.7673457505555116,1.3960592569640036,0.1526712365600563,432,3758.0,1.23,-0.1949830250884707,0.0380183800726512,True
11,higher_rate_5_0_kappa_10,oracle_complete_counts,NB2_GLM_known_dispersion_HC0,svi_quartile_Q2,0.0120504818904996,1.012123381478157,0.8199564403857494,1.2493270238268408,0.107425787503126,432,3758.0,1.1,-0.0878766185218431,0.0077223000828335,True
11,higher_rate_5_0_kappa_10,oracle_complete_counts,NB2_GLM_known_dispersion_HC0,svi_quartile_Q3,0.1473778213034758,1.1587916965213656,0.9368838610313012,1.433260035506153,0.1084560068374363,432,3758.0,1.25,-0.0912083034786344,0.0083189546234506,True
11,higher_rate_5_0_kappa_10,oracle_complete_counts,NB2_GLM_known_dispersion_HC0,svi_quartile_Q4_highest,0.2243129910869215,1.2514626547925412,0.9491207734121472,1.6501153701545888,0.1410878651464278,432,3758.0,1.43,-0.1785373452074588,0.0318755836337273,True
11,higher_rate_5_0_kappa_10,visible_exact_and_zero_only,NB2_GLM_known_dispersion_HC0,primary_rurality_metro_other,-1.0468532336024567,0.3510406558461224,0.1159209710071838,1.0630478763781142,0.5653027402417525,179,3056.0,1.12,-0.7689593441538778,0.5912984729615619,False
11,higher_rate_5_0_kappa_10,visible_exact_and_zero_only,NB2_GLM_known_dispersion_HC0,primary_rurality_nonmetro_adjacent,-24.46441212193069,2.3726889759690018e-11,3.4041865794607014e-12,1.6537439547678063e-10,0.990613761714988,179,3056.0,1.27,-1.2699999999762732,1.612899999939734,False
11,higher_rate_5_0_kappa_10,visible_exact_and_zero_only,NB2_GLM_known_dispersion_HC0,primary_rurality_nonmetro_nonadjacent,-24.30503252536145,2.7826494059117827e-11,4.731359085534287e-12,1.6365567643967583e-10,0.9039673960416182,179,3056.0,1.23,-1.2299999999721736,1.512899999931547,False
11,higher_rate_5_0_kappa_10,visible_exact_and_zero_only,NB2_GLM_known_dispersion_HC0,svi_quartile_Q2,0.1084506958730857,1.114549955271194,0.4520079046397079,2.748229820859407,0.4604624015484493,179,3056.0,1.1,0.0145499552711938,0.0002117011983937,True
11,higher_rate_5_0_kappa_10,visible_exact_and_zero_only,NB2_GLM_known_dispersion_HC0,svi_quartile_Q3,0.278356214317822,1.320956657086325,0.5757834167382171,3.030525783089753,0.4236632224090796,179,3056.0,1.25,0.0709566570863249,0.0050348471848663,True
11,higher_rate_5_0_kappa_10,visible_exact_and_zero_only,NB2_GLM_known_dispersion_HC0,svi_quartile_Q4_highest,0.4765988826430993,1.610587279956293,0.5516135143597537,4.70255227406421,0.546686997814591,179,3056.0,1.43,0.1805872799562931,0.0326117656820125,True
11,higher_rate_5_0_kappa_10,suppressed_equals_1,NB2_GLM_known_dispersion_HC0,primary_rurality_metro_other,-0.8262402361062895,0.4376918145083374,0.3301428205441435,0.5802765123647005,0.1438722920989739,432,3309.0,1.12,-0.6823081854916627,0.4655444599889252,False
11,higher_rate_5_0_kappa_10,suppressed_equals_1,NB2_GLM_known_dispersion_HC0,primary_rurality_nonmetro_adjacent,-0.1075273518923096,0.8980519586944088,0.6387217584919876,1.2626739418099548,0.1738566327859908,432,3309.0,1.27,-0.3719480413055912,0.1383453454310658,False
11,higher_rate_5_0_kappa_10,suppressed_equals_1,NB2_GLM_known_dispersion_HC0,primary_rurality_nonmetro_nonadjacent,-0.3290237046766154,0.7196259580442711,0.5084106694050262,1.0185890081676865,0.1772663515149134,432,3309.0,1.23,-0.5103740419557289,0.2604816627022281,False
11,higher_rate_5_0_kappa_10,suppressed_equals_1,NB2_GLM_known_dispersion_HC0,svi_quartile_Q2,0.1823641871129716,1.2000511574732422,0.8757279051143902,1.644486571847628,0.1607469561266286,432,3309.0,1.1,0.1000511574732421,0.0100102341117354,True
11,higher_rate_5_0_kappa_10,suppressed_equals_1,NB2_GLM_known_dispersion_HC0,svi_quartile_Q3,0.5892745599967266,1.8026802046074772,1.3658543347047438,2.3792111922287336,0.1415787963848572,432,3309.0,1.25,0.5526802046074775,0.3054554085649631,False
11,higher_rate_5_0_kappa_10,suppressed_equals_1,NB2_GLM_known_dispersion_HC0,svi_quartile_Q4_highest,0.4214881722831286,1.5242281827692268,0.9533496858593112,2.436956331562511,0.239419226156791,432,3309.0,1.43,0.0942281827692268,0.0088789504279908,True
11,higher_rate_5_0_kappa_10,suppressed_equals_5,NB2_GLM_known_dispersion_HC0,primary_rurality_metro_other,0.57231513818961,1.772365576509272,1.4652695262963618,2.1438238361067894,0.0970795590041671,432,4321.0,1.12,0.652365576509272,0.4255808454142747,False
11,higher_rate_5_0_kappa_10,suppressed_equals_5,NB2_GLM_known_dispersion_HC0,primary_rurality_nonmetro_adjacent,1.2071030000279452,3.3437836662675107,2.5637163809343084,4.361203637791902,0.1355332055857965,432,4321.0,1.27,2.0737836662675107,4.300578694477918,False
11,higher_rate_5_0_kappa_10,suppressed_equals_5,NB2_GLM_known_dispersion_HC0,primary_rurality_nonmetro_nonadjacent,0.8759987125415245,2.401272277558289,1.8011053480326489,3.20142769953368,0.1467337519746887,432,4321.0,1.23,1.1712722775582889,1.3718787481765813,False
11,higher_rate_5_0_kappa_10,suppressed_equals_5,NB2_GLM_known_dispersion_HC0,svi_quartile_Q2,-0.0283332662106761,0.9720643566087608,0.7739456608177389,1.2208985219851585,0.1162858914837258,432,4321.0,1.1,-0.1279356433912392,0.0163675288499303,True
11,higher_rate_5_0_kappa_10,suppressed_equals_5,NB2_GLM_known_dispersion_HC0,svi_quartile_Q3,0.0419638502994552,1.042856779109076,0.8481595439232943,1.282247272374161,0.1054338621260649,432,4321.0,1.25,-0.2071432208909238,0.042908313961066,True
11,higher_rate_5_0_kappa_10,suppressed_equals_5,NB2_GLM_known_dispersion_HC0,svi_quartile_Q4_highest,-0.1567424338539479,0.8549242300012342,0.6468891362323596,1.1298619780510104,0.1422642427553085,432,4321.0,1.43,-0.5750757699987658,0.3307121412396733,False
11,higher_rate_5_0_kappa_10,suppressed_equals_9,NB2_GLM_known_dispersion_HC0,primary_rurality_metro_other,0.9194967745002968,2.5080279686938423,2.00762321885594,3.133159764577281,0.1135434848415232,432,5333.0,1.12,1.3880279686938422,1.926621641876353,False
11,higher_rate_5_0_kappa_10,suppressed_equals_9,NB2_GLM_known_dispersion_HC0,primary_rurality_nonmetro_adjacent,1.5655200769838655,4.785162941972008,3.5968227558078296,6.366114189043342,0.1456475454312508,432,5333.0,1.27,3.515162941972008,12.3563705086133,False
11,higher_rate_5_0_kappa_10,suppressed_equals_9,NB2_GLM_known_dispersion_HC0,primary_rurality_nonmetro_nonadjacent,1.1959171844858598,3.3065891323834564,2.4056566982761085,4.54492600637129,0.1622929912166934,432,5333.0,1.23,2.0765891323834564,4.3122224247330765,False
11,higher_rate_5_0_kappa_10,suppressed_equals_9,NB2_GLM_known_dispersion_HC0,svi_quartile_Q2,-0.0473464696672114,0.9537568925055367,0.7347623569134771,1.238022336668147,0.133092697096827,432,5333.0,1.1,-0.1462431074944632,0.0213870464896371,True
11,higher_rate_5_0_kappa_10,suppressed_equals_9,NB2_GLM_known_dispersion_HC0,svi_quartile_Q3,-0.0816071063254512,0.9216339917370484,0.7273371810235183,1.167834172219638,0.120794900414598,432,5333.0,1.25,-0.3283660082629517,0.1078242353825448,False
11,higher_rate_5_0_kappa_10,suppressed_equals_9,NB2_GLM_known_dispersion_HC0,svi_quartile_Q4_highest,-0.281646905089685,0.7545400617575356,0.5572547082184895,1.0216705151171936,0.1546356901216366,432,5333.0,1.43,-0.6754599382424643,0.4562461281705137,False
11,higher_rate_5_0_kappa_10,population_favoring_feasible_allocation,NB2_GLM_known_dispersion_HC0,primary_rurality_metro_other,0.1644930688289247,1.1787953990907178,0.8839337835999562,1.5720166133465947,0.1468705068412673,432,3758.0,1.12,0.0587953990907177,0.0034568989542367,True
11,higher_rate_5_0_kappa_10,population_favoring_feasible_allocation,NB2_GLM_known_dispersion_HC0,primary_rurality_nonmetro_adjacent,0.413398357510453,1.5119472015085786,1.072999606602251,2.1304614895325047,0.1749695206609502,432,3758.0,1.27,0.2419472015085786,0.0585384483178327,True
11,higher_rate_5_0_kappa_10,population_favoring_feasible_allocation,NB2_GLM_known_dispersion_HC0,primary_rurality_nonmetro_nonadjacent,0.0133034633539691,1.0133923481437288,0.6702974393817751,1.5321020056759342,0.210886320962878,432,3758.0,1.23,-0.2166076518562711,0.0469188748426875,True
11,higher_rate_5_0_kappa_10,population_favoring_feasible_allocation,NB2_GLM_known_dispersion_HC0,svi_quartile_Q2,0.0585233230190769,1.0602697140969943,0.795777692521041,1.4126707461099106,0.1464075183241959,432,3758.0,1.1,-0.0397302859030057,0.0015784956179345,True
11,higher_rate_5_0_kappa_10,population_favoring_feasible_allocation,NB2_GLM_known_dispersion_HC0,svi_quartile_Q3,0.1425098386885209,1.1531644265271628,0.8762855417780107,1.517528398231401,0.1400883259766264,432,3758.0,1.25,-0.0968355734728372,0.0093771282898132,True
11,higher_rate_5_0_kappa_10,population_favoring_feasible_allocation,NB2_GLM_known_dispersion_HC0,svi_quartile_Q4_highest,0.2020739028461657,1.223938457304617,0.8794986209111638,1.7032719684281552,0.1686108090251298,432,3758.0,1.43,-0.2060615426953829,0.0424613593780011,True
12,baseline_rate_3_4_kappa_4,oracle_complete_counts,NB2_GLM_known_dispersion_HC0,primary_rurality_metro_other,0.0499658894245474,1.0512352375255565,0.7784363314939191,1.4196350811306473,0.1532826347158292,432,3108.0,1.12,-0.0687647624744436,0.0047285925581666,True
12,baseline_rate_3_4_kappa_4,oracle_complete_counts,NB2_GLM_known_dispersion_HC0,primary_rurality_nonmetro_adjacent,0.2961239598297207,1.3446368274537757,0.9301923353165,1.9437358588100624,0.1880040111627371,432,3108.0,1.27,0.0746368274537756,0.0055706560123646,True
12,baseline_rate_3_4_kappa_4,oracle_complete_counts,NB2_GLM_known_dispersion_HC0,primary_rurality_nonmetro_nonadjacent,0.3926718826213013,1.4809323899473836,1.0120858063749392,2.166971149858006,0.1942135338991639,432,3108.0,1.23,0.2509323899473836,0.0629670643247058,True
12,baseline_rate_3_4_kappa_4,oracle_complete_counts,NB2_GLM_known_dispersion_HC0,svi_quartile_Q2,0.1641001178838245,1.1783322813218071,0.8437052161667473,1.6456778251453197,0.1704348128691683,432,3108.0,1.1,0.078332281321807,0.0061359462970787,True
12,baseline_rate_3_4_kappa_4,oracle_complete_counts,NB2_GLM_known_dispersion_HC0,svi_quartile_Q3,0.4059187880401378,1.500680674290418,1.1125534843968754,2.0242105370867587,0.1526841725893505,432,3108.0,1.25,0.2506806742904179,0.0628408004626986,True
12,baseline_rate_3_4_kappa_4,oracle_complete_counts,NB2_GLM_known_dispersion_HC0,svi_quartile_Q4_highest,0.4934026161539703,1.6378798255330365,1.1533768466689396,2.325909637111128,0.1789329531318736,432,3108.0,1.43,0.2078798255330365,0.0432140218636457,True
12,baseline_rate_3_4_kappa_4,visible_exact_and_zero_only,NB2_GLM_known_dispersion_HC0,primary_rurality_metro_other,-1.3425677286836533,0.2611741824125074,0.0888127131044491,0.7680426728842331,0.5503355841616995,234,2638.0,1.12,-0.8588258175874928,0.7375817849548254,False
12,baseline_rate_3_4_kappa_4,visible_exact_and_zero_only,NB2_GLM_known_dispersion_HC0,primary_rurality_nonmetro_adjacent,-22.12494638270588,2.4618289448834107e-10,4.776419741724877e-11,1.2688587020363376e-09,0.836631827744516,234,2638.0,1.27,-1.2699999997538172,1.6128999993746955,False
12,baseline_rate_3_4_kappa_4,visible_exact_and_zero_only,NB2_GLM_known_dispersion_HC0,primary_rurality_nonmetro_nonadjacent,-21.45744211423054,4.79900601235322e-10,1.6262728625235208e-10,1.416149727227541e-09,0.5521010237413752,234,2638.0,1.23,-1.2299999995200994,1.5128999988194445,False
12,baseline_rate_3_4_kappa_4,visible_exact_and_zero_only,NB2_GLM_known_dispersion_HC0,svi_quartile_Q2,1.628922450142105,5.098378001084465,1.3018004703184411,19.96731360496713,0.6965174319912459,234,2638.0,1.1,3.998378001084465,15.987026639556204,False
12,baseline_rate_3_4_kappa_4,visible_exact_and_zero_only,NB2_GLM_known_dispersion_HC0,svi_quartile_Q3,0.311431344567843,1.3653780425862974,0.3832294530934717,4.8645979168049145,0.6482411834264367,234,2638.0,1.25,0.1153780425862973,0.0133120927110454,True
12,baseline_rate_3_4_kappa_4,visible_exact_and_zero_only,NB2_GLM_known_dispersion_HC0,svi_quartile_Q4_highest,-3.5878681067257814,0.0276572298796277,0.0017034325254034,0.4490476453908329,1.422062155261406,234,2638.0,1.43,-1.402342770120372,1.9665652449088789,False
12,baseline_rate_3_4_kappa_4,suppressed_equals_1,NB2_GLM_known_dispersion_HC0,primary_rurality_metro_other,-0.7722411048400124,0.4619765693680682,0.2951419178985888,0.723117719653844,0.228600946867709,432,2836.0,1.12,-0.6580234306319319,0.4329948352606169,False
12,baseline_rate_3_4_kappa_4,suppressed_equals_1,NB2_GLM_known_dispersion_HC0,primary_rurality_nonmetro_adjacent,0.038771206208073,1.0395326178306188,0.6676374862169099,1.6185850642644894,0.2259087470737538,432,2836.0,1.27,-0.2304673821693812,0.0531152142440076,True
12,baseline_rate_3_4_kappa_4,suppressed_equals_1,NB2_GLM_known_dispersion_HC0,primary_rurality_nonmetro_nonadjacent,0.0454006463123813,1.046447031077522,0.6599646557411348,1.6592576273970714,0.2351885936813128,432,2836.0,1.23,-0.1835529689224779,0.0336916924002561,True
12,baseline_rate_3_4_kappa_4,suppressed_equals_1,NB2_GLM_known_dispersion_HC0,svi_quartile_Q2,0.3465227045619101,1.4141416009314005,0.9662447368965036,2.0696583289115766,0.1943167503035163,432,2836.0,1.1,0.3141416009314002,0.0986849454357431,True
12,baseline_rate_3_4_kappa_4,suppressed_equals_1,NB2_GLM_known_dispersion_HC0,svi_quartile_Q3,0.7916561129707286,2.2070485229647607,1.5498864206638847,3.142851706923428,0.1803441131201558,432,2836.0,1.25,0.9570485229647608,0.9159418753090302,False
12,baseline_rate_3_4_kappa_4,suppressed_equals_1,NB2_GLM_known_dispersion_HC0,svi_quartile_Q4_highest,0.5178496532697124,1.678414593096557,1.082604063443266,2.602129108364565,0.2237144614717031,432,2836.0,1.43,0.2484145930965571,0.061709810063328,True
12,baseline_rate_3_4_kappa_4,suppressed_equals_5,NB2_GLM_known_dispersion_HC0,primary_rurality_metro_other,0.4226696059783585,1.5260300214704654,1.1141918524398402,2.0900957239362765,0.1604797244265197,432,3628.0,1.12,0.4060300214704653,0.1648603783353065,True
12,baseline_rate_3_4_kappa_4,suppressed_equals_5,NB2_GLM_known_dispersion_HC0,primary_rurality_nonmetro_adjacent,1.1385765737800877,3.1223208072477973,2.091266886417016,4.661713570225072,0.2044931253560453,432,3628.0,1.27,1.8523208072477968,3.431092372963131,False
12,baseline_rate_3_4_kappa_4,suppressed_equals_5,NB2_GLM_known_dispersion_HC0,primary_rurality_nonmetro_nonadjacent,1.139047226917198,3.1237906832045264,2.011959221332696,4.8500328083249045,0.2244582870471362,432,3628.0,1.23,1.8937906832045264,3.586443151792267,False
12,baseline_rate_3_4_kappa_4,suppressed_equals_5,NB2_GLM_known_dispersion_HC0,svi_quartile_Q2,0.1106580173077227,1.1170128424693024,0.7957417763427228,1.5679931949481605,0.1730298799257885,432,3628.0,1.1,0.0170128424693023,0.0002894368088852,True
12,baseline_rate_3_4_kappa_4,suppressed_equals_5,NB2_GLM_known_dispersion_HC0,svi_quartile_Q3,0.2419010240840435,1.2736681241082066,0.914509717789918,1.7738799914447472,0.1690143923211966,432,3628.0,1.25,0.0236681241082066,0.0005601800988014,True
12,baseline_rate_3_4_kappa_4,suppressed_equals_5,NB2_GLM_known_dispersion_HC0,svi_quartile_Q4_highest,-0.0299686804660913,0.970475927926269,0.6632947914708075,1.4199169642142495,0.194166874726541,432,3628.0,1.43,-0.4595240720737309,0.2111623728152234,False
12,baseline_rate_3_4_kappa_4,suppressed_equals_9,NB2_GLM_known_dispersion_HC0,primary_rurality_metro_other,0.6308449151495248,1.879197671272296,1.3105619245856268,2.694557060958239,0.1838718978795304,432,4420.0,1.12,0.7591976712722959,0.576381104065277,False
12,baseline_rate_3_4_kappa_4,suppressed_equals_9,NB2_GLM_known_dispersion_HC0,primary_rurality_nonmetro_adjacent,1.3676774822670523,3.9262213792979206,2.4929179278836613,6.183602816135492,0.2317467343331363,432,4420.0,1.27,2.656221379297921,7.055512015839348,False
12,baseline_rate_3_4_kappa_4,suppressed_equals_9,NB2_GLM_known_dispersion_HC0,primary_rurality_nonmetro_nonadjacent,1.342359021854838,3.8280633472792327,2.3235433796083567,6.306776589319667,0.254727389053588,432,4420.0,1.23,2.5980633472792327,6.749933156475771,False
12,baseline_rate_3_4_kappa_4,suppressed_equals_9,NB2_GLM_known_dispersion_HC0,svi_quartile_Q2,0.0981908822333121,1.103173341203259,0.7539326745126966,1.614191110006159,0.1942056572915305,432,4420.0,1.1,0.0031733412032588,1.0070094392300329e-05,True
12,baseline_rate_3_4_kappa_4,suppressed_equals_9,NB2_GLM_known_dispersion_HC0,svi_quartile_Q3,0.1696006435313362,1.1848315866675925,0.8075000844728493,1.7384838909109062,0.1956187565338406,432,4420.0,1.25,-0.0651684133324075,0.0042469220962635,True
12,baseline_rate_3_4_kappa_4,suppressed_equals_9,NB2_GLM_known_dispersion_HC0,svi_quartile_Q4_highest,-0.0958228184495534,0.9086249933922828,0.5915743523161446,1.3955969784435744,0.2189515733258319,432,4420.0,1.43,-0.5213750066077171,0.271831897515197,False
12,baseline_rate_3_4_kappa_4,population_favoring_feasible_allocation,NB2_GLM_known_dispersion_HC0,primary_rurality_metro_other,0.1864277134285524,1.2049375181355169,0.8163937599240962,1.778399705977133,0.1986154106680032,432,3108.0,1.12,0.0849375181355167,0.0072143819870212,True
12,baseline_rate_3_4_kappa_4,population_favoring_feasible_allocation,NB2_GLM_known_dispersion_HC0,primary_rurality_nonmetro_adjacent,0.3107939185601685,1.3645079924374008,0.8657221670453549,2.150669270465848,0.2321352876162902,432,3108.0,1.27,0.0945079924374008,0.0089317606345478,True
12,baseline_rate_3_4_kappa_4,population_favoring_feasible_allocation,NB2_GLM_known_dispersion_HC0,primary_rurality_nonmetro_nonadjacent,0.2550972299327491,1.290587098469493,0.8232477796816707,2.0232244773013006,0.2293853493254779,432,3108.0,1.23,0.0605870984694929,0.003670796500952,True
12,baseline_rate_3_4_kappa_4,population_favoring_feasible_allocation,NB2_GLM_known_dispersion_HC0,svi_quartile_Q2,0.0889088212364803,1.0929809951272207,0.7367382814511411,1.6214814484137992,0.201240502275718,432,3108.0,1.1,-0.0070190048727794,4.926642940410096e-05,True
12,baseline_rate_3_4_kappa_4,population_favoring_feasible_allocation,NB2_GLM_known_dispersion_HC0,svi_quartile_Q3,0.3030357918585971,1.3539629244245834,0.9377275938437796,1.9549553759018148,0.1874140692308945,432,3108.0,1.25,0.1039629244245834,0.0108082896549116,True
12,baseline_rate_3_4_kappa_4,population_favoring_feasible_allocation,NB2_GLM_known_dispersion_HC0,svi_quartile_Q4_highest,0.4568719167736466,1.5791266116646123,1.035569911302808,2.4079889039362024,0.2152653074808138,432,3108.0,1.43,0.1491266116646123,0.0222387463065681,True
13,baseline_rate_3_4_kappa_10,oracle_complete_counts,NB2_GLM_known_dispersion_HC0,primary_rurality_metro_other,0.1608339643156342,1.174489945382033,0.9293306712559491,1.4843227222224966,0.1194513390774366,432,2822.0,1.12,0.0544899453820328,0.0029691541477369,True
13,baseline_rate_3_4_kappa_10,oracle_complete_counts,NB2_GLM_known_dispersion_HC0,primary_rurality_nonmetro_adjacent,0.1193264957740886,1.1267377333484987,0.7871887624668862,1.612749038455331,0.1829661757355165,432,2822.0,1.27,-0.1432622666515013,0.0205240770461258,True
13,baseline_rate_3_4_kappa_10,oracle_complete_counts,NB2_GLM_known_dispersion_HC0,primary_rurality_nonmetro_nonadjacent,0.1468573838976421,1.158188774882022,0.8523046911693237,1.57385176001129,0.1564635618558505,432,2822.0,1.23,-0.0718112251179778,0.0051568520529448,True
13,baseline_rate_3_4_kappa_10,oracle_complete_counts,NB2_GLM_known_dispersion_HC0,svi_quartile_Q2,0.0278125255134118,1.028202904539698,0.8041773950590028,1.3146368194374625,0.1253815913436194,432,2822.0,1.1,-0.0717970954603022,0.0051548229165357,True
13,baseline_rate_3_4_kappa_10,oracle_complete_counts,NB2_GLM_known_dispersion_HC0,svi_quartile_Q3,0.1242685194652948,1.1323198801099164,0.8900574412916337,1.4405231071732931,0.1228254066463245,432,2822.0,1.25,-0.1176801198900836,0.0138486106173444,True
13,baseline_rate_3_4_kappa_10,oracle_complete_counts,NB2_GLM_known_dispersion_HC0,svi_quartile_Q4_highest,0.3118693697148355,1.3659762435080602,1.022289743419994,1.825207686801388,0.1478695978733877,432,2822.0,1.43,-0.0640237564919397,0.0040990413953391,True
13,baseline_rate_3_4_kappa_10,visible_exact_and_zero_only,NB2_GLM_known_dispersion_HC0,primary_rurality_metro_other,-4.448726344305513,0.0116934509202224,0.0010215038427868,0.1338583260250997,1.2437515497460805,210,2299.0,1.12,-1.1083065490797777,1.2283434067331256,False
13,baseline_rate_3_4_kappa_10,visible_exact_and_zero_only,NB2_GLM_known_dispersion_HC0,primary_rurality_nonmetro_adjacent,-31.121428471288503,3.048845000774445e-14,1.3660561071025875e-16,6.804593010797344e-12,2.7591863174987417,210,2299.0,1.27,-1.2699999999999696,1.6128999999999227,False
13,baseline_rate_3_4_kappa_10,visible_exact_and_zero_only,NB2_GLM_known_dispersion_HC0,primary_rurality_nonmetro_nonadjacent,-44.81450937985828,3.445925367053832e-20,4.1485020371654744e-29,2.862334772630009e-11,10.478423981013384,210,2299.0,1.23,-1.23,1.5129,False
13,baseline_rate_3_4_kappa_10,visible_exact_and_zero_only,NB2_GLM_known_dispersion_HC0,svi_quartile_Q2,-0.0442882078826838,0.9566781955394278,0.154662042690863,5.917632755245155,0.9297064818283142,210,2299.0,1.1,-0.1433218044605723,0.0205411396338345,True
13,baseline_rate_3_4_kappa_10,visible_exact_and_zero_only,NB2_GLM_known_dispersion_HC0,svi_quartile_Q3,3.796444045166482,44.54251138464105,8.261838825326636,240.1445201725342,0.8595902369035907,210,2299.0,1.25,43.29251138464105,1874.2415419892752,False
13,baseline_rate_3_4_kappa_10,visible_exact_and_zero_only,NB2_GLM_known_dispersion_HC0,svi_quartile_Q4_highest,3.5279755619356576,34.05495563461801,5.572889182874669,208.1039053924937,0.9235009888728244,210,2299.0,1.43,32.62495563461801,1064.3877301607936,False
13,baseline_rate_3_4_kappa_10,suppressed_equals_1,NB2_GLM_known_dispersion_HC0,primary_rurality_metro_other,-0.7944408240680214,0.4518338188933513,0.3396258560378458,0.6011138323726453,0.1456478911389821,432,2521.0,1.12,-0.6681661811066488,0.446446045574643,False
13,baseline_rate_3_4_kappa_10,suppressed_equals_1,NB2_GLM_known_dispersion_HC0,primary_rurality_nonmetro_adjacent,-0.2580551632764418,0.7725526143980388,0.5269335410317163,1.1326618928919556,0.195217185314203,432,2521.0,1.27,-0.4974473856019612,0.2474539014422263,False
13,baseline_rate_3_4_kappa_10,suppressed_equals_1,NB2_GLM_known_dispersion_HC0,primary_rurality_nonmetro_nonadjacent,-0.4778973166604482,0.6200858662006044,0.4260987703863619,0.9023881507874464,0.1914218303875375,432,2521.0,1.23,-0.6099141337993956,0.371995250608267,False
13,baseline_rate_3_4_kappa_10,suppressed_equals_1,NB2_GLM_known_dispersion_HC0,svi_quartile_Q2,0.0367613274908176,1.037445381594628,0.7721671842000105,1.393859959106002,0.1506711836986242,432,2521.0,1.1,-0.062554618405372,0.0039130802838417,True
13,baseline_rate_3_4_kappa_10,suppressed_equals_1,NB2_GLM_known_dispersion_HC0,svi_quartile_Q3,0.5216194872726703,1.684753879020849,1.2846248428902352,2.2095132665267347,0.1383432462294269,432,2521.0,1.25,0.4347538790208489,0.1890109353236749,False
13,baseline_rate_3_4_kappa_10,suppressed_equals_1,NB2_GLM_known_dispersion_HC0,svi_quartile_Q4_highest,0.7021858836789342,2.018159351097727,1.342846281564684,3.0330851880361007,0.207854301881383,432,2521.0,1.43,0.5881593510977272,0.3459314222836995,True
13,baseline_rate_3_4_kappa_10,suppressed_equals_5,NB2_GLM_known_dispersion_HC0,primary_rurality_metro_other,0.5831852353827336,1.7917364535089255,1.403327186870829,2.2876486316716957,0.1246628858511056,432,3409.0,1.12,0.6717364535089254,0.4512298629727487,False
13,baseline_rate_3_4_kappa_10,suppressed_equals_5,NB2_GLM_known_dispersion_HC0,primary_rurality_nonmetro_adjacent,1.066061310306083,2.903919308670697,2.076180537644796,4.061663809273806,0.1711894819388666,432,3409.0,1.27,1.6339193086706971,2.6696923072469287,False
13,baseline_rate_3_4_kappa_10,suppressed_equals_5,NB2_GLM_known_dispersion_HC0,primary_rurality_nonmetro_nonadjacent,0.922357015494122,2.515211801953187,1.81600417678947,3.4836320805544085,0.1661828751650326,432,3409.0,1.23,1.2852118019531868,1.6517693758797576,False
13,baseline_rate_3_4_kappa_10,suppressed_equals_5,NB2_GLM_known_dispersion_HC0,svi_quartile_Q2,-0.0958506405152734,0.9085997139196672,0.6777928377213109,1.2180026022558013,0.1495219113774042,432,3409.0,1.1,-0.191400286080333,0.0366340695116333,True
13,baseline_rate_3_4_kappa_10,suppressed_equals_5,NB2_GLM_known_dispersion_HC0,svi_quartile_Q3,-0.1626700789976042,0.8498715326342786,0.6563301434803024,1.1004852194539116,0.131847586804387,432,3409.0,1.25,-0.4001284673657214,0.1601027903964411,False
13,baseline_rate_3_4_kappa_10,suppressed_equals_5,NB2_GLM_known_dispersion_HC0,svi_quartile_Q4_highest,-0.1283124100614199,0.8795785470288191,0.6481225499770139,1.193691564073441,0.1557974847523165,432,3409.0,1.43,-0.5504214529711808,0.3029637758909058,False
13,baseline_rate_3_4_kappa_10,suppressed_equals_9,NB2_GLM_known_dispersion_HC0,primary_rurality_metro_other,0.8551861573367898,2.351812146912829,1.7614860931004583,3.1399739095478028,0.1474634354528787,432,4297.0,1.12,1.2318121469128291,1.5173611652819934,False
13,baseline_rate_3_4_kappa_10,suppressed_equals_9,NB2_GLM_known_dispersion_HC0,primary_rurality_nonmetro_adjacent,1.3413824028102097,3.824326612690321,2.638123332729857,5.543893213437215,0.1894462230848779,432,4297.0,1.27,2.554326612690321,6.524584444298008,False
13,baseline_rate_3_4_kappa_10,suppressed_equals_9,NB2_GLM_known_dispersion_HC0,primary_rurality_nonmetro_nonadjacent,1.2107090167773635,3.355863172535959,2.321121768177399,4.851885750753251,0.1880910342813892,432,4297.0,1.23,2.125863172535959,4.519294228344653,False
13,baseline_rate_3_4_kappa_10,suppressed_equals_9,NB2_GLM_known_dispersion_HC0,svi_quartile_Q2,-0.0947057549693691,0.9096405523058674,0.6514441948119909,1.270171629418123,0.1703356059098072,432,4297.0,1.1,-0.1903594476941327,0.0362367193264152,True
13,baseline_rate_3_4_kappa_10,suppressed_equals_9,NB2_GLM_known_dispersion_HC0,svi_quartile_Q3,-0.3154874360740521,0.7294332355279135,0.5397068852561084,0.9858552107228254,0.1536947223484978,432,4297.0,1.25,-0.5205667644720865,0.2709897562729367,False
13,baseline_rate_3_4_kappa_10,suppressed_equals_9,NB2_GLM_known_dispersion_HC0,svi_quartile_Q4_highest,-0.2953234873334055,0.7442907798792457,0.5272076786617214,1.0507600466280491,0.175937369172659,432,4297.0,1.43,-0.6857092201207542,0.4701971345586129,False
13,baseline_rate_3_4_kappa_10,population_favoring_feasible_allocation,NB2_GLM_known_dispersion_HC0,primary_rurality_metro_other,0.2704048883709597,1.3104949474944574,0.9478685097114868,1.8118515277306169,0.1652777436500955,432,2822.0,1.12,0.1904949474944572,0.036288325020916,True
13,baseline_rate_3_4_kappa_10,population_favoring_feasible_allocation,NB2_GLM_known_dispersion_HC0,primary_rurality_nonmetro_adjacent,0.0920742339456632,1.0964462125883785,0.6954213022858524,1.7287280288190512,0.2323018676953051,432,2822.0,1.27,-0.1735537874116217,0.0301209171249183,True
13,baseline_rate_3_4_kappa_10,population_favoring_feasible_allocation,NB2_GLM_known_dispersion_HC0,primary_rurality_nonmetro_nonadjacent,0.1278600032509937,1.136393900108792,0.7263370675062975,1.7779501473580983,0.2283679055313195,432,2822.0,1.23,-0.093606099891208,0.0087621019368428,True
13,baseline_rate_3_4_kappa_10,population_favoring_feasible_allocation,NB2_GLM_known_dispersion_HC0,svi_quartile_Q2,0.080280298259722,1.083590753714153,0.7686826453527046,1.527508040715616,0.1751823355923367,432,2822.0,1.1,-0.0164092462858471,0.0002692633636695,True
13,baseline_rate_3_4_kappa_10,population_favoring_feasible_allocation,NB2_GLM_known_dispersion_HC0,svi_quartile_Q3,0.0541640921187031,1.0556578130705907,0.7708831267279878,1.4456321323663006,0.1603992834858913,432,2822.0,1.25,-0.1943421869294093,0.0377688856205054,True
13,baseline_rate_3_4_kappa_10,population_favoring_feasible_allocation,NB2_GLM_known_dispersion_HC0,svi_quartile_Q4_highest,0.2809053616134056,1.324328265714059,0.9332681828259156,1.879251203077128,0.1785551222713613,432,2822.0,1.43,-0.105671734285941,0.0111665154269985,True
14,lower_rate_2_4_kappa_10,oracle_complete_counts,NB2_GLM_known_dispersion_HC0,primary_rurality_metro_other,0.1195577594549838,1.1269983369970344,0.8509179730893394,1.4926529839095646,0.1433659711013471,432,1817.0,1.12,0.0069983369970343,4.89767207240596e-05,True
14,lower_rate_2_4_kappa_10,oracle_complete_counts,NB2_GLM_known_dispersion_HC0,primary_rurality_nonmetro_adjacent,0.2256277167723631,1.2531090669421865,0.8804659629008537,1.783467390924618,0.180067206695524,432,1817.0,1.27,-0.0168909330578135,0.0002853036195635,True
14,lower_rate_2_4_kappa_10,oracle_complete_counts,NB2_GLM_known_dispersion_HC0,primary_rurality_nonmetro_nonadjacent,0.0882399063406803,1.0922501283298496,0.7837181773794992,1.522244063325945,0.1693600496043747,432,1817.0,1.23,-0.1377498716701504,0.0189750271451429,True
14,lower_rate_2_4_kappa_10,oracle_complete_counts,NB2_GLM_known_dispersion_HC0,svi_quartile_Q2,0.0036963917573538,1.0037032318386423,0.7535239520499138,1.3369451294318029,0.1462708497215914,432,1817.0,1.1,-0.0962967681613577,0.0092730675583222,True
14,lower_rate_2_4_kappa_10,oracle_complete_counts,NB2_GLM_known_dispersion_HC0,svi_quartile_Q3,0.112563903865263,1.1191437722405346,0.8770645840899588,1.4280394005925436,0.1243564036341089,432,1817.0,1.25,-0.1308562277594653,0.017123352343437,True
14,lower_rate_2_4_kappa_10,oracle_complete_counts,NB2_GLM_known_dispersion_HC0,svi_quartile_Q4_highest,0.2697818722129249,1.3096787422480745,0.96763516475044,1.7726292619169914,0.1544296075921276,432,1817.0,1.43,-0.1203212577519254,0.0144772050670052,True
14,lower_rate_2_4_kappa_10,visible_exact_and_zero_only,NB2_GLM_known_dispersion_HC0,primary_rurality_metro_other,-47.90674695085702,1.5644588821810218e-21,,,,241,1432.0,1.12,-1.12,1.2544000000000002,False
14,lower_rate_2_4_kappa_10,visible_exact_and_zero_only,NB2_GLM_known_dispersion_HC0,primary_rurality_nonmetro_adjacent,-46.87102583560189,4.407294976609575e-21,0.0,inf,68142.1997139145,241,1432.0,1.27,-1.27,1.6129,True
14,lower_rate_2_4_kappa_10,visible_exact_and_zero_only,NB2_GLM_known_dispersion_HC0,primary_rurality_nonmetro_nonadjacent,-46.275847479994376,7.991987464832206e-21,0.0,inf,111223.35213690702,241,1432.0,1.23,-1.23,1.5129,True
14,lower_rate_2_4_kappa_10,visible_exact_and_zero_only,NB2_GLM_known_dispersion_HC0,svi_quartile_Q2,0.0913984687610918,1.0957055227055603,0.0979901389058228,12.251953164811006,1.2317790293599509,241,1432.0,1.1,-0.0042944772944397,1.844253523245872e-05,True
14,lower_rate_2_4_kappa_10,visible_exact_and_zero_only,NB2_GLM_known_dispersion_HC0,svi_quartile_Q3,23.103749487514342,10810129925.27158,,,,241,1432.0,1.25,10810129924.02158,1.168589089742268e+20,False
14,lower_rate_2_4_kappa_10,visible_exact_and_zero_only,NB2_GLM_known_dispersion_HC0,svi_quartile_Q4_highest,-1.241583466524541,0.2889263503219059,0.0100601703675533,8.297914733092012,1.713054955502516,241,1432.0,1.43,-1.141073649678094,1.3020490739896855,True
14,lower_rate_2_4_kappa_10,suppressed_equals_1,NB2_GLM_known_dispersion_HC0,primary_rurality_metro_other,-0.5007507743757659,0.6060754629316258,0.4482462340744369,0.8194769723526225,0.1539090783428511,432,1623.0,1.12,-0.5139245370683743,0.2641184298009428,False
14,lower_rate_2_4_kappa_10,suppressed_equals_1,NB2_GLM_known_dispersion_HC0,primary_rurality_nonmetro_adjacent,-0.0528374981587145,0.9485341385031067,0.6645446734238438,1.353884919835924,0.1815386103576817,432,1623.0,1.27,-0.3214658614968932,0.1033403001079397,True
14,lower_rate_2_4_kappa_10,suppressed_equals_1,NB2_GLM_known_dispersion_HC0,primary_rurality_nonmetro_nonadjacent,-0.1657786599085922,0.8472337402308384,0.6027996189764326,1.1907854417764645,0.1736692777606795,432,1623.0,1.23,-0.3827662597691615,0.1465100096176732,False
14,lower_rate_2_4_kappa_10,suppressed_equals_1,NB2_GLM_known_dispersion_HC0,svi_quartile_Q2,0.0409304097469666,1.0417796053165151,0.7601392644730612,1.4277709319565042,0.1608081783203636,432,1623.0,1.1,-0.0582203946834849,0.0033896143571007,True
14,lower_rate_2_4_kappa_10,suppressed_equals_1,NB2_GLM_known_dispersion_HC0,svi_quartile_Q3,0.2993551445191275,1.3489886243269071,1.0488868233110276,1.734953922691984,0.1283804647963284,432,1623.0,1.25,0.0989886243269071,0.0097987477461335,True
14,lower_rate_2_4_kappa_10,suppressed_equals_1,NB2_GLM_known_dispersion_HC0,svi_quartile_Q4_highest,0.394494715936708,1.4836343447040643,1.0281364099361257,2.1409327084547174,0.187115746539018,432,1623.0,1.43,0.0536343447040645,0.0028766429318344,True
14,lower_rate_2_4_kappa_10,suppressed_equals_5,NB2_GLM_known_dispersion_HC0,primary_rurality_metro_other,0.9595508256586588,2.610523629805233,1.9861961199446152,3.431098043813277,0.1394538335103752,432,2387.0,1.12,1.4905236298052331,2.2216606910077683,False
14,lower_rate_2_4_kappa_10,suppressed_equals_5,NB2_GLM_known_dispersion_HC0,primary_rurality_nonmetro_adjacent,1.225719624363105,3.406616685290927,2.455731926992353,4.725693840172433,0.1669871276953795,432,2387.0,1.27,2.136616685290927,4.565130859863589,False
14,lower_rate_2_4_kappa_10,suppressed_equals_5,NB2_GLM_known_dispersion_HC0,primary_rurality_nonmetro_nonadjacent,1.1630017016992646,3.199522889630864,2.2537828962292625,4.542117494279935,0.1787712296179039,432,2387.0,1.23,1.969522889630864,3.8790204127799086,False
14,lower_rate_2_4_kappa_10,suppressed_equals_5,NB2_GLM_known_dispersion_HC0,svi_quartile_Q2,-0.155024357330486,0.856394317750147,0.6244662373969958,1.174460977316991,0.1611396208995086,432,2387.0,1.1,-0.2436056822498531,0.0593437284244164,True
14,lower_rate_2_4_kappa_10,suppressed_equals_5,NB2_GLM_known_dispersion_HC0,svi_quartile_Q3,-0.2133184410625416,0.807898828088524,0.618193344123483,1.0558193850376278,0.136548762664259,432,2387.0,1.25,-0.442101171911476,0.1954534462055004,False
14,lower_rate_2_4_kappa_10,suppressed_equals_5,NB2_GLM_known_dispersion_HC0,svi_quartile_Q4_highest,-0.2357111521915178,0.79000883329973,0.580182120527611,1.0757207687200676,0.1575010569532899,432,2387.0,1.43,-0.6399911667002699,0.4095886934543726,False
14,lower_rate_2_4_kappa_10,suppressed_equals_9,NB2_GLM_known_dispersion_HC0,primary_rurality_metro_other,1.2404892396006035,3.4573045013413166,2.496907796454479,4.787102844553453,0.1660388544458277,432,3151.0,1.12,2.3373045013413165,5.46299233199038,False
14,lower_rate_2_4_kappa_10,suppressed_equals_9,NB2_GLM_known_dispersion_HC0,primary_rurality_nonmetro_adjacent,1.5004791544646294,4.483837006220637,3.0763931023185007,6.535183778432547,0.1922047522418521,432,3151.0,1.27,3.2138370062206367,10.328748302553224,False
14,lower_rate_2_4_kappa_10,suppressed_equals_9,NB2_GLM_known_dispersion_HC0,primary_rurality_nonmetro_nonadjacent,1.456198858989063,4.289623037313643,2.844722303933047,6.468422515902979,0.2095578595072298,432,3151.0,1.23,3.0596230373136426,9.36129313046036,False
14,lower_rate_2_4_kappa_10,suppressed_equals_9,NB2_GLM_known_dispersion_HC0,svi_quartile_Q2,-0.202175098945556,0.8169518680071222,0.5682925435414096,1.17441335844607,0.1851754349273509,432,3151.0,1.1,-0.2830481319928779,0.0801162450246576,True
14,lower_rate_2_4_kappa_10,suppressed_equals_9,NB2_GLM_known_dispersion_HC0,svi_quartile_Q3,-0.3154101047995973,0.7294896457107541,0.5293607340292955,1.0052788372659152,0.1636097233899665,432,3151.0,1.25,-0.5205103542892459,0.2709310289223162,False
14,lower_rate_2_4_kappa_10,suppressed_equals_9,NB2_GLM_known_dispersion_HC0,svi_quartile_Q4_highest,-0.3596709635469004,0.697905924785875,0.4876951344044383,0.9987236810267316,0.1828539945841175,432,3151.0,1.43,-0.732094075214125,0.5359617349636249,False
14,lower_rate_2_4_kappa_10,population_favoring_feasible_allocation,NB2_GLM_known_dispersion_HC0,primary_rurality_metro_other,0.3226073221101366,1.3807230650211015,0.9791122618014227,1.947065986870368,0.175365456768972,432,1817.0,1.12,0.2607230650211014,0.0679765166339974,True
14,lower_rate_2_4_kappa_10,population_favoring_feasible_allocation,NB2_GLM_known_dispersion_HC0,primary_rurality_nonmetro_adjacent,0.0054269410891988,1.0054416936089368,0.6876610574361061,1.4700745204568106,0.1938194656147172,432,1817.0,1.27,-0.2645583063910632,0.0699910974805077,True
14,lower_rate_2_4_kappa_10,population_favoring_feasible_allocation,NB2_GLM_known_dispersion_HC0,primary_rurality_nonmetro_nonadjacent,-0.0072566630873612,0.992769602919298,0.649281527533422,1.5179724706241653,0.2166490850013542,432,1817.0,1.23,-0.2372303970807019,0.0562782612990675,True
14,lower_rate_2_4_kappa_10,population_favoring_feasible_allocation,NB2_GLM_known_dispersion_HC0,svi_quartile_Q2,-0.0447827000376247,0.9562052426223214,0.6819219449282836,1.3408110309671448,0.1724782540320222,432,1817.0,1.1,-0.1437947573776786,0.0206769322493054,True
14,lower_rate_2_4_kappa_10,population_favoring_feasible_allocation,NB2_GLM_known_dispersion_HC0,svi_quartile_Q3,0.0004977930438736,1.000497916963392,0.749989328359792,1.33468043343662,0.1470378032910695,432,1817.0,1.25,-0.2495020830366079,0.0622512894396063,True
14,lower_rate_2_4_kappa_10,population_favoring_feasible_allocation,NB2_GLM_known_dispersion_HC0,svi_quartile_Q4_highest,0.1939568496104993,1.214043895359013,0.8594383973098949,1.7149601233455578,0.176241315838534,432,1817.0,1.43,-0.215956104640987,0.0466370391317089,True
15,higher_rate_5_0_kappa_10,oracle_complete_counts,NB2_GLM_known_dispersion_HC0,primary_rurality_metro_other,0.0854995667822842,1.0892610894567625,0.8908968899128912,1.331792415529191,0.1025643617314491,432,4474.0,1.12,-0.0307389105432376,0.0009448806213851,True
15,higher_rate_5_0_kappa_10,oracle_complete_counts,NB2_GLM_known_dispersion_HC0,primary_rurality_nonmetro_adjacent,0.1796804210972722,1.1968348188403737,0.9255723291954148,1.5475976737915709,0.1311343977748957,432,4474.0,1.27,-0.0731651811596263,0.0053531437341209,True
15,higher_rate_5_0_kappa_10,oracle_complete_counts,NB2_GLM_known_dispersion_HC0,primary_rurality_nonmetro_nonadjacent,0.343542472887647,1.4099334051542736,1.0822722543029988,1.8367949460648172,0.134938623858457,432,4474.0,1.23,0.1799334051542735,0.0323760302904119,True
15,higher_rate_5_0_kappa_10,oracle_complete_counts,NB2_GLM_known_dispersion_HC0,svi_quartile_Q2,0.0008544183567714,1.0008547834761166,0.8032613766437215,1.2470539810995076,0.1122089470290084,432,4474.0,1.1,-0.0991452165238835,0.0098297739595677,True
15,higher_rate_5_0_kappa_10,oracle_complete_counts,NB2_GLM_known_dispersion_HC0,svi_quartile_Q3,0.2604462149318255,1.297508925369608,1.0525399137636449,1.599492227704576,0.1067551052350322,432,4474.0,1.25,0.0475089253696079,0.0022570979897749,True
15,higher_rate_5_0_kappa_10,oracle_complete_counts,NB2_GLM_known_dispersion_HC0,svi_quartile_Q4_highest,0.293809240438766,1.341527969969913,1.018307526629206,1.767341640073054,0.1406465708690882,432,4474.0,1.43,-0.0884720300300869,0.0078273000976446,True
15,higher_rate_5_0_kappa_10,visible_exact_and_zero_only,NB2_GLM_known_dispersion_HC0,primary_rurality_metro_other,-0.5342222211437431,0.5861249885287388,0.2441519864142181,1.407084608334803,0.446807209858984,191,3806.0,1.12,-0.5338750114712613,0.2850225278734393,True
15,higher_rate_5_0_kappa_10,visible_exact_and_zero_only,NB2_GLM_known_dispersion_HC0,primary_rurality_nonmetro_adjacent,-25.191496535645207,1.1467587529400972e-11,2.227784496737662e-12,5.902975082960119e-11,0.8359780550405939,191,3806.0,1.27,-1.2699999999885323,1.6128999999708726,False
15,higher_rate_5_0_kappa_10,visible_exact_and_zero_only,NB2_GLM_known_dispersion_HC0,primary_rurality_nonmetro_nonadjacent,-23.30944212756584,7.530744404076065e-11,2.7565683886955615e-11,2.0573446141258172e-10,0.5127588401296,191,3806.0,1.23,-1.2299999999246924,1.5128999998147434,False
15,higher_rate_5_0_kappa_10,visible_exact_and_zero_only,NB2_GLM_known_dispersion_HC0,svi_quartile_Q2,0.0664635787374643,1.068722039160365,0.3924600602939016,2.910275242101714,0.5111143280039512,191,3806.0,1.1,-0.0312779608396354,0.0009783108342857,True
15,higher_rate_5_0_kappa_10,visible_exact_and_zero_only,NB2_GLM_known_dispersion_HC0,svi_quartile_Q3,0.0483972472225073,1.0495875182465717,0.3886464037066827,2.8345404664812404,0.5068788693197869,191,3806.0,1.25,-0.2004124817534285,0.0401651628425683,True
15,higher_rate_5_0_kappa_10,visible_exact_and_zero_only,NB2_GLM_known_dispersion_HC0,svi_quartile_Q4_highest,-0.1561007841967807,0.8554729678702243,0.5529765943444863,1.3234448008133617,0.2226218464454545,191,3806.0,1.43,-0.5745270321297756,0.3300813106478482,False
15,higher_rate_5_0_kappa_10,suppressed_equals_1,NB2_GLM_known_dispersion_HC0,primary_rurality_metro_other,-0.6199167508451637,0.5379892228785957,0.3992004377912997,0.7250302768576355,0.1522320852187107,432,4047.0,1.12,-0.5820107771214044,0.338736544685461,False
15,higher_rate_5_0_kappa_10,suppressed_equals_1,NB2_GLM_known_dispersion_HC0,primary_rurality_nonmetro_adjacent,-0.5019679452315722,0.6053382143115128,0.4278393871100248,0.8564764365923546,0.1770609552854377,432,4047.0,1.27,-0.6646617856884872,0.4417752893546085,False
15,higher_rate_5_0_kappa_10,suppressed_equals_1,NB2_GLM_known_dispersion_HC0,primary_rurality_nonmetro_nonadjacent,-0.4427725055841465,0.6422532995087619,0.4480728719886402,0.9205853032324374,0.1836871905723937,432,4047.0,1.23,-0.5877467004912381,0.3454461839383371,False
15,higher_rate_5_0_kappa_10,suppressed_equals_1,NB2_GLM_known_dispersion_HC0,svi_quartile_Q2,0.0688853210704056,1.0713133450358496,0.7946790766100358,1.44424625868828,0.1523991041417726,432,4047.0,1.1,-0.0286866549641504,0.0008229241730322,True
15,higher_rate_5_0_kappa_10,suppressed_equals_1,NB2_GLM_known_dispersion_HC0,svi_quartile_Q3,0.5687032943975316,1.7659756156213855,1.3274684336774756,2.3493363727902024,0.145627346592002,432,4047.0,1.25,0.5159756156213857,0.266230835915868,False
15,higher_rate_5_0_kappa_10,suppressed_equals_1,NB2_GLM_known_dispersion_HC0,svi_quartile_Q4_highest,0.5528531965037011,1.738205391005204,1.106602957462126,2.7302999336353766,0.2303868737035032,432,4047.0,1.43,0.308205391005204,0.0949905630446707,True
15,higher_rate_5_0_kappa_10,suppressed_equals_5,NB2_GLM_known_dispersion_HC0,primary_rurality_metro_other,0.4901414941793504,1.63254719954011,1.3165484402919547,2.024392173625776,0.1097591837496503,432,5011.0,1.12,0.5125471995401099,0.2627046317564092,False
15,higher_rate_5_0_kappa_10,suppressed_equals_5,NB2_GLM_known_dispersion_HC0,primary_rurality_nonmetro_adjacent,0.9034874800146176,2.46819590273629,1.9065181709021275,3.1953490437500505,0.1317392085295924,432,5011.0,1.27,1.1981959027362898,1.4356734213340323,False
15,higher_rate_5_0_kappa_10,suppressed_equals_5,NB2_GLM_known_dispersion_HC0,primary_rurality_nonmetro_nonadjacent,0.9879751172267812,2.685790551538318,2.021822625417748,3.567805996454343,0.1448855728681933,432,5011.0,1.23,1.455790551538318,2.11932612994824,False
15,higher_rate_5_0_kappa_10,suppressed_equals_5,NB2_GLM_known_dispersion_HC0,svi_quartile_Q2,-0.1262027430225203,0.8814361236427274,0.6821112081827557,1.1390072919812768,0.1307958314070129,432,5011.0,1.1,-0.2185638763572727,0.0477701680483171,True
15,higher_rate_5_0_kappa_10,suppressed_equals_5,NB2_GLM_known_dispersion_HC0,svi_quartile_Q3,0.0987532308507165,1.1037938836706882,0.8804765134334988,1.3837517742270156,0.1153292124371,432,5011.0,1.25,-0.1462061163293118,0.0213762284521002,True
15,higher_rate_5_0_kappa_10,suppressed_equals_5,NB2_GLM_known_dispersion_HC0,svi_quartile_Q4_highest,-0.0997618586283903,0.90505292291907,0.6862605658252658,1.193600265081988,0.1411918526437963,432,5011.0,1.43,-0.5249470770809298,0.2755694337358116,False
15,higher_rate_5_0_kappa_10,suppressed_equals_9,NB2_GLM_known_dispersion_HC0,primary_rurality_metro_other,0.7661064045016686,2.151373347515859,1.6739455398177727,2.764968853709211,0.1280219213917789,432,5975.0,1.12,1.031373347515859,1.063730981966069,False
15,higher_rate_5_0_kappa_10,suppressed_equals_9,NB2_GLM_known_dispersion_HC0,primary_rurality_nonmetro_adjacent,1.2427276762082782,3.4650521263496983,2.5919938089495007,4.63218168070651,0.1481123909406488,432,5975.0,1.27,2.1950521263496983,4.818253837392332,False
15,higher_rate_5_0_kappa_10,suppressed_equals_9,NB2_GLM_known_dispersion_HC0,primary_rurality_nonmetro_nonadjacent,1.3549904548317313,3.876723952474116,2.832499614204647,5.305910203241671,0.1601177944463478,432,5975.0,1.23,2.646723952474116,7.005147680600207,False
15,higher_rate_5_0_kappa_10,suppressed_equals_9,NB2_GLM_known_dispersion_HC0,svi_quartile_Q2,-0.1782370882198858,0.8367440178201889,0.6148368305603938,1.138742047576637,0.1572251399593133,432,5975.0,1.1,-0.2632559821798111,0.069303712153457,True
15,higher_rate_5_0_kappa_10,suppressed_equals_9,NB2_GLM_known_dispersion_HC0,svi_quartile_Q3,-0.0274308879920198,0.972941922199785,0.7521012804668187,1.2586283371120726,0.1313537727740709,432,5975.0,1.25,-0.2770580778002149,0.0767611784743499,True
15,higher_rate_5_0_kappa_10,suppressed_equals_9,NB2_GLM_known_dispersion_HC0,svi_quartile_Q4_highest,-0.2831819314034627,0.7533827114168079,0.5630666163855859,1.0080255041670962,0.1485588788191976,432,5975.0,1.43,-0.676617288583192,0.4578109552096706,False
15,higher_rate_5_0_kappa_10,population_favoring_feasible_allocation,NB2_GLM_known_dispersion_HC0,primary_rurality_metro_other,0.1872636063209314,1.205945137915123,0.8897016644684024,1.6345970045251883,0.1551697383848302,432,4474.0,1.12,0.0859451379151228,0.0073865667312494,True
15,higher_rate_5_0_kappa_10,population_favoring_feasible_allocation,NB2_GLM_known_dispersion_HC0,primary_rurality_nonmetro_adjacent,0.3214793242557851,1.3791664904377454,0.927441993483901,2.050910161185606,0.2024511997093113,432,4474.0,1.27,0.1091664904377454,0.0119173226344943,True
15,higher_rate_5_0_kappa_10,population_favoring_feasible_allocation,NB2_GLM_known_dispersion_HC0,primary_rurality_nonmetro_nonadjacent,0.4757855929695824,1.609277938462336,1.1056173167912742,2.3423796316230283,0.1915213042149701,432,4474.0,1.23,0.3792779384623359,0.1438517546042395,True
15,higher_rate_5_0_kappa_10,population_favoring_feasible_allocation,NB2_GLM_known_dispersion_HC0,svi_quartile_Q2,0.1194909182267127,1.1269230095614473,0.8459397203813797,1.5012363633977237,0.1463255574721868,432,4474.0,1.1,0.0269230095614472,0.0007248484438457,True
15,higher_rate_5_0_kappa_10,population_favoring_feasible_allocation,NB2_GLM_known_dispersion_HC0,svi_quartile_Q3,0.2564274509426467,1.292305006888598,0.9750210835534996,1.71283704424398,0.1437365484710714,432,4474.0,1.25,0.0423050068885979,0.0017897136078443,True
15,higher_rate_5_0_kappa_10,population_favoring_feasible_allocation,NB2_GLM_known_dispersion_HC0,svi_quartile_Q4_highest,0.2223023693639695,1.2489489646801446,0.8977974918921643,1.7374447249658431,0.1684250589885196,432,4474.0,1.43,-0.1810510353198553,0.0327794773903915,True
16,baseline_rate_3_4_kappa_4,oracle_complete_counts,NB2_GLM_known_dispersion_HC0,primary_rurality_metro_other,0.0171258407963036,1.0172733287566054,0.7324771716649338,1.4128017437694655,0.167575992007859,432,2478.0,1.12,-0.1027266712433947,0.0105527689847485,True
16,baseline_rate_3_4_kappa_4,oracle_complete_counts,NB2_GLM_known_dispersion_HC0,primary_rurality_nonmetro_adjacent,0.1305580726448158,1.1394641096667362,0.7903231287193302,1.6428450718917336,0.1866691153560815,432,2478.0,1.27,-0.1305358903332638,0.0170396186650978,True
16,baseline_rate_3_4_kappa_4,oracle_complete_counts,NB2_GLM_known_dispersion_HC0,primary_rurality_nonmetro_nonadjacent,0.2101860951182228,1.2339076627844798,0.8516218823348546,1.7877982610122802,0.1891830335999521,432,2478.0,1.23,0.0039076627844798,1.5269828437208803e-05,True
16,baseline_rate_3_4_kappa_4,oracle_complete_counts,NB2_GLM_known_dispersion_HC0,svi_quartile_Q2,0.1919188705554643,1.2115722187963909,0.9133410701112242,1.6071840951819365,0.1441656979259057,432,2478.0,1.1,0.1115722187963905,0.0124483600071496,True
16,baseline_rate_3_4_kappa_4,oracle_complete_counts,NB2_GLM_known_dispersion_HC0,svi_quartile_Q3,0.3189258716884005,1.3756493465629311,1.042520694514139,1.8152264359423265,0.1414716052763854,432,2478.0,1.25,0.1256493465629311,0.0157877582916915,True
16,baseline_rate_3_4_kappa_4,oracle_complete_counts,NB2_GLM_known_dispersion_HC0,svi_quartile_Q4_highest,0.1713082899317671,1.186856588563196,0.8506321612702409,1.6559784898238228,0.1699407024031213,432,2478.0,1.43,-0.2431434114368038,0.0591187185251268,True
16,baseline_rate_3_4_kappa_4,visible_exact_and_zero_only,NB2_GLM_known_dispersion_HC0,primary_rurality_metro_other,-25.92373201245546,5.5139933328693895e-12,8.717174883125108e-13,3.4878412883266826e-11,0.941111730781895,221,2012.0,1.12,-1.119999999994486,1.2543999999876487,False
16,baseline_rate_3_4_kappa_4,visible_exact_and_zero_only,NB2_GLM_known_dispersion_HC0,primary_rurality_nonmetro_adjacent,-24.724222163705495,1.82981315258692e-11,4.857007821235122e-13,6.893577891189481e-10,1.8515109548740476,221,2012.0,1.27,-1.269999999981702,1.612899999953523,False
16,baseline_rate_3_4_kappa_4,visible_exact_and_zero_only,NB2_GLM_known_dispersion_HC0,primary_rurality_nonmetro_nonadjacent,-24.2258456896397,3.011957902645938e-11,6.007994582316425e-13,1.5099698049017855e-09,1.997280360493061,221,2012.0,1.23,-1.2299999999698803,1.5128999999259056,False
16,baseline_rate_3_4_kappa_4,visible_exact_and_zero_only,NB2_GLM_known_dispersion_HC0,svi_quartile_Q2,0.4595777215920132,1.5834052059693742,0.4517914837648406,5.549400855010163,0.6398531868809433,221,2012.0,1.1,0.4834052059693741,0.2336805931582929,True
16,baseline_rate_3_4_kappa_4,visible_exact_and_zero_only,NB2_GLM_known_dispersion_HC0,svi_quartile_Q3,0.4118620039060482,1.509626099449186,0.3175177508228173,7.17746001359743,0.7954507949055495,221,2012.0,1.25,0.2596260994491861,0.0674057115151986,True
16,baseline_rate_3_4_kappa_4,visible_exact_and_zero_only,NB2_GLM_known_dispersion_HC0,svi_quartile_Q4_highest,0.4964451260389785,1.6428706796041277,0.1206563422428929,22.36951675917317,1.332272472983182,221,2012.0,1.43,0.2128706796041275,0.0453139262351231,True
16,baseline_rate_3_4_kappa_4,suppressed_equals_1,NB2_GLM_known_dispersion_HC0,primary_rurality_metro_other,-0.6788350549048183,0.5072075172437285,0.3646087923029741,0.7055766920035643,0.1684159424463767,432,2223.0,1.12,-0.6127924827562716,0.3755146269225954,False
16,baseline_rate_3_4_kappa_4,suppressed_equals_1,NB2_GLM_known_dispersion_HC0,primary_rurality_nonmetro_adjacent,-0.1659503183350275,0.8470883179020087,0.5807280627746011,1.2356189830016218,0.1926134508504199,432,2223.0,1.27,-0.4229116820979913,0.1788542908549525,False
16,baseline_rate_3_4_kappa_4,suppressed_equals_1,NB2_GLM_known_dispersion_HC0,primary_rurality_nonmetro_nonadjacent,-0.0939101872198141,0.910364520937832,0.646011294566738,1.282893299161584,0.1750143389199602,432,2223.0,1.23,-0.3196354790621679,0.1021668394753016,True
16,baseline_rate_3_4_kappa_4,suppressed_equals_1,NB2_GLM_known_dispersion_HC0,svi_quartile_Q2,0.3840128201583579,1.4681642636596943,1.0319966455484988,2.088675689388289,0.1798558181335565,432,2223.0,1.1,0.3681642636596942,0.1355449250360848,True
16,baseline_rate_3_4_kappa_4,suppressed_equals_1,NB2_GLM_known_dispersion_HC0,svi_quartile_Q3,0.5709008203550496,1.7698606600566082,1.309468316730035,2.3921210738707788,0.15371409725464,432,2223.0,1.25,0.5198606600566082,0.2702551058744924,False
16,baseline_rate_3_4_kappa_4,suppressed_equals_1,NB2_GLM_known_dispersion_HC0,svi_quartile_Q4_highest,0.3484383749043358,1.4168532265173936,0.9620171371463077,2.086733165115586,0.1975313210704256,432,2223.0,1.43,-0.0131467734826062,0.0001728376530029,True
16,baseline_rate_3_4_kappa_4,suppressed_equals_5,NB2_GLM_known_dispersion_HC0,primary_rurality_metro_other,0.622952096077221,1.864423884162488,1.3829194540983116,2.5135783646213894,0.1524261658558026,432,3067.0,1.12,0.744423884162488,0.5541669193115653,False
16,baseline_rate_3_4_kappa_4,suppressed_equals_5,NB2_GLM_known_dispersion_HC0,primary_rurality_nonmetro_adjacent,1.0436270695580734,2.8394974138491,2.0005098462439115,4.030345353407814,0.1786862236548726,432,3067.0,1.27,1.5694974138491,2.4633221320790133,False
16,baseline_rate_3_4_kappa_4,suppressed_equals_5,NB2_GLM_known_dispersion_HC0,primary_rurality_nonmetro_nonadjacent,1.0923172408375712,2.98117417341631,2.1099311890380648,4.212175021829152,0.1763581151590175,432,3067.0,1.23,1.75117417341631,3.0666109856402963,False
16,baseline_rate_3_4_kappa_4,suppressed_equals_5,NB2_GLM_known_dispersion_HC0,svi_quartile_Q2,0.0694009122764855,1.0718658471958942,0.7807951398330109,1.4714440904827957,0.1616547861113408,432,3067.0,1.1,-0.0281341528041059,0.0007915305540047,True
16,baseline_rate_3_4_kappa_4,suppressed_equals_5,NB2_GLM_known_dispersion_HC0,svi_quartile_Q3,0.0491500445268628,1.0503779423782424,0.7846124886874485,1.4061639825290226,0.1488343737722099,432,3067.0,1.25,-0.1996220576217575,0.0398489658891442,True
16,baseline_rate_3_4_kappa_4,suppressed_equals_5,NB2_GLM_known_dispersion_HC0,svi_quartile_Q4_highest,-0.2312275805778946,0.7935588469023476,0.565200948294665,1.114180090102527,0.173135902954874,432,3067.0,1.43,-0.6364411530976524,0.4050573413562693,False
16,baseline_rate_3_4_kappa_4,suppressed_equals_9,NB2_GLM_known_dispersion_HC0,primary_rurality_metro_other,0.8606909452603522,2.364794072609285,1.6877877132200223,3.313361604688372,0.1720777139315013,432,3911.0,1.12,1.2447940726092854,1.5495122832032109,False
16,baseline_rate_3_4_kappa_4,suppressed_equals_9,NB2_GLM_known_dispersion_HC0,primary_rurality_nonmetro_adjacent,1.284214187885421,3.611828623084173,2.4526741510825487,5.318809266519258,0.1974669736394822,432,3911.0,1.27,2.341828623084173,5.484161299896314,False
16,baseline_rate_3_4_kappa_4,suppressed_equals_9,NB2_GLM_known_dispersion_HC0,primary_rurality_nonmetro_nonadjacent,1.327112643495033,3.770141913143312,2.5296410198116823,5.618967250261487,0.2035894082782423,432,3911.0,1.23,2.540141913143312,6.452320938907365,False
16,baseline_rate_3_4_kappa_4,suppressed_equals_9,NB2_GLM_known_dispersion_HC0,svi_quartile_Q2,0.0177659229385612,1.0179246756836673,0.7163803612016597,1.4463973351078774,0.179239768002331,432,3911.0,1.1,-0.0820753243163328,0.0067363588616312,True
16,baseline_rate_3_4_kappa_4,suppressed_equals_9,NB2_GLM_known_dispersion_HC0,svi_quartile_Q3,-0.0441889407951731,0.9567731669112716,0.6836827779644118,1.3389468367873307,0.1714654607383102,432,3911.0,1.25,-0.2932268330887283,0.0859819756432449,True
16,baseline_rate_3_4_kappa_4,suppressed_equals_9,NB2_GLM_known_dispersion_HC0,svi_quartile_Q4_highest,-0.335329978130109,0.7151020793691426,0.4869664872937526,1.0501153513867931,0.1960357115965074,432,3911.0,1.43,-0.7148979206308573,0.5110790369223236,False
16,baseline_rate_3_4_kappa_4,population_favoring_feasible_allocation,NB2_GLM_known_dispersion_HC0,primary_rurality_metro_other,0.0924107209079814,1.096815214522486,0.7352543297466752,1.6361734520114828,0.2040558845227277,432,2478.0,1.12,-0.0231847854775142,0.0005375342776383,True
16,baseline_rate_3_4_kappa_4,population_favoring_feasible_allocation,NB2_GLM_known_dispersion_HC0,primary_rurality_nonmetro_adjacent,0.2678708890130478,1.3071783580314382,0.8489499105449019,2.012739784151719,0.2202173375533807,432,2478.0,1.27,0.0371783580314382,0.0013822303059138,True
16,baseline_rate_3_4_kappa_4,population_favoring_feasible_allocation,NB2_GLM_known_dispersion_HC0,primary_rurality_nonmetro_nonadjacent,0.3377581718731546,1.4018014673896826,0.9060342939474474,2.1688443440859926,0.2226715783109987,432,2478.0,1.23,0.1718014673896826,0.0295157441972481,True
16,baseline_rate_3_4_kappa_4,population_favoring_feasible_allocation,NB2_GLM_known_dispersion_HC0,svi_quartile_Q2,0.2369461787784604,1.267372904381776,0.8927449697222225,1.799208209776727,0.1787757683108037,432,2478.0,1.1,0.167372904381776,0.0280136891211911,True
16,baseline_rate_3_4_kappa_4,population_favoring_feasible_allocation,NB2_GLM_known_dispersion_HC0,svi_quartile_Q3,0.32015828320261,1.3773457577807946,0.9911995096069164,1.913924813410252,0.1678559829677513,432,2478.0,1.25,0.1273457577807946,0.0162169420247648,True
16,baseline_rate_3_4_kappa_4,population_favoring_feasible_allocation,NB2_GLM_known_dispersion_HC0,svi_quartile_Q4_highest,0.1763636817001834,1.1928718054193033,0.7774630838277728,1.8302388547615276,0.2184095910018046,432,2478.0,1.43,-0.2371281945806966,0.0562297806651007,True
